date,price
11/03/2023,13478.28
11/02/2023,13294.19
11/01/2023,13061.47
10/31/2023,12851.24
10/30/2023,12789.48
10/27/2023,12643.01
10/26/2023,12595.61
10/25/2023,12821.22
10/24/2023,13139.87
10/23/2023,13018.33
10/20/2023,12983.81
10/19/2023,13186.18
10/18/2023,13314.3
10/17/2023,13533.75
10/16/2023,13567.98
10/13/2023,13407.23
10/12/2023,13574.22
10/11/2023,13659.68
10/10/2023,13562.84
10/09/2023,13484.24
10/06/2023,13431.34
10/05/2023,13219.83
10/04/2023,13236.01
10/03/2023,13059.47
10/02/2023,13307.77
09/29/2023,13219.32
09/28/2023,13201.28
09/27/2023,13092.85
09/26/2023,13063.61
09/25/2023,13271.32
09/22/2023,13211.81
09/21/2023,13223.98
09/20/2023,13469.13
09/19/2023,13678.19
09/18/2023,13710.24
09/15/2023,13708.33
09/14/2023,13926.05
09/13/2023,13813.59
09/12/2023,13773.61
09/11/2023,13917.89
09/08/2023,13761.53
09/07/2023,13748.83
09/06/2023,13872.47
09/05/2023,14020.95
09/01/2023,14031.81
08/31/2023,14034.97
08/30/2023,14019.31
08/29/2023,13943.76
08/28/2023,13705.13
08/25/2023,13590.65
08/24/2023,13463.97
08/23/2023,13721.03
08/22/2023,13505.87
08/21/2023,13497.59
08/18/2023,13290.78
08/17/2023,13316.93
08/16/2023,13474.63
08/15/2023,13631.05
08/14/2023,13788.33
08/11/2023,13644.85
08/10/2023,13737.99
08/09/2023,13722.02
08/08/2023,13884.32
08/07/2023,13994.4
08/04/2023,13909.24
08/03/2023,13959.72
08/02/2023,13973.45
08/01/2023,14283.91
07/31/2023,14346.02
07/28/2023,14316.66
07/27/2023,14050.11
07/26/2023,14127.28
07/25/2023,14144.56
07/24/2023,14058.87
07/21/2023,14032.81
07/20/2023,14063.31
07/19/2023,14358.02
07/18/2023,14353.64
07/17/2023,14244.95
07/14/2023,14113.7
07/13/2023,14138.57
07/12/2023,13918.96
07/11/2023,13760.7
07/10/2023,13685.48
07/07/2023,13660.72
07/06/2023,13679.04
07/05/2023,13791.65
07/03/2023,13816.77
06/30/2023,13787.92
06/29/2023,13591.33
06/28/2023,13591.75
06/27/2023,13555.67
06/26/2023,13335.78
06/23/2023,13492.52
06/22/2023,13630.61
06/21/2023,13502.2
06/20/2023,13667.29
06/16/2023,13689.57
06/15/2023,13782.82
06/14/2023,13626.48
06/13/2023,13573.32
06/12/2023,13461.92
06/09/2023,13259.14
06/08/2023,13238.52
06/07/2023,13104.89
06/06/2023,13276.42
06/05/2023,13229.43
06/02/2023,13240.77
06/01/2023,13100.98
05/31/2023,12935.29
05/30/2023,13017.43
05/26/2023,12975.69
05/25/2023,12698.09
05/24/2023,12484.16
05/23/2023,12560.25
05/22/2023,12720.78
05/19/2023,12657.9
05/18/2023,12688.84
05/17/2023,12500.57
05/16/2023,12343.05
05/15/2023,12365.21
05/12/2023,12284.74
05/11/2023,12328.51
05/10/2023,12306.44
05/09/2023,12179.55
05/08/2023,12256.92
05/05/2023,12235.41
05/04/2023,11966.4
05/03/2023,12025.33
05/02/2023,12080.51
05/01/2023,12212.6
04/28/2023,12226.58
04/27/2023,12142.24
04/26/2023,11854.35
04/25/2023,11799.16
04/24/2023,12037.2
04/21/2023,12072.46
04/20/2023,12059.56
04/19/2023,12157.23
04/18/2023,12153.41
04/17/2023,12157.72
04/14/2023,12123.47
04/13/2023,12166.27
04/12/2023,11929.34
04/11/2023,12031.88
04/10/2023,12084.36
04/06/2023,12087.96
04/05/2023,11996.86
04/04/2023,12126.33
04/03/2023,12189.45
03/31/2023,12221.91
03/30/2023,12013.47
03/29/2023,11926.24
03/28/2023,11716.08
03/27/2023,11768.84
03/24/2023,11823.96
03/23/2023,11787.4
03/22/2023,11669.96
03/21/2023,11860.11
03/20/2023,11675.54
03/17/2023,11630.51
03/16/2023,11717.28
03/15/2023,11434.05
03/14/2023,11428.15
03/13/2023,11188.84
03/10/2023,11138.89
03/09/2023,11338.35
03/08/2023,11576.0
03/07/2023,11530.33
03/06/2023,11675.74
03/03/2023,11689.01
03/02/2023,11462.98
03/01/2023,11379.48
02/28/2023,11455.54
02/27/2023,11466.98
02/24/2023,11394.94
02/23/2023,11590.4
02/22/2023,11507.07
02/21/2023,11492.3
02/17/2023,11787.27
02/16/2023,11855.83
02/15/2023,12070.59
02/14/2023,11960.15
02/13/2023,11891.79
02/10/2023,11718.12
02/09/2023,11789.58
02/08/2023,11910.52
02/07/2023,12113.79
02/06/2023,11887.45
02/03/2023,12006.95
02/02/2023,12200.82
02/01/2023,11816.32
01/31/2023,11584.55
01/30/2023,11393.81
01/27/2023,11621.71
01/26/2023,11512.41
01/25/2023,11313.36
01/24/2023,11334.27
01/23/2023,11364.41
01/20/2023,11140.43
01/19/2023,10852.27
01/18/2023,10957.01
01/17/2023,11095.11
01/13/2023,11079.16
01/12/2023,11001.1
01/11/2023,10931.67
01/10/2023,10742.63
01/09/2023,10635.65
01/06/2023,10569.29
01/05/2023,10305.24
01/04/2023,10458.76
01/03/2023,10386.98
12/30/2022,10466.48
12/29/2022,10478.09
12/28/2022,10213.29
12/27/2022,10353.23
12/23/2022,10497.86
12/22/2022,10476.12
12/21/2022,10709.37
12/20/2022,10547.11
12/19/2022,10546.03
12/16/2022,10705.41
12/15/2022,10810.53
12/14/2022,11170.89
12/13/2022,11256.81
12/12/2022,11143.74
12/09/2022,11004.62
12/08/2022,11082.0
12/07/2022,10958.55
12/06/2022,11014.89
12/05/2022,11239.94
12/02/2022,11461.5
12/01/2022,11482.45
11/30/2022,11468.0
11/29/2022,10983.78
11/28/2022,11049.5
11/25/2022,11226.36
11/23/2022,11285.32
11/22/2022,11174.41
11/21/2022,11024.51
11/18/2022,11146.06
11/17/2022,11144.96
11/16/2022,11183.66
11/15/2022,11358.41
11/14/2022,11196.22
11/11/2022,11323.33
11/10/2022,11114.15
11/09/2022,10353.17
11/08/2022,10616.2
11/07/2022,10564.52
11/04/2022,10475.25
11/03/2022,10342.94
11/02/2022,10524.8
11/01/2022,10890.85
10/31/2022,10988.15
10/28/2022,11102.45
10/27/2022,10792.67
10/26/2022,10970.99
10/25/2022,11199.12
10/24/2022,10952.61
10/21/2022,10859.72
10/20/2022,10614.84
10/19/2022,10680.51
10/18/2022,10772.4
10/17/2022,10675.8
10/14/2022,10321.39
10/13/2022,10649.15
10/12/2022,10417.1
10/11/2022,10426.19
10/10/2022,10542.1
10/07/2022,10652.4
10/06/2022,11073.31
10/05/2022,11148.64
10/04/2022,11176.41
10/03/2022,10815.43
09/30/2022,10575.62
09/29/2022,10737.51
09/28/2022,11051.64
09/27/2022,10829.5
09/26/2022,10802.92
09/23/2022,10867.93
09/22/2022,11066.81
09/21/2022,11220.19
09/20/2022,11425.05
09/19/2022,11535.02
09/16/2022,11448.4
09/15/2022,11552.36
09/14/2022,11719.68
09/13/2022,11633.57
09/12/2022,12266.41
09/09/2022,12112.31
09/08/2022,11862.13
09/07/2022,11791.9
09/06/2022,11544.91
09/02/2022,11630.86
09/01/2022,11785.13
08/31/2022,11816.2
08/30/2022,11883.14
08/29/2022,12017.67
08/26/2022,12141.71
08/25/2022,12639.27
08/24/2022,12431.53
08/23/2022,12381.3
08/22/2022,12381.57
08/19/2022,12705.22
08/18/2022,12965.34
08/17/2022,12938.12
08/16/2022,13102.55
08/15/2022,13128.05
08/12/2022,13047.19
08/11/2022,12779.91
08/10/2022,12854.8
08/09/2022,12493.93
08/08/2022,12644.46
08/05/2022,12657.55
08/04/2022,12720.58
08/03/2022,12668.16
08/02/2022,12348.76
08/01/2022,12368.98
07/29/2022,12390.69
07/28/2022,12162.59
07/27/2022,12032.42
07/26/2022,11562.57
07/25/2022,11782.67
07/22/2022,11834.11
07/21/2022,12059.61
07/20/2022,11897.65
07/19/2022,11713.15
07/18/2022,11360.05
07/15/2022,11452.42
07/14/2022,11251.19
07/13/2022,11247.58
07/12/2022,11264.73
07/11/2022,11372.6
07/08/2022,11635.31
07/07/2022,11621.35
07/06/2022,11361.85
07/05/2022,11322.24
07/01/2022,11127.85
06/30/2022,11028.74
06/29/2022,11177.89
06/28/2022,11181.54
06/27/2022,11524.55
06/24/2022,11607.62
06/23/2022,11232.19
06/22/2022,11053.08
06/21/2022,11069.3
06/17/2022,10798.35
06/16/2022,10646.1
06/15/2022,11099.15
06/14/2022,10828.35
06/13/2022,10809.23
06/10/2022,11340.02
06/09/2022,11754.23
06/08/2022,12086.27
06/07/2022,12175.23
06/06/2022,12061.37
06/03/2022,12012.73
06/02/2022,12316.9
06/01/2022,11994.46
05/31/2022,12081.39
05/27/2022,12131.13
05/26/2022,11740.65
05/25/2022,11434.74
05/24/2022,11264.45
05/23/2022,11535.27
05/20/2022,11354.62
05/19/2022,11388.5
05/18/2022,11418.15
05/17/2022,11984.52
05/16/2022,11662.79
05/13/2022,11805.0
05/12/2022,11370.96
05/11/2022,11364.24
05/10/2022,11737.67
05/09/2022,11623.25
05/06/2022,12144.66
05/05/2022,12317.69
05/04/2022,12964.86
05/03/2022,12563.76
05/02/2022,12536.02
04/29/2022,12334.64
04/28/2022,12871.53
04/27/2022,12488.93
04/26/2022,12490.74
04/25/2022,13004.85
04/22/2022,12839.29
04/21/2022,13174.65
04/20/2022,13453.07
04/19/2022,13619.66
04/18/2022,13332.36
04/14/2022,13351.08
04/13/2022,13643.59
04/12/2022,13371.57
04/11/2022,13411.96
04/08/2022,13711.0
04/07/2022,13897.3
04/06/2022,13888.82
04/05/2022,14204.17
04/04/2022,14532.55
04/01/2022,14261.5
03/31/2022,14220.52
03/30/2022,14442.27
03/29/2022,14619.64
03/28/2022,14354.9
03/25/2022,14169.3
03/24/2022,14191.84
03/23/2022,13922.6
03/22/2022,14108.82
03/21/2022,13838.46
03/18/2022,13893.84
03/17/2022,13614.78
03/16/2022,13436.55
03/15/2022,12948.62
03/14/2022,12581.22
03/11/2022,12843.81
03/10/2022,13129.96
03/09/2022,13255.55
03/08/2022,12795.55
03/07/2022,12830.96
03/04/2022,13313.44
03/03/2022,13537.94
03/02/2022,13752.02
03/01/2022,13532.46
02/28/2022,13751.4
02/25/2022,13694.62
02/24/2022,13473.59
02/23/2022,13037.49
02/22/2022,13381.52
02/18/2022,13548.07
02/17/2022,13716.72
02/16/2022,14124.09
02/15/2022,14139.76
02/14/2022,13790.92
02/11/2022,13791.15
02/10/2022,14185.64
02/09/2022,14490.37
02/08/2022,14194.45
02/07/2022,14015.67
02/04/2022,14098.01
02/03/2022,13878.82
02/02/2022,14417.55
02/01/2022,14346.0
01/31/2022,14239.88
01/28/2022,13770.57
01/27/2022,13352.78
01/26/2022,13542.12
01/25/2022,13539.29
01/24/2022,13855.13
01/21/2022,13768.92
01/20/2022,14154.02
01/19/2022,14340.26
01/18/2022,14506.9
01/14/2022,14893.75
01/13/2022,14806.81
01/12/2022,15188.39
01/11/2022,15153.45
01/10/2022,14942.83
01/07/2022,14935.9
01/06/2022,15080.86
01/05/2022,15100.17
01/04/2022,15622.72
01/03/2022,15832.8
12/31/2021,15644.97
12/30/2021,15741.56
12/29/2021,15766.22
12/28/2021,15781.72
12/27/2021,15871.26
12/23/2021,15653.37
12/22/2021,15521.89
12/21/2021,15341.09
12/20/2021,14980.94
12/17/2021,15169.68
12/16/2021,15180.43
12/15/2021,15565.58
12/14/2021,15237.64
12/13/2021,15413.28
12/10/2021,15630.6
12/09/2021,15517.37
12/08/2021,15786.99
12/07/2021,15686.92
12/06/2021,15225.15
12/03/2021,15085.47
12/02/2021,15381.32
12/01/2021,15254.05
11/30/2021,15537.69
11/29/2021,15782.83
11/26/2021,15491.66
11/24/2021,15845.23
11/23/2021,15775.14
11/22/2021,15854.76
11/19/2021,16057.44
11/18/2021,15993.71
11/17/2021,15921.57
11/16/2021,15973.86
11/15/2021,15853.85
11/12/2021,15860.96
11/11/2021,15704.28
11/10/2021,15622.71
11/09/2021,15886.54
11/08/2021,15982.36
11/05/2021,15971.59
11/04/2021,15940.31
11/03/2021,15811.58
11/02/2021,15649.6
11/01/2021,15595.92
10/29/2021,15498.39
10/28/2021,15448.12
10/27/2021,15235.84
10/26/2021,15235.71
10/25/2021,15226.71
10/22/2021,15090.2
10/21/2021,15215.7
10/20/2021,15121.68
10/19/2021,15129.09
10/18/2021,15021.81
10/15/2021,14897.34
10/14/2021,14823.43
10/13/2021,14571.64
10/12/2021,14465.92
10/11/2021,14486.2
10/08/2021,14579.54
10/07/2021,14654.02
10/06/2021,14501.91
10/05/2021,14433.83
10/04/2021,14255.48
10/01/2021,14566.7
09/30/2021,14448.58
09/29/2021,14512.44
09/28/2021,14546.68
09/27/2021,14969.97
09/24/2021,15047.7
09/23/2021,15052.24
09/22/2021,14896.85
09/21/2021,14746.4
09/20/2021,14713.9
09/17/2021,15043.97
09/16/2021,15181.92
09/15/2021,15161.53
09/14/2021,15037.76
09/13/2021,15105.58
09/10/2021,15115.49
09/09/2021,15248.25
09/08/2021,15286.64
09/07/2021,15374.33
09/03/2021,15363.52
09/02/2021,15331.18
09/01/2021,15309.38
08/31/2021,15259.24
08/30/2021,15265.89
08/27/2021,15129.5
08/26/2021,14945.81
08/25/2021,15041.86
08/24/2021,15019.8
08/23/2021,14942.65
08/20/2021,14714.66
08/19/2021,14541.79
08/18/2021,14525.91
08/17/2021,14656.18
08/16/2021,14793.76
08/13/2021,14822.9
08/12/2021,14816.26
08/11/2021,14765.14
08/10/2021,14788.09
08/09/2021,14860.18
08/06/2021,14835.76
08/05/2021,14895.12
08/04/2021,14780.53
08/03/2021,14761.29
08/02/2021,14681.07
07/30/2021,14672.68
07/29/2021,14778.26
07/28/2021,14762.58
07/27/2021,14660.58
07/26/2021,14840.71
07/23/2021,14836.99
07/22/2021,14684.6
07/21/2021,14631.95
07/20/2021,14498.88
07/19/2021,14274.98
07/16/2021,14427.24
07/15/2021,14543.13
07/14/2021,14644.95
07/13/2021,14677.65
07/12/2021,14733.24
07/09/2021,14701.92
07/08/2021,14559.78
07/07/2021,14665.06
07/06/2021,14663.64
07/02/2021,14639.33
07/01/2021,14522.38
06/30/2021,14503.95
06/29/2021,14528.33
06/28/2021,14500.51
06/25/2021,14360.39
06/24/2021,14369.71
06/23/2021,14271.73
06/22/2021,14253.27
06/21/2021,14141.48
06/18/2021,14030.38
06/17/2021,14161.35
06/16/2021,14039.68
06/15/2021,14072.86
06/14/2021,14174.14
06/11/2021,14069.42
06/10/2021,14020.33
06/09/2021,13911.75
06/08/2021,13924.91
06/07/2021,13881.72
06/04/2021,13814.49
06/03/2021,13614.51
06/02/2021,13756.33
06/01/2021,13736.48
05/28/2021,13748.74
05/27/2021,13736.28
05/26/2021,13738.0
05/25/2021,13657.17
05/24/2021,13661.17
05/21/2021,13470.99
05/20/2021,13535.74
05/19/2021,13299.74
05/18/2021,13303.64
05/17/2021,13379.05
05/14/2021,13429.98
05/13/2021,13124.99
05/12/2021,13031.68
05/11/2021,13389.43
05/10/2021,13401.86
05/07/2021,13752.24
05/06/2021,13632.84
05/05/2021,13582.42
05/04/2021,13633.5
05/03/2021,13895.12
04/30/2021,13962.68
04/29/2021,14082.55
04/28/2021,14051.03
04/27/2021,14090.22
04/26/2021,14138.78
04/23/2021,14016.81
04/22/2021,13818.41
04/21/2021,13950.22
04/20/2021,13786.27
04/19/2021,13914.77
04/16/2021,14052.34
04/15/2021,14038.76
04/14/2021,13857.84
04/13/2021,13996.1
04/12/2021,13850.0
04/09/2021,13900.19
04/08/2021,13829.31
04/07/2021,13688.84
04/06/2021,13698.38
04/05/2021,13705.59
04/01/2021,13480.11
03/31/2021,13246.87
03/30/2021,13045.39
03/29/2021,13059.65
03/26/2021,13138.72
03/25/2021,12977.68
03/24/2021,12961.89
03/23/2021,13227.7
03/22/2021,13377.54
03/19/2021,13215.24
03/18/2021,13116.17
03/17/2021,13525.2
03/16/2021,13471.57
03/15/2021,13459.71
03/12/2021,13319.86
03/11/2021,13398.67
03/10/2021,13068.83
03/09/2021,13073.82
03/08/2021,12609.16
03/05/2021,12920.15
03/04/2021,12723.47
03/03/2021,12997.75
03/02/2021,13358.79
03/01/2021,13588.83
02/26/2021,13192.35
02/25/2021,13119.43
02/24/2021,13597.97
02/23/2021,13465.2
02/22/2021,13533.05
02/19/2021,13874.46
02/18/2021,13865.36
02/17/2021,13965.49
02/16/2021,14047.5
02/12/2021,14095.47
02/11/2021,14025.77
02/10/2021,13972.53
02/09/2021,14007.7
02/08/2021,13987.64
02/05/2021,13856.3
02/04/2021,13777.74
02/03/2021,13610.54
02/02/2021,13612.78
02/01/2021,13403.39
01/29/2021,13070.69
01/28/2021,13337.16
01/27/2021,13270.6
01/26/2021,13626.06
01/25/2021,13635.99
01/22/2021,13543.06
01/21/2021,13530.91
01/20/2021,13457.25
01/19/2021,13197.18
01/15/2021,12998.5
01/14/2021,13112.64
01/13/2021,13128.95
01/12/2021,13072.43
01/11/2021,13036.43
01/08/2021,13201.98
01/07/2021,13067.48
01/06/2021,12740.79
01/05/2021,12818.96
01/04/2021,12698.45
12/31/2020,12888.28
12/30/2020,12870.0
12/29/2020,12850.22
12/28/2020,12899.42
12/24/2020,12804.73
12/23/2020,12771.11
12/22/2020,12807.92
12/21/2020,12742.52
12/18/2020,12755.64
12/17/2020,12764.75
12/16/2020,12658.19
12/15/2020,12595.06
12/14/2020,12440.04
12/11/2020,12377.87
12/10/2020,12405.81
12/09/2020,12338.95
12/08/2020,12582.77
12/07/2020,12519.95
12/04/2020,12464.23
12/03/2020,12377.18
12/02/2020,12349.37
12/01/2020,12355.11
11/30/2020,12198.74
11/27/2020,12205.85
11/25/2020,12094.4
11/24/2020,12036.79
11/23/2020,11880.63
11/20/2020,11854.97
11/19/2020,11904.71
11/18/2020,11801.6
11/17/2020,11899.34
11/16/2020,11924.13
11/13/2020,11829.29
11/12/2020,11709.59
11/11/2020,11786.43
11/10/2020,11553.86
11/09/2020,11713.78
11/06/2020,11895.23
11/05/2020,11890.93
11/04/2020,11590.78
11/03/2020,11160.57
11/02/2020,10957.61
10/30/2020,10911.59
10/29/2020,11185.59
10/28/2020,11004.87
10/27/2020,11431.35
10/26/2020,11358.94
10/23/2020,11548.28
10/22/2020,11506.01
10/21/2020,11484.69
10/20/2020,11516.49
10/19/2020,11478.88
10/16/2020,11671.56
10/15/2020,11713.87
10/14/2020,11768.73
10/13/2020,11863.9
10/12/2020,11876.26
10/09/2020,11579.94
10/08/2020,11420.98
10/07/2020,11364.6
10/06/2020,11154.6
10/05/2020,11332.49
10/02/2020,11075.02
10/01/2020,11326.51
09/30/2020,11167.51
09/29/2020,11085.25
09/28/2020,11117.53
09/25/2020,10913.56
09/24/2020,10672.27
09/23/2020,10632.99
09/22/2020,10963.64
09/21/2020,10778.8
09/18/2020,10793.28
09/17/2020,10910.28
09/16/2020,11050.47
09/15/2020,11190.32
09/14/2020,11056.65
09/11/2020,10853.55
09/10/2020,10919.59
09/09/2020,11141.56
09/08/2020,10847.69
09/04/2020,11313.13
09/03/2020,11458.1
09/02/2020,12056.44
09/01/2020,11939.67
08/31/2020,11775.46
08/28/2020,11695.63
08/27/2020,11625.34
08/26/2020,11665.06
08/25/2020,11466.47
08/24/2020,11379.72
08/21/2020,11311.8
08/20/2020,11264.95
08/19/2020,11146.46
08/18/2020,11210.84
08/17/2020,11129.73
08/14/2020,11019.3
08/13/2020,11042.5
08/12/2020,11012.24
08/11/2020,10782.82
08/10/2020,10968.36
08/07/2020,11010.98
08/06/2020,11108.07
08/05/2020,10998.4
08/04/2020,10941.17
08/03/2020,10902.8
07/31/2020,10745.27
07/30/2020,10587.81
07/29/2020,10542.94
07/28/2020,10402.09
07/27/2020,10536.27
07/24/2020,10363.18
07/23/2020,10461.42
07/22/2020,10706.13
07/21/2020,10680.36
07/20/2020,10767.09
07/17/2020,10503.19
07/16/2020,10473.83
07/15/2020,10550.49
07/14/2020,10488.58
07/13/2020,10390.84
07/10/2020,10617.44
07/09/2020,10547.75
07/08/2020,10492.5
07/07/2020,10343.89
07/06/2020,10433.65
07/02/2020,10207.63
07/01/2020,10154.63
06/30/2020,10058.77
06/29/2020,9874.15
06/26/2020,9757.22
06/25/2020,10017.0
06/24/2020,9909.17
06/23/2020,10131.37
06/22/2020,10056.47
06/19/2020,9946.12
06/18/2020,9943.05
06/17/2020,9910.53
06/16/2020,9895.87
06/15/2020,9726.02
06/12/2020,9588.81
06/11/2020,9492.73
06/10/2020,10020.35
06/09/2020,9953.75
06/08/2020,9924.74
06/05/2020,9814.08
06/04/2020,9615.81
06/03/2020,9682.91
06/02/2020,9608.37
06/01/2020,9552.05
05/29/2020,9489.87
05/28/2020,9368.99
05/27/2020,9412.36
05/26/2020,9340.22
05/22/2020,9324.59
05/21/2020,9284.88
05/20/2020,9375.78
05/19/2020,9185.1
05/18/2020,9234.83
05/15/2020,9014.56
05/14/2020,8943.72
05/13/2020,8863.17
05/12/2020,9002.55
05/11/2020,9192.34
05/08/2020,9121.32
05/07/2020,8979.66
05/06/2020,8854.39
05/05/2020,8809.12
05/04/2020,8710.71
05/01/2020,8604.95
04/30/2020,8889.55
04/29/2020,8914.71
04/28/2020,8607.73
04/27/2020,8730.16
04/24/2020,8634.52
04/23/2020,8494.75
04/22/2020,8495.38
04/21/2020,8263.23
04/20/2020,8560.73
04/17/2020,8650.14
04/16/2020,8532.36
04/15/2020,8393.18
04/14/2020,8515.74
04/13/2020,8192.42
04/09/2020,8153.58
04/08/2020,8090.9
04/07/2020,7887.26
04/06/2020,7913.24
04/03/2020,7373.08
04/02/2020,7487.31
04/01/2020,7360.58
03/31/2020,7700.1
03/30/2020,7774.15
03/27/2020,7502.38
03/26/2020,7797.54
03/25/2020,7384.3
03/24/2020,7417.86
03/23/2020,6860.67
03/20/2020,6879.52
03/19/2020,7150.58
03/18/2020,6989.84
03/17/2020,7334.78
03/16/2020,6904.59
03/13/2020,7874.88
03/12/2020,7201.8
03/11/2020,7952.05
03/10/2020,8344.25
03/09/2020,7950.68
03/06/2020,8575.62
03/05/2020,8738.6
03/04/2020,9018.09
03/03/2020,8684.09
03/02/2020,8952.16
02/28/2020,8567.37
02/27/2020,8566.48
02/26/2020,8980.77
02/25/2020,8965.61
02/24/2020,9221.28
02/21/2020,9576.59
02/20/2020,9750.96
02/19/2020,9817.18
02/18/2020,9732.74
02/14/2020,9731.18
02/13/2020,9711.97
02/12/2020,9725.96
02/11/2020,9638.94
02/10/2020,9628.39
02/07/2020,9520.51
02/06/2020,9572.15
02/05/2020,9508.68
02/04/2020,9467.97
02/03/2020,9273.4
01/31/2020,9150.94
01/30/2020,9298.93
01/29/2020,9275.16
01/28/2020,9269.68
01/27/2020,9139.31
01/24/2020,9314.91
01/23/2020,9402.48
01/22/2020,9383.77
01/21/2020,9370.81
01/17/2020,9388.94
01/16/2020,9357.13
01/15/2020,9258.7
01/14/2020,9251.33
01/13/2020,9273.93
01/10/2020,9178.86
01/09/2020,9203.43
01/08/2020,9129.24
01/07/2020,9068.58
01/06/2020,9071.46
01/03/2020,9020.77
01/02/2020,9092.19
12/31/2019,8972.6
12/30/2019,8945.99
12/27/2019,9006.62
12/26/2019,9022.39
12/24/2019,8952.88
12/23/2019,8945.65
12/20/2019,8924.96
12/19/2019,8887.22
12/18/2019,8827.73
12/17/2019,8823.36
12/16/2019,8814.23
12/13/2019,8734.88
12/12/2019,8717.32
12/11/2019,8654.05
12/10/2019,8616.18
12/09/2019,8621.83
12/06/2019,8656.53
12/05/2019,8570.7
12/04/2019,8566.67
12/03/2019,8520.64
12/02/2019,8567.99
11/29/2019,8665.47
11/27/2019,8705.18
11/26/2019,8647.93
11/25/2019,8632.49
11/22/2019,8519.88
11/21/2019,8506.21
11/20/2019,8526.73
11/19/2019,8570.66
11/18/2019,8549.94
11/15/2019,8540.83
11/14/2019,8479.02
11/13/2019,8482.1
11/12/2019,8486.09
11/11/2019,8464.28
11/08/2019,8475.31
11/07/2019,8434.52
11/06/2019,8410.63
11/05/2019,8434.68
11/04/2019,8433.2
11/01/2019,8386.4
10/31/2019,8292.36
10/30/2019,8303.98
10/29/2019,8276.85
10/28/2019,8325.99
10/25/2019,8243.12
10/24/2019,8185.8
10/23/2019,8119.79
10/22/2019,8104.3
10/21/2019,8162.99
10/18/2019,8089.54
10/17/2019,8156.85
10/16/2019,8124.18
10/15/2019,8148.71
10/14/2019,8048.65
10/11/2019,8057.04
10/10/2019,7950.78
10/09/2019,7903.74
10/08/2019,7823.78
10/07/2019,7956.29
10/04/2019,7982.47
10/03/2019,7872.26
10/02/2019,7785.25
10/01/2019,7908.68
09/30/2019,7999.34
09/27/2019,7939.63
09/26/2019,8030.66
09/25/2019,8077.38
09/24/2019,7993.63
09/23/2019,8112.46
09/20/2019,8117.67
09/19/2019,8182.88
09/18/2019,8177.39
09/17/2019,8186.02
09/16/2019,8153.54
09/13/2019,8176.71
09/12/2019,8194.47
09/11/2019,8169.68
09/10/2019,8084.16
09/09/2019,8087.44
09/06/2019,8103.07
09/05/2019,8116.83
09/04/2019,7976.88
09/03/2019,7874.16
08/30/2019,7962.88
08/29/2019,7973.39
08/28/2019,7856.88
08/27/2019,7826.95
08/26/2019,7853.74
08/23/2019,7751.77
08/22/2019,7991.39
08/21/2019,8020.21
08/20/2019,7948.56
08/19/2019,8002.81
08/16/2019,7895.99
08/15/2019,7766.62
08/14/2019,7773.94
08/13/2019,8016.36
08/12/2019,7863.41
08/09/2019,7959.14
08/08/2019,8039.16
08/07/2019,7862.83
08/06/2019,7833.27
08/05/2019,7726.04
08/02/2019,8004.07
08/01/2019,8111.12
07/31/2019,8175.42
07/30/2019,8273.61
07/29/2019,8293.33
07/26/2019,8330.21
07/25/2019,8238.54
07/24/2019,8321.5
07/23/2019,8251.4
07/22/2019,8204.14
07/19/2019,8146.49
07/18/2019,8207.24
07/17/2019,8185.21
07/16/2019,8222.8
07/15/2019,8258.19
07/12/2019,8244.14
07/11/2019,8196.04
07/10/2019,8202.53
07/09/2019,8141.73
07/08/2019,8098.38
07/05/2019,8161.79
07/03/2019,8170.23
07/02/2019,8109.09
07/01/2019,8091.16
06/28/2019,8006.24
06/27/2019,7967.76
06/26/2019,7909.97
06/25/2019,7884.72
06/24/2019,8005.7
06/21/2019,8031.71
06/20/2019,8051.34
06/19/2019,7987.32
06/18/2019,7953.88
06/17/2019,7845.02
06/14/2019,7796.66
06/13/2019,7837.13
06/12/2019,7792.72
06/11/2019,7822.57
06/10/2019,7823.17
06/07/2019,7742.1
06/06/2019,7615.55
06/05/2019,7575.48
06/04/2019,7527.12
06/03/2019,7333.02
05/31/2019,7453.15
05/30/2019,7567.72
05/29/2019,7547.31
05/28/2019,7607.35
05/24/2019,7637.01
05/23/2019,7628.28
05/22/2019,7750.84
05/21/2019,7785.72
05/20/2019,7702.38
05/17/2019,7816.28
05/16/2019,7898.05
05/15/2019,7822.15
05/14/2019,7734.49
05/13/2019,7647.02
05/10/2019,7916.94
05/09/2019,7910.59
05/08/2019,7943.32
05/07/2019,7963.76
05/06/2019,8123.29
05/03/2019,8164.0
05/02/2019,8036.77
05/01/2019,8049.64
04/30/2019,8095.39
04/29/2019,8149.39
04/26/2019,8133.96
04/25/2019,8106.29
04/24/2019,8102.01
04/23/2019,8120.82
04/22/2019,8015.27
04/18/2019,7998.06
04/17/2019,7996.08
04/16/2019,8000.23
04/15/2019,7976.01
04/12/2019,7984.16
04/11/2019,7947.36
04/10/2019,7964.24
04/09/2019,7909.28
04/08/2019,7953.88
04/05/2019,7938.69
04/04/2019,7891.78
04/03/2019,7895.55
04/02/2019,7848.69
04/01/2019,7828.91
03/29/2019,7729.32
03/28/2019,7669.17
03/27/2019,7643.38
03/26/2019,7691.52
03/25/2019,7637.54
03/22/2019,7642.67
03/21/2019,7838.96
03/20/2019,7728.97
03/19/2019,7723.95
03/18/2019,7714.48
03/15/2019,7688.53
03/14/2019,7630.91
03/13/2019,7643.41
03/12/2019,7591.03
03/11/2019,7558.06
03/08/2019,7408.14
03/07/2019,7421.46
03/06/2019,7505.92
03/05/2019,7576.36
03/04/2019,7577.57
03/01/2019,7595.35
02/28/2019,7532.53
02/27/2019,7554.51
02/26/2019,7549.3
02/25/2019,7554.46
02/22/2019,7527.54
02/21/2019,7459.71
02/20/2019,7489.07
02/19/2019,7486.77
02/15/2019,7472.41
02/14/2019,7426.95
02/13/2019,7420.38
02/12/2019,7414.62
02/11/2019,7307.9
02/08/2019,7298.2
02/07/2019,7288.35
02/06/2019,7375.28
02/05/2019,7402.08
02/04/2019,7347.54
02/01/2019,7263.87
01/31/2019,7281.74
01/30/2019,7183.08
01/29/2019,7028.29
01/28/2019,7085.68
01/25/2019,7164.86
01/24/2019,7073.46
01/23/2019,7025.77
01/22/2019,7020.36
01/18/2019,7157.23
01/17/2019,7084.46
01/16/2019,7034.69
01/15/2019,7023.83
01/14/2019,6905.92
01/11/2019,6971.48
01/10/2019,6986.07
01/09/2019,6957.08
01/08/2019,6897.0
01/07/2019,6823.47
01/04/2019,6738.86
01/03/2019,6463.5
01/02/2019,6665.94
12/31/2018,6635.28
12/28/2018,6584.52
12/27/2018,6579.49
12/26/2018,6554.36
12/24/2018,6192.92
12/21/2018,6332.99
12/20/2018,6528.41
12/19/2018,6636.83
12/18/2018,6783.91
12/17/2018,6753.73
12/14/2018,6910.66
12/13/2018,7070.33
12/12/2018,7098.31
12/11/2018,7031.83
12/10/2018,7020.52
12/07/2018,6969.25
12/06/2018,7188.26
12/04/2018,7158.43
12/03/2018,7441.51
11/30/2018,7330.54
11/29/2018,7273.08
11/28/2018,7291.59
11/27/2018,7082.7
11/26/2018,7081.85
11/23/2018,6938.98
11/21/2018,6972.25
11/20/2018,6908.82
11/19/2018,7028.48
11/16/2018,7247.87
11/15/2018,7259.03
11/14/2018,7136.39
11/13/2018,7200.87
11/12/2018,7200.87
11/09/2018,7406.9
11/08/2018,7530.88
11/07/2018,7570.75
11/06/2018,7375.96
11/05/2018,7328.85
11/02/2018,7356.99
11/01/2018,7434.06
10/31/2018,7305.9
10/30/2018,7161.65
10/29/2018,7050.29
10/26/2018,7167.21
10/25/2018,7318.34
10/24/2018,7108.4
10/23/2018,7437.54
10/22/2018,7468.63
10/19/2018,7449.03
10/18/2018,7485.14
10/17/2018,7642.7
10/16/2018,7645.49
10/15/2018,7430.74
10/12/2018,7496.89
10/11/2018,7329.06
10/10/2018,7422.05
10/09/2018,7738.02
10/08/2018,7735.95
10/05/2018,7788.45
10/04/2018,7879.51
10/03/2018,8025.09
10/02/2018,7999.55
10/01/2018,8037.3
09/28/2018,8046.35
09/27/2018,8041.97
09/26/2018,7990.37
09/25/2018,8007.47
09/24/2018,7993.25
09/21/2018,7986.96
09/20/2018,8028.23
09/19/2018,7950.04
09/18/2018,7956.11
09/17/2018,7895.79
09/14/2018,8010.04
09/13/2018,8013.71
09/12/2018,7954.23
09/11/2018,7972.47
09/10/2018,7924.16
09/07/2018,7902.54
09/06/2018,7922.73
09/05/2018,7995.17
09/04/2018,8091.25
08/31/2018,8109.54
08/30/2018,8088.36
08/29/2018,8109.69
08/28/2018,8030.04
08/27/2018,8017.9
08/24/2018,7945.98
08/23/2018,7878.46
08/22/2018,7889.1
08/21/2018,7859.17
08/20/2018,7821.01
08/17/2018,7816.33
08/16/2018,7806.52
08/15/2018,7774.12
08/14/2018,7870.89
08/13/2018,7819.71
08/10/2018,7839.11
08/09/2018,7891.78
08/08/2018,7888.33
08/07/2018,7883.66
08/06/2018,7859.68
08/03/2018,7812.01
08/02/2018,7802.69
08/01/2018,7707.29
07/31/2018,7671.79
07/30/2018,7630.0
07/27/2018,7737.42
07/26/2018,7852.18
07/25/2018,7932.24
07/24/2018,7840.77
07/23/2018,7841.87
07/20/2018,7820.2
07/19/2018,7825.3
07/18/2018,7854.44
07/17/2018,7855.12
07/16/2018,7805.72
07/13/2018,7825.98
07/12/2018,7823.92
07/11/2018,7716.61
07/10/2018,7759.2
07/09/2018,7756.2
07/06/2018,7688.39
07/05/2018,7586.43
07/03/2018,7502.67
07/02/2018,7567.69
06/29/2018,7510.3
06/28/2018,7503.68
06/27/2018,7445.08
06/26/2018,7561.63
06/25/2018,7532.01
06/22/2018,7692.82
06/21/2018,7712.95
06/20/2018,7781.51
06/19/2018,7725.59
06/18/2018,7747.03
06/15/2018,7746.38
06/14/2018,7761.04
06/13/2018,7695.7
06/12/2018,7703.79
06/11/2018,7659.93
06/08/2018,7645.51
06/07/2018,7635.07
06/06/2018,7689.24
06/05/2018,7637.86
06/04/2018,7606.46
06/01/2018,7554.33
05/31/2018,7442.12
05/30/2018,7462.45
05/29/2018,7396.59
05/25/2018,7433.85
05/24/2018,7424.43
05/23/2018,7425.96
05/22/2018,7378.46
05/21/2018,7394.04
05/18/2018,7354.34
05/17/2018,7382.47
05/16/2018,7398.3
05/15/2018,7351.63
05/14/2018,7411.32
05/11/2018,7402.88
05/10/2018,7404.97
05/09/2018,7339.91
05/08/2018,7266.9
05/07/2018,7265.21
05/04/2018,7209.62
05/03/2018,7088.15
05/02/2018,7100.9
05/01/2018,7130.7
04/30/2018,7066.27
04/27/2018,7119.8
04/26/2018,7118.68
04/25/2018,7003.74
04/24/2018,7007.35
04/23/2018,7128.6
04/20/2018,7146.13
04/19/2018,7238.06
04/18/2018,7295.24
04/17/2018,7281.1
04/16/2018,7156.28
04/13/2018,7106.65
04/12/2018,7140.25
04/11/2018,7069.03
04/10/2018,7094.3
04/09/2018,6950.34
04/06/2018,6915.11
04/05/2018,7076.55
04/04/2018,7042.11
04/03/2018,6941.28
04/02/2018,6870.12
03/29/2018,7063.44
03/28/2018,6949.23
03/27/2018,7008.81
03/26/2018,7220.54
03/23/2018,6992.67
03/22/2018,7166.68
03/21/2018,7345.29
03/20/2018,7364.3
03/19/2018,7344.24
03/16/2018,7481.99
03/15/2018,7481.74
03/14/2018,7496.81
03/13/2018,7511.01
03/12/2018,7588.32
03/09/2018,7560.81
03/08/2018,7427.95
03/07/2018,7396.65
03/06/2018,7372.01
03/05/2018,7330.7
03/02/2018,7257.87
03/01/2018,7180.56
02/28/2018,7273.01
02/27/2018,7330.35
02/26/2018,7421.46
02/23/2018,7337.39
02/22/2018,7210.09
02/21/2018,7218.23
02/20/2018,7234.31
02/16/2018,7239.47
02/15/2018,7256.43
02/14/2018,7143.62
02/13/2018,7013.51
02/12/2018,6981.96
02/09/2018,6874.49
02/08/2018,6777.16
02/07/2018,7051.98
02/06/2018,7115.88
02/05/2018,6967.53
02/02/2018,7240.95
02/01/2018,7385.86
01/31/2018,7411.48
01/30/2018,7402.48
01/29/2018,7466.51
01/26/2018,7505.77
01/25/2018,7411.16
01/24/2018,7415.06
01/23/2018,7460.29
01/22/2018,7408.03
01/19/2018,7336.38
01/18/2018,7296.05
01/17/2018,7298.28
01/16/2018,7223.69
01/12/2018,7261.06
01/11/2018,7211.78
01/10/2018,7153.57
01/09/2018,7163.58
01/08/2018,7157.39
01/05/2018,7136.56
01/04/2018,7077.91
01/03/2018,7065.53
01/02/2018,7006.9
12/29/2017,6903.39
12/28/2017,6950.16
12/27/2017,6939.34
12/26/2017,6936.25
12/22/2017,6959.96
12/21/2017,6965.36
12/20/2017,6960.96
12/19/2017,6963.85
12/18/2017,6994.76
12/15/2017,6936.58
12/14/2017,6856.53
12/13/2017,6875.8
12/12/2017,6862.32
12/11/2017,6875.08
12/08/2017,6840.08
12/07/2017,6812.84
12/06/2017,6776.38
12/05/2017,6762.21
12/04/2017,6775.37
12/01/2017,6847.59
11/30/2017,6873.97
11/29/2017,6824.39
11/28/2017,6912.36
11/27/2017,6878.52
11/24/2017,6889.16
11/22/2017,6867.36
11/21/2017,6862.48
11/20/2017,6790.71
11/17/2017,6782.79
11/16/2017,6793.29
11/15/2017,6706.21
11/14/2017,6737.87
11/13/2017,6757.6
11/10/2017,6750.94
11/09/2017,6750.05
11/08/2017,6789.12
11/07/2017,6767.78
11/06/2017,6786.44
11/03/2017,6764.44
11/02/2017,6714.94
11/01/2017,6716.53
10/31/2017,6727.67
10/30/2017,6698.96
10/27/2017,6701.26
10/26/2017,6556.77
10/25/2017,6563.89
10/24/2017,6598.43
10/23/2017,6586.83
10/20/2017,6629.05
10/19/2017,6605.07
10/18/2017,6624.22
10/17/2017,6623.66
10/16/2017,6624.0
10/13/2017,6605.8
10/12/2017,6591.51
10/11/2017,6603.55
10/10/2017,6587.25
10/09/2017,6579.73
10/06/2017,6590.18
10/05/2017,6585.36
10/04/2017,6534.63
10/03/2017,6531.71
10/02/2017,6516.72
09/29/2017,6495.96
09/28/2017,6453.45
09/27/2017,6453.26
09/26/2017,6380.16
09/25/2017,6370.59
09/22/2017,6426.92
09/21/2017,6422.69
09/20/2017,6456.04
09/19/2017,6461.32
09/18/2017,6454.64
09/15/2017,6448.47
09/14/2017,6429.08
09/13/2017,6460.19
09/12/2017,6454.28
09/11/2017,6432.26
09/08/2017,6360.19
09/07/2017,6397.87
09/06/2017,6393.31
09/05/2017,6375.57
09/01/2017,6435.33
08/31/2017,6428.66
08/30/2017,6368.31
08/29/2017,6301.89
08/28/2017,6283.02
08/25/2017,6265.64
08/24/2017,6271.33
08/23/2017,6278.41
08/22/2017,6297.48
08/21/2017,6213.13
08/18/2017,6216.53
08/17/2017,6221.91
08/16/2017,6345.11
08/15/2017,6333.01
08/14/2017,6340.23
08/11/2017,6256.56
08/10/2017,6216.87
08/09/2017,6352.33
08/08/2017,6370.46
08/07/2017,6383.77
08/04/2017,6351.56
08/03/2017,6340.34
08/02/2017,6362.65
08/01/2017,6362.94
07/31/2017,6348.12
07/28/2017,6374.68
07/27/2017,6382.19
07/26/2017,6422.75
07/25/2017,6412.17
07/24/2017,6410.81
07/21/2017,6387.75
07/20/2017,6390.0
07/19/2017,6385.04
07/18/2017,6344.31
07/17/2017,6314.43
07/14/2017,6312.47
07/13/2017,6274.44
07/12/2017,6261.17
07/11/2017,6193.3
07/10/2017,6176.39
07/07/2017,6153.08
07/06/2017,6089.46
07/05/2017,6150.86
07/03/2017,6110.06
06/30/2017,6140.42
06/29/2017,6144.35
06/28/2017,6234.41
06/27/2017,6146.62
06/26/2017,6247.15
06/23/2017,6265.25
06/22/2017,6236.69
06/21/2017,6233.95
06/20/2017,6188.03
06/19/2017,6239.01
06/16/2017,6151.76
06/15/2017,6165.5
06/14/2017,6194.89
06/13/2017,6220.37
06/12/2017,6175.46
06/09/2017,6207.92
06/08/2017,6321.76
06/07/2017,6297.38
06/06/2017,6275.06
06/05/2017,6295.68
06/02/2017,6305.8
06/01/2017,6246.83
05/31/2017,6198.52
05/30/2017,6203.19
05/26/2017,6210.19
05/25/2017,6205.26
05/24/2017,6163.02
05/23/2017,6138.71
05/22/2017,6133.62
05/19/2017,6083.7
05/18/2017,6055.13
05/17/2017,6011.24
05/16/2017,6169.87
05/15/2017,6149.67
05/12/2017,6121.23
05/11/2017,6115.96
05/10/2017,6129.14
05/09/2017,6120.59
05/08/2017,6102.66
05/05/2017,6100.76
05/04/2017,6075.34
05/03/2017,6072.55
05/02/2017,6095.37
05/01/2017,6091.6
04/28/2017,6047.61
04/27/2017,6048.94
04/26/2017,6025.23
04/25/2017,6025.49
04/24/2017,5983.82
04/21/2017,5910.52
04/20/2017,5916.78
04/19/2017,5863.03
04/18/2017,5849.47
04/17/2017,5856.79
04/13/2017,5805.15
04/12/2017,5836.16
04/11/2017,5866.77
04/10/2017,5880.93
04/07/2017,5877.81
04/06/2017,5878.95
04/05/2017,5864.48
04/04/2017,5898.61
04/03/2017,5894.68
03/31/2017,5911.74
03/30/2017,5914.34
03/29/2017,5897.55
03/28/2017,5875.14
03/27/2017,5840.37
03/24/2017,5828.74
03/23/2017,5817.69
03/22/2017,5821.64
03/21/2017,5793.83
03/20/2017,5901.53
03/17/2017,5901.0
03/16/2017,5900.76
03/15/2017,5900.05
03/14/2017,5856.82
03/13/2017,5875.78
03/10/2017,5861.73
03/09/2017,5838.81
03/08/2017,5837.55
03/07/2017,5833.93
03/06/2017,5849.17
03/03/2017,5870.75
03/02/2017,5861.22
03/01/2017,5904.03
02/28/2017,5825.44
02/27/2017,5861.9
02/24/2017,5845.31
02/23/2017,5835.51
02/22/2017,5860.63
02/21/2017,5865.95
02/17/2017,5838.58
02/16/2017,5814.9
02/15/2017,5819.44
02/14/2017,5782.57
02/13/2017,5763.96
02/10/2017,5734.13
02/09/2017,5715.18
02/08/2017,5682.45
02/07/2017,5674.22
02/06/2017,5663.55
02/03/2017,5666.77
02/02/2017,5636.2
02/01/2017,5642.65
01/31/2017,5614.79
01/30/2017,5613.71
01/27/2017,5660.78
01/26/2017,5655.18
01/25/2017,5656.34
01/24/2017,5600.96
01/23/2017,5552.94
01/20/2017,5555.33
01/19/2017,5540.08
01/18/2017,5555.65
01/17/2017,5538.73
01/13/2017,5574.12
01/12/2017,5547.49
01/11/2017,5563.65
01/10/2017,5551.82
01/09/2017,5531.82
01/06/2017,5521.06
01/05/2017,5487.94
01/04/2017,5477.0
01/03/2017,5429.08
12/30/2016,5383.12
12/29/2016,5432.09
12/28/2016,5438.56
12/27/2016,5487.44
12/23/2016,5462.69
12/22/2016,5447.42
12/21/2016,5471.43
12/20/2016,5483.94
12/19/2016,5457.44
12/16/2016,5437.16
12/15/2016,5456.85
12/14/2016,5436.67
12/13/2016,5463.83
12/12/2016,5412.54
12/09/2016,5444.5
12/08/2016,5417.36
12/07/2016,5393.76
12/06/2016,5333.0
12/05/2016,5308.89
12/02/2016,5255.65
12/01/2016,5251.11
11/30/2016,5323.68
11/29/2016,5379.92
11/28/2016,5368.81
11/25/2016,5398.92
11/23/2016,5380.68
11/22/2016,5386.35
11/21/2016,5368.86
11/18/2016,5321.51
11/17/2016,5333.97
11/16/2016,5294.58
11/15/2016,5275.62
11/14/2016,5218.4
11/11/2016,5237.11
11/10/2016,5208.8
11/09/2016,5251.07
11/08/2016,5193.49
11/07/2016,5166.17
11/04/2016,5046.37
11/03/2016,5058.41
11/02/2016,5105.57
11/01/2016,5153.58
10/31/2016,5189.13
10/28/2016,5190.1
10/27/2016,5215.97
10/26/2016,5250.27
10/25/2016,5283.4
10/24/2016,5309.83
10/21/2016,5257.4
10/20/2016,5241.83
10/19/2016,5246.41
10/18/2016,5243.84
10/17/2016,5199.82
10/14/2016,5214.16
10/13/2016,5213.33
10/12/2016,5239.02
10/11/2016,5246.79
10/10/2016,5328.67
10/07/2016,5292.4
10/06/2016,5306.85
10/05/2016,5316.02
10/04/2016,5289.66
10/03/2016,5300.87
09/30/2016,5312.0
09/29/2016,5269.15
09/28/2016,5318.55
09/27/2016,5305.71
09/26/2016,5257.49
09/23/2016,5305.75
09/22/2016,5339.52
09/21/2016,5295.18
09/20/2016,5241.35
09/19/2016,5235.03
09/16/2016,5244.57
09/15/2016,5249.69
09/14/2016,5173.77
09/13/2016,5155.25
09/12/2016,5211.89
09/09/2016,5125.91
09/08/2016,5259.48
09/07/2016,5283.93
09/06/2016,5275.91
09/02/2016,5249.9
09/01/2016,5227.21
08/31/2016,5213.22
08/30/2016,5222.99
08/29/2016,5232.33
08/26/2016,5218.92
08/25/2016,5212.2
08/24/2016,5217.69
08/23/2016,5260.08
08/22/2016,5244.6
08/19/2016,5238.38
08/18/2016,5240.15
08/17/2016,5228.66
08/16/2016,5227.11
08/15/2016,5262.02
08/12/2016,5232.89
08/11/2016,5228.4
08/10/2016,5204.58
08/09/2016,5225.48
08/08/2016,5213.14
08/05/2016,5221.12
08/04/2016,5166.25
08/03/2016,5159.74
08/02/2016,5137.73
08/01/2016,5184.2
07/29/2016,5162.13
07/28/2016,5154.98
07/27/2016,5139.81
07/26/2016,5110.05
07/25/2016,5097.63
07/22/2016,5100.16
07/21/2016,5073.9
07/20/2016,5089.93
07/19/2016,5036.37
07/18/2016,5055.78
07/15/2016,5029.59
07/14/2016,5034.06
07/13/2016,5005.73
07/12/2016,5022.82
07/11/2016,4988.64
07/08/2016,4956.76
07/07/2016,4876.81
07/06/2016,4859.16
07/05/2016,4822.9
07/01/2016,4862.57
06/30/2016,4842.67
06/29/2016,4779.25
06/28/2016,4691.87
06/27/2016,4594.44
06/24/2016,4707.98
06/23/2016,4910.04
06/22/2016,4833.32
06/21/2016,4843.76
06/20/2016,4837.21
06/17/2016,4800.34
06/16/2016,4844.91
06/15/2016,4834.93
06/14/2016,4843.55
06/13/2016,4848.44
06/10/2016,4894.55
06/09/2016,4958.62
06/08/2016,4974.64
06/07/2016,4961.75
06/06/2016,4968.71
06/03/2016,4942.52
06/02/2016,4971.36
06/01/2016,4952.25
05/31/2016,4948.05
05/27/2016,4933.5
05/26/2016,4901.77
05/25/2016,4894.89
05/24/2016,4861.06
05/23/2016,4765.78
05/20/2016,4769.56
05/19/2016,4712.53
05/18/2016,4739.12
05/17/2016,4715.73
05/16/2016,4775.46
05/13/2016,4717.68
05/12/2016,4737.33
05/11/2016,4760.69
05/10/2016,4809.88
05/09/2016,4750.21
05/06/2016,4736.16
05/05/2016,4717.09
05/04/2016,4725.64
05/03/2016,4763.22
05/02/2016,4817.59
04/29/2016,4775.36
04/28/2016,4805.29
04/27/2016,4863.14
04/26/2016,4888.28
04/25/2016,4895.79
04/22/2016,4906.23
04/21/2016,4945.89
04/20/2016,4948.13
04/19/2016,4940.33
04/18/2016,4960.02
04/15/2016,4938.22
04/14/2016,4945.89
04/13/2016,4947.42
04/12/2016,4872.09
04/11/2016,4833.4
04/08/2016,4850.69
04/07/2016,4848.37
04/06/2016,4920.72
04/05/2016,4843.93
04/04/2016,4891.8
04/01/2016,4914.54
03/31/2016,4869.85
03/30/2016,4869.29
03/29/2016,4846.62
03/28/2016,4766.79
03/24/2016,4773.5
03/23/2016,4768.86
03/22/2016,4821.66
03/21/2016,4808.87
03/18/2016,4795.65
03/17/2016,4774.99
03/16/2016,4763.97
03/15/2016,4728.67
03/14/2016,4750.28
03/11/2016,4748.47
03/10/2016,4662.16
03/09/2016,4674.38
03/08/2016,4648.82
03/07/2016,4708.25
03/04/2016,4717.02
03/03/2016,4707.42
03/02/2016,4703.42
03/01/2016,4689.6
02/29/2016,4557.95
02/26/2016,4590.47
02/25/2016,4582.2
02/24/2016,4542.61
02/23/2016,4503.58
02/22/2016,4570.61
02/19/2016,4504.43
02/18/2016,4487.54
02/17/2016,4534.06
02/16/2016,4435.96
02/12/2016,4337.51
02/11/2016,4266.84
02/10/2016,4283.59
02/09/2016,4268.76
02/08/2016,4283.75
02/05/2016,4363.14
02/04/2016,4509.56
02/03/2016,4504.24
02/02/2016,4516.95
02/01/2016,4620.37
01/29/2016,4613.95
01/28/2016,4506.68
01/27/2016,4468.17
01/26/2016,4567.67
01/25/2016,4518.49
01/22/2016,4591.18
01/21/2016,4472.06
01/20/2016,4471.69
01/19/2016,4476.95
01/15/2016,4488.42
01/14/2016,4615.0
01/13/2016,4526.06
01/12/2016,4685.92
01/11/2016,4637.99
01/08/2016,4643.63
01/07/2016,4689.43
01/06/2016,4835.76
01/05/2016,4891.43
01/04/2016,4903.09
12/31/2015,5007.41
12/30/2015,5065.85
12/29/2015,5107.94
12/28/2015,5040.99
12/24/2015,5048.49
12/23/2015,5045.93
12/22/2015,5001.11
12/21/2015,4968.92
12/18/2015,4923.08
12/17/2015,5002.55
12/16/2015,5071.13
12/15/2015,4995.36
12/14/2015,4952.23
12/11/2015,4933.47
12/10/2015,5045.17
12/09/2015,5022.87
12/08/2015,5098.24
12/07/2015,5101.81
12/04/2015,5142.27
12/03/2015,5037.53
12/02/2015,5123.22
12/01/2015,5156.31
11/30/2015,5108.67
11/27/2015,5127.52
11/25/2015,5116.14
11/24/2015,5102.81
11/23/2015,5102.48
11/20/2015,5104.92
11/19/2015,5073.64
11/18/2015,5075.2
11/17/2015,4986.01
11/16/2015,4984.62
11/13/2015,4927.88
11/12/2015,5005.08
11/11/2015,5067.02
11/10/2015,5083.24
11/09/2015,5095.3
11/06/2015,5147.12
11/05/2015,5127.74
11/04/2015,5142.48
11/03/2015,5145.13
11/02/2015,5127.15
10/30/2015,5053.75
10/29/2015,5074.27
10/28/2015,5095.69
10/27/2015,5030.15
10/26/2015,5034.7
10/23/2015,5031.86
10/22/2015,4920.05
10/21/2015,4840.12
10/20/2015,4880.97
10/19/2015,4905.47
10/16/2015,4886.69
10/15/2015,4870.1
10/14/2015,4782.85
10/13/2015,4796.61
10/12/2015,4838.64
10/09/2015,4830.47
10/08/2015,4810.79
10/07/2015,4791.15
10/06/2015,4748.36
10/05/2015,4781.26
10/02/2015,4707.78
10/01/2015,4627.08
09/30/2015,4620.16
09/29/2015,4517.32
09/28/2015,4543.97
09/25/2015,4686.5
09/24/2015,4734.48
09/23/2015,4752.74
09/22/2015,4756.72
09/21/2015,4828.95
09/18/2015,4827.23
09/17/2015,4893.95
09/16/2015,4889.24
09/15/2015,4860.52
09/14/2015,4805.76
09/11/2015,4822.34
09/10/2015,4796.25
09/09/2015,4756.53
09/08/2015,4811.93
09/04/2015,4683.92
09/03/2015,4733.5
09/02/2015,4749.98
09/01/2015,4636.1
08/31/2015,4776.51
08/28/2015,4828.32
08/27/2015,4812.71
08/26/2015,4697.54
08/25/2015,4506.49
08/24/2015,4526.25
08/21/2015,4706.04
08/20/2015,4877.49
08/19/2015,5019.05
08/18/2015,5059.35
08/17/2015,5091.7
08/14/2015,5048.24
08/13/2015,5033.56
08/12/2015,5044.39
08/11/2015,5036.79
08/10/2015,5101.8
08/07/2015,5043.54
08/06/2015,5056.44
08/05/2015,5139.94
08/04/2015,5105.55
08/03/2015,5115.38
07/31/2015,5128.28
07/30/2015,5128.78
07/29/2015,5111.73
07/28/2015,5089.21
07/27/2015,5039.78
07/24/2015,5088.63
07/23/2015,5146.41
07/22/2015,5171.77
07/21/2015,5208.12
07/20/2015,5218.86
07/17/2015,5210.14
07/16/2015,5163.18
07/15/2015,5098.94
07/14/2015,5104.89
07/13/2015,5071.51
07/10/2015,4997.7
07/09/2015,4922.4
07/08/2015,4909.76
07/07/2015,4997.46
07/06/2015,4991.94
07/02/2015,5009.21
07/01/2015,5013.12
06/30/2015,4986.87
06/29/2015,4958.47
06/26/2015,5080.51
06/25/2015,5112.19
06/24/2015,5122.41
06/23/2015,5160.09
06/22/2015,5153.97
06/19/2015,5117.0
06/18/2015,5132.95
06/17/2015,5064.88
06/16/2015,5055.55
06/15/2015,5029.97
06/12/2015,5051.1
06/11/2015,5082.51
06/10/2015,5076.69
06/09/2015,5013.87
06/08/2015,5021.63
06/05/2015,5068.46
06/04/2015,5059.12
06/03/2015,5099.23
06/02/2015,5076.52
06/01/2015,5082.93
05/29/2015,5070.03
05/28/2015,5097.98
05/27/2015,5106.59
05/26/2015,5032.75
05/22/2015,5089.36
05/21/2015,5090.79
05/20/2015,5071.74
05/19/2015,5070.03
05/18/2015,5078.44
05/15/2015,5048.29
05/14/2015,5050.8
05/13/2015,4981.69
05/12/2015,4976.19
05/11/2015,4993.57
05/08/2015,5003.55
05/07/2015,4945.54
05/06/2015,4919.64
05/05/2015,4939.33
05/04/2015,5016.93
05/01/2015,5005.39
04/30/2015,4941.42
04/29/2015,5023.64
04/28/2015,5055.42
04/27/2015,5060.25
04/24/2015,5092.08
04/23/2015,5056.06
04/22/2015,5035.17
04/21/2015,5014.1
04/20/2015,4994.6
04/17/2015,4931.81
04/16/2015,5007.79
04/15/2015,5011.02
04/14/2015,4977.29
04/13/2015,4988.25
04/10/2015,4995.98
04/09/2015,4974.56
04/08/2015,4950.82
04/07/2015,4910.23
04/06/2015,4917.32
04/02/2015,4886.94
04/01/2015,4880.23
03/31/2015,4900.88
03/30/2015,4947.44
03/27/2015,4891.22
03/26/2015,4863.36
03/25/2015,4876.52
03/24/2015,4994.73
03/23/2015,5010.97
03/20/2015,5026.42
03/19/2015,4992.38
03/18/2015,4982.83
03/17/2015,4937.43
03/16/2015,4929.51
03/13/2015,4871.76
03/12/2015,4893.29
03/11/2015,4849.94
03/10/2015,4859.79
03/09/2015,4942.44
03/06/2015,4927.37
03/05/2015,4982.81
03/04/2015,4967.14
03/03/2015,4979.9
03/02/2015,5008.1
02/27/2015,4963.53
02/26/2015,4987.89
02/25/2015,4967.14
02/24/2015,4968.12
02/23/2015,4960.97
02/20/2015,4955.97
02/19/2015,4924.7
02/18/2015,4906.36
02/17/2015,4899.27
02/13/2015,4893.84
02/12/2015,4857.61
02/11/2015,4801.18
02/10/2015,4787.64
02/09/2015,4726.01
02/06/2015,4744.4
02/05/2015,4765.1
02/04/2015,4716.7
02/03/2015,4727.74
02/02/2015,4676.69
01/30/2015,4635.24
01/29/2015,4683.41
01/28/2015,4637.99
01/27/2015,4681.5
01/26/2015,4771.76
01/23/2015,4757.88
01/22/2015,4750.4
01/21/2015,4667.42
01/20/2015,4654.85
01/16/2015,4634.38
01/15/2015,4570.82
01/14/2015,4639.32
01/13/2015,4661.5
01/12/2015,4664.71
01/09/2015,4704.07
01/08/2015,4736.19
01/07/2015,4650.47
01/06/2015,4592.74
01/05/2015,4652.57
01/02/2015,4726.81
12/31/2014,4736.05
12/30/2014,4777.44
12/29/2014,4806.91
12/26/2014,4806.86
12/24/2014,4773.47
12/23/2014,4765.42
12/22/2014,4781.42
12/19/2014,4765.38
12/18/2014,4748.4
12/17/2014,4644.31
12/16/2014,4547.83
12/15/2014,4605.16
12/12/2014,4653.6
12/11/2014,4708.16
12/10/2014,4684.03
12/09/2014,4766.47
12/08/2014,4740.69
12/05/2014,4780.76
12/04/2014,4769.44
12/03/2014,4774.47
12/02/2014,4755.81
12/01/2014,4727.35
11/28/2014,4791.63
11/26/2014,4787.32
11/25/2014,4758.25
11/24/2014,4754.89
11/21/2014,4712.97
11/20/2014,4701.87
11/19/2014,4675.71
11/18/2014,4702.44
11/17/2014,4671.0
11/14/2014,4688.54
11/13/2014,4680.14
11/12/2014,4675.13
11/11/2014,4660.56
11/10/2014,4651.62
11/07/2014,4632.53
11/06/2014,4638.47
11/05/2014,4620.72
11/04/2014,4623.64
11/03/2014,4638.91
10/31/2014,4630.74
10/30/2014,4566.14
10/29/2014,4549.23
10/28/2014,4564.29
10/27/2014,4485.93
10/24/2014,4483.72
10/23/2014,4452.79
10/22/2014,4382.85
10/21/2014,4419.48
10/20/2014,4316.07
10/17/2014,4258.44
10/16/2014,4217.39
10/15/2014,4215.32
10/14/2014,4227.17
10/13/2014,4213.66
10/10/2014,4276.24
10/09/2014,4378.34
10/08/2014,4468.59
10/07/2014,4385.2
10/06/2014,4454.8
10/03/2014,4475.62
10/02/2014,4430.19
10/01/2014,4422.09
09/30/2014,4493.39
09/29/2014,4505.85
09/26/2014,4512.19
09/25/2014,4466.75
09/24/2014,4555.22
09/23/2014,4508.69
09/22/2014,4527.69
09/19/2014,4579.79
09/18/2014,4593.43
09/17/2014,4562.19
09/16/2014,4552.76
09/15/2014,4518.9
09/12/2014,4567.6
09/11/2014,4591.81
09/10/2014,4586.52
09/09/2014,4552.29
09/08/2014,4592.29
09/05/2014,4582.9
09/04/2014,4562.29
09/03/2014,4572.57
09/02/2014,4598.19
08/29/2014,4580.27
08/28/2014,4557.69
08/27/2014,4569.62
08/26/2014,4570.64
08/25/2014,4557.35
08/22/2014,4538.55
08/21/2014,4532.1
08/20/2014,4526.48
08/19/2014,4527.51
08/18/2014,4508.31
08/15/2014,4464.93
08/14/2014,4453.0
08/13/2014,4434.13
08/12/2014,4389.25
08/11/2014,4401.33
08/08/2014,4370.9
08/07/2014,4334.97
08/06/2014,4355.05
08/05/2014,4352.84
08/04/2014,4383.89
08/01/2014,4352.64
07/31/2014,4369.77
07/30/2014,4462.9
07/29/2014,4442.7
07/28/2014,4444.91
07/25/2014,4449.56
07/24/2014,4472.11
07/23/2014,4473.7
07/22/2014,4456.02
07/21/2014,4424.7
07/18/2014,4432.15
07/17/2014,4363.45
07/16/2014,4425.97
07/15/2014,4416.39
07/14/2014,4440.42
07/11/2014,4415.49
07/10/2014,4396.2
07/09/2014,4419.03
07/08/2014,4391.46
07/07/2014,4451.53
07/03/2014,4485.93
07/02/2014,4457.73
07/01/2014,4458.65
06/30/2014,4408.18
06/27/2014,4397.93
06/26/2014,4379.05
06/25/2014,4379.76
06/24/2014,4350.36
06/23/2014,4368.68
06/20/2014,4368.04
06/19/2014,4359.33
06/18/2014,4362.84
06/17/2014,4337.23
06/16/2014,4321.11
06/13/2014,4310.65
06/12/2014,4297.63
06/11/2014,4331.93
06/10/2014,4338.0
06/09/2014,4336.24
06/06/2014,4321.4
06/05/2014,4296.23
06/04/2014,4251.64
06/03/2014,4234.08
06/02/2014,4237.2
05/30/2014,4242.62
05/29/2014,4247.95
05/28/2014,4225.07
05/27/2014,4237.07
05/23/2014,4185.81
05/22/2014,4154.34
05/21/2014,4131.54
05/20/2014,4096.89
05/19/2014,4125.82
05/16/2014,4090.59
05/15/2014,4069.29
05/14/2014,4100.63
05/13/2014,4130.17
05/12/2014,4143.86
05/09/2014,4071.87
05/08/2014,4051.5
05/07/2014,4067.67
05/06/2014,4080.76
05/05/2014,4138.06
05/02/2014,4123.9
05/01/2014,4127.45
04/30/2014,4114.56
04/29/2014,4103.54
04/28/2014,4074.4
04/25/2014,4075.56
04/24/2014,4148.34
04/23/2014,4126.97
04/22/2014,4161.46
04/21/2014,4121.55
04/17/2014,4095.52
04/16/2014,4086.23
04/15/2014,4034.16
04/14/2014,4022.69
04/11/2014,3999.73
04/10/2014,4054.11
04/09/2014,4183.9
04/08/2014,4112.99
04/07/2014,4079.75
04/04/2014,4127.73
04/03/2014,4237.74
04/02/2014,4276.46
04/01/2014,4268.04
03/31/2014,4198.99
03/28/2014,4155.76
03/27/2014,4151.23
03/26/2014,4173.58
03/25/2014,4234.27
03/24/2014,4226.39
03/21/2014,4276.79
03/20/2014,4319.29
03/19/2014,4307.6
03/18/2014,4333.31
03/17/2014,4279.95
03/14/2014,4245.4
03/13/2014,4260.42
03/12/2014,4323.33
03/11/2014,4307.19
03/10/2014,4334.45
03/07/2014,4336.22
03/06/2014,4352.13
03/05/2014,4357.97
03/04/2014,4351.97
03/03/2014,4277.3
02/28/2014,4308.12
02/27/2014,4318.93
02/26/2014,4292.06
02/25/2014,4287.59
02/24/2014,4292.97
02/21/2014,4263.41
02/20/2014,4267.55
02/19/2014,4237.95
02/18/2014,4272.78
02/14/2014,4244.03
02/13/2014,4240.67
02/12/2014,4201.29
02/11/2014,4191.04
02/10/2014,4148.17
02/07/2014,4125.86
02/06/2014,4057.12
02/05/2014,4011.55
02/04/2014,4031.52
02/03/2014,3996.96
01/31/2014,4103.88
01/30/2014,4123.13
01/29/2014,4051.43
01/28/2014,4097.96
01/27/2014,4083.61
01/24/2014,4128.17
01/23/2014,4218.87
01/22/2014,4243.0
01/21/2014,4225.76
01/17/2014,4197.58
01/16/2014,4218.69
01/15/2014,4214.88
01/14/2014,4183.02
01/13/2014,4113.3
01/10/2014,4174.66
01/09/2014,4156.19
01/08/2014,4165.61
01/07/2014,4153.18
01/06/2014,4113.68
01/03/2014,4131.91
01/02/2014,4143.07
12/31/2013,4176.59
12/30/2013,4154.2
12/27/2013,4156.59
12/26/2013,4167.18
12/24/2013,4155.42
12/23/2013,4148.9
12/20/2013,4104.74
12/19/2013,4058.13
12/18/2013,4070.06
12/17/2013,4023.68
12/16/2013,4029.52
12/13/2013,4000.98
12/12/2013,3998.4
12/11/2013,4003.81
12/10/2013,4060.49
12/09/2013,4068.75
12/06/2013,4062.52
12/05/2013,4033.16
12/04/2013,4038.0
12/03/2013,4037.2
12/02/2013,4045.26
11/29/2013,4059.89
11/27/2013,4044.75
11/26/2013,4017.75
11/25/2013,3994.57
11/22/2013,3991.65
11/21/2013,3969.15
11/20/2013,3921.27
11/19/2013,3931.55
11/18/2013,3949.07
11/15/2013,3985.97
11/14/2013,3972.74
11/13/2013,3965.58
11/12/2013,3919.92
11/11/2013,3919.79
11/08/2013,3919.23
11/07/2013,3857.33
11/06/2013,3931.95
11/05/2013,3939.86
11/04/2013,3936.59
11/01/2013,3922.04
10/31/2013,3919.71
10/30/2013,3930.62
10/29/2013,3952.34
10/28/2013,3940.13
10/25/2013,3943.36
10/24/2013,3928.96
10/23/2013,3907.07
10/22/2013,3929.57
10/21/2013,3920.05
10/18/2013,3914.28
10/17/2013,3863.15
10/16/2013,3839.43
10/15/2013,3794.01
10/14/2013,3815.27
10/11/2013,3791.87
10/10/2013,3760.75
10/09/2013,3677.78
10/08/2013,3694.83
10/07/2013,3770.38
10/04/2013,3807.75
10/03/2013,3774.34
10/02/2013,3815.02
10/01/2013,3817.98
09/30/2013,3771.48
09/27/2013,3781.59
09/26/2013,3787.43
09/25/2013,3761.1
09/24/2013,3768.25
09/23/2013,3765.29
09/20/2013,3774.73
09/19/2013,3789.38
09/18/2013,3783.64
09/17/2013,3745.7
09/16/2013,3717.85
09/13/2013,3722.18
09/12/2013,3715.97
09/11/2013,3725.01
09/10/2013,3729.02
09/09/2013,3706.18
09/06/2013,3660.01
09/05/2013,3658.78
09/04/2013,3649.04
09/03/2013,3612.61
08/30/2013,3589.87
08/29/2013,3620.3
08/28/2013,3593.35
08/27/2013,3578.52
08/26/2013,3657.57
08/23/2013,3657.79
08/22/2013,3638.71
08/21/2013,3599.79
08/20/2013,3613.59
08/19/2013,3589.09
08/16/2013,3602.78
08/15/2013,3606.12
08/14/2013,3669.27
08/13/2013,3684.44
08/12/2013,3669.95
08/09/2013,3660.11
08/08/2013,3669.12
08/07/2013,3654.01
08/06/2013,3665.77
08/05/2013,3692.95
08/02/2013,3689.59
08/01/2013,3675.74
07/31/2013,3626.37
07/30/2013,3616.47
07/29/2013,3599.14
07/26/2013,3613.16
07/25/2013,3605.19
07/24/2013,3579.6
07/23/2013,3579.27
07/22/2013,3600.39
07/19/2013,3587.61
07/18/2013,3611.28
07/17/2013,3610.0
07/16/2013,3598.5
07/15/2013,3607.49
07/12/2013,3600.08
07/11/2013,3578.3
07/10/2013,3520.76
07/09/2013,3504.26
07/08/2013,3484.83
07/05/2013,3479.38
07/03/2013,3443.67
07/02/2013,3433.4
07/01/2013,3434.49
06/28/2013,3403.25
06/27/2013,3401.86
06/26/2013,3376.22
06/25/2013,3347.89
06/24/2013,3320.76
06/21/2013,3357.25
06/20/2013,3364.63
06/19/2013,3443.2
06/18/2013,3482.18
06/17/2013,3452.13
06/14/2013,3423.56
06/13/2013,3445.37
06/12/2013,3400.43
06/11/2013,3436.95
06/10/2013,3473.77
06/07/2013,3469.22
06/06/2013,3424.05
06/05/2013,3401.48
06/04/2013,3445.26
06/03/2013,3465.37
05/31/2013,3455.91
05/30/2013,3491.3
05/29/2013,3467.52
05/28/2013,3488.89
05/24/2013,3459.14
05/23/2013,3459.42
05/22/2013,3463.3
05/21/2013,3502.12
05/20/2013,3496.43
05/17/2013,3498.97
05/16/2013,3465.24
05/15/2013,3471.62
05/14/2013,3462.61
05/13/2013,3438.79
05/10/2013,3436.58
05/09/2013,3409.17
05/08/2013,3413.27
05/07/2013,3396.63
05/06/2013,3392.97
05/03/2013,3378.63
05/02/2013,3340.62
05/01/2013,3299.13
04/30/2013,3328.79
04/29/2013,3307.02
04/26/2013,3279.26
04/25/2013,3289.99
04/24/2013,3269.65
04/23/2013,3269.33
04/22/2013,3233.55
04/19/2013,3206.06
04/18/2013,3166.36
04/17/2013,3204.67
04/16/2013,3264.63
04/15/2013,3216.49
04/12/2013,3294.95
04/11/2013,3300.16
04/10/2013,3297.25
04/09/2013,3237.86
04/08/2013,3222.25
04/05/2013,3203.86
04/04/2013,3224.98
04/03/2013,3218.6
04/02/2013,3254.86
04/01/2013,3239.17
03/28/2013,3267.52
03/27/2013,3256.52
03/26/2013,3252.48
03/25/2013,3235.3
03/22/2013,3245.0
03/21/2013,3222.6
03/20/2013,3254.19
03/19/2013,3229.1
03/18/2013,3237.59
03/15/2013,3249.07
03/14/2013,3258.93
03/13/2013,3245.12
03/12/2013,3242.32
03/11/2013,3252.87
03/08/2013,3244.37
03/07/2013,3232.09
03/06/2013,3222.37
03/05/2013,3224.13
03/04/2013,3182.03
03/01/2013,3169.74
02/28/2013,3160.19
02/27/2013,3162.26
02/26/2013,3129.65
02/25/2013,3116.25
02/22/2013,3161.82
02/21/2013,3131.49
02/20/2013,3164.41
02/19/2013,3213.59
02/15/2013,3192.03
02/14/2013,3198.66
02/13/2013,3196.88
02/12/2013,3186.49
02/11/2013,3192.0
02/08/2013,3193.87
02/07/2013,3165.13
02/06/2013,3168.48
02/05/2013,3171.58
02/04/2013,3131.17
02/01/2013,3179.1
01/31/2013,3142.13
01/30/2013,3142.31
01/29/2013,3153.66
01/28/2013,3154.3
01/25/2013,3149.71
01/24/2013,3130.38
01/23/2013,3153.67
01/22/2013,3143.18
01/18/2013,3134.71
01/17/2013,3136.0
01/16/2013,3117.54
01/15/2013,3110.78
01/14/2013,3117.5
01/11/2013,3125.63
01/10/2013,3121.76
01/09/2013,3105.81
01/08/2013,3091.81
01/07/2013,3098.81
01/04/2013,3101.66
01/03/2013,3100.57
01/02/2013,3112.26
12/31/2012,3019.51
12/28/2012,2960.31
12/27/2012,2985.91
12/26/2012,2990.16
12/24/2012,3012.6
12/21/2012,3021.01
12/20/2012,3050.39
12/19/2012,3044.36
12/18/2012,3054.53
12/17/2012,3010.6
12/14/2012,2971.33
12/13/2012,2992.16
12/12/2012,3013.81
12/11/2012,3022.3
12/10/2012,2986.96
12/07/2012,2978.04
12/06/2012,2989.27
12/05/2012,2973.7
12/04/2012,2996.69
12/03/2012,3002.2
11/30/2012,3010.24
11/29/2012,3012.03
11/28/2012,2991.78
11/27/2012,2967.79
11/26/2012,2976.78
11/23/2012,2966.85
11/21/2012,2926.55
11/20/2012,2916.68
11/19/2012,2916.07
11/16/2012,2853.13
11/15/2012,2836.94
11/14/2012,2846.81
11/13/2012,2883.89
11/12/2012,2904.26
11/09/2012,2904.87
11/08/2012,2895.58
11/07/2012,2937.29
11/06/2012,3011.93
11/05/2012,2999.66
11/02/2012,2982.13
11/01/2012,3020.06
10/31/2012,2977.23
10/26/2012,2987.95
10/25/2012,2986.12
10/24/2012,2981.7
10/23/2012,2990.46
10/22/2012,3016.96
10/19/2012,3005.62
10/18/2012,3072.87
10/17/2012,3104.12
10/16/2012,3101.17
10/15/2012,3064.18
10/12/2012,3044.11
10/11/2012,3049.41
10/10/2012,3051.78
10/09/2012,3065.02
10/08/2012,3112.35
10/05/2012,3136.19
10/04/2012,3149.46
10/03/2012,3135.23
10/02/2012,3120.04
10/01/2012,3113.53
09/28/2012,3116.23
09/27/2012,3136.6
09/26/2012,3093.7
09/25/2012,3117.73
09/24/2012,3160.78
09/21/2012,3179.96
09/20/2012,3175.96
09/19/2012,3182.62
09/18/2012,3177.8
09/17/2012,3178.67
09/14/2012,3183.95
09/13/2012,3155.83
09/12/2012,3114.31
09/11/2012,3104.53
09/10/2012,3104.02
09/07/2012,3136.42
09/06/2012,3135.81
09/05/2012,3069.27
09/04/2012,3075.06
08/31/2012,3066.96
08/30/2012,3048.71
08/29/2012,3081.19
08/28/2012,3077.14
08/27/2012,3073.19
08/24/2012,3069.79
08/23/2012,3053.4
08/22/2012,3073.67
08/21/2012,3067.26
08/20/2012,3076.21
08/17/2012,3076.59
08/16/2012,3062.39
08/15/2012,3030.93
08/14/2012,3016.98
08/13/2012,3022.52
08/10/2012,3020.86
08/09/2012,3018.64
08/08/2012,3011.25
08/07/2012,3015.86
08/06/2012,2989.91
08/03/2012,2967.9
08/02/2012,2909.77
08/01/2012,2920.21
07/31/2012,2939.52
07/30/2012,2945.84
07/27/2012,2958.09
07/26/2012,2893.25
07/25/2012,2854.25
07/24/2012,2863.0
07/23/2012,2890.16
07/20/2012,2925.3
07/19/2012,2965.9
07/18/2012,2942.61
07/17/2012,2910.04
07/16/2012,2896.95
07/13/2012,2908.47
07/12/2012,2866.19
07/11/2012,2887.99
07/10/2012,2902.34
07/09/2012,2931.77
07/06/2012,2937.33
07/05/2012,2976.12
07/03/2012,2976.09
07/02/2012,2951.24
06/29/2012,2935.06
06/28/2012,2849.49
06/27/2012,2875.32
06/26/2012,2854.06
06/25/2012,2836.17
06/22/2012,2892.42
06/21/2012,2859.09
06/20/2012,2930.45
06/19/2012,2929.76
06/18/2012,2895.33
06/15/2012,2872.8
06/14/2012,2836.33
06/13/2012,2818.61
06/12/2012,2843.07
06/11/2012,2809.73
06/08/2012,2858.42
06/07/2012,2831.02
06/06/2012,2844.72
06/05/2012,2778.11
06/04/2012,2760.01
06/01/2012,2747.48
05/31/2012,2827.34
05/30/2012,2837.36
05/29/2012,2870.99
05/25/2012,2837.53
05/24/2012,2839.38
05/23/2012,2850.12
05/22/2012,2839.08
05/21/2012,2847.21
05/18/2012,2778.79
05/17/2012,2813.69
05/16/2012,2874.04
05/15/2012,2893.76
05/14/2012,2902.58
05/11/2012,2933.82
05/10/2012,2933.64
05/09/2012,2934.71
05/08/2012,2946.27
05/07/2012,2957.76
05/04/2012,2956.34
05/03/2012,3024.3
05/02/2012,3059.85
05/01/2012,3050.44
04/30/2012,3046.36
04/27/2012,3069.2
04/26/2012,3050.61
04/25/2012,3029.63
04/24/2012,2961.6
04/23/2012,2970.45
04/20/2012,3000.45
04/19/2012,3007.56
04/18/2012,3031.45
04/17/2012,3042.82
04/16/2012,2988.4
04/13/2012,3011.33
04/12/2012,3055.55
04/11/2012,3016.46
04/10/2012,2991.22
04/09/2012,3047.08
04/05/2012,3080.5
04/04/2012,3068.09
04/03/2012,3113.57
04/02/2012,3119.7
03/30/2012,3091.57
03/29/2012,3095.36
03/28/2012,3104.96
03/27/2012,3120.35
03/26/2012,3122.57
03/23/2012,3067.92
03/22/2012,3063.32
03/21/2012,3075.32
03/20/2012,3074.15
03/19/2012,3078.32
03/16/2012,3055.26
03/15/2012,3056.37
03/14/2012,3040.73
03/13/2012,3039.88
03/12/2012,2983.66
03/09/2012,2988.34
03/08/2012,2970.42
03/07/2012,2935.69
03/06/2012,2910.32
03/05/2012,2950.48
03/02/2012,2976.19
03/01/2012,2988.97
02/29/2012,2966.89
02/28/2012,2986.76
02/27/2012,2966.16
02/24/2012,2963.75
02/23/2012,2956.98
02/22/2012,2933.17
02/21/2012,2948.57
02/17/2012,2951.78
02/16/2012,2959.85
02/15/2012,2915.83
02/14/2012,2931.83
02/13/2012,2931.39
02/10/2012,2903.88
02/09/2012,2927.23
02/08/2012,2915.86
02/07/2012,2904.08
02/06/2012,2901.99
02/03/2012,2905.66
02/02/2012,2859.68
02/01/2012,2848.27
01/31/2012,2813.84
01/30/2012,2811.94
01/27/2012,2816.55
01/26/2012,2805.28
01/25/2012,2818.31
01/24/2012,2786.64
01/23/2012,2784.17
01/20/2012,2786.7
01/19/2012,2788.33
01/18/2012,2769.71
01/17/2012,2728.08
01/13/2012,2710.67
01/12/2012,2724.7
01/11/2012,2710.76
01/10/2012,2702.5
01/09/2012,2676.56
01/06/2012,2674.22
01/05/2012,2669.86
01/04/2012,2648.36
01/03/2012,2648.72
12/30/2011,2605.15
12/29/2011,2613.74
12/28/2011,2589.98
12/27/2011,2625.2
12/23/2011,2618.64
12/22/2011,2599.45
12/21/2011,2577.97
12/20/2011,2603.73
12/19/2011,2523.14
12/16/2011,2555.33
12/15/2011,2541.01
12/14/2011,2539.31
12/13/2011,2579.27
12/12/2011,2612.26
12/09/2011,2646.85
12/08/2011,2596.38
12/07/2011,2649.21
12/06/2011,2649.56
12/05/2011,2655.76
12/02/2011,2626.93
12/01/2011,2626.2
11/30/2011,2620.34
11/29/2011,2515.51
11/28/2011,2527.34
11/25/2011,2441.51
11/23/2011,2460.08
11/22/2011,2521.28
11/21/2011,2523.14
11/18/2011,2572.5
11/17/2011,2587.99
11/16/2011,2639.61
11/15/2011,2686.2
11/14/2011,2657.22
11/11/2011,2678.75
11/10/2011,2625.15
11/09/2011,2621.65
11/08/2011,2727.49
11/07/2011,2695.25
11/04/2011,2686.15
11/03/2011,2697.97
11/02/2011,2639.98
11/01/2011,2606.96
10/31/2011,2684.41
10/28/2011,2737.15
10/27/2011,2738.63
10/26/2011,2650.67
10/25/2011,2638.42
10/24/2011,2699.44
10/21/2011,2637.46
10/20/2011,2598.62
10/19/2011,2604.04
10/18/2011,2657.43
10/17/2011,2614.92
10/14/2011,2667.85
10/13/2011,2620.24
10/12/2011,2604.73
10/11/2011,2583.03
10/10/2011,2566.05
10/07/2011,2479.35
10/06/2011,2506.82
10/05/2011,2460.51
10/04/2011,2404.82
10/03/2011,2335.83
09/30/2011,2415.4
09/29/2011,2480.76
09/28/2011,2491.58
09/27/2011,2546.83
09/26/2011,2516.69
09/23/2011,2483.23
09/22/2011,2455.67
09/21/2011,2538.19
09/20/2011,2590.24
09/19/2011,2612.83
09/16/2011,2622.31
09/15/2011,2607.07
09/14/2011,2572.55
09/13/2011,2532.15
09/12/2011,2495.09
09/09/2011,2467.99
09/08/2011,2529.14
09/07/2011,2548.94
09/06/2011,2473.83
09/02/2011,2480.33
09/01/2011,2546.04
08/31/2011,2579.46
08/30/2011,2576.11
08/29/2011,2562.11
08/26/2011,2479.85
08/25/2011,2419.63
08/24/2011,2467.69
08/23/2011,2446.06
08/22/2011,2345.38
08/19/2011,2341.84
08/18/2011,2380.43
08/17/2011,2511.48
08/16/2011,2523.45
08/15/2011,2555.2
08/12/2011,2507.98
08/11/2011,2492.68
08/10/2011,2381.05
08/09/2011,2482.52
08/08/2011,2357.69
08/05/2011,2532.41
08/04/2011,2556.39
08/03/2011,2693.07
08/02/2011,2669.24
08/01/2011,2744.61
07/29/2011,2756.38
07/28/2011,2766.25
07/27/2011,2764.79
07/26/2011,2839.96
07/25/2011,2842.8
07/22/2011,2858.83
07/21/2011,2834.43
07/20/2011,2814.23
07/19/2011,2826.52
07/18/2011,2765.11
07/15/2011,2789.8
07/14/2011,2762.67
07/13/2011,2796.92
07/12/2011,2781.91
07/11/2011,2802.62
07/08/2011,2859.81
07/07/2011,2872.66
07/06/2011,2834.02
07/05/2011,2825.77
07/01/2011,2816.03
06/30/2011,2773.52
06/29/2011,2740.49
06/28/2011,2729.31
06/27/2011,2688.28
06/24/2011,2652.89
06/23/2011,2686.75
06/22/2011,2669.19
06/21/2011,2687.26
06/20/2011,2629.66
06/17/2011,2616.48
06/16/2011,2623.7
06/15/2011,2631.46
06/14/2011,2678.72
06/13/2011,2639.69
06/10/2011,2643.73
06/09/2011,2684.87
06/08/2011,2675.38
06/07/2011,2701.56
06/06/2011,2702.56
06/03/2011,2732.78
06/02/2011,2773.31
06/01/2011,2769.19
05/31/2011,2835.3
05/27/2011,2796.86
05/26/2011,2782.92
05/25/2011,2761.38
05/24/2011,2746.16
05/23/2011,2758.9
05/20/2011,2803.32
05/19/2011,2823.31
05/18/2011,2815.0
05/17/2011,2783.21
05/16/2011,2782.31
05/13/2011,2828.47
05/12/2011,2863.04
05/11/2011,2845.06
05/10/2011,2871.89
05/09/2011,2843.25
05/06/2011,2827.56
05/05/2011,2814.72
05/04/2011,2828.23
05/03/2011,2841.62
05/02/2011,2864.08
04/29/2011,2873.54
04/28/2011,2872.53
04/27/2011,2869.88
04/26/2011,2847.54
04/25/2011,2825.88
04/21/2011,2820.16
04/20/2011,2802.51
04/19/2011,2744.97
04/18/2011,2735.38
04/15/2011,2764.65
04/14/2011,2760.22
04/13/2011,2761.52
04/12/2011,2744.79
04/11/2011,2771.51
04/08/2011,2780.41
04/07/2011,2796.14
04/06/2011,2799.82
04/05/2011,2791.19
04/04/2011,2789.19
04/01/2011,2789.6
03/31/2011,2781.07
03/30/2011,2776.79
03/29/2011,2756.89
03/28/2011,2730.68
03/25/2011,2743.06
03/24/2011,2736.42
03/23/2011,2698.3
03/22/2011,2683.87
03/21/2011,2692.09
03/18/2011,2643.67
03/17/2011,2636.05
03/16/2011,2616.82
03/15/2011,2667.33
03/14/2011,2700.97
03/11/2011,2715.61
03/10/2011,2701.02
03/09/2011,2751.72
03/08/2011,2765.77
03/07/2011,2745.63
03/04/2011,2784.67
03/03/2011,2798.74
03/02/2011,2748.07
03/01/2011,2737.41
02/28/2011,2782.27
02/25/2011,2781.05
02/24/2011,2737.9
02/23/2011,2722.99
02/22/2011,2756.42
02/18/2011,2833.95
02/17/2011,2831.58
02/16/2011,2825.56
02/15/2011,2804.35
02/14/2011,2817.18
02/11/2011,2809.44
02/10/2011,2790.45
02/09/2011,2789.07
02/08/2011,2797.05
02/07/2011,2783.99
02/04/2011,2769.3
02/03/2011,2753.88
02/02/2011,2749.56
02/01/2011,2751.19
01/31/2011,2700.08
01/28/2011,2686.89
01/27/2011,2755.28
01/26/2011,2739.5
01/25/2011,2719.25
01/24/2011,2717.55
01/21/2011,2689.54
01/20/2011,2704.29
01/19/2011,2725.36
01/18/2011,2765.85
01/14/2011,2755.3
01/13/2011,2735.29
01/12/2011,2737.33
01/11/2011,2716.83
01/10/2011,2707.8
01/07/2011,2703.17
01/06/2011,2709.89
01/05/2011,2702.2
01/04/2011,2681.25
01/03/2011,2691.52
12/31/2010,2652.87
12/30/2010,2662.98
12/29/2010,2666.93
12/28/2010,2662.88
12/27/2010,2667.27
12/23/2010,2665.6
12/22/2010,2671.48
12/21/2010,2667.61
12/20/2010,2649.56
12/17/2010,2642.97
12/16/2010,2637.31
12/15/2010,2617.22
12/14/2010,2627.72
12/13/2010,2624.91
12/10/2010,2637.54
12/09/2010,2616.67
12/08/2010,2609.16
12/07/2010,2598.49
12/06/2010,2594.92
12/03/2010,2591.46
12/02/2010,2579.35
12/01/2010,2549.43
11/30/2010,2498.23
11/29/2010,2525.22
11/26/2010,2534.56
11/24/2010,2543.12
11/23/2010,2494.95
11/22/2010,2532.02
11/19/2010,2518.12
11/18/2010,2514.4
11/17/2010,2476.01
11/16/2010,2469.84
11/15/2010,2513.82
11/12/2010,2518.21
11/11/2010,2555.52
11/10/2010,2578.78
11/09/2010,2562.98
11/08/2010,2580.05
11/05/2010,2578.98
11/04/2010,2577.34
11/03/2010,2540.27
11/02/2010,2533.52
11/01/2010,2504.84
10/29/2010,2507.41
10/28/2010,2507.37
10/27/2010,2503.26
10/26/2010,2497.29
10/25/2010,2490.85
10/22/2010,2479.39
10/21/2010,2459.67
10/20/2010,2457.39
10/19/2010,2436.95
10/18/2010,2480.66
10/15/2010,2468.77
10/14/2010,2435.38
10/13/2010,2441.23
10/12/2010,2417.92
10/11/2010,2402.33
10/08/2010,2401.91
10/07/2010,2383.67
10/06/2010,2380.66
10/05/2010,2399.83
10/04/2010,2344.52
10/01/2010,2370.75
09/30/2010,2368.62
09/29/2010,2376.56
09/28/2010,2379.59
09/27/2010,2369.77
09/24/2010,2381.22
09/23/2010,2327.08
09/22/2010,2334.55
09/21/2010,2349.35
09/20/2010,2355.83
09/17/2010,2315.61
09/16/2010,2303.25
09/15/2010,2301.32
09/14/2010,2289.77
09/13/2010,2285.71
09/10/2010,2242.48
09/09/2010,2236.2
09/08/2010,2228.87
09/07/2010,2208.89
09/03/2010,2233.75
09/02/2010,2200.01
09/01/2010,2176.84
08/31/2010,2114.03
08/30/2010,2119.97
08/27/2010,2153.63
08/26/2010,2118.69
08/25/2010,2141.54
08/24/2010,2123.76
08/23/2010,2159.63
08/20/2010,2179.76
08/19/2010,2178.95
08/18/2010,2215.7
08/17/2010,2209.44
08/16/2010,2181.87
08/13/2010,2173.48
08/12/2010,2190.27
08/11/2010,2208.63
08/10/2010,2277.17
08/09/2010,2305.69
08/06/2010,2288.47
08/05/2010,2293.06
08/04/2010,2303.57
08/03/2010,2283.52
08/02/2010,2295.36
07/30/2010,2254.7
07/29/2010,2251.69
07/28/2010,2264.56
07/27/2010,2288.25
07/26/2010,2296.43
07/23/2010,2269.47
07/22/2010,2245.89
07/21/2010,2187.33
07/20/2010,2222.49
07/19/2010,2198.23
07/16/2010,2179.05
07/15/2010,2249.08
07/14/2010,2249.84
07/13/2010,2242.03
07/12/2010,2198.36
07/09/2010,2196.45
07/08/2010,2175.4
07/07/2010,2159.47
07/06/2010,2093.88
07/02/2010,2091.79
07/01/2010,2101.36
06/30/2010,2109.24
06/29/2010,2135.18
06/28/2010,2220.65
06/25/2010,2223.48
06/24/2010,2217.42
06/23/2010,2254.23
06/22/2010,2261.8
06/21/2010,2289.09
06/18/2010,2309.8
06/17/2010,2307.16
06/16/2010,2305.93
06/15/2010,2305.88
06/14/2010,2243.96
06/11/2010,2243.6
06/10/2010,2218.71
06/09/2010,2158.85
06/08/2010,2170.57
06/07/2010,2173.9
06/04/2010,2219.17
06/03/2010,2303.03
06/02/2010,2281.07
06/01/2010,2222.33
05/28/2010,2257.04
05/27/2010,2277.68
05/26/2010,2195.88
05/25/2010,2210.95
05/24/2010,2213.55
05/21/2010,2229.04
05/20/2010,2204.01
05/19/2010,2298.37
05/18/2010,2317.26
05/17/2010,2354.23
05/14/2010,2346.85
05/13/2010,2394.36
05/12/2010,2425.02
05/11/2010,2375.31
05/10/2010,2374.67
05/07/2010,2265.64
05/06/2010,2319.64
05/05/2010,2402.29
05/04/2010,2424.25
05/03/2010,2498.74
04/30/2010,2461.19
04/29/2010,2511.92
04/28/2010,2471.73
04/27/2010,2471.47
04/26/2010,2522.95
04/23/2010,2530.15
04/22/2010,2519.07
04/21/2010,2504.61
04/20/2010,2500.31
04/19/2010,2480.11
04/16/2010,2481.26
04/15/2010,2515.69
04/14/2010,2504.86
04/13/2010,2465.99
04/12/2010,2457.87
04/09/2010,2454.05
04/08/2010,2436.81
04/07/2010,2431.16
04/06/2010,2436.81
04/05/2010,2429.53
04/01/2010,2402.58
