date,copper
24/11/2023,3.7965
22/11/2023,3.7665
21/11/2023,3.8145
20/11/2023,3.8125
17/11/2023,3.7375
16/11/2023,3.7045
15/11/2023,3.7175
14/11/2023,3.6825
13/11/2023,3.6625
10/11/2023,3.5835
09/11/2023,3.635
08/11/2023,3.628
07/11/2023,3.67
06/11/2023,3.7095
02/11/2023,3.6745
01/11/2023,3.667
31/10/2023,3.645
30/10/2023,3.6415
29/10/2023,3.6495
26/10/2023,3.634
25/10/2023,3.5685
24/10/2023,3.572
23/10/2023,3.61
22/10/2023,3.573
19/10/2023,3.542
18/10/2023,3.5915
17/10/2023,3.582
16/10/2023,3.5755
15/10/2023,3.587
12/10/2023,3.58
11/10/2023,3.594
10/10/2023,3.614
09/10/2023,3.632
08/10/2023,3.6425
05/10/2023,3.6245
04/10/2023,3.547
03/10/2023,3.584
02/10/2023,3.6155
01/10/2023,3.632
28/09/2023,3.726
27/09/2023,3.6945
26/09/2023,3.627
25/09/2023,3.625
24/09/2023,3.6495
21/09/2023,3.6655
20/09/2023,3.6665
19/09/2023,3.7465
18/09/2023,3.714
17/09/2023,3.7415
14/09/2023,3.7635
13/09/2023,3.7825
12/09/2023,3.756
11/09/2023,3.752
10/09/2023,3.77
07/09/2023,3.6805
06/09/2023,3.726
05/09/2023,3.7485
04/09/2023,3.811
31/08/2023,3.8125
30/08/2023,3.7725
29/08/2023,3.785
28/08/2023,3.793
27/08/2023,3.754
24/08/2023,3.76
23/08/2023,3.7675
22/08/2023,3.8035
21/08/2023,3.7505
20/08/2023,3.712
17/08/2023,3.699
16/08/2023,3.6855
15/08/2023,3.6515
14/08/2023,3.6615
13/08/2023,3.7245
10/08/2023,3.7145
09/08/2023,3.751
08/08/2023,3.7675
07/08/2023,3.748
06/08/2023,3.813
03/08/2023,3.845
02/08/2023,3.876
01/08/2023,3.8275
31/07/2023,3.8935
30/07/2023,3.9945
27/07/2023,3.917
26/07/2023,3.8635
25/07/2023,3.8905
24/07/2023,3.902
23/07/2023,3.8405
20/07/2023,3.803
19/07/2023,3.8175
18/07/2023,3.7995
17/07/2023,3.816
16/07/2023,3.832
13/07/2023,3.922
12/07/2023,3.9295
11/07/2023,3.842
10/07/2023,3.7535
09/07/2023,3.7715
06/07/2023,3.767
05/07/2023,3.72
04/07/2023,3.7535
03/07/2023,3.779
29/06/2023,3.741
28/06/2023,3.6775
27/06/2023,3.7205
26/06/2023,3.7815
25/06/2023,3.7865
22/06/2023,3.806
21/06/2023,3.8885
20/06/2023,3.911
19/06/2023,3.8785
15/06/2023,3.8845
14/06/2023,3.8965
13/06/2023,3.866
12/06/2023,3.8285
11/06/2023,3.7505
08/06/2023,3.789
07/06/2023,3.7965
06/06/2023,3.7545
05/06/2023,3.767
04/06/2023,3.7625
01/06/2023,3.7225
31/05/2023,3.7065
30/05/2023,3.631
29/05/2023,3.658
25/05/2023,3.6735
24/05/2023,3.5805
23/05/2023,3.5535
22/05/2023,3.6415
21/05/2023,3.674
18/05/2023,3.7225
17/05/2023,3.6815
16/05/2023,3.743
15/05/2023,3.6545
14/05/2023,3.7375
11/05/2023,3.7165
10/05/2023,3.6975
09/05/2023,3.828
08/05/2023,3.889
07/05/2023,3.918
04/05/2023,3.8715
03/05/2023,3.85
02/05/2023,3.8315
01/05/2023,3.848
30/04/2023,3.917
27/04/2023,3.87
26/04/2023,3.8645
25/04/2023,3.85
24/04/2023,3.846
23/04/2023,3.953
20/04/2023,3.98
19/04/2023,4.022
18/04/2023,4.072
17/04/2023,4.0895
16/04/2023,4.066
13/04/2023,4.1075
12/04/2023,4.124
11/04/2023,4.0845
10/04/2023,4.0245
09/04/2023,3.9865
05/04/2023,4.026
04/04/2023,3.998
03/04/2023,3.9835
02/04/2023,4.0595
30/03/2023,4.1045
29/03/2023,4.0905
28/03/2023,4.115
27/03/2023,4.112
26/03/2023,4.1045
23/03/2023,4.1015
22/03/2023,4.146
21/03/2023,4.0685
20/03/2023,4.0185
19/03/2023,3.9755
16/03/2023,3.9135
15/03/2023,3.8855
14/03/2023,3.8565
13/03/2023,4.0105
12/03/2023,4.0695
10/03/2023,4.0455
09/03/2023,4.0545
08/03/2023,4.0415
07/03/2023,3.9865
06/03/2023,4.1005
03/03/2023,4.078
02/03/2023,4.084
01/03/2023,4.168
28/02/2023,4.0975
27/02/2023,4.009
24/02/2023,3.955
23/02/2023,4.073
22/02/2023,4.2025
21/02/2023,4.2345
17/02/2023,4.114
16/02/2023,4.1655
15/02/2023,4.052
14/02/2023,4.11
13/02/2023,4.087
10/02/2023,4.0275
09/02/2023,4.1055
08/02/2023,4.0435
07/02/2023,4.0885
06/02/2023,4.0435
03/02/2023,4.063
02/02/2023,4.094
01/02/2023,4.111
31/01/2023,4.2285
30/01/2023,4.2035
27/01/2023,4.224
26/01/2023,4.267
25/01/2023,4.24
24/01/2023,4.2455
23/01/2023,4.254
20/01/2023,4.2485
19/01/2023,4.2265
18/01/2023,4.2285
17/01/2023,4.215
13/01/2023,4.2075
12/01/2023,4.186
11/01/2023,4.1545
10/01/2023,4.067
09/01/2023,4.0185
06/01/2023,3.9085
05/01/2023,3.818
04/01/2023,3.7395
03/01/2023,3.766
30/12/2022,3.8055
29/12/2022,3.821
28/12/2022,3.832
27/12/2022,3.8335
23/12/2022,3.803
22/12/2022,3.7515
21/12/2022,3.806
20/12/2022,3.7975
19/12/2022,3.783
16/12/2022,3.7615
15/12/2022,3.763
14/12/2022,3.875
13/12/2022,3.8395
12/12/2022,3.7985
09/12/2022,3.876
08/12/2022,3.8805
07/12/2022,3.8555
06/12/2022,3.8115
05/12/2022,3.7895
02/12/2022,3.848
01/12/2022,3.814
30/11/2022,3.7295
29/11/2022,3.63
28/11/2022,3.6105
25/11/2022,3.6265
23/11/2022,3.6175
22/11/2022,3.6145
21/11/2022,3.5715
18/11/2022,3.632
17/11/2022,3.6895
16/11/2022,3.788
15/11/2022,3.8395
14/11/2022,3.855
11/11/2022,3.951
10/11/2022,3.796
09/11/2022,3.7415
08/11/2022,3.7055
07/11/2022,3.6295
03/11/2022,3.7145
02/11/2022,3.4565
01/11/2022,3.5055
31/10/2022,3.5095
30/10/2022,3.4135
27/10/2022,3.466
26/10/2022,3.6255
25/10/2022,3.6295
24/10/2022,3.4505
23/10/2022,3.4795
20/10/2022,3.523
19/10/2022,3.451
18/10/2022,3.3605
17/10/2022,3.4065
16/10/2022,3.4555
13/10/2022,3.4505
12/10/2022,3.4675
11/10/2022,3.4445
10/10/2022,3.478
09/10/2022,3.4535
06/10/2022,3.4125
05/10/2022,3.475
04/10/2022,3.5325
03/10/2022,3.518
02/10/2022,3.458
29/09/2022,3.442
28/09/2022,3.44
27/09/2022,3.382
26/09/2022,3.323
25/09/2022,3.3135
22/09/2022,3.3715
21/09/2022,3.4985
20/09/2022,3.512
19/09/2022,3.548
18/09/2022,3.5575
15/09/2022,3.561
14/09/2022,3.5235
13/09/2022,3.5455
12/09/2022,3.581
11/09/2022,3.6255
08/09/2022,3.581
07/09/2022,3.536
06/09/2022,3.438
05/09/2022,3.469
01/09/2022,3.4215
31/08/2022,3.4145
30/08/2022,3.5185
29/08/2022,3.545
28/08/2022,3.6265
25/08/2022,3.7115
24/08/2022,3.7105
23/08/2022,3.6605
22/08/2022,3.7045
21/08/2022,3.6705
18/08/2022,3.6835
17/08/2022,3.6465
16/08/2022,3.598
15/08/2022,3.6365
14/08/2022,3.629
11/08/2022,3.676
10/08/2022,3.7105
09/08/2022,3.6555
08/08/2022,3.5925
07/08/2022,3.5875
04/08/2022,3.553
03/08/2022,3.483
02/08/2022,3.4695
01/08/2022,3.5245
31/07/2022,3.552
28/07/2022,3.584
27/07/2022,3.475
26/07/2022,3.4295
25/07/2022,3.3825
24/07/2022,3.351
21/07/2022,3.3485
20/07/2022,3.302
19/07/2022,3.3295
18/07/2022,3.2915
17/07/2022,3.348
14/07/2022,3.2345
13/07/2022,3.2105
12/07/2022,3.3255
11/07/2022,3.2965
10/07/2022,3.4375
07/07/2022,3.532
06/07/2022,3.582
05/07/2022,3.418
04/07/2022,3.425
30/06/2022,3.619
29/06/2022,3.7145
28/06/2022,3.779
27/06/2022,3.784
26/06/2022,3.779
23/06/2022,3.76
22/06/2022,3.7585
21/06/2022,3.9515
20/06/2022,4.043
16/06/2022,4.0175
15/06/2022,4.112
14/06/2022,4.1675
13/06/2022,4.1615
12/06/2022,4.2165
09/06/2022,4.301
08/06/2022,4.389
07/06/2022,4.4585
06/06/2022,4.4395
05/06/2022,4.4395
02/06/2022,4.4775
01/06/2022,4.554
31/05/2022,4.33
30/05/2022,4.295
26/05/2022,4.304
25/05/2022,4.255
24/05/2022,4.277
23/05/2022,4.3255
22/05/2022,4.3475
19/05/2022,4.281
18/05/2022,4.285
17/05/2022,4.182
16/05/2022,4.2395
15/05/2022,4.1965
12/05/2022,4.1805
11/05/2022,4.105
10/05/2022,4.2125
09/05/2022,4.1545
08/05/2022,4.193
05/05/2022,4.2615
04/05/2022,4.285
03/05/2022,4.3285
02/05/2022,4.271
01/05/2022,4.2555
28/04/2022,4.395
27/04/2022,4.4135
26/04/2022,4.4545
25/04/2022,4.44
24/04/2022,4.449
21/04/2022,4.5825
20/04/2022,4.7035
19/04/2022,4.6495
18/04/2022,4.714
17/04/2022,4.796
13/04/2022,4.717
12/04/2022,4.707
11/04/2022,4.704
10/04/2022,4.6285
07/04/2022,4.72
06/04/2022,4.695
05/04/2022,4.7335
04/04/2022,4.791
03/04/2022,4.7765
31/03/2022,4.6825
30/03/2022,4.743
29/03/2022,4.7395
28/03/2022,4.7165
27/03/2022,4.714
24/03/2022,4.686
23/03/2022,4.729
22/03/2022,4.7625
21/03/2022,4.689
20/03/2022,4.7015
17/03/2022,4.7305
16/03/2022,4.6905
15/03/2022,4.588
14/03/2022,4.5015
13/03/2022,4.5125
11/03/2022,4.616
10/03/2022,4.6435
09/03/2022,4.564
08/03/2022,4.7005
07/03/2022,4.722
04/03/2022,4.929
03/03/2022,4.7715
02/03/2022,4.6555
01/03/2022,4.5865
28/02/2022,4.4445
25/02/2022,4.472
24/02/2022,4.454
23/02/2022,4.4815
22/02/2022,4.51
18/02/2022,4.5195
17/02/2022,4.525
16/02/2022,4.5405
15/02/2022,4.5315
14/02/2022,4.5075
11/02/2022,4.505
10/02/2022,4.6575
09/02/2022,4.6005
08/02/2022,4.4595
07/02/2022,4.4615
04/02/2022,4.4835
03/02/2022,4.4665
02/02/2022,4.491
01/02/2022,4.429
31/01/2022,4.318
28/01/2022,4.303
27/01/2022,4.413
26/01/2022,4.5045
25/01/2022,4.443
24/01/2022,4.403
21/01/2022,4.5125
20/01/2022,4.5765
19/01/2022,4.4625
18/01/2022,4.376
14/01/2022,4.4115
13/01/2022,4.534
12/01/2022,4.564
11/01/2022,4.4205
10/01/2022,4.3445
07/01/2022,4.403
06/01/2022,4.348
05/01/2022,4.4045
04/01/2022,4.466
03/01/2022,4.4145
31/12/2021,4.455
30/12/2021,4.3845
29/12/2021,4.402
28/12/2021,4.42
27/12/2021,4.465
23/12/2021,4.387
22/12/2021,4.3895
21/12/2021,4.338
20/12/2021,4.288
17/12/2021,4.291
16/12/2021,4.3005
15/12/2021,4.1795
14/12/2021,4.254
13/12/2021,4.28
10/12/2021,4.283
09/12/2021,4.33
08/12/2021,4.391
07/12/2021,4.338
06/12/2021,4.337
03/12/2021,4.2665
02/12/2021,4.299
01/12/2021,4.2475
30/11/2021,4.278
29/11/2021,4.337
26/11/2021,4.2815
24/11/2021,4.458
23/11/2021,4.4235
22/11/2021,4.3955
19/11/2021,4.4085
18/11/2021,4.31
17/11/2021,4.273
16/11/2021,4.3585
15/11/2021,4.407
12/11/2021,4.4555
11/11/2021,4.4045
10/11/2021,4.328
09/11/2021,4.38
08/11/2021,4.405
04/11/2021,4.349
03/11/2021,4.326
02/11/2021,4.326
01/11/2021,4.374
31/10/2021,4.402
28/10/2021,4.3755
27/10/2021,4.4375
26/10/2021,4.387
25/10/2021,4.4865
24/10/2021,4.5515
21/10/2021,4.526
20/10/2021,4.5865
19/10/2021,4.756
18/10/2021,4.714
17/10/2021,4.7305
14/10/2021,4.734
13/10/2021,4.6315
12/10/2021,4.5205
11/10/2021,4.329
10/10/2021,4.3745
07/10/2021,4.283
06/10/2021,4.251
05/10/2021,4.157
04/10/2021,4.202
03/10/2021,4.2465
30/09/2021,4.1935
29/09/2021,4.09
28/09/2021,4.2
27/09/2021,4.245
26/09/2021,4.2935
23/09/2021,4.2875
22/09/2021,4.231
21/09/2021,4.2525
20/09/2021,4.128
19/09/2021,4.117
16/09/2021,4.2455
15/09/2021,4.2785
14/09/2021,4.4035
13/09/2021,4.318
12/09/2021,4.3635
09/09/2021,4.448
08/09/2021,4.2835
07/09/2021,4.232
06/09/2021,4.2775
02/09/2021,4.3255
01/09/2021,4.29
31/08/2021,4.263
30/08/2021,4.36
29/08/2021,4.361
26/08/2021,4.3165
25/08/2021,4.246
24/08/2021,4.265
23/08/2021,4.255
22/08/2021,4.2345
19/08/2021,4.1345
18/08/2021,4.0385
17/08/2021,4.116
16/08/2021,4.2
15/08/2021,4.322
12/08/2021,4.387
11/08/2021,4.356
10/08/2021,4.364
09/08/2021,4.3515
08/08/2021,4.287
05/08/2021,4.3455
04/08/2021,4.3455
03/08/2021,4.33
02/08/2021,4.383
01/08/2021,4.432
29/07/2021,4.4805
28/07/2021,4.52
27/07/2021,4.479
26/07/2021,4.546
25/07/2021,4.589
22/07/2021,4.4065
21/07/2021,4.348
20/07/2021,4.2825
19/07/2021,4.2735
18/07/2021,4.2105
15/07/2021,4.3325
14/07/2021,4.333
13/07/2021,4.277
12/07/2021,4.3145
11/07/2021,4.323
08/07/2021,4.3525
07/07/2021,4.2715
06/07/2021,4.329
05/07/2021,4.258
01/07/2021,4.282
30/06/2021,4.242
29/06/2021,4.2965
28/06/2021,4.2765
27/06/2021,4.278
24/06/2021,4.299
23/06/2021,4.3115
22/06/2021,4.331
21/06/2021,4.2345
20/06/2021,4.1875
17/06/2021,4.1625
16/06/2021,4.1845
15/06/2021,4.3925
14/06/2021,4.34
13/06/2021,4.532
10/06/2021,4.5415
09/06/2021,4.49
08/06/2021,4.5365
07/06/2021,4.563
06/06/2021,4.535
03/06/2021,4.5375
02/06/2021,4.4715
01/06/2021,4.6
31/05/2021,4.662
27/05/2021,4.6825
26/05/2021,4.6665
25/05/2021,4.533
24/05/2021,4.522
23/05/2021,4.5415
20/05/2021,4.496
19/05/2021,4.582
18/05/2021,4.5895
17/05/2021,4.7355
16/05/2021,4.7215
13/05/2021,4.664
12/05/2021,4.7055
11/05/2021,4.7525
10/05/2021,4.7785
09/05/2021,4.7335
06/05/2021,4.766
05/05/2021,4.619
04/05/2021,4.539
03/05/2021,4.536
02/05/2021,4.543
29/04/2021,4.479
28/04/2021,4.493
27/04/2021,4.537
26/04/2021,4.743
25/04/2021,4.448
22/04/2021,4.343
21/04/2021,4.2805
20/04/2021,4.2865
19/04/2021,4.224
18/04/2021,4.25
15/04/2021,4.18
14/04/2021,4.2305
13/04/2021,4.14
12/04/2021,4.043
11/04/2021,4.03
08/04/2021,4.0505
07/04/2021,4.1035
06/04/2021,4.064
05/04/2021,4.1265
04/04/2021,4.149
31/03/2021,4.0035
30/03/2021,4.003
29/03/2021,3.983
28/03/2021,4.043
25/03/2021,4.0785
24/03/2021,3.985
23/03/2021,4.0715
22/03/2021,4.088
21/03/2021,4.149
18/03/2021,4.1235
17/03/2021,4.117
16/03/2021,4.128
15/03/2021,4.079
14/03/2021,4.1465
12/03/2021,4.1455
11/03/2021,4.143
10/03/2021,4.042
09/03/2021,4.0195
08/03/2021,4.1035
05/03/2021,4.087
04/03/2021,3.991
03/03/2021,4.153
02/03/2021,4.2315
01/03/2021,4.1195
26/02/2021,4.0945
25/02/2021,4.266
24/02/2021,4.301
23/02/2021,4.1875
22/02/2021,4.1525
19/02/2021,4.09
18/02/2021,3.9165
17/02/2021,3.836
16/02/2021,3.848
12/02/2021,3.802
11/02/2021,3.7875
10/02/2021,3.7855
09/02/2021,3.7335
08/02/2021,3.679
05/02/2021,3.639
04/02/2021,3.566
03/02/2021,3.5785
02/02/2021,3.539
01/02/2021,3.562
29/01/2021,3.5735
28/01/2021,3.583
27/01/2021,3.5715
26/01/2021,3.628
25/01/2021,3.6405
22/01/2021,3.6355
21/01/2021,3.6555
20/01/2021,3.6475
19/01/2021,3.636
15/01/2021,3.603
14/01/2021,3.668
13/01/2021,3.617
12/01/2021,3.605
11/01/2021,3.564
08/01/2021,3.6735
07/01/2021,3.6955
06/01/2021,3.65
05/01/2021,3.6405
04/01/2021,3.553
31/12/2020,3.514
30/12/2020,3.543
29/12/2020,3.553
28/12/2020,3.57
24/12/2020,3.56
23/12/2020,3.552
22/12/2020,3.518
21/12/2020,3.573
18/12/2020,3.6285
17/12/2020,3.597
16/12/2020,3.554
15/12/2020,3.538
14/12/2020,3.522
11/12/2020,3.524
10/12/2020,3.5705
09/12/2020,3.508
08/12/2020,3.494
07/12/2020,3.5085
04/12/2020,3.514
03/12/2020,3.479
02/12/2020,3.475
01/12/2020,3.468
30/11/2020,3.4205
27/11/2020,3.3995
25/11/2020,3.312
24/11/2020,3.3
23/11/2020,3.2595
20/11/2020,3.2935
19/11/2020,3.2035
18/11/2020,3.198
17/11/2020,3.1965
16/11/2020,3.22
13/11/2020,3.1755
12/11/2020,3.143
11/11/2020,3.129
10/11/2020,3.1505
09/11/2020,3.1515
06/11/2020,3.149
05/11/2020,3.1045
04/11/2020,3.101
03/11/2020,3.087
02/11/2020,3.0735
29/10/2020,3.0435
28/10/2020,3.052
27/10/2020,3.057
26/10/2020,3.09
25/10/2020,3.0885
22/10/2020,3.1255
21/10/2020,3.15
20/10/2020,3.1945
19/10/2020,3.1435
18/10/2020,3.081
15/10/2020,3.065
14/10/2020,3.083
13/10/2020,3.0475
12/10/2020,3.0425
11/10/2020,3.061
08/10/2020,3.0795
07/10/2020,3.042
06/10/2020,3.0345
05/10/2020,2.9655
04/10/2020,2.965
01/10/2020,2.9785
30/09/2020,2.8635
29/09/2020,3.0285
28/09/2020,2.9835
27/09/2020,2.9895
24/09/2020,2.973
23/09/2020,2.969
22/09/2020,2.9935
21/09/2020,3.059
20/09/2020,3.0295
17/09/2020,3.1135
16/09/2020,3.0665
15/09/2020,3.058
14/09/2020,3.063
13/09/2020,3.0665
10/09/2020,3.034
09/09/2020,2.987
08/09/2020,3.04
07/09/2020,3.0125
03/09/2020,3.0465
02/09/2020,2.958
01/09/2020,3.003
31/08/2020,3.0095
30/08/2020,3.041
27/08/2020,2.995
26/08/2020,2.965
25/08/2020,2.9595
24/08/2020,2.931
23/08/2020,2.9225
20/08/2020,2.9135
19/08/2020,2.97
18/08/2020,3.019
17/08/2020,2.971
16/08/2020,2.898
13/08/2020,2.856
12/08/2020,2.804
11/08/2020,2.887
10/08/2020,2.872
09/08/2020,2.8585
06/08/2020,2.7905
05/08/2020,2.9055
04/08/2020,2.9115
03/08/2020,2.8895
02/08/2020,2.908
30/07/2020,2.859
29/07/2020,2.9045
28/07/2020,2.9055
27/07/2020,2.905
26/07/2020,2.888
23/07/2020,2.882
22/07/2020,2.9245
21/07/2020,2.9085
20/07/2020,2.941
19/07/2020,2.8985
16/07/2020,2.8875
15/07/2020,2.886
14/07/2020,2.8705
13/07/2020,2.916
12/07/2020,2.942
09/07/2020,2.887
08/07/2020,2.828
07/07/2020,2.8145
06/07/2020,2.7875
05/07/2020,2.766
01/07/2020,2.7335
30/06/2020,2.717
29/06/2020,2.7135
28/06/2020,2.6795
25/06/2020,2.672
24/06/2020,2.6625
23/06/2020,2.6505
22/06/2020,2.66
21/06/2020,2.6555
18/06/2020,2.615
17/06/2020,2.591
16/06/2020,2.592
15/06/2020,2.566
14/06/2020,2.5685
11/06/2020,2.6015
10/06/2020,2.5865
09/06/2020,2.657
08/06/2020,2.6005
07/06/2020,2.57
04/06/2020,2.557
03/06/2020,2.493
02/06/2020,2.4965
01/06/2020,2.4945
31/05/2020,2.4745
28/05/2020,2.4265
27/05/2020,2.413
26/05/2020,2.4025
25/05/2020,2.4385
21/05/2020,2.409
20/05/2020,2.452
19/05/2020,2.4675
18/05/2020,2.423
17/05/2020,2.405
14/05/2020,2.3335
13/05/2020,2.351
12/05/2020,2.349
11/05/2020,2.3605
10/05/2020,2.382
07/05/2020,2.4085
06/05/2020,2.3855
05/05/2020,2.3525
04/05/2020,2.341
03/05/2020,2.324
30/04/2020,2.3185
29/04/2020,2.354
28/04/2020,2.3745
27/04/2020,2.379
26/04/2020,2.382
23/04/2020,2.348
22/04/2020,2.324
21/04/2020,2.3175
20/04/2020,2.267
19/04/2020,2.3345
16/04/2020,2.3535
15/04/2020,2.3045
14/04/2020,2.3125
13/04/2020,2.347
12/04/2020,2.3205
08/04/2020,2.2775
07/04/2020,2.278
06/04/2020,2.2885
05/04/2020,2.235
02/04/2020,2.21
01/04/2020,2.233
31/03/2020,2.192
30/03/2020,2.24
29/03/2020,2.162
26/03/2020,2.197
25/03/2020,2.208
24/03/2020,2.234
23/03/2020,2.1975
22/03/2020,2.1195
19/03/2020,2.1905
18/03/2020,2.2
17/03/2020,2.1605
16/03/2020,2.3155
15/03/2020,2.3985
12/03/2020,2.474
11/03/2020,2.481
10/03/2020,2.512
09/03/2020,2.534
08/03/2020,2.524
06/03/2020,2.573
05/03/2020,2.5825
04/03/2020,2.593
03/03/2020,2.5795
02/03/2020,2.601
28/02/2020,2.546
27/02/2020,2.5715
26/02/2020,2.5765
25/02/2020,2.5965
24/02/2020,2.5925
21/02/2020,2.618
20/02/2020,2.595
19/02/2020,2.6125
18/02/2020,2.61
14/02/2020,2.6055
13/02/2020,2.6195
12/02/2020,2.606
11/02/2020,2.5885
10/02/2020,2.5575
07/02/2020,2.559
06/02/2020,2.5985
05/02/2020,2.579
04/02/2020,2.5475
03/02/2020,2.513
31/01/2020,2.52
30/01/2020,2.5235
29/01/2020,2.5535
28/01/2020,2.5795
27/01/2020,2.5965
24/01/2020,2.6855
23/01/2020,2.726
22/01/2020,2.767
21/01/2020,2.7985
17/01/2020,2.8495
16/01/2020,2.852
15/01/2020,2.87
14/01/2020,2.876
13/01/2020,2.8615
10/01/2020,2.8185
09/01/2020,2.8105
08/01/2020,2.819
07/01/2020,2.804
06/01/2020,2.8005
03/01/2020,2.7985
02/01/2020,2.833
31/12/2019,2.794
30/12/2019,2.8275
27/12/2019,2.8365
26/12/2019,2.8645
24/12/2019,2.8385
23/12/2019,2.817
20/12/2019,2.811
19/12/2019,2.8315
18/12/2019,2.817
17/12/2019,2.8195
16/12/2019,2.8205
13/12/2019,2.7805
12/12/2019,2.7895
11/12/2019,2.7825
10/12/2019,2.7555
09/12/2019,2.7465
06/12/2019,2.711
05/12/2019,2.6485
04/12/2019,2.644
03/12/2019,2.608
02/12/2019,2.6325
29/11/2019,2.642
27/11/2019,2.6745
26/11/2019,2.6745
25/11/2019,2.6475
22/11/2019,2.6475
21/11/2019,2.621
20/11/2019,2.6465
19/11/2019,2.6535
18/11/2019,2.6175
15/11/2019,2.635
14/11/2019,2.6185
13/11/2019,2.6365
12/11/2019,2.642
11/11/2019,2.66
08/11/2019,2.678
07/11/2019,2.724
06/11/2019,2.661
05/11/2019,2.695
04/11/2019,2.667
31/10/2019,2.651
30/10/2019,2.633
29/10/2019,2.6805
28/10/2019,2.6825
27/10/2019,2.6725
24/10/2019,2.6665
23/10/2019,2.659
22/10/2019,2.6625
21/10/2019,2.622
20/10/2019,2.635
17/10/2019,2.625
16/10/2019,2.587
15/10/2019,2.5795
14/10/2019,2.604
13/10/2019,2.6235
10/10/2019,2.6185
09/10/2019,2.605
08/10/2019,2.562
07/10/2019,2.5635
06/10/2019,2.572
03/10/2019,2.5555
02/10/2019,2.5455
01/10/2019,2.5615
30/09/2019,2.552
29/09/2019,2.5645
26/09/2019,2.583
25/09/2019,2.56
24/09/2019,2.595
23/09/2019,2.5895
22/09/2019,2.5945
19/09/2019,2.59
18/09/2019,2.591
17/09/2019,2.5955
16/09/2019,2.6095
15/09/2019,2.621
12/09/2019,2.681
11/09/2019,2.6235
10/09/2019,2.5975
09/09/2019,2.6105
08/09/2019,2.6105
05/09/2019,2.6155
04/09/2019,2.6245
03/09/2019,2.579
02/09/2019,2.5125
29/08/2019,2.533
28/08/2019,2.5595
27/08/2019,2.551
26/08/2019,2.5435
25/08/2019,2.54
22/08/2019,2.526
21/08/2019,2.5535
20/08/2019,2.5815
19/08/2019,2.574
18/08/2019,2.597
15/08/2019,2.59
14/08/2019,2.5895
13/08/2019,2.5865
12/08/2019,2.6245
11/08/2019,2.58
08/08/2019,2.584
07/08/2019,2.602
06/08/2019,2.565
05/08/2019,2.551
04/08/2019,2.537
01/08/2019,2.565
31/07/2019,2.66
30/07/2019,2.658
29/07/2019,2.6705
28/07/2019,2.7095
25/07/2019,2.6765
24/07/2019,2.6955
23/07/2019,2.704
22/07/2019,2.694
21/07/2019,2.7145
18/07/2019,2.7445
17/07/2019,2.704
16/07/2019,2.71
15/07/2019,2.6935
14/07/2019,2.7075
11/07/2019,2.6915
10/07/2019,2.6825
09/07/2019,2.693
08/07/2019,2.6245
07/07/2019,2.656
04/07/2019,2.6585
03/07/2019,2.6795
01/07/2019,2.6575
30/06/2019,2.6795
27/06/2019,2.7055
26/06/2019,2.7125
25/06/2019,2.711
24/06/2019,2.7355
23/06/2019,2.7055
20/06/2019,2.706
19/06/2019,2.7155
18/06/2019,2.6845
17/06/2019,2.707
16/06/2019,2.651
13/06/2019,2.6345
12/06/2019,2.661
11/06/2019,2.659
10/06/2019,2.6755
09/06/2019,2.664
06/06/2019,2.6305
05/06/2019,2.654
04/06/2019,2.627
03/06/2019,2.6735
02/06/2019,2.6555
30/05/2019,2.646
29/05/2019,2.6605
28/05/2019,2.6725
27/05/2019,2.7035
23/05/2019,2.7065
22/05/2019,2.6865
21/05/2019,2.686
20/05/2019,2.7235
19/05/2019,2.736
16/05/2019,2.748
15/05/2019,2.7585
14/05/2019,2.7535
13/05/2019,2.7345
12/05/2019,2.7295
09/05/2019,2.785
08/05/2019,2.7835
07/05/2019,2.7855
06/05/2019,2.794
05/05/2019,2.837
02/05/2019,2.825
01/05/2019,2.784
30/04/2019,2.803
29/04/2019,2.9015
28/04/2019,2.895
25/04/2019,2.97
24/04/2019,2.8775
23/04/2019,2.9175
22/04/2019,2.8985
21/04/2019,2.9065
17/04/2019,2.9275
16/04/2019,2.9755
15/04/2019,2.9305
14/04/2019,2.934
11/04/2019,2.946
10/04/2019,2.886
09/04/2019,2.9225
08/04/2019,2.9315
07/04/2019,2.9295
04/04/2019,2.8925
03/04/2019,2.9085
02/04/2019,2.9465
01/04/2019,2.904
31/03/2019,2.9205
28/03/2019,2.936
27/03/2019,2.8685
26/03/2019,2.858
25/03/2019,2.8505
24/03/2019,2.8495
21/03/2019,2.836
20/03/2019,2.9
19/03/2019,2.9155
18/03/2019,2.9195
17/03/2019,2.9035
14/03/2019,2.9035
13/03/2019,2.8885
12/03/2019,2.9335
11/03/2019,2.9275
10/03/2019,2.9
08/03/2019,2.894
07/03/2019,2.9115
06/03/2019,2.9185
05/03/2019,2.936
04/03/2019,2.911
01/03/2019,2.9335
28/02/2019,2.95
27/02/2019,2.959
26/02/2019,2.944
25/02/2019,2.95
22/02/2019,2.961
21/02/2019,2.9025
20/02/2019,2.93
19/02/2019,2.8815
15/02/2019,2.8025
14/02/2019,2.776
13/02/2019,2.774
12/02/2019,2.7745
11/02/2019,2.7915
08/02/2019,2.81
07/02/2019,2.8285
06/02/2019,2.8355
05/02/2019,2.817
04/02/2019,2.795
01/02/2019,2.775
31/01/2019,2.789
30/01/2019,2.773
29/01/2019,2.732
28/01/2019,2.6875
25/01/2019,2.738
24/01/2019,2.6735
23/01/2019,2.694
22/01/2019,2.689
18/01/2019,2.741
17/01/2019,2.7
16/01/2019,2.6935
15/01/2019,2.6505
14/01/2019,2.6455
11/01/2019,2.6695
10/01/2019,2.6435
09/01/2019,2.662
08/01/2019,2.6605
07/01/2019,2.641
04/01/2019,2.6515
03/01/2019,2.5705
02/01/2019,2.625
31/12/2018,2.628
28/12/2018,2.679
27/12/2018,2.6675
26/12/2018,2.7085
24/12/2018,2.6685
21/12/2018,2.6785
20/12/2018,2.702
19/12/2018,2.7215
18/12/2018,2.671
17/12/2018,2.753
14/12/2018,2.7605
13/12/2018,2.7625
12/12/2018,2.7685
11/12/2018,2.766
10/12/2018,2.7185
07/12/2018,2.7575
06/12/2018,2.7405
04/12/2018,2.7485
03/12/2018,2.7995
30/11/2018,2.7775
29/11/2018,2.778
28/11/2018,2.796
27/11/2018,2.7105
26/11/2018,2.7585
23/11/2018,2.7705
21/11/2018,2.7945
20/11/2018,2.7665
19/11/2018,2.8045
16/11/2018,2.804
15/11/2018,2.749
14/11/2018,2.7095
13/11/2018,2.687
12/11/2018,2.678
09/11/2018,2.6865
08/11/2018,2.737
07/11/2018,2.7525
06/11/2018,2.7305
05/11/2018,2.7555
01/11/2018,2.803
31/10/2018,2.7215
30/10/2018,2.6635
29/10/2018,2.663
28/10/2018,2.7385
25/10/2018,2.744
24/10/2018,2.7485
23/10/2018,2.7465
22/10/2018,2.747
21/10/2018,2.774
18/10/2018,2.768
17/10/2018,2.7375
16/10/2018,2.767
15/10/2018,2.7705
14/10/2018,2.7805
11/10/2018,2.793
10/10/2018,2.797
09/10/2018,2.769
08/10/2018,2.795
07/10/2018,2.755
04/10/2018,2.751
03/10/2018,2.765
02/10/2018,2.8225
01/10/2018,2.795
30/09/2018,2.774
27/09/2018,2.787
26/09/2018,2.7645
25/09/2018,2.807
24/09/2018,2.8035
23/09/2018,2.816
20/09/2018,2.8365
19/09/2018,2.721
18/09/2018,2.71
17/09/2018,2.712
16/09/2018,2.6335
13/09/2018,2.6275
12/09/2018,2.6645
11/09/2018,2.6585
10/09/2018,2.604
09/09/2018,2.6105
06/09/2018,2.6035
05/09/2018,2.6185
04/09/2018,2.5925
03/09/2018,2.5835
30/08/2018,2.649
29/08/2018,2.6905
28/08/2018,2.709
27/08/2018,2.734
26/08/2018,2.705
23/08/2018,2.699
22/08/2018,2.6525
21/08/2018,2.6685
20/08/2018,2.6895
19/08/2018,2.6635
16/08/2018,2.6245
15/08/2018,2.6135
14/08/2018,2.557
13/08/2018,2.6755
12/08/2018,2.722
09/08/2018,2.7325
08/08/2018,2.7555
07/08/2018,2.7405
06/08/2018,2.741
05/08/2018,2.721
02/08/2018,2.7535
01/08/2018,2.727
31/07/2018,2.735
30/07/2018,2.819
29/07/2018,2.779
26/07/2018,2.7875
25/07/2018,2.804
24/07/2018,2.806
23/07/2018,2.8
22/07/2018,2.737
19/07/2018,2.746
18/07/2018,2.686
17/07/2018,2.752
16/07/2018,2.7395
15/07/2018,2.757
12/07/2018,2.77
11/07/2018,2.768
10/07/2018,2.7335
09/07/2018,2.8285
08/07/2018,2.839
05/07/2018,2.813
04/07/2018,2.814
03/07/2018,2.906
01/07/2018,2.9315
28/06/2018,2.951
27/06/2018,2.9535
26/06/2018,2.9895
25/06/2018,2.997
24/06/2018,2.992
21/06/2018,3.0325
20/06/2018,3.025
19/06/2018,3.0465
18/06/2018,3.0465
17/06/2018,3.1035
14/06/2018,3.141
13/06/2018,3.2165
12/06/2018,3.248
11/06/2018,3.2425
10/06/2018,3.2505
07/06/2018,3.293
06/06/2018,3.268
05/06/2018,3.2545
04/06/2018,3.191
03/06/2018,3.1265
31/05/2018,3.0915
30/05/2018,3.058
29/05/2018,3.0595
28/05/2018,3.052
24/05/2018,3.067
23/05/2018,3.0855
22/05/2018,3.0605
21/05/2018,3.119
20/05/2018,3.0855
17/05/2018,3.051
16/05/2018,3.077
15/05/2018,3.0585
14/05/2018,3.0425
13/05/2018,3.0785
10/05/2018,3.095
09/05/2018,3.0925
08/05/2018,3.0395
07/05/2018,3.0405
06/05/2018,3.0595
03/05/2018,3.0655
02/05/2018,3.059
01/05/2018,3.0475
30/04/2018,3.015
29/04/2018,3.0525
26/04/2018,3.046
25/04/2018,3.113
24/04/2018,3.132
23/04/2018,3.1385
22/04/2018,3.108
19/04/2018,3.1315
18/04/2018,3.128
17/04/2018,3.1535
16/04/2018,3.075
15/04/2018,3.0915
12/04/2018,3.0675
11/04/2018,3.06
10/04/2018,3.112
09/04/2018,3.131
08/04/2018,3.0715
05/04/2018,3.054
04/04/2018,3.0695
03/04/2018,3.007
02/04/2018,3.058
01/04/2018,3.0405
28/03/2018,3.019
27/03/2018,2.994
26/03/2018,2.9915
25/03/2018,2.9605
22/03/2018,2.9845
21/03/2018,3.012
20/03/2018,3.0485
19/03/2018,3.0255
18/03/2018,3.0695
15/03/2018,3.093
14/03/2018,3.111
13/03/2018,3.14
12/03/2018,3.119
11/03/2018,3.104
09/03/2018,3.116
08/03/2018,3.0585
07/03/2018,3.114
06/03/2018,3.137
05/03/2018,3.1055
02/03/2018,3.101
01/03/2018,3.0995
28/02/2018,3.1075
27/02/2018,3.1575
26/02/2018,3.196
23/02/2018,3.2085
22/02/2018,3.2375
21/02/2018,3.2115
20/02/2018,3.186
16/02/2018,3.243
15/02/2018,3.239
14/02/2018,3.2285
13/02/2018,3.1545
12/02/2018,3.0775
09/02/2018,3.0245
08/02/2018,3.072
07/02/2018,3.0765
06/02/2018,3.1775
05/02/2018,3.2105
02/02/2018,3.1765
01/02/2018,3.197
31/01/2018,3.184
30/01/2018,3.177
29/01/2018,NaN
26/01/2018,3.1825
25/01/2018,3.199
24/01/2018,3.2085
23/01/2018,3.0895
22/01/2018,3.1775
19/01/2018,3.167
18/01/2018,3.177
17/01/2018,3.1665
16/01/2018,3.199
12/01/2018,3.2
11/01/2018,3.2135
10/01/2018,3.215
09/01/2018,3.1945
08/01/2018,3.201
05/01/2018,3.207
04/01/2018,3.2425
03/01/2018,3.237
02/01/2018,3.256
29/12/2017,3.2795
28/12/2017,3.286
27/12/2017,3.257
26/12/2017,3.256
22/12/2017,3.2145
21/12/2017,3.1945
20/12/2017,3.1715
19/12/2017,3.1275
18/12/2017,3.122
15/12/2017,3.11
14/12/2017,3.0485
13/12/2017,3.0295
12/12/2017,2.9995
11/12/2017,2.988
08/12/2017,2.955
07/12/2017,2.9405
06/12/2017,2.9365
05/12/2017,2.9205
04/12/2017,3.063
01/12/2017,3.0655
30/11/2017,3.037
29/11/2017,3.04
28/11/2017,3.0705
27/11/2017,3.1325
24/11/2017,3.166
22/11/2017,3.1345
21/11/2017,3.1255
20/11/2017,3.0905
17/11/2017,3.0625
16/11/2017,3.0435
15/11/2017,3.049
14/11/2017,3.06
13/11/2017,3.1115
10/11/2017,3.0695
09/11/2017,3.08
08/11/2017,3.093
07/11/2017,3.0825
06/11/2017,3.1505
02/11/2017,3.1105
01/11/2017,3.1355
31/10/2017,3.133
30/10/2017,3.092
29/10/2017,3.102
26/10/2017,3.0935
25/10/2017,3.1675
24/10/2017,3.1715
23/10/2017,3.1865
22/10/2017,3.174
19/10/2017,3.1515
18/10/2017,3.153
17/10/2017,3.1635
16/10/2017,3.1805
15/10/2017,3.224
12/10/2017,3.1185
11/10/2017,3.104
10/10/2017,3.08
09/10/2017,3.0455
08/10/2017,3.017
05/10/2017,3.0145
04/10/2017,3.0315
03/10/2017,2.9445
02/10/2017,2.9485
01/10/2017,2.9395
28/09/2017,2.9375
27/09/2017,2.9625
26/09/2017,2.911
25/09/2017,2.8975
24/09/2017,2.9175
21/09/2017,2.9245
20/09/2017,2.914
19/09/2017,2.9495
18/09/2017,2.9495
17/09/2017,2.949
14/09/2017,2.928
13/09/2017,2.9365
12/09/2017,2.961
11/09/2017,3.0155
10/09/2017,3.046
07/09/2017,3.0215
06/09/2017,3.123
05/09/2017,3.1315
04/09/2017,3.1075
31/08/2017,3.098
30/08/2017,3.079
29/08/2017,3.0645
28/08/2017,3.081
27/08/2017,3.065
24/08/2017,3.033
23/08/2017,3.0335
22/08/2017,2.9805
21/08/2017,2.9865
20/08/2017,2.981
17/08/2017,2.9405
16/08/2017,2.938
15/08/2017,2.9545
14/08/2017,2.8845
13/08/2017,2.9065
10/08/2017,2.914
09/08/2017,2.906
08/08/2017,2.93
07/08/2017,2.9425
06/08/2017,2.908
03/08/2017,2.885
02/08/2017,2.877
01/08/2017,2.8825
31/07/2017,2.879
30/07/2017,2.888
27/07/2017,2.8705
26/07/2017,2.874
25/07/2017,2.869
24/07/2017,2.8405
23/07/2017,2.729
20/07/2017,2.715
19/07/2017,2.7085
18/07/2017,2.703
17/07/2017,2.7235
16/07/2017,2.717
13/07/2017,2.684
12/07/2017,2.6545
11/07/2017,2.677
10/07/2017,2.6645
09/07/2017,2.6395
06/07/2017,2.6375
05/07/2017,2.6515
04/07/2017,2.649
03/07/2017,2.681
29/06/2017,2.699
28/06/2017,2.683
27/06/2017,2.662
26/06/2017,2.6465
25/06/2017,2.625
22/06/2017,2.623
21/06/2017,2.598
20/06/2017,2.602
19/06/2017,2.555
18/06/2017,2.5895
15/06/2017,2.5625
14/06/2017,2.564
13/06/2017,2.5705
12/06/2017,2.593
11/06/2017,2.6125
08/06/2017,2.646
07/06/2017,2.607
06/06/2017,2.549
05/06/2017,2.5445
04/06/2017,2.5545
01/06/2017,2.5715
31/05/2017,2.5845
30/05/2017,2.577
29/05/2017,2.561
25/05/2017,2.5595
24/05/2017,2.592
23/05/2017,2.578
22/05/2017,2.5905
21/05/2017,2.589
18/05/2017,2.574
17/05/2017,2.5265
16/05/2017,2.5425
15/05/2017,2.5445
14/05/2017,2.533
11/05/2017,2.518
10/05/2017,2.501
09/05/2017,2.487
08/05/2017,2.49
07/05/2017,2.4855
04/05/2017,2.5195
03/05/2017,2.502
02/05/2017,2.533
01/05/2017,2.625
30/04/2017,2.65
27/04/2017,2.5965
26/04/2017,2.58
25/04/2017,2.591
24/04/2017,2.582
23/04/2017,2.5535
20/04/2017,2.5365
19/04/2017,2.541
18/04/2017,2.5335
17/04/2017,2.529
16/04/2017,2.595
12/04/2017,2.5695
11/04/2017,2.544
10/04/2017,2.606
09/04/2017,2.602
06/04/2017,2.645
05/04/2017,2.6555
04/04/2017,2.6755
03/04/2017,2.606
02/04/2017,2.5975
30/03/2017,2.6465
29/03/2017,2.665
28/03/2017,2.67
27/03/2017,2.669
26/03/2017,2.625
23/03/2017,2.6235
22/03/2017,2.6365
21/03/2017,2.622
20/03/2017,2.61
19/03/2017,2.6555
16/03/2017,2.6795
15/03/2017,2.6655
14/03/2017,2.6455
13/03/2017,2.624
12/03/2017,2.6165
10/03/2017,2.5865
09/03/2017,2.57
08/03/2017,2.592
07/03/2017,2.6095
06/03/2017,2.643
03/03/2017,2.687
02/03/2017,2.6795
01/03/2017,2.7265
28/02/2017,2.704
27/02/2017,2.6875
24/02/2017,2.68
23/02/2017,2.6425
22/02/2017,2.7325
21/02/2017,2.7455
17/02/2017,2.7055
16/02/2017,2.716
15/02/2017,2.736
14/02/2017,2.731
13/02/2017,2.7765
10/02/2017,2.762
09/02/2017,2.648
08/02/2017,2.6605
07/02/2017,2.626
06/02/2017,2.6455
03/02/2017,2.6095
02/02/2017,2.678
01/02/2017,2.7045
31/01/2017,2.7215
30/01/2017,2.6475
27/01/2017,2.68
26/01/2017,2.666
25/01/2017,2.7025
24/01/2017,2.7005
23/01/2017,2.6395
20/01/2017,2.617
19/01/2017,2.6015
18/01/2017,2.608
17/01/2017,2.6165
13/01/2017,2.6805
12/01/2017,2.6605
11/01/2017,2.601
10/01/2017,2.6035
09/01/2017,2.53
06/01/2017,2.538
05/01/2017,2.5295
04/01/2017,2.548
03/01/2017,2.481
30/12/2016,2.4975
29/12/2016,2.479
28/12/2016,2.495
27/12/2016,2.508
23/12/2016,2.4725
22/12/2016,2.4945
21/12/2016,2.4915
20/12/2016,2.4995
19/12/2016,2.4965
16/12/2016,2.561
15/12/2016,2.596
14/12/2016,2.6
13/12/2016,2.593
12/12/2016,2.613
09/12/2016,2.642
08/12/2016,2.62
07/12/2016,2.637
06/12/2016,2.672
05/12/2016,2.689
02/12/2016,2.615
01/12/2016,2.6315
30/11/2016,2.6215
29/11/2016,2.595
28/11/2016,2.656
25/11/2016,2.667
23/11/2016,2.606
22/11/2016,2.5425
21/11/2016,2.5125
18/11/2016,2.464
17/11/2016,2.4875
16/11/2016,2.465
15/11/2016,2.502
14/11/2016,2.5185
10/11/2016,2.5495
09/11/2016,2.459
08/11/2016,2.379
07/11/2016,2.3065
03/11/2016,2.261
02/11/2016,2.2445
01/11/2016,2.226
31/10/2016,2.2245
30/10/2016,2.2005
27/10/2016,2.1885
26/10/2016,2.1655
25/10/2016,2.1395
24/10/2016,2.1325
23/10/2016,2.0875
20/10/2016,2.0835
19/10/2016,2.0905
18/10/2016,2.097
17/10/2016,2.098
16/10/2016,2.0995
13/10/2016,2.1035
12/10/2016,2.115
11/10/2016,2.1695
10/10/2016,2.1785
06/10/2016,2.1565
05/10/2016,2.148
04/10/2016,2.156
03/10/2016,2.1585
02/10/2016,2.1835
29/09/2016,2.202
28/09/2016,2.181
27/09/2016,2.1795
26/09/2016,2.1615
25/09/2016,2.19
22/09/2016,2.1925
21/09/2016,2.1875
20/09/2016,2.145
19/09/2016,2.1555
18/09/2016,2.149
15/09/2016,2.1515
14/09/2016,2.152
13/09/2016,2.148
12/09/2016,2.0955
11/09/2016,2.096
08/09/2016,2.0885
07/09/2016,2.096
06/09/2016,2.093
05/09/2016,2.084
01/09/2016,2.0715
31/08/2016,2.0685
30/08/2016,2.0695
29/08/2016,2.069
28/08/2016,2.0725
25/08/2016,2.075
24/08/2016,2.0755
23/08/2016,2.076
22/08/2016,2.115
21/08/2016,2.14
18/08/2016,2.1665
17/08/2016,2.167
16/08/2016,2.152
15/08/2016,2.172
14/08/2016,2.1515
11/08/2016,2.1405
10/08/2016,2.19
09/08/2016,2.1705
08/08/2016,2.1495
07/08/2016,2.164
04/08/2016,2.153
03/08/2016,2.174
02/08/2016,2.196
01/08/2016,2.2065
31/07/2016,2.1965
28/07/2016,2.2205
27/07/2016,2.206
26/07/2016,2.185
25/07/2016,2.225
24/07/2016,2.216
21/07/2016,2.234
20/07/2016,2.256
19/07/2016,2.252
18/07/2016,2.2615
17/07/2016,2.234
14/07/2016,2.2305
13/07/2016,2.241
12/07/2016,2.238
11/07/2016,2.211
10/07/2016,2.147
07/07/2016,2.1185
06/07/2016,2.1225
05/07/2016,2.1515
04/07/2016,2.1815
30/06/2016,2.215
29/06/2016,2.1945
28/06/2016,2.1835
27/06/2016,2.17
26/06/2016,2.1265
23/06/2016,2.112
22/06/2016,2.1635
21/06/2016,2.1355
20/06/2016,2.1165
19/06/2016,2.0935
16/06/2016,2.0525
15/06/2016,2.05
14/06/2016,2.0935
13/06/2016,2.0445
12/06/2016,2.0575
09/06/2016,2.0315
08/06/2016,2.04
07/06/2016,2.0625
06/06/2016,2.051
05/06/2016,2.117
02/06/2016,2.112
01/06/2016,2.0695
31/05/2016,2.0725
30/05/2016,2.0975
26/05/2016,2.114
25/05/2016,2.1065
24/05/2016,2.105
23/05/2016,2.0695
22/05/2016,2.0575
19/05/2016,2.0585
18/05/2016,2.063
17/05/2016,2.0815
16/05/2016,2.092
15/05/2016,2.091
12/05/2016,2.075
11/05/2016,2.073
10/05/2016,2.101
09/05/2016,2.09
08/05/2016,2.104
05/05/2016,2.151
04/05/2016,2.151
03/05/2016,2.183
02/05/2016,2.2145
01/05/2016,2.2615
28/04/2016,2.279
27/04/2016,2.2245
26/04/2016,2.2205
25/04/2016,2.2485
24/04/2016,2.2585
21/04/2016,2.269
20/04/2016,2.252
19/04/2016,2.242
18/04/2016,2.223
17/04/2016,2.164
14/04/2016,2.152
13/04/2016,2.171
12/04/2016,2.1675
11/04/2016,2.145
10/04/2016,2.0885
07/04/2016,2.0865
06/04/2016,2.0745
05/04/2016,2.1405
04/04/2016,2.135
03/04/2016,2.138
31/03/2016,2.161
30/03/2016,2.1815
29/03/2016,2.187
28/03/2016,2.2085
27/03/2016,2.2415
23/03/2016,2.2245
22/03/2016,2.2305
21/03/2016,2.2845
20/03/2016,2.2895
17/03/2016,2.2795
16/03/2016,2.289
15/03/2016,2.2315
14/03/2016,2.231
13/03/2016,2.237
11/03/2016,2.2385
10/03/2016,2.2175
09/03/2016,2.23
08/03/2016,2.2185
07/03/2016,2.2805
04/03/2016,2.271
03/03/2016,2.2045
02/03/2016,2.1775
01/03/2016,2.1415
29/02/2016,2.1285
26/02/2016,2.118
25/02/2016,2.065
24/02/2016,2.095
23/02/2016,2.1045
22/02/2016,2.113
19/02/2016,2.0755
18/02/2016,2.0715
17/02/2016,2.074
16/02/2016,2.049
15/02/2016,NaN
12/02/2016,2.027
11/02/2016,2.004
10/02/2016,2.025
09/02/2016,2.0385
08/02/2016,2.0885
05/02/2016,2.1005
04/02/2016,2.128
03/02/2016,2.092
02/02/2016,2.052
01/02/2016,2.0515
29/01/2016,2.064
28/01/2016,2.049
27/01/2016,2.063
26/01/2016,2.034
25/01/2016,1.9955
22/01/2016,1.9985
21/01/2016,1.993
20/01/2016,1.956
19/01/2016,1.9735
18/01/2016,NaN
15/01/2016,1.9395
14/01/2016,1.971
13/01/2016,1.9505
12/01/2016,1.953
11/01/2016,1.9675
08/01/2016,2.0165
07/01/2016,2.0155
06/01/2016,2.0805
05/01/2016,2.0885
04/01/2016,2.0705
31/12/2015,2.1255
30/12/2015,2.137
29/12/2015,2.125
28/12/2015,2.0665
24/12/2015,2.1115
23/12/2015,2.1115
22/12/2015,2.097
21/12/2015,2.129
18/12/2015,2.103
17/12/2015,2.0345
16/12/2015,2.061
15/12/2015,2.051
14/12/2015,2.104
11/12/2015,2.108
10/12/2015,2.065
09/12/2015,2.06
08/12/2015,2.048
07/12/2015,2.0445
04/12/2015,2.074
03/12/2015,2.056
02/12/2015,2.029
01/12/2015,2.0665
30/11/2015,2.0445
27/11/2015,2.0505
25/11/2015,2.0445
24/11/2015,2.0535
23/11/2015,2.0195
20/11/2015,2.054
19/11/2015,2.0765
18/11/2015,2.078
17/11/2015,2.1055
16/11/2015,2.118
13/11/2015,2.17
12/11/2015,2.173
11/11/2015,2.2165
10/11/2015,2.2165
09/11/2015,2.23
06/11/2015,2.2415
05/11/2015,2.2535
04/11/2015,2.3195
03/11/2015,2.327
02/11/2015,2.3155
29/10/2015,2.3135
28/10/2015,2.3155
27/10/2015,2.3545
26/10/2015,2.358
25/10/2015,2.3565
22/10/2015,2.35
21/10/2015,2.3845
20/10/2015,2.364
19/10/2015,2.3695
18/10/2015,2.3715
15/10/2015,2.407
14/10/2015,2.426
13/10/2015,2.42
12/10/2015,2.3915
11/10/2015,2.4195
08/10/2015,2.417
07/10/2015,2.347
06/10/2015,2.3715
05/10/2015,2.359
04/10/2015,2.36
01/10/2015,2.3295
30/09/2015,2.3075
29/09/2015,2.3455
28/09/2015,2.2535
27/09/2015,2.256
24/09/2015,2.2915
23/09/2015,2.312
22/09/2015,2.3055
21/09/2015,2.307
20/09/2015,2.3985
17/09/2015,2.397
16/09/2015,2.4615
15/09/2015,2.4615
14/09/2015,2.436
13/09/2015,2.414
10/09/2015,2.462
09/09/2015,2.4545
08/09/2015,2.4425
07/09/2015,2.4385
03/09/2015,2.3195
02/09/2015,2.39
01/09/2015,2.333
31/08/2015,2.3025
30/08/2015,2.338
27/08/2015,2.3465
26/08/2015,2.334
25/08/2015,2.251
24/08/2015,2.323
23/08/2015,2.269
20/08/2015,2.307
19/08/2015,2.323
18/08/2015,2.283
17/08/2015,2.297
16/08/2015,2.3325
13/08/2015,2.364
12/08/2015,2.3655
11/08/2015,2.3605
10/08/2015,2.341
09/08/2015,2.4075
06/08/2015,2.3415
05/08/2015,2.348
04/08/2015,2.353
03/08/2015,2.365
02/08/2015,2.3475
30/07/2015,2.3675
29/07/2015,2.3815
28/07/2015,2.408
27/07/2015,2.403
26/07/2015,2.3505
23/07/2015,2.3815
22/07/2015,2.3855
21/07/2015,2.4315
20/07/2015,2.4775
19/07/2015,2.484
16/07/2015,2.5045
15/07/2015,2.5315
14/07/2015,2.5305
13/07/2015,2.5445
12/07/2015,2.5555
09/07/2015,2.5455
08/07/2015,2.558
07/07/2015,2.504
06/07/2015,2.451
05/07/2015,2.543
01/07/2015,2.6345
30/06/2015,2.6355
29/06/2015,2.6235
28/06/2015,2.6385
25/06/2015,2.645
24/06/2015,2.6455
23/06/2015,2.6465
22/06/2015,2.634
21/06/2015,2.588
18/06/2015,2.592
17/06/2015,2.6285
16/06/2015,2.623
15/06/2015,2.6265
14/06/2015,2.659
11/06/2015,2.6995
10/06/2015,2.693
09/06/2015,2.7715
08/06/2015,2.7405
07/06/2015,2.716
04/06/2015,2.722
03/06/2015,2.7155
02/06/2015,2.7505
01/06/2015,2.758
31/05/2015,2.741
28/05/2015,2.7595
27/05/2015,2.793
26/05/2015,2.816
25/05/2015,2.8535
21/05/2015,2.8335
20/05/2015,2.871
19/05/2015,2.8515
18/05/2015,2.8615
17/05/2015,2.93
14/05/2015,2.949
13/05/2015,2.946
12/05/2015,2.95
11/05/2015,2.9505
10/05/2015,2.9175
07/05/2015,2.931
06/05/2015,2.926
05/05/2015,2.9325
04/05/2015,2.94
03/05/2015,2.924
30/04/2015,2.9315
29/04/2015,2.8865
28/04/2015,2.795
27/04/2015,2.78
26/04/2015,2.774
23/04/2015,2.752
22/04/2015,2.698
21/04/2015,2.6695
20/04/2015,2.705
19/04/2015,2.7355
16/04/2015,2.7835
15/04/2015,2.7855
14/04/2015,2.7295
13/04/2015,2.7195
12/04/2015,2.737
09/04/2015,2.7505
08/04/2015,2.745
07/04/2015,2.7485
06/04/2015,2.777
05/04/2015,2.732
01/04/2015,2.748
31/03/2015,2.7565
30/03/2015,2.747
29/03/2015,2.7875
26/03/2015,2.775
25/03/2015,2.8215
24/03/2015,2.805
23/03/2015,2.815
22/03/2015,2.808
19/03/2015,2.775
18/03/2015,2.6745
17/03/2015,2.587
16/03/2015,2.6415
15/03/2015,2.6775
12/03/2015,2.6785
11/03/2015,2.6745
10/03/2015,2.6225
09/03/2015,2.635
08/03/2015,2.687
06/03/2015,2.629
05/03/2015,2.672
04/03/2015,2.677
03/03/2015,2.6735
02/03/2015,2.711
27/02/2015,2.716
26/02/2015,2.714
25/02/2015,2.7075
24/02/2015,2.7115
23/02/2015,2.6395
20/02/2015,2.6105
19/02/2015,2.6415
18/02/2015,2.6395
17/02/2015,2.5945
13/02/2015,2.6135
12/02/2015,2.609
11/02/2015,2.5525
10/02/2015,2.5625
09/02/2015,2.599
06/02/2015,2.603
05/02/2015,2.612
04/02/2015,2.612
03/02/2015,2.6
02/02/2015,2.511
30/01/2015,2.528
29/01/2015,2.4705
28/01/2015,2.5215
27/01/2015,2.5135
26/01/2015,2.5735
23/01/2015,2.5375
22/01/2015,2.6005
21/01/2015,2.615
20/01/2015,2.6155
16/01/2015,2.654
15/01/2015,2.611
14/01/2015,2.553
13/01/2015,2.679
12/01/2015,2.763
09/01/2015,2.7905
08/01/2015,2.807
07/01/2015,2.796
06/01/2015,2.804
05/01/2015,2.793
02/01/2015,2.8385
31/12/2014,2.8385
30/12/2014,2.869
29/12/2014,2.838
26/12/2014,2.8355
24/12/2014,2.8745
23/12/2014,2.902
22/12/2014,2.9035
19/12/2014,2.908
18/12/2014,2.8725
17/12/2014,2.8875
16/12/2014,2.8775
15/12/2014,2.898
12/12/2014,2.9465
11/12/2014,2.941
10/12/2014,2.914
09/12/2014,2.9465
08/12/2014,2.9105
05/12/2014,2.9255
04/12/2014,2.9325
03/12/2014,2.893
02/12/2014,2.9135
01/12/2014,2.9305
28/11/2014,2.86
26/11/2014,2.96
25/11/2014,2.961
24/11/2014,3.004
21/11/2014,3.035
20/11/2014,3.0275
19/11/2014,3.047
18/11/2014,3.011
17/11/2014,3.0495
14/11/2014,3.058
13/11/2014,2.9995
12/11/2014,3.0345
11/11/2014,3.0415
10/11/2014,3.0275
07/11/2014,3.0525
06/11/2014,3.0305
05/11/2014,3.0225
04/11/2014,3.0335
03/11/2014,3.0795
30/10/2014,3.061
29/10/2014,3.072
28/10/2014,3.112
27/10/2014,3.1085
26/10/2014,3.078
23/10/2014,3.051
22/10/2014,3.05
21/10/2014,3.0225
20/10/2014,3.031
19/10/2014,2.9905
16/10/2014,3.001
15/10/2014,2.9785
14/10/2014,3.0045
13/10/2014,3.085
12/10/2014,3.0365
09/10/2014,3.032
08/10/2014,3.028
07/10/2014,3.0
06/10/2014,3.0345
05/10/2014,3.0305
02/10/2014,2.9945
01/10/2014,2.9965
30/09/2014,3.0335
29/09/2014,3.0055
28/09/2014,3.053
25/09/2014,3.029
24/09/2014,3.06
23/09/2014,3.0595
22/09/2014,3.0345
21/09/2014,3.038
18/09/2014,3.0885
17/09/2014,3.0925
16/09/2014,3.1415
15/09/2014,3.16
14/09/2014,3.081
11/09/2014,3.102
10/09/2014,3.087
09/09/2014,3.1045
08/09/2014,3.0945
07/09/2014,3.1575
04/09/2014,3.158
03/09/2014,3.1385
02/09/2014,3.1115
01/09/2014,3.1345
28/08/2014,3.135
27/08/2014,3.1265
26/08/2014,3.1745
25/08/2014,3.182
24/08/2014,3.2135
21/08/2014,3.199
20/08/2014,3.172
19/08/2014,3.174
18/08/2014,3.0855
17/08/2014,3.103
14/08/2014,3.097
13/08/2014,3.0855
12/08/2014,3.106
11/08/2014,3.149
10/08/2014,3.167
07/08/2014,3.166
06/08/2014,3.1705
05/08/2014,3.1625
04/08/2014,3.199
03/08/2014,3.2365
31/07/2014,3.2065
30/07/2014,3.223
29/07/2014,3.2325
28/07/2014,3.2095
27/07/2014,3.231
24/07/2014,3.227
23/07/2014,3.254
22/07/2014,3.195
21/07/2014,3.1955
20/07/2014,3.1865
17/07/2014,3.174
16/07/2014,3.209
15/07/2014,3.205
14/07/2014,3.2385
13/07/2014,3.2385
10/07/2014,3.2585
09/07/2014,3.256
08/07/2014,3.2365
07/07/2014,3.243
06/07/2014,3.2485
03/07/2014,3.265
01/07/2014,3.2525
30/06/2014,3.191
29/06/2014,3.188
26/06/2014,3.149
25/06/2014,3.161
24/06/2014,3.1605
23/06/2014,3.1465
22/06/2014,3.1455
19/06/2014,3.1175
18/06/2014,3.075
17/06/2014,3.0555
16/06/2014,3.0575
15/06/2014,3.047
12/06/2014,3.0305
11/06/2014,3.017
10/06/2014,3.042
09/06/2014,3.055
08/06/2014,3.0455
05/06/2014,3.053
04/06/2014,3.091
03/06/2014,3.0935
02/06/2014,3.1455
01/06/2014,3.179
29/05/2014,3.136
28/05/2014,3.1535
27/05/2014,3.1885
26/05/2014,3.1935
22/05/2014,3.18
21/05/2014,3.152
20/05/2014,3.1305
19/05/2014,3.156
18/05/2014,3.1795
15/05/2014,3.161
14/05/2014,3.162
13/05/2014,3.174
12/05/2014,3.1495
11/05/2014,3.1665
08/05/2014,3.1005
07/05/2014,3.0825
06/05/2014,3.0505
05/05/2014,3.075
04/05/2014,3.071
01/05/2014,3.0815
30/04/2014,3.029
29/04/2014,3.0295
28/04/2014,3.0725
27/04/2014,3.1085
24/04/2014,3.127
23/04/2014,3.1365
22/04/2014,3.082
21/04/2014,3.0785
20/04/2014,3.068
16/04/2014,3.0695
15/04/2014,3.0505
14/04/2014,3.0165
13/04/2014,3.067
10/04/2014,3.066
09/04/2014,3.068
08/04/2014,3.066
07/04/2014,3.0765
06/04/2014,3.0635
03/04/2014,3.043
02/04/2014,3.047
01/04/2014,3.065
31/03/2014,3.055
30/03/2014,3.0465
27/03/2014,3.059
26/03/2014,3.0365
25/03/2014,3.0105
24/03/2014,3.0455
23/03/2014,2.9895
20/03/2014,2.994
19/03/2014,2.976
18/03/2014,3.028
17/03/2014,2.9945
16/03/2014,3.002
13/03/2014,3.013
12/03/2014,2.9905
11/03/2014,3.026
10/03/2014,3.031
09/03/2014,3.1105
07/03/2014,3.1565
06/03/2014,3.2755
05/03/2014,3.253
04/03/2014,3.2615
03/03/2014,3.2205
28/02/2014,3.2385
27/02/2014,3.2365
26/02/2014,3.2695
25/02/2014,3.338
24/02/2014,3.359
21/02/2014,3.336
20/02/2014,3.324
19/02/2014,3.3355
18/02/2014,3.3405
14/02/2014,3.3205
13/02/2014,3.307
12/02/2014,3.3155
11/02/2014,3.27
10/02/2014,3.272
07/02/2014,3.271
06/02/2014,3.259
05/02/2014,3.2145
04/02/2014,3.217
03/02/2014,3.1995
31/01/2014,3.2205
30/01/2014,3.238
29/01/2014,3.268
28/01/2014,3.2855
27/01/2014,3.294
24/01/2014,3.304
23/01/2014,3.3225
22/01/2014,3.375
21/01/2014,3.3915
17/01/2014,3.3785
16/01/2014,3.391
15/01/2014,3.4065
14/01/2014,3.388
13/01/2014,3.4
10/01/2014,3.387
09/01/2014,3.354
08/01/2014,3.3935
07/01/2014,3.411
06/01/2014,3.412
03/01/2014,3.406
02/01/2014,3.4315
31/12/2013,3.4415
30/12/2013,3.4205
27/12/2013,3.47
26/12/2013,3.4495
24/12/2013,3.4175
23/12/2013,3.3505
20/12/2013,3.348
19/12/2013,3.3405
18/12/2013,3.361
17/12/2013,3.367
16/12/2013,3.376
13/12/2013,3.352
12/12/2013,3.332
11/12/2013,3.3315
10/12/2013,3.3015
09/12/2013,3.2955
06/12/2013,3.2695
05/12/2013,3.2615
04/12/2013,3.2715
03/12/2013,3.201
02/12/2013,3.2175
29/11/2013,3.2305
27/11/2013,3.2005
26/11/2013,3.229
25/11/2013,3.239
22/11/2013,3.2265
21/11/2013,3.1975
20/11/2013,3.1615
19/11/2013,3.162
18/11/2013,3.1535
15/11/2013,3.173
14/11/2013,3.161
13/11/2013,3.164
12/11/2013,3.2365
11/11/2013,3.262
08/11/2013,3.253
07/11/2013,3.249
06/11/2013,3.235
05/11/2013,3.2525
04/11/2013,3.2475
31/10/2013,3.2935
30/10/2013,3.2945
29/10/2013,3.3205
28/10/2013,3.2755
27/10/2013,3.261
24/10/2013,3.2655
23/10/2013,3.261
22/10/2013,3.2665
21/10/2013,3.3285
20/10/2013,3.296
17/10/2013,3.293
16/10/2013,3.289
15/10/2013,3.3005
14/10/2013,3.304
13/10/2013,3.3
10/10/2013,3.265
09/10/2013,3.241
08/10/2013,3.2215
07/10/2013,3.282
06/10/2013,3.2895
03/10/2013,3.2935
02/10/2013,3.262
01/10/2013,3.3115
30/09/2013,3.272
29/09/2013,3.321
26/09/2013,3.3255
25/09/2013,3.304
24/09/2013,3.2805
23/09/2013,3.2655
22/09/2013,3.308
19/09/2013,3.3275
18/09/2013,3.35
17/09/2013,3.2835
16/09/2013,3.228
15/09/2013,3.227
12/09/2013,3.207
11/09/2013,3.2125
10/09/2013,3.2565
09/09/2013,3.2615
08/09/2013,3.2755
05/09/2013,3.258
04/09/2013,3.241
03/09/2013,3.2365
02/09/2013,3.2965
29/08/2013,3.225
28/08/2013,3.244
27/08/2013,3.307
26/08/2013,3.3325
25/08/2013,3.322
22/08/2013,3.352
21/08/2013,3.333
20/08/2013,3.3115
19/08/2013,3.3395
18/08/2013,3.3365
15/08/2013,3.3645
14/08/2013,3.338
13/08/2013,3.3405
12/08/2013,3.3185
11/08/2013,3.3065
08/08/2013,3.3085
07/08/2013,3.2705
06/08/2013,3.1775
05/08/2013,3.172
04/08/2013,3.167
01/08/2013,3.1695
31/07/2013,3.164
30/07/2013,3.1185
29/07/2013,3.041
28/07/2013,3.1165
25/07/2013,3.109
24/07/2013,3.1885
23/07/2013,3.1815
22/07/2013,3.198
21/07/2013,3.1895
18/07/2013,3.15
17/07/2013,3.1425
16/07/2013,3.1405
15/07/2013,3.1995
14/07/2013,3.161
11/07/2013,3.1705
10/07/2013,3.1835
09/07/2013,3.101
08/07/2013,3.076
07/07/2013,3.1115
04/07/2013,3.08
03/07/2013,3.174
01/07/2013,3.142
30/06/2013,3.155
27/06/2013,3.0505
26/06/2013,3.0525
25/06/2013,3.041
24/06/2013,3.071
23/06/2013,3.026
20/06/2013,3.0965
19/06/2013,3.0615
18/06/2013,3.1435
17/06/2013,3.157
16/06/2013,3.202
13/06/2013,3.2045
12/06/2013,3.185
11/06/2013,3.225
10/06/2013,3.193
09/06/2013,3.239
06/06/2013,3.266
05/06/2013,3.316
04/06/2013,3.367
03/06/2013,3.365
02/06/2013,3.327
30/05/2013,3.289
29/05/2013,3.3105
28/05/2013,3.291
27/05/2013,3.3115
23/05/2013,3.2915
22/05/2013,3.2995
21/05/2013,3.3775
20/05/2013,3.339
19/05/2013,3.357
16/05/2013,3.321
15/05/2013,3.292
14/05/2013,3.267
13/05/2013,3.2905
12/05/2013,3.362
09/05/2013,3.356
08/05/2013,3.3415
07/05/2013,3.371
06/05/2013,3.3005
05/05/2013,3.31
02/05/2013,3.3135
01/05/2013,3.1045
30/04/2013,3.0825
29/04/2013,3.1875
28/04/2013,3.2255
25/04/2013,3.185
24/04/2013,3.238
23/04/2013,3.158
22/04/2013,3.094
21/04/2013,3.132
18/04/2013,3.1515
17/04/2013,3.2045
16/04/2013,3.188
15/04/2013,3.3065
14/04/2013,3.28
11/04/2013,3.349
10/04/2013,3.428
09/04/2013,3.414
08/04/2013,3.438
07/04/2013,3.368
04/04/2013,3.34
03/04/2013,3.3455
02/04/2013,3.3255
01/04/2013,3.372
31/03/2013,3.3675
28/03/2013,NaN
27/03/2013,3.395
26/03/2013,3.435
25/03/2013,3.4325
24/03/2013,3.435
21/03/2013,3.454
20/03/2013,3.423
19/03/2013,3.4355
18/03/2013,3.3955
17/03/2013,3.417
14/03/2013,3.508
13/03/2013,3.5235
12/03/2013,3.5095
11/03/2013,3.538
10/03/2013,3.5
08/03/2013,3.4915
07/03/2013,3.5015
06/03/2013,3.474
05/03/2013,3.4965
04/03/2013,3.483
01/03/2013,3.4815
28/02/2013,3.5275
27/02/2013,3.545
26/02/2013,3.5665
25/02/2013,3.541
22/02/2013,3.53
21/02/2013,3.5505
20/02/2013,3.6055
19/02/2013,3.6445
15/02/2013,3.731
14/02/2013,3.73
13/02/2013,3.734
12/02/2013,3.7365
11/02/2013,3.718
08/02/2013,3.7535
07/02/2013,3.72
06/02/2013,3.7335
05/02/2013,3.7615
04/02/2013,3.7585
01/02/2013,3.7755
31/01/2013,3.7235
30/01/2013,3.74
29/01/2013,3.6775
28/01/2013,3.649
25/01/2013,3.6395
24/01/2013,3.6645
23/01/2013,3.671
22/01/2013,3.691
18/01/2013,3.6635
17/01/2013,3.647
16/01/2013,3.591
15/01/2013,3.623
14/01/2013,3.6195
11/01/2013,3.6395
10/01/2013,3.6945
09/01/2013,3.6565
08/01/2013,3.657
07/01/2013,3.663
04/01/2013,3.6785
03/01/2013,3.7015
02/01/2013,3.7245
31/12/2012,3.641
28/12/2012,3.5775
27/12/2012,3.59
26/12/2012,3.583
24/12/2012,3.534
21/12/2012,3.5555
20/12/2012,3.525
19/12/2012,3.595
18/12/2012,3.6365
17/12/2012,3.649
14/12/2012,3.665
13/12/2012,3.6445
12/12/2012,3.7
11/12/2012,3.671
10/12/2012,3.6905
07/12/2012,3.6475
06/12/2012,3.627
05/12/2012,3.667
04/12/2012,3.6335
03/12/2012,3.64
30/11/2012,3.6295
29/11/2012,3.5885
28/11/2012,3.522
27/11/2012,3.5365
26/11/2012,3.536
23/11/2012,3.5275
21/11/2012,3.496
20/11/2012,3.515
19/11/2012,3.5275
16/11/2012,3.4535
15/11/2012,3.4645
14/11/2012,3.4555
13/11/2012,3.473
12/11/2012,3.473
09/11/2012,3.4495
08/11/2012,3.4705
07/11/2012,3.443
06/11/2012,3.506
05/11/2012,3.4705
01/11/2012,3.483
31/10/2012,3.555
30/10/2012,3.527
25/10/2012,3.5635
24/10/2012,3.5645
23/10/2012,3.576
22/10/2012,3.576
21/10/2012,3.6255
18/10/2012,3.6485
17/10/2012,3.747
16/10/2012,3.7525
15/10/2012,3.708
14/10/2012,3.7115
11/10/2012,3.7145
10/10/2012,3.759
09/10/2012,3.729
08/10/2012,3.729
07/10/2012,3.727
04/10/2012,3.786
03/10/2012,3.794
02/10/2012,3.794
01/10/2012,3.807
30/09/2012,3.793
27/09/2012,3.773
26/09/2012,3.748
25/09/2012,3.714
24/09/2012,3.7735
23/09/2012,3.7455
20/09/2012,3.8035
19/09/2012,3.7725
18/09/2012,3.829
17/09/2012,3.8025
16/09/2012,3.81
13/09/2012,3.8515
12/09/2012,3.727
11/09/2012,3.71
10/09/2012,3.7145
09/09/2012,3.7
06/09/2012,3.656
05/09/2012,3.5235
04/09/2012,3.532
03/09/2012,3.4685
30/08/2012,3.454
29/08/2012,3.4405
28/08/2012,3.4625
27/08/2012,3.47
26/08/2012,3.4845
23/08/2012,3.488
22/08/2012,3.496
21/08/2012,3.46
20/08/2012,3.4565
19/08/2012,3.3735
16/08/2012,3.422
15/08/2012,3.386
14/08/2012,3.3515
13/08/2012,3.3595
12/08/2012,3.3585
09/08/2012,3.409
08/08/2012,3.437
07/08/2012,3.4275
06/08/2012,3.445
05/08/2012,3.393
02/08/2012,3.371
01/08/2012,3.2925
31/07/2012,3.3765
30/07/2012,3.4195
29/07/2012,3.415
26/07/2012,3.426
25/07/2012,3.394
24/07/2012,3.375
23/07/2012,3.353
22/07/2012,3.3815
19/07/2012,3.4485
18/07/2012,3.534
17/07/2012,3.473
16/07/2012,3.453
15/07/2012,3.481
12/07/2012,3.5005
11/07/2012,3.4115
10/07/2012,3.443
09/07/2012,3.393
08/07/2012,3.426
05/07/2012,3.4045
04/07/2012,3.488
03/07/2012,3.5345
01/07/2012,3.465
28/06/2012,3.49
27/06/2012,3.326
26/06/2012,3.3465
25/06/2012,3.3155
24/06/2012,3.314
21/06/2012,3.305
20/06/2012,3.295
19/06/2012,3.3865
18/06/2012,3.4325
17/06/2012,3.396
14/06/2012,3.385
13/06/2012,3.354
12/06/2012,3.34
11/06/2012,3.334
10/06/2012,3.345
07/06/2012,3.2835
06/06/2012,3.3695
05/06/2012,3.379
04/06/2012,3.2885
03/06/2012,3.304
31/05/2012,3.31
30/05/2012,3.3625
29/05/2012,3.3865
28/05/2012,3.4635
24/05/2012,3.448
23/05/2012,3.429
22/05/2012,3.398
21/05/2012,3.4875
20/05/2012,3.504
17/05/2012,3.4695
16/05/2012,3.4795
15/05/2012,3.485
14/05/2012,3.522
13/05/2012,3.557
10/05/2012,3.6485
09/05/2012,3.6915
08/05/2012,3.6695
07/05/2012,3.6855
06/05/2012,3.7775
03/05/2012,3.724
02/05/2012,3.7335
01/05/2012,3.7855
30/04/2012,3.84
29/04/2012,3.8335
26/04/2012,3.82
25/04/2012,3.768
24/04/2012,3.7005
23/04/2012,3.6715
22/04/2012,3.623
19/04/2012,3.696
18/04/2012,3.6265
17/04/2012,3.628
16/04/2012,3.644
15/04/2012,3.624
12/04/2012,3.623
11/04/2012,3.7165
10/04/2012,3.636
09/04/2012,3.646
08/04/2012,3.716
04/04/2012,3.7915
03/04/2012,3.7855
02/04/2012,3.9155
01/04/2012,3.9185
29/03/2012,3.824
28/03/2012,3.794
27/03/2012,3.787
26/03/2012,3.879
25/03/2012,3.8855
22/03/2012,3.8095
21/03/2012,3.7675
20/03/2012,3.8495
19/03/2012,3.828
18/03/2012,3.906
15/03/2012,3.874
14/03/2012,3.892
13/03/2012,3.842
12/03/2012,3.8965
11/03/2012,3.8315
09/03/2012,3.8525
08/03/2012,3.786
07/03/2012,3.7605
06/03/2012,3.731
05/03/2012,3.8525
02/03/2012,3.8955
01/03/2012,3.9245
29/02/2012,3.8705
28/02/2012,3.912
27/02/2012,3.88
24/02/2012,3.8625
23/02/2012,3.8045
22/02/2012,3.83
21/02/2012,3.8335
17/02/2012,3.705
16/02/2012,3.788
15/02/2012,3.798
14/02/2012,3.8115
13/02/2012,3.837
10/02/2012,3.8595
09/02/2012,3.9745
08/02/2012,3.906
07/02/2012,3.8725
06/02/2012,3.859
03/02/2012,3.897
02/02/2012,3.777
01/02/2012,3.8385
31/01/2012,3.7875
30/01/2012,3.822
27/01/2012,3.8835
26/01/2012,3.897
25/01/2012,3.825
24/01/2012,3.804
23/01/2012,3.7945
20/01/2012,3.741
19/01/2012,3.7975
18/01/2012,3.747
17/01/2012,3.726
13/01/2012,3.632
12/01/2012,3.644
11/01/2012,3.5415
10/01/2012,3.51
09/01/2012,3.4125
06/01/2012,3.431
05/01/2012,3.4225
04/01/2012,3.4295
03/01/2012,3.525
30/12/2011,3.4315
29/12/2011,3.3655
28/12/2011,3.36
27/12/2011,3.404
23/12/2011,3.4635
22/12/2011,3.409
21/12/2011,3.389
20/12/2011,3.363
19/12/2011,3.301
16/12/2011,3.324
15/12/2011,3.2595
14/12/2011,3.271
13/12/2011,3.4325
12/12/2011,3.4545
09/12/2011,3.547
08/12/2011,3.4895
07/12/2011,3.545
06/12/2011,3.5655
05/12/2011,3.604
02/12/2011,3.5725
01/12/2011,3.522
30/11/2011,3.563
29/11/2011,3.376
28/11/2011,3.3585
25/11/2011,3.268
23/11/2011,3.2775
22/11/2011,3.3305
21/11/2011,3.299
18/11/2011,3.402
17/11/2011,3.382
16/11/2011,3.482
15/11/2011,3.499
14/11/2011,3.4855
11/11/2011,3.462
10/11/2011,3.3725
09/11/2011,3.439
08/11/2011,3.532
07/11/2011,3.533
03/11/2011,3.563
02/11/2011,3.5845
01/11/2011,3.5785
31/10/2011,3.4985
30/10/2011,3.629
27/10/2011,3.702
26/10/2011,3.689
25/10/2011,3.488
24/10/2011,3.419
23/10/2011,3.447
20/10/2011,3.219
19/10/2011,3.0545
18/10/2011,3.254
17/10/2011,3.3555
16/10/2011,3.3735
13/10/2011,3.405
12/10/2011,3.3025
11/10/2011,3.3905
10/10/2011,3.2875
09/10/2011,3.362
06/10/2011,3.2665
05/10/2011,3.239
04/10/2011,3.0975
03/10/2011,3.0945
02/10/2011,3.14
29/09/2011,3.145
28/09/2011,3.237
27/09/2011,3.236
26/09/2011,3.4295
25/09/2011,3.275
22/09/2011,3.272
21/09/2011,3.4805
20/09/2011,3.7535
19/09/2011,3.7165
18/09/2011,3.7715
15/09/2011,3.92
14/09/2011,3.945
13/09/2011,3.885
12/09/2011,3.956
11/09/2011,3.9505
08/09/2011,3.9875
07/09/2011,4.128
06/09/2011,4.1155
05/09/2011,4.0395
01/09/2011,4.107
31/08/2011,4.1425
30/08/2011,4.187
29/08/2011,4.123
28/08/2011,4.089
25/08/2011,4.099
24/08/2011,4.079
23/08/2011,3.997
22/08/2011,3.9945
21/08/2011,3.956
18/08/2011,3.9825
17/08/2011,3.9645
16/08/2011,4.029
15/08/2011,3.994
14/08/2011,4.0315
11/08/2011,4.0095
10/08/2011,4.0045
09/08/2011,3.8855
08/08/2011,3.967
07/08/2011,3.9575
04/08/2011,4.113
03/08/2011,4.231
02/08/2011,4.32
01/08/2011,4.389
31/07/2011,4.404
28/07/2011,4.474
27/07/2011,4.4645
26/07/2011,4.4405
25/07/2011,4.474
24/07/2011,4.4015
21/07/2011,4.4045
20/07/2011,4.3775
19/07/2011,4.4285
18/07/2011,4.4605
17/07/2011,4.396
14/07/2011,4.405
13/07/2011,4.372
12/07/2011,4.3945
11/07/2011,4.3815
10/07/2011,4.3585
07/07/2011,4.4025
06/07/2011,4.432
05/07/2011,4.3265
04/07/2011,4.339
30/06/2011,4.292
29/06/2011,4.272
28/06/2011,4.2095
27/06/2011,4.092
26/06/2011,4.0515
23/06/2011,4.0985
22/06/2011,4.041
21/06/2011,4.09
20/06/2011,4.0895
19/06/2011,4.075
16/06/2011,4.103
15/06/2011,4.1175
14/06/2011,4.1215
13/06/2011,4.154
12/06/2011,4.0305
09/06/2011,4.052
08/06/2011,4.1035
07/06/2011,4.105
06/06/2011,4.1445
05/06/2011,4.137
02/06/2011,4.13
01/06/2011,4.0805
31/05/2011,4.103
30/05/2011,4.1735
26/05/2011,4.1795
25/05/2011,4.107
24/05/2011,4.102
23/05/2011,4.0125
22/05/2011,3.99
19/05/2011,4.119
18/05/2011,4.047
17/05/2011,4.0995
16/05/2011,3.991
15/05/2011,3.983
12/05/2011,3.975
11/05/2011,3.9605
10/05/2011,3.902
09/05/2011,4.0295
08/05/2011,4.004
05/05/2011,3.9635
04/05/2011,3.9855
03/05/2011,4.1205
02/05/2011,4.24
01/05/2011,4.1825
28/04/2011,4.1655
27/04/2011,4.245
26/04/2011,4.2285
25/04/2011,4.3185
24/04/2011,4.301
20/04/2011,4.398
19/04/2011,4.3365
18/04/2011,4.225
17/04/2011,4.194
14/04/2011,4.253
13/04/2011,4.2795
12/04/2011,4.2885
11/04/2011,4.3775
10/04/2011,4.4535
07/04/2011,4.495
06/04/2011,4.409
05/04/2011,4.3635
04/04/2011,4.258
03/04/2011,4.2465
31/03/2011,4.2515
30/03/2011,4.3
29/03/2011,4.266
28/03/2011,4.3375
27/03/2011,4.3405
24/03/2011,4.4085
23/03/2011,4.414
22/03/2011,4.4185
21/03/2011,4.3035
20/03/2011,4.2755
17/03/2011,4.3295
16/03/2011,4.336
15/03/2011,4.187
14/03/2011,4.125
13/03/2011,4.1735
11/03/2011,4.195
10/03/2011,4.1845
09/03/2011,4.1995
08/03/2011,4.325
07/03/2011,4.313
04/03/2011,4.472
03/03/2011,4.475
02/03/2011,4.48
01/03/2011,4.4905
28/02/2011,4.478
25/02/2011,4.436
24/02/2011,4.3265
23/02/2011,4.2735
22/02/2011,4.3455
18/02/2011,4.4785
17/02/2011,4.48
16/02/2011,4.466
15/02/2011,4.5315
14/02/2011,4.623
11/02/2011,4.531
10/02/2011,4.537
09/02/2011,4.5195
08/02/2011,4.568
07/02/2011,4.5675
04/02/2011,4.571
03/02/2011,4.535
02/02/2011,4.534
01/02/2011,4.54
31/01/2011,4.451
28/01/2011,4.3655
27/01/2011,4.331
26/01/2011,4.2605
25/01/2011,4.219
24/01/2011,4.3415
21/01/2011,4.3
20/01/2011,4.2625
19/01/2011,4.36
18/01/2011,4.4185
14/01/2011,4.4035
13/01/2011,4.367
12/01/2011,4.402
11/01/2011,4.339
10/01/2011,4.2545
07/01/2011,4.2725
06/01/2011,4.321
05/01/2011,4.4015
04/01/2011,4.3635
03/01/2011,4.4515
31/12/2010,4.4395
30/12/2010,4.3565
29/12/2010,4.309
28/12/2010,4.324
27/12/2010,4.275
23/12/2010,4.252
22/12/2010,4.269
21/12/2010,4.2705
20/12/2010,4.2005
17/12/2010,4.153
16/12/2010,4.1105
15/12/2010,4.1265
14/12/2010,4.2015
13/12/2010,4.1995
10/12/2010,4.105
09/12/2010,4.0815
08/12/2010,4.0945
07/12/2010,4.044
06/12/2010,4.004
03/12/2010,3.995
02/12/2010,3.977
01/12/2010,3.946
30/11/2010,3.823
29/11/2010,3.758
26/11/2010,3.751
24/11/2010,3.7555
23/11/2010,3.701
22/11/2010,3.7495
19/11/2010,3.833
18/11/2010,3.8305
17/11/2010,3.7285
16/11/2010,3.724
15/11/2010,3.923
12/11/2010,3.8885
11/11/2010,4.018
10/11/2010,3.966
09/11/2010,4.0395
08/11/2010,3.9525
04/11/2010,3.944
03/11/2010,3.9065
02/11/2010,3.7795
01/11/2010,3.8335
31/10/2010,3.7785
28/10/2010,3.732
27/10/2010,3.785
26/10/2010,3.7735
25/10/2010,3.8635
24/10/2010,3.8565
21/10/2010,3.7915
20/10/2010,3.7755
19/10/2010,3.7885
18/10/2010,3.755
17/10/2010,3.8505
14/10/2010,3.8345
13/10/2010,3.809
12/10/2010,3.814
11/10/2010,3.781
10/10/2010,3.7795
07/10/2010,3.7665
06/10/2010,3.6735
05/10/2010,3.746
04/10/2010,3.719
03/10/2010,3.6575
30/09/2010,3.6835
29/09/2010,3.646
28/09/2010,3.6565
27/09/2010,3.634
26/09/2010,3.5935
23/09/2010,3.6135
22/09/2010,3.585
21/09/2010,3.5585
20/09/2010,3.4745
19/09/2010,3.496
16/09/2010,3.5135
15/09/2010,3.483
14/09/2010,3.458
13/09/2010,3.4595
12/09/2010,3.4715
09/09/2010,3.397
08/09/2010,3.4335
07/09/2010,3.4905
06/09/2010,3.4635
02/09/2010,3.4935
01/09/2010,3.488
31/08/2010,3.4685
30/08/2010,3.361
29/08/2010,3.413
26/08/2010,3.364
25/08/2010,3.3055
24/08/2010,3.211
23/08/2010,3.2395
22/08/2010,3.2915
19/08/2010,3.291
18/08/2010,3.3175
17/08/2010,3.349
16/08/2010,3.3375
15/08/2010,3.277
12/08/2010,3.2515
11/08/2010,3.2825
10/08/2010,3.2525
09/08/2010,3.311
08/08/2010,3.3505
05/08/2010,3.3395
04/08/2010,3.3505
03/08/2010,3.4005
02/08/2010,3.355
01/08/2010,3.385
29/07/2010,3.307
28/07/2010,3.2855
27/07/2010,3.24
26/07/2010,3.205
25/07/2010,3.225
22/07/2010,3.185
21/07/2010,3.1605
20/07/2010,3.087
19/07/2010,2.9975
18/07/2010,2.9325
15/07/2010,2.9235
14/07/2010,3.005
13/07/2010,3.001
12/07/2010,3.0095
11/07/2010,2.9995
08/07/2010,3.0445
07/07/2010,3.007
06/07/2010,3.0055
05/07/2010,2.96
01/07/2010,2.904
30/06/2010,2.865
29/06/2010,2.936
28/06/2010,2.9155
27/06/2010,3.0685
24/06/2010,3.093
23/06/2010,3.003
22/06/2010,2.934
21/06/2010,2.9905
20/06/2010,2.939
17/06/2010,2.881
16/06/2010,2.9025
15/06/2010,2.994
14/06/2010,3.0025
13/06/2010,2.99
10/06/2010,2.8995
09/06/2010,2.8555
08/06/2010,2.8425
07/06/2010,2.7725
06/06/2010,2.759
03/06/2010,2.8125
02/06/2010,2.9385
01/06/2010,3.032
31/05/2010,3.054
27/05/2010,3.097
26/05/2010,3.1515
25/05/2010,3.0715
24/05/2010,3.0335
23/05/2010,3.1365
20/05/2010,3.0515
19/05/2010,2.9355
18/05/2010,2.95
17/05/2010,3.0225
16/05/2010,2.923
13/05/2010,3.123
12/05/2010,3.2195
11/05/2010,3.176
10/05/2010,3.194
09/05/2010,3.215
06/05/2010,3.131
05/05/2010,3.1035
04/05/2010,3.138
03/05/2010,3.1645
02/05/2010,3.2785
29/04/2010,3.3375
28/04/2010,3.3335
27/04/2010,3.3675
26/04/2010,3.3635
25/04/2010,3.527
22/04/2010,3.5115
21/04/2010,3.4845
20/04/2010,3.533
19/04/2010,3.512
18/04/2010,3.4945
15/04/2010,3.5115
14/04/2010,3.5965
13/04/2010,3.6055
12/04/2010,3.5955
11/04/2010,3.5595
08/04/2010,3.5845
07/04/2010,3.581
06/04/2010,3.592
05/04/2010,3.6095
04/04/2010,3.626
31/03/2010,3.577
