date,crude_oil
24/11/2023,75.54
22/11/2023,77.1
21/11/2023,77.77
20/11/2023,77.6
17/11/2023,75.89
16/11/2023,72.9
15/11/2023,76.66
14/11/2023,78.26
13/11/2023,78.26
10/11/2023,77.17
09/11/2023,75.74
08/11/2023,75.33
07/11/2023,77.37
06/11/2023,80.82
02/11/2023,80.51
01/11/2023,82.46
31/10/2023,80.44
30/10/2023,81.02
29/10/2023,82.31
26/10/2023,85.54
25/10/2023,83.21
24/10/2023,85.39
23/10/2023,83.74
22/10/2023,85.49
19/10/2023,88.75
18/10/2023,89.37
17/10/2023,88.32
16/10/2023,86.66
15/10/2023,86.66
12/10/2023,87.69
11/10/2023,82.91
10/10/2023,83.49
09/10/2023,85.97
08/10/2023,86.38
05/10/2023,82.79
04/10/2023,82.31
03/10/2023,84.22
02/10/2023,89.23
01/10/2023,88.82
28/09/2023,90.79
27/09/2023,91.71
26/09/2023,93.68
25/09/2023,90.39
24/09/2023,89.68
21/09/2023,90.03
20/09/2023,89.63
19/09/2023,90.28
18/09/2023,91.2
17/09/2023,91.48
14/09/2023,90.77
13/09/2023,90.16
12/09/2023,88.52
11/09/2023,88.84
10/09/2023,87.29
07/09/2023,87.51
06/09/2023,86.87
05/09/2023,87.54
04/09/2023,86.69
31/08/2023,85.55
30/08/2023,83.63
29/08/2023,81.63
28/08/2023,81.16
27/08/2023,80.1
24/08/2023,79.83
23/08/2023,79.05
22/08/2023,78.89
21/08/2023,80.35
20/08/2023,80.72
17/08/2023,81.25
16/08/2023,80.39
15/08/2023,79.38
14/08/2023,80.99
13/08/2023,82.51
10/08/2023,83.19
09/08/2023,82.82
08/08/2023,84.4
07/08/2023,82.92
06/08/2023,81.94
03/08/2023,82.82
02/08/2023,81.55
01/08/2023,79.49
31/07/2023,81.37
30/07/2023,81.8
27/07/2023,80.58
26/07/2023,80.09
25/07/2023,78.78
24/07/2023,79.63
23/07/2023,78.74
20/07/2023,77.07
19/07/2023,75.63
18/07/2023,75.35
17/07/2023,75.75
16/07/2023,74.15
13/07/2023,75.42
12/07/2023,76.89
11/07/2023,75.75
10/07/2023,74.83
09/07/2023,72.99
06/07/2023,73.86
05/07/2023,71.8
04/07/2023,71.79
03/07/2023,69.79
29/06/2023,70.64
28/06/2023,69.86
27/06/2023,69.56
26/06/2023,67.7
25/06/2023,69.37
22/06/2023,69.16
21/06/2023,69.51
20/06/2023,72.53
19/06/2023,70.5
15/06/2023,71.78
14/06/2023,70.62
13/06/2023,68.27
12/06/2023,69.42
11/06/2023,67.12
08/06/2023,70.17
07/06/2023,71.29
06/06/2023,72.53
05/06/2023,71.74
04/06/2023,72.15
01/06/2023,71.74
31/05/2023,70.1
30/05/2023,68.09
29/05/2023,69.46
25/05/2023,72.67
24/05/2023,71.83
23/05/2023,74.34
22/05/2023,72.91
21/05/2023,71.99
18/05/2023,71.55
17/05/2023,71.86
16/05/2023,72.83
15/05/2023,70.86
14/05/2023,71.11
11/05/2023,70.04
10/05/2023,70.87
09/05/2023,72.56
08/05/2023,73.71
07/05/2023,73.16
04/05/2023,71.34
03/05/2023,68.56
02/05/2023,68.6
01/05/2023,71.66
30/04/2023,75.66
27/04/2023,76.78
26/04/2023,74.76
25/04/2023,74.3
24/04/2023,77.07
23/04/2023,78.76
20/04/2023,77.87
19/04/2023,77.29
18/04/2023,79.16
17/04/2023,80.86
16/04/2023,80.83
13/04/2023,82.52
12/04/2023,82.16
11/04/2023,83.26
10/04/2023,81.53
09/04/2023,79.74
05/04/2023,80.7
04/04/2023,80.61
03/04/2023,80.71
02/04/2023,80.42
30/03/2023,75.67
29/03/2023,74.37
28/03/2023,72.97
27/03/2023,73.2
26/03/2023,72.81
23/03/2023,69.26
22/03/2023,69.96
21/03/2023,70.9
20/03/2023,69.33
19/03/2023,67.64
16/03/2023,66.74
15/03/2023,68.35
14/03/2023,67.61
13/03/2023,71.33
12/03/2023,74.8
10/03/2023,76.68
09/03/2023,75.72
08/03/2023,76.66
07/03/2023,77.58
06/03/2023,80.46
03/03/2023,79.68
02/03/2023,78.16
01/03/2023,77.69
28/02/2023,77.05
27/02/2023,75.68
24/02/2023,76.32
23/02/2023,75.39
22/02/2023,73.95
21/02/2023,76.16
17/02/2023,76.34
16/02/2023,78.49
15/02/2023,78.59
14/02/2023,79.06
13/02/2023,80.14
10/02/2023,79.72
09/02/2023,78.06
08/02/2023,78.47
07/02/2023,77.14
06/02/2023,74.11
03/02/2023,73.39
02/02/2023,75.88
01/02/2023,76.41
31/01/2023,78.87
30/01/2023,77.9
27/01/2023,79.68
26/01/2023,81.01
25/01/2023,80.15
24/01/2023,80.13
23/01/2023,81.62
20/01/2023,81.31
19/01/2023,80.33
18/01/2023,79.48
17/01/2023,80.18
13/01/2023,79.86
12/01/2023,78.39
11/01/2023,77.41
10/01/2023,75.12
09/01/2023,74.63
06/01/2023,73.77
05/01/2023,73.67
04/01/2023,72.84
03/01/2023,76.93
30/12/2022,80.26
29/12/2022,78.4
28/12/2022,78.96
27/12/2022,79.53
23/12/2022,79.56
22/12/2022,77.49
21/12/2022,78.29
20/12/2022,76.09
19/12/2022,75.19
16/12/2022,74.29
15/12/2022,76.11
14/12/2022,77.28
13/12/2022,75.39
12/12/2022,73.17
09/12/2022,71.02
08/12/2022,71.46
07/12/2022,72.01
06/12/2022,74.25
05/12/2022,76.93
02/12/2022,79.98
01/12/2022,81.22
30/11/2022,80.55
29/11/2022,78.2
28/11/2022,77.24
25/11/2022,76.28
23/11/2022,77.94
22/11/2022,80.95
21/11/2022,79.73
18/11/2022,80.08
17/11/2022,81.64
16/11/2022,85.59
15/11/2022,86.92
14/11/2022,85.87
11/11/2022,88.96
10/11/2022,86.47
09/11/2022,85.83
08/11/2022,88.91
07/11/2022,91.79
03/11/2022,92.61
02/11/2022,88.17
01/11/2022,90.0
31/10/2022,88.37
30/10/2022,86.53
27/10/2022,87.9
26/10/2022,89.08
25/10/2022,87.91
24/10/2022,85.32
23/10/2022,84.58
20/10/2022,85.05
19/10/2022,85.98
18/10/2022,85.55
17/10/2022,82.82
16/10/2022,85.46
13/10/2022,85.61
12/10/2022,89.11
11/10/2022,87.27
10/10/2022,89.35
09/10/2022,91.13
06/10/2022,92.64
05/10/2022,88.45
04/10/2022,87.76
03/10/2022,86.52
02/10/2022,83.63
29/09/2022,79.49
28/09/2022,81.23
27/09/2022,82.15
26/09/2022,78.5
25/09/2022,76.71
22/09/2022,78.74
21/09/2022,83.49
20/09/2022,82.94
19/09/2022,84.45
18/09/2022,85.73
15/09/2022,85.11
14/09/2022,85.1
13/09/2022,88.48
12/09/2022,87.31
11/09/2022,87.78
08/09/2022,86.79
07/09/2022,83.54
06/09/2022,81.94
05/09/2022,86.88
01/09/2022,86.87
31/08/2022,86.61
30/08/2022,89.55
29/08/2022,91.64
28/08/2022,97.01
25/08/2022,93.06
24/08/2022,92.52
23/08/2022,94.89
22/08/2022,93.74
21/08/2022,90.23
18/08/2022,90.77
17/08/2022,90.5
16/08/2022,88.11
15/08/2022,86.53
14/08/2022,89.41
11/08/2022,92.09
10/08/2022,94.34
09/08/2022,91.93
08/08/2022,90.5
07/08/2022,90.76
04/08/2022,89.01
03/08/2022,88.54
02/08/2022,90.66
01/08/2022,94.42
31/07/2022,93.89
28/07/2022,98.62
27/07/2022,96.42
26/07/2022,97.26
25/07/2022,94.98
24/07/2022,96.7
21/07/2022,94.7
20/07/2022,96.35
19/07/2022,102.26
18/07/2022,104.22
17/07/2022,102.6
14/07/2022,97.59
13/07/2022,95.78
12/07/2022,96.3
11/07/2022,95.84
10/07/2022,104.09
07/07/2022,104.79
06/07/2022,102.73
05/07/2022,98.53
04/07/2022,99.5
30/06/2022,108.43
29/06/2022,105.76
28/06/2022,109.78
27/06/2022,111.76
26/06/2022,109.57
23/06/2022,107.62
22/06/2022,104.27
21/06/2022,106.19
20/06/2022,110.65
16/06/2022,109.56
15/06/2022,117.59
14/06/2022,115.31
13/06/2022,118.93
12/06/2022,120.93
09/06/2022,120.67
08/06/2022,121.51
07/06/2022,122.11
06/06/2022,119.41
05/06/2022,118.5
02/06/2022,118.87
01/06/2022,116.87
31/05/2022,115.26
30/05/2022,114.67
26/05/2022,115.07
25/05/2022,114.09
24/05/2022,110.33
23/05/2022,109.77
22/05/2022,110.29
19/05/2022,113.23
18/05/2022,112.21
17/05/2022,109.59
16/05/2022,112.4
15/05/2022,114.2
12/05/2022,110.49
11/05/2022,106.13
10/05/2022,105.71
09/05/2022,99.76
08/05/2022,103.09
05/05/2022,109.77
04/05/2022,108.26
03/05/2022,107.81
02/05/2022,102.41
01/05/2022,105.17
28/04/2022,104.69
27/04/2022,105.36
26/04/2022,102.02
25/04/2022,101.7
24/04/2022,98.54
21/04/2022,102.07
20/04/2022,103.79
19/04/2022,102.75
18/04/2022,102.56
17/04/2022,108.21
13/04/2022,106.95
12/04/2022,104.25
11/04/2022,100.6
10/04/2022,94.29
07/04/2022,98.26
06/04/2022,96.03
05/04/2022,96.23
04/04/2022,101.96
03/04/2022,103.28
31/03/2022,99.27
30/03/2022,100.28
29/03/2022,107.82
28/03/2022,104.24
27/03/2022,105.96
24/03/2022,113.9
23/03/2022,112.34
22/03/2022,114.93
21/03/2022,111.76
20/03/2022,112.12
17/03/2022,104.7
16/03/2022,102.98
15/03/2022,95.04
14/03/2022,96.44
13/03/2022,103.01
11/03/2022,109.33
10/03/2022,106.02
09/03/2022,108.7
08/03/2022,123.7
07/03/2022,119.4
04/03/2022,115.68
03/03/2022,107.67
02/03/2022,110.6
01/03/2022,103.41
28/02/2022,95.72
25/02/2022,91.59
24/02/2022,92.81
23/02/2022,92.1
22/02/2022,92.35
18/02/2022,91.07
17/02/2022,91.76
16/02/2022,93.66
15/02/2022,92.07
14/02/2022,95.46
11/02/2022,93.1
10/02/2022,89.88
09/02/2022,89.66
08/02/2022,89.36
07/02/2022,91.32
04/02/2022,92.31
03/02/2022,90.27
02/02/2022,88.26
01/02/2022,88.2
31/01/2022,88.15
28/01/2022,86.82
27/01/2022,86.61
26/01/2022,87.35
25/01/2022,85.6
24/01/2022,83.31
21/01/2022,85.14
20/01/2022,86.9
19/01/2022,86.96
18/01/2022,85.43
14/01/2022,83.82
13/01/2022,82.12
12/01/2022,82.64
11/01/2022,81.22
10/01/2022,78.23
07/01/2022,78.9
06/01/2022,79.46
05/01/2022,77.85
04/01/2022,76.99
03/01/2022,76.08
31/12/2021,75.21
30/12/2021,76.99
29/12/2021,76.56
28/12/2021,75.98
27/12/2021,75.57
23/12/2021,73.79
22/12/2021,72.76
21/12/2021,71.12
20/12/2021,68.23
17/12/2021,70.86
16/12/2021,72.38
15/12/2021,70.87
14/12/2021,70.73
13/12/2021,71.29
10/12/2021,71.67
09/12/2021,70.94
08/12/2021,72.36
07/12/2021,72.05
06/12/2021,69.49
03/12/2021,66.26
02/12/2021,66.5
01/12/2021,65.57
30/11/2021,66.18
29/11/2021,69.95
26/11/2021,68.15
24/11/2021,78.39
23/11/2021,78.5
22/11/2021,76.75
19/11/2021,76.1
18/11/2021,79.01
17/11/2021,78.36
16/11/2021,80.76
15/11/2021,80.88
12/11/2021,80.79
11/11/2021,81.59
10/11/2021,81.34
09/11/2021,84.15
08/11/2021,81.93
04/11/2021,81.27
03/11/2021,78.81
02/11/2021,80.86
01/11/2021,83.91
31/10/2021,84.05
28/10/2021,83.57
27/10/2021,82.81
26/10/2021,82.66
25/10/2021,84.65
24/10/2021,83.76
21/10/2021,83.76
20/10/2021,82.5
19/10/2021,83.87
18/10/2021,82.96
17/10/2021,82.44
14/10/2021,82.28
13/10/2021,81.31
12/10/2021,80.44
11/10/2021,80.64
10/10/2021,80.52
07/10/2021,79.35
06/10/2021,78.3
05/10/2021,77.43
04/10/2021,78.93
03/10/2021,77.62
30/09/2021,75.88
29/09/2021,75.03
28/09/2021,74.83
27/09/2021,75.29
26/09/2021,75.45
23/09/2021,73.98
22/09/2021,73.3
21/09/2021,72.23
20/09/2021,70.56
19/09/2021,70.29
16/09/2021,71.97
15/09/2021,72.61
14/09/2021,72.61
13/09/2021,70.46
12/09/2021,70.45
09/09/2021,69.72
08/09/2021,68.14
07/09/2021,69.3
06/09/2021,68.35
02/09/2021,69.29
01/09/2021,69.99
31/08/2021,68.59
30/08/2021,68.5
29/08/2021,69.21
26/08/2021,68.74
25/08/2021,67.42
24/08/2021,68.36
23/08/2021,67.54
22/08/2021,65.64
19/08/2021,62.32
18/08/2021,63.69
17/08/2021,65.46
16/08/2021,66.59
15/08/2021,67.29
12/08/2021,68.44
11/08/2021,69.09
10/08/2021,69.25
09/08/2021,68.29
08/08/2021,66.48
05/08/2021,68.28
04/08/2021,69.09
03/08/2021,68.15
02/08/2021,70.56
01/08/2021,71.26
29/07/2021,73.95
28/07/2021,73.62
27/07/2021,72.39
26/07/2021,71.65
25/07/2021,71.91
22/07/2021,72.07
21/07/2021,71.91
20/07/2021,70.3
19/07/2021,67.42
18/07/2021,66.42
15/07/2021,71.81
14/07/2021,71.65
13/07/2021,73.13
12/07/2021,75.25
11/07/2021,74.1
08/07/2021,74.56
07/07/2021,72.94
06/07/2021,72.2
05/07/2021,73.37
01/07/2021,75.16
30/06/2021,75.23
29/06/2021,73.47
28/06/2021,72.98
27/06/2021,72.91
24/06/2021,74.05
23/06/2021,73.3
22/06/2021,73.08
21/06/2021,73.06
20/06/2021,73.66
17/06/2021,71.64
16/06/2021,71.04
15/06/2021,72.15
14/06/2021,72.12
13/06/2021,70.88
10/06/2021,70.91
09/06/2021,70.29
08/06/2021,69.96
07/06/2021,70.05
06/06/2021,69.23
03/06/2021,69.62
02/06/2021,68.81
01/06/2021,68.83
31/05/2021,67.72
27/05/2021,66.32
26/05/2021,66.85
25/05/2021,66.21
24/05/2021,66.07
23/05/2021,66.05
20/05/2021,63.58
19/05/2021,62.05
18/05/2021,63.36
17/05/2021,65.49
16/05/2021,66.27
13/05/2021,65.37
12/05/2021,63.82
11/05/2021,66.08
10/05/2021,65.28
09/05/2021,64.92
06/05/2021,64.9
05/05/2021,64.71
04/05/2021,65.63
03/05/2021,65.69
02/05/2021,64.49
29/04/2021,63.58
28/04/2021,65.01
27/04/2021,63.86
26/04/2021,62.94
25/04/2021,61.91
22/04/2021,62.14
21/04/2021,61.43
20/04/2021,61.35
19/04/2021,62.44
18/04/2021,63.38
15/04/2021,63.13
14/04/2021,63.46
13/04/2021,63.15
12/04/2021,60.18
11/04/2021,59.7
08/04/2021,59.32
07/04/2021,59.6
06/04/2021,59.77
05/04/2021,59.33
04/04/2021,58.65
31/03/2021,61.45
30/03/2021,59.16
29/03/2021,60.55
28/03/2021,61.56
25/03/2021,60.97
24/03/2021,58.56
23/03/2021,61.18
22/03/2021,57.76
21/03/2021,61.55
18/03/2021,61.42
17/03/2021,60.0
16/03/2021,64.6
15/03/2021,64.8
14/03/2021,65.39
12/03/2021,65.61
11/03/2021,66.02
10/03/2021,64.44
09/03/2021,64.01
08/03/2021,65.05
05/03/2021,66.09
04/03/2021,63.83
03/03/2021,61.28
02/03/2021,59.75
01/03/2021,60.64
26/02/2021,61.5
25/02/2021,63.53
24/02/2021,63.22
23/02/2021,61.67
22/02/2021,61.49
19/02/2021,59.24
18/02/2021,60.52
17/02/2021,61.14
16/02/2021,60.05
12/02/2021,59.47
11/02/2021,58.24
10/02/2021,58.68
09/02/2021,58.36
08/02/2021,57.97
05/02/2021,56.85
04/02/2021,56.23
03/02/2021,55.69
02/02/2021,54.76
01/02/2021,53.55
29/01/2021,52.2
28/01/2021,52.34
27/01/2021,52.85
26/01/2021,52.61
25/01/2021,52.77
22/01/2021,52.27
21/01/2021,53.13
20/01/2021,53.24
19/01/2021,52.98
15/01/2021,52.36
14/01/2021,53.57
13/01/2021,52.91
12/01/2021,53.21
11/01/2021,52.25
08/01/2021,52.24
07/01/2021,50.83
06/01/2021,50.63
05/01/2021,49.93
04/01/2021,47.62
31/12/2020,48.52
30/12/2020,48.4
29/12/2020,48.0
28/12/2020,47.62
24/12/2020,48.23
23/12/2020,48.12
22/12/2020,47.02
21/12/2020,47.74
18/12/2020,49.1
17/12/2020,48.36
16/12/2020,47.82
15/12/2020,47.62
14/12/2020,46.99
11/12/2020,46.57
10/12/2020,46.78
09/12/2020,45.52
08/12/2020,45.6
07/12/2020,45.76
04/12/2020,46.26
03/12/2020,45.64
02/12/2020,45.28
01/12/2020,44.55
30/11/2020,45.34
27/11/2020,45.53
25/11/2020,45.71
24/11/2020,44.91
23/11/2020,43.06
20/11/2020,42.15
19/11/2020,41.74
18/11/2020,41.82
17/11/2020,41.43
16/11/2020,41.34
13/11/2020,40.13
12/11/2020,41.12
11/11/2020,41.45
10/11/2020,41.36
09/11/2020,40.29
06/11/2020,37.14
05/11/2020,38.79
04/11/2020,39.15
03/11/2020,37.66
02/11/2020,36.81
29/10/2020,35.79
28/10/2020,36.17
27/10/2020,37.39
26/10/2020,39.57
25/10/2020,38.56
22/10/2020,39.85
21/10/2020,40.64
20/10/2020,40.03
19/10/2020,41.46
18/10/2020,40.83
15/10/2020,40.88
14/10/2020,40.96
13/10/2020,41.04
12/10/2020,40.2
11/10/2020,39.43
08/10/2020,40.6
07/10/2020,41.19
06/10/2020,39.95
05/10/2020,40.67
04/10/2020,39.22
01/10/2020,37.05
30/09/2020,38.72
29/09/2020,40.22
28/09/2020,39.29
27/09/2020,40.6
24/09/2020,40.25
23/09/2020,40.31
22/09/2020,39.93
21/09/2020,39.6
20/09/2020,39.31
17/09/2020,41.11
16/09/2020,40.97
15/09/2020,40.16
14/09/2020,38.28
13/09/2020,37.26
10/09/2020,37.33
09/09/2020,37.3
08/09/2020,38.05
07/09/2020,36.76
03/09/2020,39.77
02/09/2020,41.37
01/09/2020,41.51
31/08/2020,42.76
30/08/2020,42.61
27/08/2020,42.97
26/08/2020,43.04
25/08/2020,43.39
24/08/2020,43.35
23/08/2020,42.62
20/08/2020,42.34
19/08/2020,42.58
18/08/2020,42.93
17/08/2020,42.89
16/08/2020,42.89
13/08/2020,42.01
12/08/2020,42.24
11/08/2020,42.67
10/08/2020,41.61
09/08/2020,41.94
06/08/2020,41.22
05/08/2020,41.95
04/08/2020,42.19
03/08/2020,41.7
02/08/2020,41.01
30/07/2020,40.27
29/07/2020,39.92
28/07/2020,41.27
27/07/2020,41.04
26/07/2020,41.6
23/07/2020,41.29
22/07/2020,41.07
21/07/2020,41.9
20/07/2020,41.96
19/07/2020,40.81
16/07/2020,40.59
15/07/2020,40.75
14/07/2020,41.2
13/07/2020,40.29
12/07/2020,40.1
09/07/2020,40.55
08/07/2020,39.62
07/07/2020,40.9
06/07/2020,40.62
05/07/2020,40.63
01/07/2020,40.65
30/06/2020,39.82
29/06/2020,39.27
28/06/2020,39.7
25/06/2020,38.49
24/06/2020,38.72
23/06/2020,38.01
22/06/2020,40.37
21/06/2020,40.46
18/06/2020,39.75
17/06/2020,38.84
16/06/2020,37.96
15/06/2020,38.38
14/06/2020,37.12
11/06/2020,36.26
10/06/2020,36.34
09/06/2020,39.6
08/06/2020,38.94
07/06/2020,38.19
04/06/2020,39.55
03/06/2020,37.41
02/06/2020,37.29
01/06/2020,36.81
31/05/2020,35.44
28/05/2020,35.49
27/05/2020,33.71
26/05/2020,32.81
25/05/2020,34.35
21/05/2020,33.25
20/05/2020,33.92
19/05/2020,33.49
18/05/2020,32.5
17/05/2020,31.82
14/05/2020,29.43
13/05/2020,27.56
12/05/2020,25.29
11/05/2020,25.78
10/05/2020,24.14
07/05/2020,24.74
06/05/2020,23.55
05/05/2020,23.99
04/05/2020,24.56
03/05/2020,20.39
30/04/2020,19.78
29/04/2020,18.84
28/04/2020,15.06
27/04/2020,12.34
26/04/2020,12.78
23/04/2020,16.94
22/04/2020,16.5
21/04/2020,13.78
20/04/2020,10.01
19/04/2020,-37.63
16/04/2020,18.27
15/04/2020,19.87
14/04/2020,19.87
13/04/2020,20.11
12/04/2020,22.41
08/04/2020,22.76
07/04/2020,25.09
06/04/2020,23.63
05/04/2020,26.08
02/04/2020,28.34
01/04/2020,25.32
31/03/2020,20.31
30/03/2020,20.48
29/03/2020,20.09
26/03/2020,21.51
25/03/2020,22.6
24/03/2020,24.49
23/03/2020,24.01
22/03/2020,23.36
19/03/2020,22.43
18/03/2020,25.22
17/03/2020,20.37
16/03/2020,26.95
15/03/2020,28.7
12/03/2020,31.73
11/03/2020,31.5
10/03/2020,32.98
09/03/2020,34.36
08/03/2020,31.13
06/03/2020,41.28
05/03/2020,45.9
04/03/2020,46.78
03/03/2020,47.18
02/03/2020,46.75
28/02/2020,44.76
27/02/2020,47.09
26/02/2020,48.73
25/02/2020,49.9
24/02/2020,51.43
21/02/2020,53.38
20/02/2020,53.78
19/02/2020,53.29
18/02/2020,52.05
14/02/2020,52.05
13/02/2020,51.42
12/02/2020,51.17
11/02/2020,49.94
10/02/2020,49.57
07/02/2020,50.32
06/02/2020,50.95
05/02/2020,50.75
04/02/2020,49.61
03/02/2020,50.11
31/01/2020,51.56
30/01/2020,52.14
29/01/2020,53.33
28/01/2020,53.48
27/01/2020,53.14
24/01/2020,54.19
23/01/2020,55.59
22/01/2020,56.74
21/01/2020,58.34
17/01/2020,58.54
16/01/2020,58.52
15/01/2020,57.81
14/01/2020,58.23
13/01/2020,58.08
10/01/2020,59.04
09/01/2020,59.56
08/01/2020,59.61
07/01/2020,62.7
06/01/2020,63.27
03/01/2020,63.05
02/01/2020,61.18
31/12/2019,61.06
30/12/2019,61.68
27/12/2019,61.72
26/12/2019,61.68
24/12/2019,61.11
23/12/2019,60.52
20/12/2019,60.44
19/12/2019,61.22
18/12/2019,60.93
17/12/2019,60.94
16/12/2019,60.21
13/12/2019,60.07
12/12/2019,59.18
11/12/2019,58.76
10/12/2019,59.24
09/12/2019,59.02
06/12/2019,59.2
05/12/2019,58.43
04/12/2019,58.43
03/12/2019,56.1
02/12/2019,55.96
29/11/2019,55.17
27/11/2019,58.11
26/11/2019,58.41
25/11/2019,58.01
22/11/2019,57.77
21/11/2019,58.58
20/11/2019,57.11
19/11/2019,55.21
18/11/2019,57.05
15/11/2019,57.72
14/11/2019,56.77
13/11/2019,57.12
12/11/2019,56.8
11/11/2019,56.86
08/11/2019,57.24
07/11/2019,57.15
06/11/2019,56.35
05/11/2019,57.23
04/11/2019,56.54
31/10/2019,56.2
30/10/2019,54.18
29/10/2019,55.06
28/10/2019,55.54
27/10/2019,55.81
24/10/2019,56.66
23/10/2019,56.23
22/10/2019,55.97
21/10/2019,54.16
20/10/2019,53.31
17/10/2019,53.78
16/10/2019,53.93
15/10/2019,53.36
14/10/2019,52.81
13/10/2019,53.59
10/10/2019,54.7
09/10/2019,53.55
08/10/2019,52.59
07/10/2019,52.63
06/10/2019,52.75
03/10/2019,52.81
02/10/2019,52.45
01/10/2019,52.64
30/09/2019,53.62
29/09/2019,54.07
26/09/2019,55.91
25/09/2019,56.41
24/09/2019,56.49
23/09/2019,57.29
22/09/2019,58.64
19/09/2019,58.09
18/09/2019,58.13
17/09/2019,58.11
16/09/2019,59.34
15/09/2019,62.9
12/09/2019,54.85
11/09/2019,55.09
10/09/2019,55.75
09/09/2019,57.4
08/09/2019,57.85
05/09/2019,56.52
04/09/2019,56.3
03/09/2019,56.26
02/09/2019,53.94
29/08/2019,55.1
28/08/2019,56.71
27/08/2019,55.78
26/08/2019,54.93
25/08/2019,53.64
22/08/2019,54.17
21/08/2019,55.35
20/08/2019,55.68
19/08/2019,56.34
18/08/2019,56.21
15/08/2019,54.87
14/08/2019,54.47
13/08/2019,55.23
12/08/2019,57.1
11/08/2019,54.93
08/08/2019,54.5
07/08/2019,52.54
06/08/2019,51.09
05/08/2019,53.63
04/08/2019,54.69
01/08/2019,55.66
31/07/2019,53.95
30/07/2019,58.58
29/07/2019,58.05
28/07/2019,56.87
25/07/2019,56.2
24/07/2019,56.02
23/07/2019,55.88
22/07/2019,56.77
21/07/2019,56.22
18/07/2019,55.63
17/07/2019,55.3
16/07/2019,56.78
15/07/2019,57.62
14/07/2019,59.58
11/07/2019,60.21
10/07/2019,60.2
09/07/2019,60.43
08/07/2019,57.83
07/07/2019,57.66
04/07/2019,57.51
03/07/2019,57.34
01/07/2019,56.25
30/06/2019,59.09
27/06/2019,58.47
26/06/2019,59.43
25/06/2019,59.38
24/06/2019,57.83
23/06/2019,57.9
20/06/2019,57.43
19/06/2019,56.65
18/06/2019,53.76
17/06/2019,53.9
16/06/2019,51.93
13/06/2019,52.51
12/06/2019,52.28
11/06/2019,51.14
10/06/2019,53.27
09/06/2019,53.26
06/06/2019,53.99
05/06/2019,52.59
04/06/2019,51.68
03/06/2019,53.48
02/06/2019,53.25
30/05/2019,53.5
29/05/2019,56.59
28/05/2019,58.81
27/05/2019,59.14
23/05/2019,58.63
22/05/2019,57.91
21/05/2019,61.42
20/05/2019,62.99
19/05/2019,63.1
16/05/2019,62.76
15/05/2019,62.87
14/05/2019,62.02
13/05/2019,61.78
12/05/2019,61.04
09/05/2019,61.66
08/05/2019,61.7
07/05/2019,62.12
06/05/2019,61.4
05/05/2019,62.25
02/05/2019,61.94
01/05/2019,61.81
30/04/2019,63.6
29/04/2019,63.91
28/04/2019,63.5
25/04/2019,63.3
24/04/2019,65.21
23/04/2019,65.89
22/04/2019,66.3
21/04/2019,65.7
17/04/2019,64.0
16/04/2019,63.76
15/04/2019,64.05
14/04/2019,63.4
11/04/2019,63.89
10/04/2019,63.58
09/04/2019,64.61
08/04/2019,63.98
07/04/2019,64.4
04/04/2019,63.08
03/04/2019,62.1
02/04/2019,62.46
01/04/2019,62.58
31/03/2019,61.59
28/03/2019,60.14
27/03/2019,59.3
26/03/2019,59.41
25/03/2019,59.94
24/03/2019,58.82
21/03/2019,59.04
20/03/2019,59.98
19/03/2019,59.83
18/03/2019,59.03
17/03/2019,59.09
14/03/2019,58.52
13/03/2019,58.61
12/03/2019,58.26
11/03/2019,56.87
10/03/2019,56.79
08/03/2019,56.07
07/03/2019,56.66
06/03/2019,56.22
05/03/2019,56.56
04/03/2019,56.59
01/03/2019,55.8
28/02/2019,57.22
27/02/2019,56.94
26/02/2019,55.5
25/02/2019,55.48
22/02/2019,57.26
21/02/2019,56.96
20/02/2019,56.92
19/02/2019,56.09
15/02/2019,55.59
14/02/2019,54.41
13/02/2019,53.9
12/02/2019,53.1
11/02/2019,52.41
08/02/2019,52.72
07/02/2019,52.64
06/02/2019,54.01
05/02/2019,53.66
04/02/2019,54.56
01/02/2019,55.26
31/01/2019,53.79
30/01/2019,54.23
29/01/2019,53.31
28/01/2019,51.99
25/01/2019,53.69
24/01/2019,53.13
23/01/2019,52.62
22/01/2019,52.57
18/01/2019,53.8
17/01/2019,52.07
16/01/2019,52.31
15/01/2019,52.11
14/01/2019,50.51
11/01/2019,51.59
10/01/2019,52.59
09/01/2019,52.36
08/01/2019,49.78
07/01/2019,48.52
04/01/2019,47.96
03/01/2019,47.09
02/01/2019,46.54
31/12/2018,45.41
28/12/2018,45.33
27/12/2018,44.61
26/12/2018,46.22
24/12/2018,42.53
21/12/2018,45.59
20/12/2018,45.88
19/12/2018,47.2
18/12/2018,46.24
17/12/2018,49.88
14/12/2018,51.2
13/12/2018,52.58
12/12/2018,51.15
11/12/2018,51.65
10/12/2018,51.0
07/12/2018,52.61
06/12/2018,51.49
04/12/2018,53.25
03/12/2018,52.95
30/11/2018,50.93
29/11/2018,51.45
28/11/2018,50.29
27/11/2018,51.56
26/11/2018,51.63
23/11/2018,50.42
21/11/2018,54.63
20/11/2018,53.43
19/11/2018,56.76
16/11/2018,56.46
15/11/2018,56.46
14/11/2018,56.25
13/11/2018,55.69
12/11/2018,59.93
09/11/2018,60.19
08/11/2018,60.67
07/11/2018,61.67
06/11/2018,62.21
05/11/2018,63.1
01/11/2018,63.14
31/10/2018,63.69
30/10/2018,65.31
29/10/2018,66.18
28/10/2018,67.04
25/10/2018,67.59
24/10/2018,67.33
23/10/2018,66.82
22/10/2018,66.43
21/10/2018,69.17
18/10/2018,69.12
17/10/2018,68.65
16/10/2018,69.75
15/10/2018,71.92
14/10/2018,71.78
11/10/2018,71.34
10/10/2018,70.97
09/10/2018,73.17
08/10/2018,74.96
07/10/2018,74.29
04/10/2018,74.34
03/10/2018,74.33
02/10/2018,76.41
01/10/2018,75.23
30/09/2018,75.3
27/09/2018,73.25
26/09/2018,72.12
25/09/2018,71.57
24/09/2018,72.28
23/09/2018,72.08
20/09/2018,70.78
19/09/2018,70.8
18/09/2018,71.12
17/09/2018,69.85
16/09/2018,68.91
13/09/2018,68.99
12/09/2018,68.59
11/09/2018,70.37
10/09/2018,69.25
09/09/2018,67.54
06/09/2018,67.75
05/09/2018,67.77
04/09/2018,68.72
03/09/2018,69.87
30/08/2018,69.8
29/08/2018,70.25
28/08/2018,69.51
27/08/2018,68.53
26/08/2018,68.87
23/08/2018,68.72
22/08/2018,67.83
21/08/2018,67.86
20/08/2018,67.35
19/08/2018,66.43
16/08/2018,65.91
15/08/2018,65.46
14/08/2018,65.01
13/08/2018,67.04
12/08/2018,67.2
09/08/2018,67.63
08/08/2018,66.81
07/08/2018,66.94
06/08/2018,69.17
05/08/2018,69.01
02/08/2018,68.49
01/08/2018,68.96
31/07/2018,67.66
30/07/2018,68.76
29/07/2018,70.13
26/07/2018,68.69
25/07/2018,69.61
24/07/2018,69.3
23/07/2018,68.52
22/07/2018,67.89
19/07/2018,70.46
18/07/2018,69.46
17/07/2018,68.76
16/07/2018,68.08
15/07/2018,68.06
12/07/2018,71.01
11/07/2018,70.33
10/07/2018,70.38
09/07/2018,74.11
08/07/2018,73.85
05/07/2018,73.8
04/07/2018,72.94
03/07/2018,74.14
01/07/2018,73.94
28/06/2018,74.15
27/06/2018,73.45
26/06/2018,72.76
25/06/2018,70.53
24/06/2018,68.08
21/06/2018,68.58
20/06/2018,65.54
19/06/2018,66.22
18/06/2018,65.07
17/06/2018,65.85
14/06/2018,65.06
13/06/2018,66.89
12/06/2018,66.64
11/06/2018,66.36
10/06/2018,66.1
07/06/2018,65.74
06/06/2018,65.95
05/06/2018,64.73
04/06/2018,65.52
03/06/2018,64.75
31/05/2018,65.81
30/05/2018,67.04
29/05/2018,68.21
28/05/2018,66.73
24/05/2018,67.88
23/05/2018,70.71
22/05/2018,71.84
21/05/2018,72.13
20/05/2018,72.24
17/05/2018,71.28
16/05/2018,71.49
15/05/2018,71.49
14/05/2018,71.31
13/05/2018,70.96
10/05/2018,70.7
09/05/2018,71.36
08/05/2018,71.14
07/05/2018,69.06
06/05/2018,70.73
03/05/2018,69.72
02/05/2018,68.43
01/05/2018,67.93
30/04/2018,67.25
29/04/2018,68.57
26/04/2018,68.1
25/04/2018,68.19
24/04/2018,68.05
23/04/2018,67.7
22/04/2018,68.64
19/04/2018,68.38
18/04/2018,68.29
17/04/2018,68.47
16/04/2018,66.52
15/04/2018,66.22
12/04/2018,67.39
11/04/2018,67.07
10/04/2018,66.82
09/04/2018,65.51
08/04/2018,63.42
05/04/2018,62.06
04/04/2018,63.54
03/04/2018,63.37
02/04/2018,63.51
01/04/2018,63.01
28/03/2018,64.94
27/03/2018,64.38
26/03/2018,65.25
25/03/2018,65.55
22/03/2018,65.88
21/03/2018,64.3
20/03/2018,65.17
19/03/2018,63.4
18/03/2018,62.06
15/03/2018,62.34
14/03/2018,61.19
13/03/2018,60.96
12/03/2018,60.71
11/03/2018,61.36
09/03/2018,62.04
08/03/2018,60.12
07/03/2018,61.15
06/03/2018,62.6
05/03/2018,62.57
02/03/2018,61.25
01/03/2018,60.99
28/02/2018,61.64
27/02/2018,63.01
26/02/2018,63.91
23/02/2018,63.55
22/02/2018,62.77
21/02/2018,61.68
20/02/2018,61.9
16/02/2018,61.68
15/02/2018,61.34
14/02/2018,60.6
13/02/2018,59.19
12/02/2018,59.29
09/02/2018,59.2
08/02/2018,61.15
07/02/2018,61.79
06/02/2018,63.39
05/02/2018,64.15
02/02/2018,65.45
01/02/2018,65.8
31/01/2018,64.73
30/01/2018,64.5
29/01/2018,65.56
26/01/2018,66.14
25/01/2018,65.51
24/01/2018,65.61
23/01/2018,64.47
22/01/2018,63.49
19/01/2018,63.37
18/01/2018,63.95
17/01/2018,63.97
16/01/2018,63.73
12/01/2018,64.3
11/01/2018,63.8
10/01/2018,63.57
09/01/2018,62.96
08/01/2018,61.73
05/01/2018,61.44
04/01/2018,62.01
03/01/2018,61.63
02/01/2018,60.37
29/12/2017,60.42
28/12/2017,59.84
27/12/2017,59.64
26/12/2017,59.97
22/12/2017,58.47
21/12/2017,58.36
20/12/2017,58.09
19/12/2017,57.46
18/12/2017,57.16
15/12/2017,57.3
14/12/2017,57.04
13/12/2017,56.6
12/12/2017,57.14
11/12/2017,57.99
08/12/2017,57.36
07/12/2017,56.69
06/12/2017,55.96
05/12/2017,57.62
04/12/2017,57.47
01/12/2017,58.36
30/11/2017,57.4
29/11/2017,57.3
28/11/2017,57.99
27/11/2017,58.11
24/11/2017,58.95
22/11/2017,58.02
21/11/2017,56.83
20/11/2017,56.09
17/11/2017,56.55
16/11/2017,55.14
15/11/2017,55.33
14/11/2017,55.7
13/11/2017,56.76
10/11/2017,56.74
09/11/2017,57.17
08/11/2017,56.81
07/11/2017,57.2
06/11/2017,57.35
02/11/2017,55.64
01/11/2017,54.54
31/10/2017,54.3
30/10/2017,54.38
29/10/2017,54.15
26/10/2017,53.9
25/10/2017,52.64
24/10/2017,52.18
23/10/2017,52.47
22/10/2017,51.9
19/10/2017,51.47
18/10/2017,51.29
17/10/2017,52.04
16/10/2017,51.88
15/10/2017,51.87
12/10/2017,51.45
11/10/2017,50.6
10/10/2017,51.3
09/10/2017,50.92
08/10/2017,49.58
05/10/2017,49.29
04/10/2017,50.79
03/10/2017,49.98
02/10/2017,50.42
01/10/2017,50.58
28/09/2017,51.67
27/09/2017,51.56
26/09/2017,52.14
25/09/2017,51.88
24/09/2017,52.22
21/09/2017,50.66
20/09/2017,50.55
19/09/2017,50.41
18/09/2017,49.48
17/09/2017,49.91
14/09/2017,49.89
13/09/2017,49.89
12/09/2017,49.3
11/09/2017,48.23
10/09/2017,48.07
07/09/2017,47.48
06/09/2017,49.09
05/09/2017,49.16
04/09/2017,48.66
31/08/2017,47.29
30/08/2017,47.23
29/08/2017,45.96
28/08/2017,46.44
27/08/2017,46.57
24/08/2017,47.87
23/08/2017,47.43
22/08/2017,48.41
21/08/2017,47.64
20/08/2017,47.37
17/08/2017,48.51
16/08/2017,47.09
15/08/2017,46.78
14/08/2017,47.55
13/08/2017,47.59
10/08/2017,48.82
09/08/2017,48.59
08/08/2017,49.56
07/08/2017,49.17
06/08/2017,49.39
03/08/2017,49.58
02/08/2017,49.03
01/08/2017,49.59
31/07/2017,49.16
30/07/2017,50.17
27/07/2017,49.71
26/07/2017,49.04
25/07/2017,48.75
24/07/2017,47.89
23/07/2017,46.34
20/07/2017,45.77
19/07/2017,46.79
18/07/2017,47.12
17/07/2017,46.4
16/07/2017,46.02
13/07/2017,46.54
12/07/2017,46.08
11/07/2017,45.49
10/07/2017,45.04
09/07/2017,44.4
06/07/2017,44.23
05/07/2017,45.52
04/07/2017,45.13
03/07/2017,47.07
29/06/2017,46.04
28/06/2017,44.93
27/06/2017,44.74
26/06/2017,44.24
25/06/2017,43.38
22/06/2017,43.01
21/06/2017,42.74
20/06/2017,42.53
19/06/2017,43.23
18/06/2017,44.2
15/06/2017,44.74
14/06/2017,44.46
13/06/2017,44.73
12/06/2017,46.46
11/06/2017,46.08
08/06/2017,45.83
07/06/2017,45.64
06/06/2017,45.72
05/06/2017,48.19
04/06/2017,47.4
01/06/2017,47.66
31/05/2017,48.36
30/05/2017,48.32
29/05/2017,49.66
25/05/2017,49.8
24/05/2017,48.9
23/05/2017,51.36
22/05/2017,51.47
21/05/2017,50.73
18/05/2017,50.33
17/05/2017,49.35
16/05/2017,49.07
15/05/2017,48.66
14/05/2017,48.85
11/05/2017,47.84
10/05/2017,47.83
09/05/2017,47.33
08/05/2017,45.88
07/05/2017,46.43
04/05/2017,46.22
03/05/2017,45.52
02/05/2017,47.82
01/05/2017,47.66
30/04/2017,48.84
27/04/2017,49.33
26/04/2017,48.97
25/04/2017,49.62
24/04/2017,49.56
23/04/2017,49.23
20/04/2017,49.62
19/04/2017,50.27
18/04/2017,50.44
17/04/2017,52.41
16/04/2017,52.65
12/04/2017,53.18
11/04/2017,53.11
10/04/2017,53.4
09/04/2017,53.08
06/04/2017,52.24
05/04/2017,51.7
04/04/2017,51.15
03/04/2017,51.03
02/04/2017,50.24
30/03/2017,50.6
29/03/2017,50.35
28/03/2017,49.51
27/03/2017,48.37
26/03/2017,47.73
23/03/2017,47.97
22/03/2017,47.7
21/03/2017,48.04
20/03/2017,47.34
19/03/2017,48.22
16/03/2017,48.78
15/03/2017,48.75
14/03/2017,48.86
13/03/2017,47.72
12/03/2017,48.4
10/03/2017,48.49
09/03/2017,49.28
08/03/2017,50.28
07/03/2017,53.14
06/03/2017,53.2
03/03/2017,53.33
02/03/2017,52.61
01/03/2017,53.83
28/02/2017,54.01
27/02/2017,54.05
24/02/2017,53.99
23/02/2017,54.45
22/02/2017,53.59
21/02/2017,54.06
17/02/2017,53.4
16/02/2017,53.36
15/02/2017,53.11
14/02/2017,53.2
13/02/2017,52.93
10/02/2017,53.86
09/02/2017,53.0
08/02/2017,52.34
07/02/2017,52.17
06/02/2017,53.01
03/02/2017,53.83
02/02/2017,53.54
01/02/2017,53.88
31/01/2017,52.81
30/01/2017,52.63
27/01/2017,53.17
26/01/2017,53.78
25/01/2017,52.75
24/01/2017,53.18
23/01/2017,52.75
20/01/2017,52.42
19/01/2017,51.37
18/01/2017,51.08
17/01/2017,52.48
13/01/2017,52.37
12/01/2017,53.01
11/01/2017,52.25
10/01/2017,50.82
09/01/2017,51.96
06/01/2017,53.99
05/01/2017,53.76
04/01/2017,53.26
03/01/2017,52.33
30/12/2016,53.72
29/12/2016,53.77
28/12/2016,54.06
27/12/2016,53.9
23/12/2016,53.02
22/12/2016,52.95
21/12/2016,52.49
20/12/2016,52.23
19/12/2016,52.12
16/12/2016,51.9
15/12/2016,50.9
14/12/2016,51.04
13/12/2016,52.98
12/12/2016,52.83
09/12/2016,51.5
08/12/2016,50.84
07/12/2016,49.77
06/12/2016,50.93
05/12/2016,51.79
02/12/2016,51.68
01/12/2016,51.06
30/11/2016,49.44
29/11/2016,45.23
28/11/2016,47.08
25/11/2016,46.06
23/11/2016,47.96
22/11/2016,48.03
21/11/2016,47.49
18/11/2016,45.69
17/11/2016,45.42
16/11/2016,45.57
15/11/2016,45.81
14/11/2016,43.32
10/11/2016,44.66
09/11/2016,45.27
08/11/2016,44.98
07/11/2016,44.89
03/11/2016,44.07
02/11/2016,44.66
01/11/2016,45.34
31/10/2016,46.67
30/10/2016,46.86
27/10/2016,48.7
26/10/2016,49.72
25/10/2016,49.18
24/10/2016,49.96
23/10/2016,50.52
20/10/2016,50.85
19/10/2016,50.43
18/10/2016,51.6
17/10/2016,50.29
16/10/2016,49.94
13/10/2016,50.35
12/10/2016,50.44
11/10/2016,50.18
10/10/2016,50.79
06/10/2016,49.81
05/10/2016,50.44
04/10/2016,49.83
03/10/2016,48.69
02/10/2016,48.81
29/09/2016,48.24
28/09/2016,47.83
27/09/2016,47.05
26/09/2016,44.67
25/09/2016,45.93
22/09/2016,44.48
21/09/2016,46.32
20/09/2016,45.34
19/09/2016,43.44
18/09/2016,43.3
15/09/2016,43.03
14/09/2016,43.91
13/09/2016,43.58
12/09/2016,44.9
11/09/2016,46.29
08/09/2016,45.88
07/09/2016,47.62
06/09/2016,45.5
05/09/2016,44.83
01/09/2016,44.44
31/08/2016,43.16
30/08/2016,44.7
29/08/2016,46.35
28/08/2016,46.98
25/08/2016,47.64
24/08/2016,47.33
23/08/2016,46.77
22/08/2016,48.1
21/08/2016,47.05
18/08/2016,48.52
17/08/2016,48.22
16/08/2016,46.79
15/08/2016,46.58
14/08/2016,45.74
11/08/2016,44.49
10/08/2016,43.49
09/08/2016,41.71
08/08/2016,42.77
07/08/2016,43.02
04/08/2016,41.8
03/08/2016,41.93
02/08/2016,40.83
01/08/2016,39.51
31/07/2016,40.06
28/07/2016,41.6
27/07/2016,41.14
26/07/2016,41.92
25/07/2016,42.92
24/07/2016,43.13
21/07/2016,44.19
20/07/2016,44.75
19/07/2016,44.94
18/07/2016,44.65
17/07/2016,45.24
14/07/2016,45.95
13/07/2016,45.68
12/07/2016,44.75
11/07/2016,46.8
10/07/2016,44.76
07/07/2016,45.41
06/07/2016,45.14
05/07/2016,47.43
04/07/2016,46.6
30/06/2016,48.99
29/06/2016,48.33
28/06/2016,49.88
27/06/2016,47.85
26/06/2016,46.33
23/06/2016,47.64
22/06/2016,50.11
21/06/2016,49.13
20/06/2016,48.85
19/06/2016,49.37
16/06/2016,47.98
15/06/2016,46.21
14/06/2016,48.01
13/06/2016,48.49
12/06/2016,48.88
09/06/2016,49.07
08/06/2016,50.56
07/06/2016,51.23
06/06/2016,50.36
05/06/2016,49.69
02/06/2016,48.62
01/06/2016,49.17
31/05/2016,49.01
30/05/2016,49.1
26/05/2016,49.33
25/05/2016,49.48
24/05/2016,49.56
23/05/2016,48.62
22/05/2016,48.08
19/05/2016,47.75
18/05/2016,48.16
17/05/2016,48.19
16/05/2016,48.31
15/05/2016,47.72
12/05/2016,46.21
11/05/2016,46.7
10/05/2016,46.23
09/05/2016,44.66
08/05/2016,43.44
05/05/2016,44.66
04/05/2016,44.32
03/05/2016,43.78
02/05/2016,43.65
01/05/2016,44.78
28/04/2016,45.92
27/04/2016,46.03
26/04/2016,45.33
25/04/2016,44.04
24/04/2016,42.64
21/04/2016,43.73
20/04/2016,43.18
19/04/2016,42.63
18/04/2016,41.08
17/04/2016,39.78
14/04/2016,40.36
13/04/2016,41.5
12/04/2016,41.76
11/04/2016,42.17
10/04/2016,40.36
07/04/2016,39.72
06/04/2016,37.26
05/04/2016,37.75
04/04/2016,35.89
03/04/2016,35.7
31/03/2016,36.79
30/03/2016,38.34
29/03/2016,38.32
28/03/2016,38.28
27/03/2016,39.39
23/03/2016,39.46
22/03/2016,39.79
21/03/2016,41.45
20/03/2016,39.91
17/03/2016,39.44
16/03/2016,40.2
15/03/2016,38.46
14/03/2016,36.34
13/03/2016,37.18
11/03/2016,38.5
10/03/2016,37.84
09/03/2016,38.29
08/03/2016,36.5
07/03/2016,37.9
04/03/2016,35.92
03/03/2016,34.57
02/03/2016,34.66
01/03/2016,34.4
29/02/2016,33.75
26/02/2016,32.78
25/02/2016,33.07
24/02/2016,32.15
23/02/2016,31.87
22/02/2016,31.48
19/02/2016,29.64
18/02/2016,30.77
17/02/2016,30.66
16/02/2016,29.04
15/02/2016,NaN
12/02/2016,29.44
11/02/2016,26.21
10/02/2016,27.45
09/02/2016,27.94
08/02/2016,29.69
05/02/2016,30.89
04/02/2016,31.72
03/02/2016,32.28
02/02/2016,29.88
01/02/2016,31.62
29/01/2016,33.62
28/01/2016,33.22
27/01/2016,32.3
26/01/2016,31.45
25/01/2016,30.34
22/01/2016,32.19
21/01/2016,29.53
20/01/2016,26.55
19/01/2016,28.46
18/01/2016,NaN
15/01/2016,29.42
14/01/2016,31.2
13/01/2016,30.48
12/01/2016,30.44
11/01/2016,31.41
08/01/2016,33.16
07/01/2016,33.27
06/01/2016,33.97
05/01/2016,35.97
04/01/2016,36.76
31/12/2015,37.04
30/12/2015,36.6
29/12/2015,37.87
28/12/2015,36.81
24/12/2015,38.1
23/12/2015,37.5
22/12/2015,36.14
21/12/2015,34.74
18/12/2015,34.73
17/12/2015,34.95
16/12/2015,35.52
15/12/2015,37.35
14/12/2015,36.31
11/12/2015,35.62
10/12/2015,36.76
09/12/2015,37.16
08/12/2015,37.51
07/12/2015,37.65
04/12/2015,39.97
03/12/2015,41.08
02/12/2015,39.94
01/12/2015,41.85
30/11/2015,41.65
27/11/2015,41.71
25/11/2015,43.04
24/11/2015,42.87
23/11/2015,41.75
20/11/2015,40.39
19/11/2015,40.54
18/11/2015,40.75
17/11/2015,40.67
16/11/2015,41.74
13/11/2015,40.74
12/11/2015,41.75
11/11/2015,42.93
10/11/2015,44.21
09/11/2015,43.87
06/11/2015,44.29
05/11/2015,45.2
04/11/2015,46.32
03/11/2015,47.9
02/11/2015,46.14
29/10/2015,46.59
28/10/2015,46.06
27/10/2015,45.94
26/10/2015,43.2
25/10/2015,43.98
22/10/2015,44.6
21/10/2015,45.38
20/10/2015,45.2
19/10/2015,45.55
18/10/2015,45.89
15/10/2015,47.26
14/10/2015,46.38
13/10/2015,46.64
12/10/2015,46.66
11/10/2015,47.1
08/10/2015,49.63
07/10/2015,49.43
06/10/2015,47.81
05/10/2015,48.53
04/10/2015,46.26
01/10/2015,45.54
30/09/2015,44.74
29/09/2015,45.09
28/09/2015,45.23
27/09/2015,44.43
24/09/2015,45.7
23/09/2015,44.91
22/09/2015,44.48
21/09/2015,45.83
20/09/2015,46.68
17/09/2015,44.68
16/09/2015,46.9
15/09/2015,47.15
14/09/2015,44.59
13/09/2015,44.0
10/09/2015,44.63
09/09/2015,45.92
08/09/2015,44.15
07/09/2015,45.94
03/09/2015,46.05
02/09/2015,46.75
01/09/2015,46.25
31/08/2015,45.41
30/08/2015,49.2
27/08/2015,45.22
26/08/2015,42.56
25/08/2015,38.6
24/08/2015,39.31
23/08/2015,38.24
20/08/2015,40.45
19/08/2015,41.14
18/08/2015,40.8
17/08/2015,42.62
16/08/2015,41.87
13/08/2015,42.5
12/08/2015,42.23
11/08/2015,43.3
10/08/2015,43.08
09/08/2015,44.96
06/08/2015,43.87
05/08/2015,44.66
04/08/2015,45.15
03/08/2015,45.74
02/08/2015,45.17
30/07/2015,47.12
29/07/2015,48.52
28/07/2015,48.79
27/07/2015,47.98
26/07/2015,47.39
23/07/2015,48.14
22/07/2015,48.45
21/07/2015,49.19
20/07/2015,50.36
19/07/2015,50.15
16/07/2015,50.89
15/07/2015,50.91
14/07/2015,51.41
13/07/2015,53.04
12/07/2015,52.2
09/07/2015,52.74
08/07/2015,52.78
07/07/2015,51.65
06/07/2015,52.33
05/07/2015,52.53
01/07/2015,56.93
30/06/2015,56.96
29/06/2015,59.47
28/06/2015,58.33
25/06/2015,59.63
24/06/2015,59.7
23/06/2015,60.27
22/06/2015,61.01
21/06/2015,59.68
18/06/2015,59.61
17/06/2015,60.45
16/06/2015,59.92
15/06/2015,59.97
14/06/2015,59.52
11/06/2015,59.96
10/06/2015,60.77
09/06/2015,61.43
08/06/2015,60.14
07/06/2015,58.14
04/06/2015,59.13
03/06/2015,58.0
02/06/2015,59.64
01/06/2015,61.26
31/05/2015,60.2
28/05/2015,60.3
27/05/2015,57.68
26/05/2015,57.51
25/05/2015,58.03
21/05/2015,59.72
20/05/2015,60.72
19/05/2015,58.98
18/05/2015,57.26
17/05/2015,59.43
14/05/2015,59.69
13/05/2015,59.88
12/05/2015,60.5
11/05/2015,60.75
10/05/2015,59.25
07/05/2015,59.39
06/05/2015,58.94
05/05/2015,60.93
04/05/2015,60.4
03/05/2015,58.93
30/04/2015,59.15
29/04/2015,59.63
28/04/2015,58.58
27/04/2015,57.06
26/04/2015,56.99
23/04/2015,57.15
22/04/2015,57.74
21/04/2015,56.16
20/04/2015,55.26
19/04/2015,56.38
16/04/2015,55.74
15/04/2015,56.71
14/04/2015,56.39
13/04/2015,53.29
12/04/2015,51.91
09/04/2015,51.64
08/04/2015,50.79
07/04/2015,50.42
06/04/2015,53.98
05/04/2015,52.14
01/04/2015,49.14
31/03/2015,50.09
30/03/2015,47.6
29/03/2015,48.68
26/03/2015,48.87
25/03/2015,51.43
24/03/2015,49.21
23/03/2015,47.51
22/03/2015,47.45
19/03/2015,45.72
18/03/2015,43.96
17/03/2015,44.66
16/03/2015,43.46
15/03/2015,43.88
12/03/2015,44.84
11/03/2015,47.05
10/03/2015,48.17
09/03/2015,48.29
08/03/2015,50.0
06/03/2015,49.61
05/03/2015,50.76
04/03/2015,51.53
03/03/2015,50.52
02/03/2015,49.59
27/02/2015,49.76
26/02/2015,48.17
25/02/2015,50.99
24/02/2015,49.28
23/02/2015,49.45
20/02/2015,50.34
19/02/2015,51.16
18/02/2015,52.14
17/02/2015,53.53
13/02/2015,52.78
12/02/2015,51.21
11/02/2015,48.84
10/02/2015,50.02
09/02/2015,52.86
06/02/2015,51.69
05/02/2015,50.48
04/02/2015,48.45
03/02/2015,53.05
02/02/2015,49.57
30/01/2015,48.24
29/01/2015,44.53
28/01/2015,44.45
27/01/2015,46.23
26/01/2015,45.15
23/01/2015,45.59
22/01/2015,46.31
21/01/2015,47.78
20/01/2015,46.39
16/01/2015,48.69
15/01/2015,46.25
14/01/2015,48.48
13/01/2015,45.89
12/01/2015,46.07
09/01/2015,48.36
08/01/2015,48.79
07/01/2015,48.65
06/01/2015,47.93
05/01/2015,50.04
02/01/2015,52.69
31/12/2014,53.27
30/12/2014,54.12
29/12/2014,53.61
26/12/2014,54.73
24/12/2014,55.84
23/12/2014,57.12
22/12/2014,55.26
19/12/2014,56.52
18/12/2014,54.11
17/12/2014,56.47
16/12/2014,55.93
15/12/2014,55.91
12/12/2014,57.81
11/12/2014,59.95
10/12/2014,60.94
09/12/2014,63.82
08/12/2014,63.05
05/12/2014,65.84
04/12/2014,66.81
03/12/2014,67.38
02/12/2014,66.88
01/12/2014,69.0
28/11/2014,66.15
26/11/2014,73.69
25/11/2014,74.09
24/11/2014,75.78
21/11/2014,76.51
20/11/2014,75.58
19/11/2014,74.58
18/11/2014,74.61
17/11/2014,75.64
14/11/2014,75.82
13/11/2014,74.21
12/11/2014,77.18
11/11/2014,77.94
10/11/2014,77.4
07/11/2014,78.65
06/11/2014,77.91
05/11/2014,78.68
04/11/2014,77.19
03/11/2014,78.78
30/10/2014,80.54
29/10/2014,81.12
28/10/2014,82.2
27/10/2014,81.42
26/10/2014,81.0
23/10/2014,81.01
22/10/2014,82.09
21/10/2014,80.52
20/10/2014,82.81
19/10/2014,82.71
16/10/2014,82.75
15/10/2014,82.7
14/10/2014,81.78
13/10/2014,81.84
12/10/2014,85.74
09/10/2014,85.82
08/10/2014,85.77
07/10/2014,87.31
06/10/2014,88.85
05/10/2014,90.34
02/10/2014,89.74
01/10/2014,91.01
30/09/2014,90.73
29/09/2014,91.16
28/09/2014,94.57
25/09/2014,93.54
24/09/2014,92.53
23/09/2014,92.8
22/09/2014,91.56
21/09/2014,91.52
18/09/2014,92.41
17/09/2014,93.07
16/09/2014,94.42
15/09/2014,94.88
14/09/2014,92.92
11/09/2014,92.27
10/09/2014,92.83
09/09/2014,91.67
08/09/2014,92.75
07/09/2014,92.66
04/09/2014,93.29
03/09/2014,94.45
02/09/2014,95.54
01/09/2014,92.88
28/08/2014,95.96
27/08/2014,94.55
26/08/2014,93.88
25/08/2014,93.86
24/08/2014,93.35
21/08/2014,93.65
20/08/2014,93.96
19/08/2014,96.07
18/08/2014,94.48
17/08/2014,96.41
14/08/2014,97.35
13/08/2014,95.58
12/08/2014,97.59
11/08/2014,97.37
10/08/2014,98.08
07/08/2014,97.65
06/08/2014,97.34
05/08/2014,96.92
04/08/2014,97.38
03/08/2014,98.29
31/07/2014,97.88
30/07/2014,98.17
29/07/2014,100.27
28/07/2014,100.97
27/07/2014,101.67
24/07/2014,102.09
23/07/2014,102.07
22/07/2014,103.12
21/07/2014,104.42
20/07/2014,104.59
17/07/2014,103.13
16/07/2014,103.19
15/07/2014,101.2
14/07/2014,99.96
13/07/2014,100.91
10/07/2014,100.83
09/07/2014,102.93
08/07/2014,102.29
07/07/2014,103.4
06/07/2014,103.53
03/07/2014,104.06
01/07/2014,104.48
30/06/2014,105.34
29/06/2014,105.37
26/06/2014,105.74
25/06/2014,105.84
24/06/2014,106.5
23/06/2014,106.03
22/06/2014,106.17
19/06/2014,107.26
18/06/2014,106.43
17/06/2014,105.97
16/06/2014,106.36
15/06/2014,106.9
12/06/2014,106.91
11/06/2014,106.53
10/06/2014,104.4
09/06/2014,104.35
08/06/2014,104.41
05/06/2014,102.66
04/06/2014,102.48
03/06/2014,102.64
02/06/2014,102.66
01/06/2014,102.47
29/05/2014,102.71
28/05/2014,103.58
27/05/2014,102.72
26/05/2014,104.11
22/05/2014,104.35
21/05/2014,103.74
20/05/2014,104.07
19/05/2014,102.44
18/05/2014,102.61
15/05/2014,102.02
14/05/2014,101.5
13/05/2014,102.37
12/05/2014,101.7
11/05/2014,100.59
08/05/2014,99.99
07/05/2014,100.26
06/05/2014,100.77
05/05/2014,99.5
04/05/2014,99.48
01/05/2014,99.76
30/04/2014,99.42
29/04/2014,99.74
28/04/2014,101.28
27/04/2014,100.84
24/04/2014,100.6
23/04/2014,101.94
22/04/2014,101.44
21/04/2014,102.13
20/04/2014,104.37
16/04/2014,104.3
15/04/2014,103.76
14/04/2014,103.75
13/04/2014,104.05
10/04/2014,103.74
09/04/2014,103.4
08/04/2014,103.6
07/04/2014,102.56
06/04/2014,100.44
03/04/2014,101.14
02/04/2014,100.29
01/04/2014,99.62
31/03/2014,99.74
30/03/2014,101.58
27/03/2014,101.67
26/03/2014,101.28
25/03/2014,100.26
24/03/2014,99.19
23/03/2014,99.6
20/03/2014,99.46
19/03/2014,99.43
18/03/2014,100.37
17/03/2014,99.7
16/03/2014,98.08
13/03/2014,98.89
12/03/2014,98.2
11/03/2014,97.99
10/03/2014,100.03
09/03/2014,101.12
07/03/2014,102.58
06/03/2014,101.56
05/03/2014,101.45
04/03/2014,103.33
03/03/2014,104.92
28/02/2014,102.59
27/02/2014,102.4
26/02/2014,102.59
25/02/2014,101.83
24/02/2014,102.82
21/02/2014,102.2
20/02/2014,102.92
19/02/2014,103.31
18/02/2014,102.43
14/02/2014,100.3
13/02/2014,100.35
12/02/2014,100.37
11/02/2014,99.94
10/02/2014,100.06
07/02/2014,99.88
06/02/2014,97.84
05/02/2014,97.38
04/02/2014,97.19
03/02/2014,96.43
31/01/2014,97.49
30/01/2014,98.23
29/01/2014,97.36
28/01/2014,97.41
27/01/2014,95.72
24/01/2014,96.64
23/01/2014,97.32
22/01/2014,96.73
21/01/2014,94.99
17/01/2014,94.37
16/01/2014,93.96
15/01/2014,94.17
14/01/2014,92.59
13/01/2014,91.8
10/01/2014,92.72
09/01/2014,91.66
08/01/2014,92.33
07/01/2014,93.67
06/01/2014,93.43
03/01/2014,93.96
02/01/2014,95.44
31/12/2013,98.42
30/12/2013,99.29
27/12/2013,100.32
26/12/2013,99.55
24/12/2013,99.22
23/12/2013,98.91
20/12/2013,99.32
19/12/2013,98.77
18/12/2013,97.8
17/12/2013,97.22
16/12/2013,97.48
13/12/2013,96.6
12/12/2013,97.5
11/12/2013,97.44
10/12/2013,98.51
09/12/2013,97.34
06/12/2013,97.65
05/12/2013,97.38
04/12/2013,97.2
03/12/2013,96.04
02/12/2013,93.82
29/11/2013,92.72
27/11/2013,92.3
26/11/2013,93.68
25/11/2013,94.09
22/11/2013,94.84
21/11/2013,95.44
20/11/2013,93.33
19/11/2013,93.34
18/11/2013,93.03
15/11/2013,93.84
14/11/2013,93.76
13/11/2013,93.88
12/11/2013,93.04
11/11/2013,95.14
08/11/2013,94.6
07/11/2013,94.2
06/11/2013,94.8
05/11/2013,93.37
04/11/2013,94.62
31/10/2013,94.61
30/10/2013,96.38
29/10/2013,96.77
28/10/2013,98.2
27/10/2013,98.68
24/10/2013,97.85
23/10/2013,97.11
22/10/2013,96.86
21/10/2013,97.8
20/10/2013,99.22
17/10/2013,100.81
16/10/2013,100.67
15/10/2013,102.29
14/10/2013,101.21
13/10/2013,102.41
10/10/2013,102.02
09/10/2013,103.01
08/10/2013,101.61
07/10/2013,103.49
06/10/2013,103.03
03/10/2013,103.84
02/10/2013,103.31
01/10/2013,104.1
30/09/2013,102.04
29/09/2013,102.33
26/09/2013,102.87
25/09/2013,103.03
24/09/2013,102.66
23/09/2013,103.13
22/09/2013,103.59
19/09/2013,104.68
18/09/2013,106.39
17/09/2013,108.07
16/09/2013,105.42
15/09/2013,106.59
12/09/2013,108.21
11/09/2013,108.6
10/09/2013,107.56
09/09/2013,107.39
08/09/2013,109.52
05/09/2013,110.53
04/09/2013,108.37
03/09/2013,107.23
02/09/2013,108.54
29/08/2013,107.65
28/08/2013,108.8
27/08/2013,110.1
26/08/2013,109.01
25/08/2013,105.92
22/08/2013,106.42
21/08/2013,105.03
20/08/2013,103.85
19/08/2013,104.97
18/08/2013,107.1
15/08/2013,107.46
14/08/2013,107.33
13/08/2013,106.85
12/08/2013,106.83
11/08/2013,106.11
08/08/2013,105.97
07/08/2013,103.4
06/08/2013,104.37
05/08/2013,105.3
04/08/2013,106.56
01/08/2013,106.94
31/07/2013,107.89
30/07/2013,105.03
29/07/2013,103.08
28/07/2013,104.55
25/07/2013,104.7
24/07/2013,105.49
23/07/2013,105.39
22/07/2013,107.23
21/07/2013,106.91
18/07/2013,108.05
17/07/2013,108.04
16/07/2013,106.48
15/07/2013,106.0
14/07/2013,106.32
11/07/2013,105.95
10/07/2013,104.91
09/07/2013,106.52
08/07/2013,103.53
07/07/2013,103.14
04/07/2013,103.22
03/07/2013,101.24
01/07/2013,99.6
30/06/2013,97.99
27/06/2013,96.56
26/06/2013,97.05
25/06/2013,95.5
24/06/2013,95.32
23/06/2013,95.18
20/06/2013,93.69
19/06/2013,95.4
18/06/2013,98.24
17/06/2013,98.44
16/06/2013,97.77
13/06/2013,97.85
12/06/2013,96.69
11/06/2013,95.88
10/06/2013,95.38
09/06/2013,95.77
06/06/2013,96.03
05/06/2013,94.76
04/06/2013,93.74
03/06/2013,93.31
02/06/2013,93.45
30/05/2013,91.97
29/05/2013,93.61
28/05/2013,93.13
27/05/2013,95.01
23/05/2013,94.15
22/05/2013,94.25
21/05/2013,94.28
20/05/2013,96.16
19/05/2013,96.71
16/05/2013,96.02
15/05/2013,95.16
14/05/2013,94.3
13/05/2013,94.21
12/05/2013,95.17
09/05/2013,96.04
08/05/2013,96.39
07/05/2013,96.62
06/05/2013,95.62
05/05/2013,96.16
02/05/2013,95.61
01/05/2013,93.99
30/04/2013,91.03
29/04/2013,93.46
28/04/2013,94.5
25/04/2013,93.0
24/04/2013,93.64
23/04/2013,91.43
22/04/2013,89.18
21/04/2013,88.76
18/04/2013,88.01
17/04/2013,87.73
16/04/2013,86.68
15/04/2013,88.72
14/04/2013,88.71
11/04/2013,91.29
10/04/2013,93.51
09/04/2013,94.64
08/04/2013,94.2
07/04/2013,93.36
04/04/2013,92.7
03/04/2013,93.26
02/04/2013,94.45
01/04/2013,97.19
31/03/2013,97.07
28/03/2013,NaN
27/03/2013,97.23
26/03/2013,96.58
25/03/2013,96.34
24/03/2013,94.81
21/03/2013,93.71
20/03/2013,92.45
19/03/2013,92.96
18/03/2013,92.16
17/03/2013,93.74
14/03/2013,93.45
13/03/2013,93.03
12/03/2013,92.52
11/03/2013,92.54
10/03/2013,92.06
08/03/2013,91.95
07/03/2013,91.56
06/03/2013,90.43
05/03/2013,90.82
04/03/2013,90.12
01/03/2013,90.68
28/02/2013,92.05
27/02/2013,92.76
26/02/2013,92.63
25/02/2013,93.11
22/02/2013,93.13
21/02/2013,92.84
20/02/2013,94.46
19/02/2013,96.66
15/02/2013,95.86
14/02/2013,97.31
13/02/2013,97.01
12/02/2013,97.51
11/02/2013,97.03
08/02/2013,95.72
07/02/2013,95.83
06/02/2013,96.62
05/02/2013,96.64
04/02/2013,96.17
01/02/2013,97.77
31/01/2013,97.49
30/01/2013,97.94
29/01/2013,97.57
28/01/2013,96.44
25/01/2013,95.88
24/01/2013,95.95
23/01/2013,95.23
22/01/2013,96.24
18/01/2013,95.56
17/01/2013,95.49
16/01/2013,94.24
15/01/2013,93.28
14/01/2013,94.14
11/01/2013,93.56
10/01/2013,93.82
09/01/2013,93.1
08/01/2013,93.15
07/01/2013,93.19
04/01/2013,93.09
03/01/2013,92.92
02/01/2013,93.12
31/12/2012,91.82
28/12/2012,90.8
27/12/2012,90.87
26/12/2012,90.98
24/12/2012,88.61
21/12/2012,88.66
20/12/2012,90.13
19/12/2012,89.51
18/12/2012,87.93
17/12/2012,87.2
14/12/2012,86.73
13/12/2012,85.89
12/12/2012,86.77
11/12/2012,85.79
10/12/2012,85.56
07/12/2012,85.93
06/12/2012,86.26
05/12/2012,87.88
04/12/2012,88.5
03/12/2012,89.09
30/11/2012,88.91
29/11/2012,88.07
28/11/2012,86.49
27/11/2012,87.18
26/11/2012,87.74
23/11/2012,88.28
21/11/2012,87.38
20/11/2012,86.75
19/11/2012,89.28
16/11/2012,86.67
15/11/2012,85.45
14/11/2012,86.32
13/11/2012,85.38
12/11/2012,85.57
09/11/2012,86.07
08/11/2012,85.09
07/11/2012,84.44
06/11/2012,88.71
05/11/2012,85.65
01/11/2012,84.86
31/10/2012,87.09
30/10/2012,86.24
25/10/2012,86.28
24/10/2012,86.05
23/10/2012,85.73
22/10/2012,86.67
21/10/2012,88.73
18/10/2012,90.05
17/10/2012,92.1
16/10/2012,92.12
15/10/2012,92.09
14/10/2012,91.85
11/10/2012,91.86
10/10/2012,92.07
09/10/2012,91.25
08/10/2012,92.39
07/10/2012,89.33
04/10/2012,89.88
03/10/2012,91.71
02/10/2012,88.14
01/10/2012,91.89
30/09/2012,92.48
27/09/2012,92.19
26/09/2012,91.85
25/09/2012,89.98
24/09/2012,91.37
23/09/2012,91.93
20/09/2012,92.89
19/09/2012,91.87
18/09/2012,91.98
17/09/2012,95.29
16/09/2012,96.62
13/09/2012,99.0
12/09/2012,98.31
11/09/2012,97.01
10/09/2012,97.17
09/09/2012,96.54
06/09/2012,96.42
05/09/2012,95.53
04/09/2012,95.36
03/09/2012,95.3
30/08/2012,96.47
29/08/2012,94.62
28/08/2012,95.49
27/08/2012,96.33
26/08/2012,95.47
23/08/2012,96.15
22/08/2012,96.27
21/08/2012,97.26
20/08/2012,96.68
19/08/2012,95.97
16/08/2012,96.01
15/08/2012,95.6
14/08/2012,94.33
13/08/2012,93.43
12/08/2012,92.73
09/08/2012,92.87
08/08/2012,93.36
07/08/2012,93.35
06/08/2012,93.67
05/08/2012,92.2
02/08/2012,91.4
01/08/2012,87.13
31/07/2012,88.91
30/07/2012,88.06
29/07/2012,89.78
26/07/2012,90.13
25/07/2012,89.39
24/07/2012,88.97
23/07/2012,88.5
22/07/2012,88.14
19/07/2012,91.44
18/07/2012,92.66
17/07/2012,89.87
16/07/2012,89.22
15/07/2012,88.43
12/07/2012,87.1
11/07/2012,86.08
10/07/2012,85.81
09/07/2012,83.91
08/07/2012,85.99
05/07/2012,84.45
04/07/2012,87.22
03/07/2012,87.66
01/07/2012,83.75
28/06/2012,84.96
27/06/2012,77.69
26/06/2012,80.21
25/06/2012,79.36
24/06/2012,79.21
21/06/2012,79.76
20/06/2012,78.2
19/06/2012,81.8
18/06/2012,84.03
17/06/2012,83.27
14/06/2012,84.03
13/06/2012,83.91
12/06/2012,82.62
11/06/2012,83.32
10/06/2012,82.7
07/06/2012,84.1
06/06/2012,84.82
05/06/2012,85.02
04/06/2012,84.29
03/06/2012,83.98
31/05/2012,83.23
30/05/2012,86.53
29/05/2012,87.82
28/05/2012,90.76
24/05/2012,90.86
23/05/2012,90.66
22/05/2012,89.9
21/05/2012,91.66
20/05/2012,92.57
17/05/2012,91.48
16/05/2012,92.56
15/05/2012,92.81
14/05/2012,93.98
13/05/2012,94.78
10/05/2012,96.13
09/05/2012,97.08
08/05/2012,96.81
07/05/2012,97.01
06/05/2012,97.94
03/05/2012,98.49
02/05/2012,102.54
01/05/2012,105.22
30/04/2012,106.16
29/04/2012,104.87
26/04/2012,104.93
25/04/2012,104.55
24/04/2012,104.12
23/04/2012,103.55
22/04/2012,103.11
19/04/2012,103.05
18/04/2012,102.27
17/04/2012,102.67
16/04/2012,104.2
15/04/2012,102.93
12/04/2012,102.83
11/04/2012,103.64
10/04/2012,102.7
09/04/2012,101.02
08/04/2012,102.46
04/04/2012,103.31
03/04/2012,101.47
02/04/2012,104.01
01/04/2012,105.23
29/03/2012,103.02
28/03/2012,102.78
27/03/2012,105.41
26/03/2012,107.33
25/03/2012,107.03
22/03/2012,106.87
21/03/2012,105.35
20/03/2012,107.27
19/03/2012,105.61
18/03/2012,108.09
15/03/2012,107.06
14/03/2012,105.11
13/03/2012,105.43
12/03/2012,106.71
11/03/2012,106.34
09/03/2012,107.4
08/03/2012,106.58
07/03/2012,106.16
06/03/2012,104.7
05/03/2012,106.72
02/03/2012,106.7
01/03/2012,108.84
29/02/2012,107.07
28/02/2012,106.55
27/02/2012,108.56
24/02/2012,109.77
23/02/2012,107.83
22/02/2012,106.28
21/02/2012,105.84
17/02/2012,103.24
16/02/2012,102.31
15/02/2012,101.8
14/02/2012,100.74
13/02/2012,100.91
10/02/2012,98.67
09/02/2012,99.84
08/02/2012,98.71
07/02/2012,98.41
06/02/2012,96.91
03/02/2012,97.84
02/02/2012,96.36
01/02/2012,97.61
31/01/2012,98.48
30/01/2012,98.78
27/01/2012,99.56
26/01/2012,99.7
25/01/2012,99.4
24/01/2012,98.95
23/01/2012,99.58
20/01/2012,98.46
19/01/2012,100.39
18/01/2012,100.59
17/01/2012,100.71
13/01/2012,98.7
12/01/2012,99.1
11/01/2012,100.87
10/01/2012,102.24
09/01/2012,101.31
06/01/2012,101.56
05/01/2012,101.81
04/01/2012,103.22
03/01/2012,102.96
30/12/2011,98.83
29/12/2011,99.65
28/12/2011,99.36
27/12/2011,101.34
23/12/2011,99.68
22/12/2011,99.53
21/12/2011,98.67
20/12/2011,97.22
19/12/2011,93.88
16/12/2011,93.53
15/12/2011,93.87
14/12/2011,94.95
13/12/2011,100.14
12/12/2011,97.77
09/12/2011,99.41
08/12/2011,98.34
07/12/2011,100.49
06/12/2011,101.28
05/12/2011,100.99
02/12/2011,100.96
01/12/2011,100.2
30/11/2011,100.36
29/11/2011,99.79
28/11/2011,98.21
25/11/2011,96.77
23/11/2011,96.17
22/11/2011,98.01
21/11/2011,96.92
18/11/2011,97.41
17/11/2011,98.82
16/11/2011,102.59
15/11/2011,99.37
14/11/2011,98.14
11/11/2011,98.99
10/11/2011,97.78
09/11/2011,95.74
08/11/2011,96.8
07/11/2011,95.52
03/11/2011,94.26
02/11/2011,94.07
01/11/2011,92.51
31/10/2011,92.19
30/10/2011,93.19
27/10/2011,93.32
26/10/2011,93.96
25/10/2011,90.2
24/10/2011,93.17
23/10/2011,91.27
20/10/2011,87.4
19/10/2011,85.3
18/10/2011,86.11
17/10/2011,88.34
16/10/2011,86.38
13/10/2011,86.8
12/10/2011,84.23
11/10/2011,85.57
10/10/2011,85.81
09/10/2011,85.41
06/10/2011,82.98
05/10/2011,82.59
04/10/2011,79.68
03/10/2011,75.67
02/10/2011,77.61
29/09/2011,79.2
28/09/2011,82.14
27/09/2011,81.21
26/09/2011,84.45
25/09/2011,80.24
22/09/2011,79.85
21/09/2011,80.51
20/09/2011,85.92
19/09/2011,86.89
18/09/2011,85.7
15/09/2011,87.96
14/09/2011,89.4
13/09/2011,88.91
12/09/2011,90.21
11/09/2011,88.19
08/09/2011,87.24
07/09/2011,89.05
06/09/2011,89.34
05/09/2011,86.02
01/09/2011,86.45
31/08/2011,88.93
30/08/2011,88.81
29/08/2011,88.9
28/08/2011,87.27
25/08/2011,85.37
24/08/2011,85.3
23/08/2011,85.16
22/08/2011,85.44
21/08/2011,84.12
18/08/2011,82.26
17/08/2011,82.38
16/08/2011,87.58
15/08/2011,86.65
14/08/2011,87.88
11/08/2011,85.38
10/08/2011,85.72
09/08/2011,82.89
08/08/2011,79.3
07/08/2011,81.31
04/08/2011,86.88
03/08/2011,86.63
02/08/2011,91.93
01/08/2011,93.79
31/07/2011,94.89
28/07/2011,95.7
27/07/2011,97.44
26/07/2011,97.4
25/07/2011,99.59
24/07/2011,99.2
21/07/2011,99.87
20/07/2011,99.13
19/07/2011,98.14
18/07/2011,97.5
17/07/2011,95.93
14/07/2011,97.24
13/07/2011,95.69
12/07/2011,98.05
11/07/2011,97.43
10/07/2011,95.15
07/07/2011,96.2
06/07/2011,98.67
05/07/2011,96.65
04/07/2011,96.89
30/06/2011,94.94
29/06/2011,95.42
28/06/2011,94.77
27/06/2011,92.89
26/06/2011,90.61
23/06/2011,91.16
22/06/2011,91.02
21/06/2011,95.41
20/06/2011,93.4
19/06/2011,93.26
16/06/2011,93.01
15/06/2011,94.95
14/06/2011,94.81
13/06/2011,99.37
12/06/2011,97.3
09/06/2011,99.29
08/06/2011,101.93
07/06/2011,100.74
06/06/2011,99.09
05/06/2011,99.01
02/06/2011,100.22
01/06/2011,100.4
31/05/2011,100.29
30/05/2011,102.7
26/05/2011,100.59
25/05/2011,100.23
24/05/2011,101.32
23/05/2011,99.59
22/05/2011,97.7
19/05/2011,99.49
18/05/2011,98.44
17/05/2011,100.1
16/05/2011,96.91
15/05/2011,97.37
12/05/2011,99.65
11/05/2011,98.97
10/05/2011,98.21
09/05/2011,103.88
08/05/2011,102.55
05/05/2011,97.18
04/05/2011,99.8
03/05/2011,109.24
02/05/2011,111.05
01/05/2011,113.52
28/04/2011,113.93
27/04/2011,112.86
26/04/2011,112.76
25/04/2011,112.21
24/04/2011,112.28
20/04/2011,112.29
19/04/2011,111.45
18/04/2011,108.15
17/04/2011,107.12
14/04/2011,109.66
13/04/2011,108.11
12/04/2011,107.11
11/04/2011,106.25
10/04/2011,109.92
07/04/2011,112.79
06/04/2011,110.3
05/04/2011,108.83
04/04/2011,108.34
03/04/2011,108.47
31/03/2011,107.94
30/03/2011,106.72
29/03/2011,104.27
28/03/2011,104.79
27/03/2011,103.98
24/03/2011,105.4
23/03/2011,105.6
22/03/2011,105.75
21/03/2011,104.0
20/03/2011,102.33
17/03/2011,101.07
16/03/2011,101.42
15/03/2011,97.98
14/03/2011,97.18
13/03/2011,101.19
11/03/2011,101.16
10/03/2011,102.7
09/03/2011,104.38
08/03/2011,105.02
07/03/2011,105.44
04/03/2011,104.42
03/03/2011,101.91
02/03/2011,102.23
01/03/2011,99.63
28/02/2011,96.97
25/02/2011,97.88
24/02/2011,97.28
23/02/2011,98.1
22/02/2011,93.57
18/02/2011,86.2
17/02/2011,86.36
16/02/2011,84.99
15/02/2011,84.32
14/02/2011,84.81
11/02/2011,85.58
10/02/2011,86.73
09/02/2011,86.71
08/02/2011,86.94
07/02/2011,87.48
04/02/2011,89.03
03/02/2011,90.54
02/02/2011,90.86
01/02/2011,90.77
31/01/2011,92.19
28/01/2011,89.34
27/01/2011,85.64
26/01/2011,87.33
25/01/2011,86.19
24/01/2011,87.87
21/01/2011,89.11
20/01/2011,88.86
19/01/2011,90.86
18/01/2011,91.38
14/01/2011,91.54
13/01/2011,91.4
12/01/2011,91.86
11/01/2011,91.11
10/01/2011,89.25
07/01/2011,88.03
06/01/2011,88.38
05/01/2011,90.3
04/01/2011,89.38
03/01/2011,91.55
31/12/2010,91.38
30/12/2010,89.84
29/12/2010,91.12
28/12/2010,91.49
27/12/2010,91.0
23/12/2010,91.51
22/12/2010,90.48
21/12/2010,89.82
20/12/2010,88.81
17/12/2010,88.02
16/12/2010,87.7
15/12/2010,88.62
14/12/2010,88.28
13/12/2010,88.61
10/12/2010,87.79
09/12/2010,88.37
08/12/2010,88.28
07/12/2010,88.69
06/12/2010,89.38
03/12/2010,89.19
02/12/2010,88.0
01/12/2010,86.75
30/11/2010,84.11
29/11/2010,85.73
26/11/2010,83.76
24/11/2010,83.86
23/11/2010,81.25
22/11/2010,81.74
19/11/2010,81.51
18/11/2010,81.85
17/11/2010,80.44
16/11/2010,82.34
15/11/2010,84.86
12/11/2010,84.88
11/11/2010,87.81
10/11/2010,87.81
09/11/2010,86.72
08/11/2010,87.06
04/11/2010,86.85
03/11/2010,86.49
02/11/2010,84.69
01/11/2010,83.9
31/10/2010,82.95
28/10/2010,81.43
27/10/2010,82.18
26/10/2010,81.94
25/10/2010,82.55
24/10/2010,82.52
21/10/2010,81.69
20/10/2010,80.56
19/10/2010,81.77
18/10/2010,79.49
17/10/2010,83.08
14/10/2010,81.25
13/10/2010,82.69
12/10/2010,83.01
11/10/2010,81.67
10/10/2010,82.21
07/10/2010,82.66
06/10/2010,81.67
05/10/2010,83.23
04/10/2010,82.82
03/10/2010,81.47
30/09/2010,81.58
29/09/2010,79.97
28/09/2010,77.86
27/09/2010,76.18
26/09/2010,76.52
23/09/2010,76.49
22/09/2010,75.18
21/09/2010,74.71
20/09/2010,73.52
19/09/2010,74.86
16/09/2010,73.66
15/09/2010,74.57
14/09/2010,76.02
13/09/2010,76.8
12/09/2010,77.19
09/09/2010,76.45
08/09/2010,74.25
07/09/2010,74.67
06/09/2010,74.09
02/09/2010,74.6
01/09/2010,75.02
31/08/2010,73.91
30/08/2010,71.92
29/08/2010,74.7
26/08/2010,75.17
25/08/2010,73.36
24/08/2010,72.52
23/08/2010,71.63
22/08/2010,73.1
19/08/2010,73.46
18/08/2010,74.43
17/08/2010,75.42
16/08/2010,75.77
15/08/2010,75.24
12/08/2010,75.39
11/08/2010,75.74
10/08/2010,78.02
09/08/2010,80.25
08/08/2010,81.48
05/08/2010,80.7
04/08/2010,82.01
03/08/2010,82.47
02/08/2010,82.55
01/08/2010,81.34
29/07/2010,78.95
28/07/2010,78.36
27/07/2010,76.99
26/07/2010,77.5
25/07/2010,78.98
22/07/2010,78.98
21/07/2010,79.3
20/07/2010,76.56
19/07/2010,77.44
18/07/2010,76.54
15/07/2010,76.01
14/07/2010,76.62
13/07/2010,77.04
12/07/2010,77.15
11/07/2010,74.95
08/07/2010,76.09
07/07/2010,75.44
06/07/2010,74.07
05/07/2010,71.98
01/07/2010,72.14
30/06/2010,72.95
29/06/2010,75.63
28/06/2010,75.94
27/06/2010,78.25
24/06/2010,78.86
23/06/2010,76.51
22/06/2010,76.35
21/06/2010,77.21
20/06/2010,77.82
17/06/2010,77.18
16/06/2010,76.79
15/06/2010,77.67
14/06/2010,76.94
13/06/2010,75.12
10/06/2010,73.78
09/06/2010,75.48
08/06/2010,74.38
07/06/2010,71.99
06/06/2010,71.44
03/06/2010,71.51
02/06/2010,74.61
01/06/2010,72.86
31/05/2010,72.58
27/05/2010,73.97
26/05/2010,74.55
25/05/2010,71.51
24/05/2010,68.75
23/05/2010,70.21
20/05/2010,70.04
19/05/2010,68.01
18/05/2010,69.87
17/05/2010,69.41
16/05/2010,70.08
13/05/2010,71.61
12/05/2010,74.4
11/05/2010,75.65
10/05/2010,76.37
09/05/2010,76.8
06/05/2010,75.11
05/05/2010,77.11
04/05/2010,79.97
03/05/2010,82.74
02/05/2010,86.19
29/04/2010,86.15
28/04/2010,85.17
27/04/2010,83.22
26/04/2010,82.44
25/04/2010,84.2
22/04/2010,85.12
21/04/2010,83.7
20/04/2010,83.68
19/04/2010,83.45
18/04/2010,81.45
15/04/2010,83.24
14/04/2010,85.51
13/04/2010,85.84
12/04/2010,84.05
11/04/2010,84.34
08/04/2010,84.92
07/04/2010,85.39
06/04/2010,85.88
05/04/2010,86.84
04/04/2010,86.62
31/03/2010,84.87
