Date,DXY
11/03/2023,105.02
11/02/2023,106.12
11/01/2023,106.88
10/31/2023,106.66
10/30/2023,106.12
10/27/2023,106.56
10/26/2023,106.60
10/25/2023,106.53
10/24/2023,106.27
10/23/2023,105.54
10/20/2023,106.16
10/19/2023,106.25
10/18/2023,106.57
10/17/2023,106.25
10/16/2023,106.65
10/13/2023,106.65
10/12/2023,106.60
10/11/2023,105.82
10/10/2023,105.83
10/09/2023,106.08
10/06/2023,106.04
10/05/2023,106.33
10/04/2023,106.80
10/03/2023,107.00
10/02/2023,106.90
09/29/2023,106.22
09/28/2023,106.22
09/27/2023,106.67
09/26/2023,106.23
09/25/2023,106.00
09/22/2023,105.58
09/21/2023,105.36
09/20/2023,105.20
09/19/2023,105.20
09/18/2023,105.20
09/15/2023,105.32
09/14/2023,105.41
09/13/2023,104.77
09/12/2023,104.71
09/11/2023,104.57
09/08/2023,105.09
09/07/2023,105.06
09/06/2023,104.86
09/05/2023,104.81
09/04/2023,104.11
09/01/2023,104.24
08/31/2023,103.62
08/30/2023,103.16
08/29/2023,103.53
08/28/2023,104.06
08/25/2023,103.98
08/24/2023,103.98
08/23/2023,103.56
08/22/2023,103.30
08/21/2023,103.30
08/18/2023,103.57
08/17/2023,103.57
08/16/2023,103.43
08/15/2023,103.21
08/14/2023,103.19
08/11/2023,102.84
08/10/2023,102.52
08/09/2023,102.49
08/08/2023,102.53
08/07/2023,102.05
08/04/2023,102.02
08/03/2023,102.54
08/02/2023,102.59
08/01/2023,102.30
07/31/2023,101.86
07/28/2023,101.62
07/27/2023,101.77
07/26/2023,100.89
07/25/2023,101.35
07/24/2023,101.35
07/21/2023,101.07
07/20/2023,100.88
07/19/2023,100.28
07/18/2023,99.94
07/17/2023,99.84
07/14/2023,99.91
07/13/2023,99.77
07/12/2023,100.52
07/11/2023,101.73
07/10/2023,101.97
07/07/2023,102.27
07/06/2023,103.17
07/05/2023,103.37
07/04/2023,103.04
07/03/2023,102.99
06/30/2023,102.91
06/29/2023,103.34
06/28/2023,102.91
06/27/2023,102.49
06/26/2023,102.69
06/23/2023,102.90
06/22/2023,102.39
06/21/2023,102.07
06/20/2023,102.54
06/19/2023,102.52
06/16/2023,102.24
06/15/2023,102.12
06/14/2023,102.95
06/13/2023,103.34
06/12/2023,103.65
06/09/2023,103.56
06/08/2023,103.34
06/07/2023,104.10
06/06/2023,104.13
06/05/2023,104.00
06/02/2023,104.02
06/01/2023,103.56
05/31/2023,104.33
05/30/2023,104.17
05/29/2023,104.21
05/26/2023,104.21
05/25/2023,104.25
05/24/2023,103.89
05/23/2023,103.49
05/22/2023,103.20
05/19/2023,103.20
05/18/2023,103.58
05/17/2023,102.88
05/16/2023,102.56
05/15/2023,102.43
05/12/2023,102.68
05/11/2023,102.06
05/10/2023,101.48
05/09/2023,101.61
05/08/2023,101.38
05/05/2023,101.21
05/04/2023,101.40
05/03/2023,101.34
05/02/2023,101.96
05/01/2023,102.15
04/28/2023,101.66
04/27/2023,101.50
04/26/2023,101.47
04/25/2023,101.86
04/24/2023,101.35
04/21/2023,101.82
04/20/2023,101.84
04/19/2023,101.97
04/18/2023,101.75
04/17/2023,102.10
04/14/2023,101.55
04/13/2023,101.01
04/12/2023,101.50
04/11/2023,102.20
04/10/2023,102.58
04/07/2023,102.09
04/06/2023,101.82
04/05/2023,101.85
04/04/2023,101.59
04/03/2023,102.09
03/31/2023,102.51
03/30/2023,102.14
03/29/2023,102.64
03/28/2023,102.43
03/27/2023,102.86
03/24/2023,103.12
03/23/2023,102.53
03/22/2023,102.35
03/21/2023,103.26
03/20/2023,103.28
03/17/2023,103.71
03/16/2023,104.42
03/15/2023,104.65
03/14/2023,103.60
03/13/2023,103.60
03/10/2023,104.58
03/09/2023,105.31
03/08/2023,105.66
03/07/2023,105.62
03/06/2023,104.35
03/03/2023,104.52
03/02/2023,105.03
03/01/2023,104.48
02/28/2023,104.87
02/27/2023,104.67
02/24/2023,105.21
02/23/2023,104.60
02/22/2023,104.59
02/21/2023,104.18
02/20/2023,103.88
02/17/2023,103.86
02/16/2023,103.86
02/15/2023,103.92
02/14/2023,103.23
02/13/2023,103.35
02/10/2023,103.63
02/09/2023,103.22
02/08/2023,103.41
02/07/2023,103.43
02/06/2023,103.62
02/03/2023,102.92
02/02/2023,101.75
02/01/2023,101.22
01/31/2023,102.10
01/30/2023,102.28
01/27/2023,101.93
01/26/2023,101.84
01/25/2023,101.64
01/24/2023,101.92
01/23/2023,102.14
01/20/2023,102.01
01/19/2023,102.06
01/18/2023,102.36
01/17/2023,102.39
01/16/2023,102.20
01/13/2023,102.20
01/12/2023,102.25
01/11/2023,103.19
01/10/2023,103.24
01/09/2023,103.00
01/06/2023,103.88
01/05/2023,105.04
01/04/2023,104.25
01/03/2023,104.52
01/01/2023,103.49
12/30/2022,103.52
12/29/2022,103.84
12/28/2022,104.46
12/27/2022,104.18
12/23/2022,104.33
12/22/2022,104.43
12/21/2022,104.16
12/20/2022,103.97
12/19/2022,104.72
12/16/2022,104.70
12/15/2022,104.56
12/14/2022,103.77
12/13/2022,103.98
12/12/2022,105.13
12/09/2022,104.81
12/08/2022,104.77
12/07/2022,105.10
12/06/2022,105.58
12/05/2022,105.29
12/02/2022,104.55
12/01/2022,104.73
11/30/2022,105.95
11/29/2022,106.82
11/28/2022,106.68
11/25/2022,105.96
11/24/2022,106.08
11/23/2022,106.08
11/22/2022,107.22
11/21/2022,107.84
11/18/2022,106.93
11/17/2022,106.69
11/16/2022,106.28
11/15/2022,106.40
11/14/2022,106.66
11/11/2022,106.29
11/10/2022,108.21
11/09/2022,110.55
11/08/2022,109.64
11/07/2022,110.12
11/04/2022,110.88
11/03/2022,112.93
11/02/2022,111.35
11/01/2022,111.48
10/31/2022,111.53
10/28/2022,110.75
10/27/2022,110.59
10/26/2022,109.70
10/25/2022,110.95
10/24/2022,111.99
10/21/2022,112.01
10/20/2022,112.88
10/19/2022,112.98
10/18/2022,112.13
10/17/2022,112.04
10/14/2022,113.31
10/13/2022,112.36
10/12/2022,113.32
10/11/2022,113.22
10/10/2022,113.14
10/07/2022,112.80
10/06/2022,112.26
10/05/2022,110.07
10/04/2022,110.07
10/03/2022,111.75
09/30/2022,112.12
09/29/2022,112.25
09/28/2022,112.60
09/27/2022,114.10
09/26/2022,114.10
09/23/2022,113.19
09/22/2022,111.35
09/21/2022,110.64
09/20/2022,110.22
09/19/2022,109.74
09/16/2022,109.76
09/15/2022,109.66
09/14/2022,109.66
09/13/2022,109.82
09/12/2022,108.33
09/09/2022,109.00
09/08/2022,109.71
09/07/2022,109.84
09/06/2022,110.21
09/05/2022,109.83
09/02/2022,109.53
09/01/2022,109.69
08/31/2022,108.70
08/30/2022,108.77
08/29/2022,108.84
08/26/2022,108.80
08/25/2022,108.47
08/24/2022,108.68
08/23/2022,108.62
08/22/2022,109.05
08/19/2022,108.17
08/18/2022,107.48
08/17/2022,106.57
08/16/2022,106.50
08/15/2022,106.55
08/12/2022,105.63
08/11/2022,105.09
08/10/2022,105.20
08/09/2022,106.37
08/08/2022,106.44
08/05/2022,106.62
08/04/2022,105.69
08/03/2022,106.51
08/02/2022,106.24
08/01/2022,105.45
07/29/2022,105.90
07/28/2022,106.35
07/27/2022,106.45
07/26/2022,107.19
07/25/2022,106.73
07/22/2022,106.73
07/21/2022,106.91
07/20/2022,107.08
07/19/2022,106.68
07/18/2022,107.37
07/15/2022,108.06
07/14/2022,108.54
07/13/2022,107.96
07/12/2022,108.07
07/11/2022,108.02
07/08/2022,107.01
07/07/2022,107.13
07/06/2022,107.10
07/05/2022,106.54
07/04/2022,105.14
07/01/2022,105.14
06/30/2022,104.69
06/29/2022,105.11
06/28/2022,104.51
06/27/2022,103.94
06/24/2022,104.19
06/23/2022,104.43
06/22/2022,104.20
06/21/2022,104.44
06/20/2022,104.70
06/17/2022,104.70
06/16/2022,103.63
06/15/2022,105.16
06/14/2022,105.52
06/13/2022,105.08
06/10/2022,104.15
06/09/2022,103.22
06/08/2022,102.54
06/07/2022,102.32
06/06/2022,102.44
06/03/2022,102.14
06/02/2022,101.82
06/01/2022,102.50
05/31/2022,101.75
05/30/2022,101.67
05/27/2022,101.67
05/26/2022,101.83
05/25/2022,102.06
05/24/2022,101.86
05/23/2022,102.08
05/20/2022,103.15
05/19/2022,102.72
05/18/2022,103.81
05/17/2022,103.36
05/16/2022,104.19
05/13/2022,104.56
05/12/2022,104.85
05/11/2022,103.85
05/10/2022,103.92
05/09/2022,103.65
05/06/2022,103.66
05/05/2022,103.75
05/04/2022,102.59
05/03/2022,103.47
05/02/2022,103.74
04/29/2022,102.96
04/28/2022,103.62
04/27/2022,102.95
04/26/2022,101.75
04/25/2022,101.75
04/22/2022,101.22
04/21/2022,100.58
04/20/2022,100.39
04/19/2022,100.96
04/18/2022,100.78
04/15/2022,100.50
04/14/2022,100.32
04/13/2022,99.88
04/12/2022,100.29
04/11/2022,99.93
04/08/2022,99.80
04/07/2022,99.75
04/06/2022,99.60
04/05/2022,99.47
04/04/2022,99.00
04/01/2022,98.63
03/31/2022,98.31
03/30/2022,97.79
03/29/2022,98.40
03/28/2022,99.09
03/25/2022,98.79
03/24/2022,98.79
03/23/2022,98.62
03/22/2022,98.49
03/21/2022,98.50
03/18/2022,98.23
03/17/2022,97.97
03/16/2022,98.62
03/15/2022,99.10
03/14/2022,99.00
03/11/2022,99.12
03/10/2022,98.51
03/09/2022,97.97
03/08/2022,99.06
03/07/2022,99.29
03/04/2022,98.65
03/03/2022,97.79
03/02/2022,97.39
03/01/2022,97.41
02/28/2022,96.71
02/25/2022,96.62
02/24/2022,97.14
02/23/2022,96.19
02/22/2022,96.03
02/21/2022,96.12
02/18/2022,96.04
02/17/2022,95.80
02/16/2022,95.70
02/15/2022,95.99
02/14/2022,96.37
02/11/2022,96.08
02/10/2022,95.55
02/09/2022,95.49
02/08/2022,95.64
02/07/2022,95.40
02/04/2022,95.49
02/03/2022,95.38
02/02/2022,95.94
02/01/2022,96.39
01/31/2022,96.54
01/28/2022,97.27
01/27/2022,97.26
01/26/2022,95.95
01/25/2022,95.95
01/24/2022,95.92
01/21/2022,95.64
01/20/2022,95.74
01/19/2022,95.51
01/18/2022,95.73
01/17/2022,95.26
01/14/2022,95.17
01/13/2022,94.79
01/12/2022,94.92
01/11/2022,95.62
01/10/2022,95.99
01/07/2022,95.72
01/06/2022,96.32
01/05/2022,96.17
01/04/2022,96.26
01/03/2022,96.21
12/31/2021,95.97
12/30/2021,95.97
12/29/2021,95.93
12/28/2021,96.20
12/27/2021,96.09
12/24/2021,96.02
12/23/2021,96.06
12/22/2021,96.08
12/21/2021,96.49
12/20/2021,96.55
12/17/2021,96.57
12/16/2021,96.04
12/15/2021,96.51
12/14/2021,96.57
12/13/2021,96.32
12/10/2021,96.10
12/09/2021,96.27
12/08/2021,95.89
12/07/2021,96.37
12/06/2021,96.33
12/03/2021,96.12
12/02/2021,96.16
12/01/2021,96.03
11/30/2021,95.99
11/29/2021,96.34
11/26/2021,96.09
11/25/2021,96.77
11/24/2021,96.88
11/23/2021,96.49
11/22/2021,96.55
11/19/2021,96.03
11/18/2021,95.54
11/17/2021,95.83
11/16/2021,95.92
11/15/2021,95.41
11/12/2021,95.13
11/11/2021,95.18
11/10/2021,94.85
11/09/2021,93.96
11/08/2021,94.05
11/05/2021,94.32
11/04/2021,94.35
11/03/2021,93.86
11/02/2021,94.09
11/01/2021,93.88
10/29/2021,94.12
10/28/2021,93.35
10/27/2021,93.80
10/26/2021,93.95
10/25/2021,93.81
10/22/2021,93.64
10/21/2021,93.77
10/20/2021,93.56
10/19/2021,93.73
10/18/2021,93.95
10/15/2021,93.96
10/14/2021,94.08
10/13/2021,94.08
10/12/2021,94.52
10/11/2021,94.32
10/08/2021,94.07
10/07/2021,94.22
10/06/2021,94.27
10/05/2021,93.98
10/04/2021,93.78
10/01/2021,94.04
09/30/2021,94.23
09/29/2021,94.34
09/28/2021,93.77
09/27/2021,93.38
09/24/2021,93.33
09/23/2021,93.46
09/22/2021,93.46
09/21/2021,93.20
09/20/2021,93.28
09/17/2021,93.20
09/16/2021,92.93
09/15/2021,92.55
09/14/2021,92.62
09/13/2021,92.68
09/10/2021,92.58
09/09/2021,92.48
09/08/2021,92.65
09/07/2021,92.51
09/06/2021,92.22
09/03/2021,92.04
09/02/2021,92.23
09/01/2021,92.45
08/31/2021,92.63
08/30/2021,92.65
08/27/2021,92.69
08/26/2021,93.06
08/25/2021,92.83
08/24/2021,92.89
08/23/2021,92.96
08/20/2021,93.50
08/19/2021,93.57
08/18/2021,93.14
08/17/2021,93.13
08/16/2021,92.63
08/13/2021,92.52
08/12/2021,93.04
08/11/2021,92.92
08/10/2021,93.06
08/09/2021,92.95
08/06/2021,92.80
08/05/2021,92.24
08/04/2021,92.27
08/03/2021,92.08
08/02/2021,92.05
07/30/2021,92.17
07/29/2021,91.86
07/28/2021,92.32
07/27/2021,92.43
07/26/2021,92.65
07/23/2021,92.91
07/22/2021,92.82
07/21/2021,92.75
07/20/2021,92.97
07/19/2021,92.89
07/16/2021,92.69
07/15/2021,92.62
07/14/2021,92.41
07/13/2021,92.75
07/12/2021,92.26
07/09/2021,92.13
07/08/2021,92.42
07/07/2021,92.64
07/06/2021,92.55
07/05/2021,92.21
07/02/2021,92.23
07/01/2021,92.60
06/30/2021,92.44
06/29/2021,92.05
06/28/2021,91.89
06/25/2021,91.85
06/24/2021,91.81
06/23/2021,91.80
06/22/2021,91.76
06/21/2021,91.90
06/18/2021,92.23
06/17/2021,91.89
06/16/2021,91.13
06/15/2021,90.54
06/14/2021,90.52
06/11/2021,90.56
06/10/2021,90.08
06/09/2021,90.12
06/08/2021,90.08
06/07/2021,89.95
06/04/2021,90.14
06/03/2021,90.51
06/02/2021,89.91
06/01/2021,89.83
05/31/2021,90.03
05/28/2021,90.03
05/27/2021,89.97
05/26/2021,90.04
05/25/2021,89.64
05/24/2021,89.84
05/21/2021,90.02
05/20/2021,89.81
05/19/2021,90.19
05/18/2021,89.75
05/17/2021,90.16
05/14/2021,90.32
05/13/2021,90.75
05/12/2021,90.71
05/11/2021,90.14
05/10/2021,90.21
05/07/2021,90.23
05/06/2021,90.95
05/05/2021,91.31
05/04/2021,91.29
05/03/2021,90.95
04/30/2021,91.28
04/29/2021,90.61
04/28/2021,90.61
04/27/2021,90.91
04/26/2021,90.81
04/23/2021,90.86
04/22/2021,91.33
04/21/2021,91.16
04/20/2021,91.24
04/19/2021,91.07
04/16/2021,91.56
04/15/2021,91.69
04/14/2021,91.69
04/13/2021,91.85
04/12/2021,92.14
04/09/2021,92.16
04/08/2021,92.06
04/07/2021,92.46
04/06/2021,92.34
04/05/2021,92.60
04/02/2021,93.01
04/01/2021,92.93
03/31/2021,93.23
03/30/2021,93.30
03/29/2021,92.94
03/26/2021,92.77
03/25/2021,92.53
03/24/2021,92.53
03/23/2021,92.34
03/22/2021,91.74
03/19/2021,91.92
03/18/2021,91.86
03/17/2021,91.44
03/16/2021,91.87
03/15/2021,91.83
03/12/2021,91.68
03/11/2021,91.42
03/10/2021,91.82
03/09/2021,91.96
03/08/2021,92.31
03/05/2021,91.98
03/04/2021,91.63
03/03/2021,90.95
03/02/2021,90.79
03/01/2021,91.04
02/26/2021,90.88
02/25/2021,90.13
02/24/2021,90.18
02/23/2021,90.17
02/22/2021,90.01
02/19/2021,90.36
02/18/2021,90.59
02/17/2021,90.95
02/16/2021,90.51
02/15/2021,90.37
02/12/2021,90.48
02/11/2021,90.42
02/10/2021,90.37
02/09/2021,90.44
02/08/2021,90.93
02/05/2021,91.04
02/04/2021,91.53
02/03/2021,91.17
02/02/2021,91.20
02/01/2021,90.98
01/29/2021,90.58
01/28/2021,90.46
01/27/2021,90.65
01/26/2021,90.17
01/25/2021,90.39
01/22/2021,90.24
01/21/2021,90.13
01/20/2021,90.48
01/19/2021,90.50
01/18/2021,90.77
01/15/2021,90.77
01/14/2021,90.24
01/13/2021,90.36
01/12/2021,90.09
01/11/2021,90.47
01/08/2021,90.10
01/07/2021,89.83
01/06/2021,89.53
01/05/2021,89.44
01/04/2021,89.87
12/31/2020,89.93
12/30/2020,89.68
12/29/2020,89.99
12/28/2020,90.34
12/25/2020,90.22
12/24/2020,90.32
12/23/2020,90.41
12/22/2020,90.65
12/21/2020,90.04
12/18/2020,90.02
12/17/2020,89.82
12/16/2020,90.45
12/15/2020,90.47
12/14/2020,90.71
12/11/2020,90.98
12/10/2020,90.82
12/09/2020,91.09
12/08/2020,90.97
12/07/2020,90.79
12/04/2020,90.70
12/03/2020,90.71
12/02/2020,91.12
12/01/2020,91.31
11/30/2020,91.87
11/27/2020,91.79
11/26/2020,91.99
11/25/2020,91.99
11/24/2020,92.23
11/23/2020,92.51
11/20/2020,92.39
11/19/2020,92.29
11/18/2020,92.32
11/17/2020,92.42
11/16/2020,92.64
11/13/2020,92.76
11/12/2020,92.96
11/11/2020,93.04
11/10/2020,92.75
11/09/2020,92.73
11/06/2020,92.23
11/05/2020,92.53
11/04/2020,93.41
11/03/2020,93.55
11/02/2020,94.13
10/30/2020,94.04
10/29/2020,93.96
10/28/2020,93.41
10/27/2020,92.94
10/26/2020,93.05
10/23/2020,92.77
10/22/2020,92.95
10/21/2020,92.61
10/20/2020,93.07
10/19/2020,93.43
10/16/2020,93.68
10/15/2020,93.86
10/14/2020,93.38
10/13/2020,93.53
10/12/2020,93.07
10/09/2020,93.06
10/08/2020,93.61
10/07/2020,93.63
10/06/2020,93.69
10/05/2020,93.51
10/02/2020,93.84
10/01/2020,93.71
09/30/2020,93.89
09/29/2020,93.89
09/28/2020,94.28
09/25/2020,94.64
09/24/2020,94.35
09/23/2020,94.39
09/22/2020,93.99
09/21/2020,93.66
09/18/2020,92.93
09/17/2020,92.97
09/16/2020,93.21
09/15/2020,93.05
09/14/2020,93.05
09/11/2020,93.33
09/10/2020,93.34
09/09/2020,93.26
09/08/2020,93.45
09/07/2020,93.07
09/04/2020,92.72
09/03/2020,92.74
09/02/2020,92.85
09/01/2020,92.34
08/31/2020,92.14
08/28/2020,92.37
08/27/2020,93.00
08/26/2020,93.01
08/25/2020,93.02
08/24/2020,93.30
08/21/2020,93.25
08/20/2020,92.79
08/19/2020,92.89
08/18/2020,92.27
08/17/2020,92.85
08/14/2020,93.10
08/13/2020,93.34
08/12/2020,93.44
08/11/2020,93.63
08/10/2020,93.58
08/07/2020,93.44
08/06/2020,92.79
08/05/2020,92.87
08/04/2020,93.38
08/03/2020,93.35
07/31/2020,93.35
07/30/2020,93.02
07/29/2020,93.45
07/28/2020,93.70
07/27/2020,93.67
07/24/2020,94.44
07/23/2020,94.69
07/22/2020,94.99
07/21/2020,95.12
07/20/2020,95.83
07/17/2020,95.94
07/16/2020,96.35
07/15/2020,96.08
07/14/2020,96.26
07/13/2020,96.46
07/10/2020,96.65
07/09/2020,96.70
07/08/2020,96.43
07/07/2020,96.88
07/06/2020,96.73
07/03/2020,97.17
07/02/2020,97.32
07/01/2020,97.20
06/30/2020,97.39
06/29/2020,97.54
06/26/2020,97.43
06/25/2020,97.43
06/24/2020,97.15
06/23/2020,96.65
06/22/2020,97.04
06/19/2020,97.62
06/18/2020,97.42
06/17/2020,97.16
06/16/2020,96.96
06/15/2020,96.71
06/12/2020,97.32
06/11/2020,96.73
06/10/2020,95.96
06/09/2020,96.32
06/08/2020,96.62
06/05/2020,96.94
06/04/2020,96.68
06/03/2020,97.28
06/02/2020,97.67
06/01/2020,97.83
05/29/2020,98.34
05/28/2020,98.38
05/27/2020,99.06
05/26/2020,98.91
05/25/2020,99.86
05/22/2020,99.86
05/21/2020,99.37
05/20/2020,99.12
05/19/2020,99.37
05/18/2020,99.67
05/15/2020,100.40
05/14/2020,100.47
05/13/2020,100.24
05/12/2020,99.93
05/11/2020,100.24
05/08/2020,99.73
05/07/2020,99.89
05/06/2020,100.09
05/05/2020,99.71
05/04/2020,99.48
05/01/2020,99.08
04/30/2020,99.02
04/29/2020,99.57
04/28/2020,99.87
04/27/2020,100.04
04/24/2020,100.38
04/23/2020,100.43
04/22/2020,100.39
04/21/2020,100.26
04/20/2020,99.96
04/17/2020,99.78
04/16/2020,100.03
04/15/2020,99.46
04/14/2020,98.89
04/13/2020,99.35
04/10/2020,99.52
04/09/2020,99.52
04/08/2020,100.12
04/07/2020,99.90
04/06/2020,100.69
04/03/2020,100.58
04/02/2020,100.18
04/01/2020,99.67
03/31/2020,99.05
03/30/2020,99.18
03/27/2020,98.37
03/26/2020,99.35
03/25/2020,101.05
03/24/2020,102.04
03/23/2020,102.49
03/20/2020,102.82
03/19/2020,102.76
03/18/2020,101.16
03/17/2020,99.58
03/16/2020,98.07
03/13/2020,98.75
03/12/2020,97.47
03/11/2020,96.51
03/10/2020,96.41
03/09/2020,94.90
03/06/2020,95.95
03/05/2020,96.82
03/04/2020,97.34
03/03/2020,97.15
03/02/2020,97.36
02/28/2020,98.13
02/27/2020,98.51
02/26/2020,99.00
02/25/2020,98.97
02/24/2020,99.36
02/21/2020,99.26
02/20/2020,99.87
02/19/2020,99.71
02/18/2020,99.44
02/17/2020,99.16
02/14/2020,99.12
02/13/2020,99.07
02/12/2020,99.05
02/11/2020,98.72
02/10/2020,98.83
02/07/2020,98.68
02/06/2020,98.50
02/05/2020,98.30
02/04/2020,97.96
02/03/2020,97.80
01/31/2020,97.39
01/30/2020,97.87
01/29/2020,97.99
01/28/2020,98.02
01/27/2020,97.96
01/24/2020,97.85
01/23/2020,97.69
01/22/2020,97.53
01/21/2020,97.53
01/20/2020,97.61
01/17/2020,97.61
01/16/2020,97.32
01/15/2020,97.23
01/14/2020,97.37
01/13/2020,97.35
01/10/2020,97.36
01/09/2020,97.45
01/08/2020,97.30
01/07/2020,97.01
01/06/2020,96.67
01/03/2020,96.84
01/02/2020,96.85
01/01/2020,96.50
12/31/2019,96.39
12/30/2019,96.74
12/27/2019,96.92
12/26/2019,97.53
12/25/2019,97.44
12/24/2019,97.65
12/23/2019,97.66
12/20/2019,97.69
12/19/2019,97.38
12/18/2019,97.40
12/17/2019,97.22
12/16/2019,97.02
12/13/2019,97.17
12/12/2019,97.40
12/11/2019,97.41
12/10/2019,97.41
12/09/2019,97.64
12/06/2019,97.70
12/05/2019,97.41
12/04/2019,97.65
12/03/2019,97.74
12/02/2019,97.86
11/29/2019,98.27
11/28/2019,98.37
11/27/2019,98.37
11/26/2019,98.25
11/25/2019,98.32
11/22/2019,98.27
11/21/2019,97.99
11/20/2019,97.93
11/19/2019,97.86
11/18/2019,97.79
11/15/2019,98.00
11/14/2019,98.16
11/13/2019,98.37
11/12/2019,98.31
11/11/2019,98.20
11/08/2019,98.35
11/07/2019,98.14
11/06/2019,97.95
11/05/2019,97.98
11/04/2019,97.51
11/01/2019,97.24
10/31/2019,97.35
10/30/2019,97.65
10/29/2019,97.69
10/28/2019,97.76
10/25/2019,97.83
10/24/2019,97.63
10/23/2019,97.49
10/22/2019,97.53
10/21/2019,97.33
10/18/2019,97.28
10/17/2019,97.61
10/16/2019,98.00
10/15/2019,98.29
10/14/2019,98.45
10/11/2019,98.30
10/10/2019,98.70
10/09/2019,99.12
10/08/2019,98.97
10/07/2019,98.97
10/04/2019,98.81
10/03/2019,98.86
10/02/2019,99.02
10/01/2019,99.13
09/30/2019,99.38
09/27/2019,99.11
09/26/2019,99.13
09/25/2019,99.04
09/24/2019,98.34
09/23/2019,98.60
09/20/2019,98.27
09/19/2019,98.27
09/18/2019,98.56
09/17/2019,98.26
09/16/2019,98.61
09/13/2019,98.26
09/12/2019,98.31
09/11/2019,98.65
09/10/2019,98.33
09/09/2019,98.28
09/06/2019,98.39
09/05/2019,98.41
09/04/2019,98.45
09/03/2019,99.00
09/02/2019,99.04
08/30/2019,98.92
08/29/2019,98.46
08/28/2019,98.21
08/27/2019,98.00
08/26/2019,98.08
08/23/2019,97.64
08/22/2019,98.17
08/21/2019,98.30
08/20/2019,98.19
08/19/2019,98.35
08/16/2019,98.14
08/15/2019,98.14
08/14/2019,97.99
08/13/2019,97.81
08/12/2019,97.38
08/09/2019,97.49
08/08/2019,97.62
08/07/2019,97.54
08/06/2019,97.63
08/05/2019,97.52
08/02/2019,98.07
08/01/2019,98.37
07/31/2019,98.52
07/30/2019,98.05
07/29/2019,98.04
07/26/2019,98.01
07/25/2019,97.82
07/24/2019,97.73
07/23/2019,97.71
07/22/2019,97.26
07/19/2019,97.15
07/18/2019,96.79
07/17/2019,97.22
07/16/2019,97.40
07/15/2019,96.93
07/12/2019,96.81
07/11/2019,97.05
07/10/2019,97.10
07/09/2019,97.49
07/08/2019,97.38
07/05/2019,97.29
07/04/2019,96.77
07/03/2019,96.77
07/02/2019,96.73
07/01/2019,96.84
06/28/2019,96.13
06/27/2019,96.21
06/26/2019,96.21
06/25/2019,96.14
06/24/2019,95.98
06/21/2019,96.22
06/20/2019,96.63
06/19/2019,97.12
06/18/2019,97.64
06/17/2019,97.56
06/14/2019,97.57
06/13/2019,97.01
06/12/2019,97.00
06/11/2019,96.69
06/10/2019,96.76
06/07/2019,96.54
06/06/2019,97.04
06/05/2019,97.32
06/04/2019,97.07
06/03/2019,97.14
05/31/2019,97.75
05/30/2019,98.14
05/29/2019,98.14
05/28/2019,97.95
05/27/2019,97.61
05/24/2019,97.61
05/23/2019,97.86
05/22/2019,98.04
05/21/2019,98.06
05/20/2019,97.93
05/17/2019,98.00
05/16/2019,97.86
05/15/2019,97.57
05/14/2019,97.53
05/13/2019,97.32
05/10/2019,97.33
05/09/2019,97.37
05/08/2019,97.62
05/07/2019,97.63
05/06/2019,97.52
05/03/2019,97.52
05/02/2019,97.83
05/01/2019,97.69
04/30/2019,97.48
04/29/2019,97.86
04/26/2019,98.01
04/25/2019,98.20
04/24/2019,98.17
04/23/2019,97.64
04/22/2019,97.29
04/19/2019,97.47
04/18/2019,97.47
04/17/2019,97.01
04/16/2019,97.04
04/15/2019,96.94
04/12/2019,96.97
04/11/2019,97.18
04/10/2019,96.95
04/09/2019,97.01
04/08/2019,97.05
04/05/2019,97.40
04/04/2019,97.31
04/03/2019,97.09
04/02/2019,97.36
04/01/2019,97.23
03/29/2019,97.28
03/28/2019,97.20
03/27/2019,96.77
03/26/2019,96.74
03/25/2019,96.57
03/22/2019,96.65
03/21/2019,96.50
03/20/2019,95.76
03/19/2019,96.38
03/18/2019,96.52
03/15/2019,96.60
03/14/2019,96.79
03/13/2019,96.55
03/12/2019,96.94
03/11/2019,97.22
03/08/2019,97.31
03/07/2019,97.67
03/06/2019,96.87
03/05/2019,96.87
03/04/2019,96.68
03/01/2019,96.53
02/28/2019,96.16
02/27/2019,96.15
02/26/2019,96.00
02/25/2019,96.41
02/22/2019,96.51
02/21/2019,96.61
02/20/2019,96.45
02/19/2019,96.52
02/18/2019,96.90
02/15/2019,96.90
02/14/2019,96.98
02/13/2019,97.13
02/12/2019,96.71
02/11/2019,97.06
02/08/2019,96.64
02/07/2019,96.51
02/06/2019,96.39
02/05/2019,96.07
02/04/2019,95.85
02/01/2019,95.58
01/31/2019,95.58
01/30/2019,95.34
01/29/2019,95.82
01/28/2019,95.75
01/25/2019,95.79
01/24/2019,96.60
01/23/2019,96.12
01/22/2019,96.30
01/21/2019,96.34
01/18/2019,96.34
01/17/2019,96.07
01/16/2019,96.06
01/15/2019,96.04
01/14/2019,95.61
01/11/2019,95.67
01/10/2019,95.54
01/09/2019,95.22
01/08/2019,95.90
01/07/2019,95.67
01/04/2019,96.18
01/03/2019,96.31
01/02/2019,96.82
01/01/2019,96.17
12/31/2018,96.17
12/28/2018,96.40
12/27/2018,96.48
12/26/2018,97.05
12/25/2018,96.55
12/24/2018,96.55
12/21/2018,96.96
12/20/2018,96.28
12/19/2018,97.04
12/18/2018,97.10
12/17/2018,97.10
12/14/2018,97.44
12/13/2018,97.06
12/12/2018,97.04
12/11/2018,97.39
12/10/2018,97.22
12/07/2018,96.51
12/06/2018,96.81
12/05/2018,97.07
12/04/2018,96.97
12/03/2018,97.04
11/30/2018,97.27
11/29/2018,96.78
11/28/2018,96.79
11/27/2018,97.37
11/26/2018,97.07
11/23/2018,96.92
11/22/2018,96.71
11/21/2018,96.71
11/20/2018,96.84
11/19/2018,96.19
11/16/2018,96.47
11/15/2018,96.93
11/14/2018,96.80
11/13/2018,97.30
11/12/2018,97.54
11/09/2018,96.91
11/08/2018,96.72
11/07/2018,96.00
11/06/2018,96.32
11/05/2018,96.28
11/02/2018,96.54
11/01/2018,96.28
10/31/2018,97.13
10/30/2018,97.01
10/29/2018,96.58
10/26/2018,96.36
10/25/2018,96.68
10/24/2018,96.43
10/23/2018,95.96
10/22/2018,96.01
10/19/2018,95.71
10/18/2018,95.90
10/17/2018,95.58
10/16/2018,95.05
10/15/2018,95.06
10/12/2018,95.22
10/11/2018,95.02
10/10/2018,95.51
10/09/2018,95.67
10/08/2018,95.76
10/05/2018,95.62
10/04/2018,95.75
10/03/2018,95.76
10/02/2018,95.51
10/01/2018,95.30
09/28/2018,95.13
09/27/2018,94.89
09/26/2018,94.19
09/25/2018,94.13
09/24/2018,94.19
09/21/2018,94.22
09/20/2018,93.91
09/19/2018,94.54
09/18/2018,94.64
09/17/2018,94.50
09/14/2018,94.93
09/13/2018,94.52
09/12/2018,94.80
09/11/2018,95.25
09/10/2018,95.15
09/07/2018,95.37
09/06/2018,95.02
09/05/2018,95.18
09/04/2018,95.44
09/03/2018,95.14
08/31/2018,95.14
08/30/2018,94.72
08/29/2018,94.60
08/28/2018,94.72
08/27/2018,94.78
08/24/2018,95.15
08/23/2018,95.67
08/22/2018,95.15
08/21/2018,95.26
08/20/2018,95.90
08/17/2018,96.10
08/16/2018,96.65
08/15/2018,96.70
08/14/2018,96.73
08/13/2018,96.39
08/10/2018,96.36
08/09/2018,95.50
08/08/2018,95.05
08/07/2018,95.22
08/06/2018,95.36
08/03/2018,95.14
08/02/2018,95.16
08/01/2018,94.62
07/31/2018,94.49
07/30/2018,94.32
07/27/2018,94.68
07/26/2018,94.75
07/25/2018,94.36
07/24/2018,94.61
07/23/2018,94.67
07/20/2018,94.45
07/19/2018,95.15
07/18/2018,95.08
07/17/2018,94.95
07/16/2018,94.51
07/13/2018,94.75
07/12/2018,94.81
07/11/2018,94.72
07/10/2018,94.15
07/09/2018,94.08
07/06/2018,94.04
07/05/2018,94.47
07/04/2018,94.67
07/03/2018,94.67
07/02/2018,95.04
06/29/2018,94.64
06/28/2018,95.39
06/27/2018,95.27
06/26/2018,94.66
06/25/2018,94.28
06/22/2018,94.52
06/21/2018,94.74
06/20/2018,95.06
06/19/2018,95.09
06/18/2018,94.80
06/15/2018,94.79
06/14/2018,94.77
06/13/2018,93.71
06/12/2018,93.80
06/11/2018,93.58
06/08/2018,93.55
06/07/2018,93.40
06/06/2018,93.66
06/05/2018,93.90
06/04/2018,94.02
06/01/2018,93.99
05/31/2018,93.99
05/30/2018,94.15
05/29/2018,94.83
05/28/2018,94.19
05/25/2018,94.19
05/24/2018,93.76
05/23/2018,94.00
05/22/2018,93.61
05/21/2018,93.68
05/18/2018,93.64
05/17/2018,93.47
05/16/2018,93.39
05/15/2018,93.22
05/14/2018,92.59
05/11/2018,92.54
05/10/2018,92.65
05/09/2018,93.04
05/08/2018,93.12
05/07/2018,92.75
05/04/2018,92.57
05/03/2018,92.41
05/02/2018,92.51
05/01/2018,92.45
04/30/2018,91.84
04/27/2018,91.54
04/26/2018,91.56
04/25/2018,91.17
04/24/2018,90.77
04/23/2018,90.95
04/20/2018,90.32
04/19/2018,89.94
04/18/2018,89.62
04/17/2018,89.52
04/16/2018,89.43
04/13/2018,89.80
04/12/2018,89.75
04/11/2018,89.57
04/10/2018,89.59
04/09/2018,89.84
04/06/2018,90.11
04/05/2018,90.46
04/04/2018,90.14
04/03/2018,90.20
04/02/2018,90.05
03/30/2018,90.15
03/29/2018,90.15
03/28/2018,90.06
03/27/2018,89.37
03/26/2018,89.03
03/23/2018,89.44
03/22/2018,89.86
03/21/2018,89.78
03/20/2018,90.37
03/19/2018,89.77
03/16/2018,90.23
03/15/2018,90.14
03/14/2018,89.70
03/13/2018,89.66
03/12/2018,89.90
03/09/2018,90.09
03/08/2018,90.18
03/07/2018,89.64
03/06/2018,89.62
03/05/2018,90.08
03/02/2018,89.94
03/01/2018,90.32
02/28/2018,90.61
02/27/2018,90.36
02/26/2018,89.85
02/23/2018,89.88
02/22/2018,89.74
02/21/2018,90.00
02/20/2018,89.72
02/19/2018,89.10
02/16/2018,89.10
02/15/2018,88.59
02/14/2018,89.12
02/13/2018,89.70
02/12/2018,90.21
02/09/2018,90.44
02/08/2018,90.23
02/07/2018,90.26
02/06/2018,89.59
02/05/2018,89.55
02/02/2018,89.20
02/01/2018,88.67
01/31/2018,89.13
01/30/2018,89.16
01/29/2018,89.31
01/26/2018,89.07
01/25/2018,89.39
01/24/2018,89.21
01/23/2018,90.12
01/22/2018,90.40
01/19/2018,90.57
01/18/2018,90.50
01/17/2018,90.54
01/16/2018,90.39
01/15/2018,90.97
01/12/2018,90.97
01/11/2018,91.85
01/10/2018,92.33
01/09/2018,92.53
01/08/2018,92.36
01/05/2018,91.95
01/04/2018,91.85
01/03/2018,92.16
01/02/2018,91.87
01/01/2018,92.12
12/29/2017,92.12
12/28/2017,92.60
12/27/2017,93.03
12/26/2017,93.26
12/25/2017,93.35
12/22/2017,93.35
12/21/2017,93.28
12/20/2017,93.31
12/19/2017,93.44
12/18/2017,93.70
12/15/2017,93.93
12/14/2017,93.49
12/13/2017,93.43
12/12/2017,94.10
12/11/2017,93.87
12/08/2017,93.90
12/07/2017,93.80
12/06/2017,93.61
12/05/2017,93.38
12/04/2017,93.19
12/01/2017,92.89
11/30/2017,93.05
11/29/2017,93.16
11/28/2017,93.27
11/27/2017,92.90
11/24/2017,92.78
11/23/2017,93.22
11/22/2017,93.22
11/21/2017,93.95
11/20/2017,94.08
11/17/2017,93.66
11/16/2017,93.93
11/15/2017,93.81
11/14/2017,93.83
11/13/2017,94.49
11/10/2017,94.39
11/09/2017,94.44
11/08/2017,94.87
11/07/2017,94.91
11/06/2017,94.76
11/03/2017,94.94
11/02/2017,94.69
11/01/2017,94.82
10/31/2017,94.55
10/30/2017,94.56
10/27/2017,94.92
10/26/2017,94.61
10/25/2017,93.71
10/24/2017,93.77
10/23/2017,93.94
10/20/2017,93.70
10/19/2017,93.27
10/18/2017,93.36
10/17/2017,93.49
10/16/2017,93.31
10/13/2017,93.09
10/12/2017,93.06
10/11/2017,93.02
10/10/2017,93.29
10/09/2017,93.68
10/06/2017,93.80
10/05/2017,93.96
10/04/2017,93.46
10/03/2017,93.57
10/02/2017,93.56
09/29/2017,93.08
09/28/2017,93.09
09/27/2017,93.36
09/26/2017,92.97
09/25/2017,92.65
09/22/2017,92.17
09/21/2017,92.26
09/20/2017,92.51
09/19/2017,91.79
09/18/2017,92.05
09/15/2017,91.87
09/14/2017,92.12
09/13/2017,92.52
09/12/2017,91.88
09/11/2017,91.88
09/08/2017,91.35
09/07/2017,91.66
09/06/2017,92.29
09/05/2017,92.25
09/04/2017,92.81
09/01/2017,92.81
08/31/2017,92.67
08/30/2017,92.88
08/29/2017,92.25
08/28/2017,92.21
08/25/2017,92.74
08/24/2017,93.28
08/23/2017,93.15
08/22/2017,93.55
08/21/2017,93.10
08/18/2017,93.43
08/17/2017,93.62
08/16/2017,93.54
08/15/2017,93.85
08/14/2017,93.41
08/11/2017,93.07
08/10/2017,93.40
08/09/2017,93.55
08/08/2017,93.65
08/07/2017,93.43
08/04/2017,93.54
08/03/2017,92.84
08/02/2017,92.84
08/01/2017,93.04
07/31/2017,92.86
07/28/2017,93.26
07/27/2017,93.86
07/26/2017,93.67
07/25/2017,94.05
07/24/2017,93.98
07/21/2017,93.86
07/20/2017,94.31
07/19/2017,94.78
07/18/2017,94.60
07/17/2017,95.13
07/14/2017,95.15
07/13/2017,95.73
07/12/2017,95.77
07/11/2017,95.76
07/10/2017,96.06
07/07/2017,96.00
07/06/2017,95.81
07/05/2017,96.19
07/04/2017,96.26
07/03/2017,96.20
06/30/2017,95.63
06/29/2017,95.56
06/28/2017,96.04
06/27/2017,96.48
06/26/2017,97.42
06/23/2017,97.30
06/22/2017,97.54
06/21/2017,97.56
06/20/2017,97.75
06/19/2017,97.52
06/16/2017,97.16
06/15/2017,97.47
06/14/2017,96.96
06/13/2017,97.00
06/12/2017,97.16
06/09/2017,97.28
06/08/2017,97.21
06/07/2017,96.69
06/06/2017,96.53
06/05/2017,96.80
06/02/2017,96.67
06/01/2017,97.20
05/31/2017,96.98
05/30/2017,97.40
05/29/2017,97.59
05/26/2017,97.40
05/25/2017,97.20
05/24/2017,97.10
05/23/2017,97.34
05/22/2017,96.99
05/19/2017,97.12
05/18/2017,97.88
05/17/2017,97.39
05/16/2017,98.19
05/15/2017,98.88
05/12/2017,99.19
05/11/2017,99.65
05/10/2017,99.63
05/09/2017,99.54
05/08/2017,99.16
05/05/2017,98.58
05/04/2017,98.78
05/03/2017,99.38
05/02/2017,98.95
05/01/2017,99.13
04/28/2017,99.04
04/27/2017,99.15
04/26/2017,98.98
04/25/2017,98.84
04/24/2017,99.04
04/21/2017,99.98
04/20/2017,99.84
04/19/2017,99.81
04/18/2017,99.50
04/17/2017,100.30
04/14/2017,100.58
04/13/2017,100.58
04/12/2017,100.18
04/11/2017,100.71
04/10/2017,101.01
04/07/2017,101.13
04/06/2017,100.72
04/05/2017,100.52
04/04/2017,100.49
04/03/2017,100.49
03/31/2017,100.56
03/30/2017,100.51
03/29/2017,99.93
03/28/2017,99.68
03/27/2017,99.23
03/24/2017,99.77
03/23/2017,99.76
03/22/2017,99.72
03/21/2017,99.75
03/20/2017,100.36
03/17/2017,100.31
03/16/2017,100.23
03/15/2017,100.54
03/14/2017,101.74
03/13/2017,101.37
03/10/2017,101.38
03/09/2017,102.03
03/08/2017,102.12
03/07/2017,101.82
03/06/2017,101.70
03/03/2017,101.54
03/02/2017,102.15
03/01/2017,101.77
02/28/2017,101.36
02/27/2017,101.17
02/24/2017,101.12
02/23/2017,100.98
02/22/2017,101.33
02/21/2017,101.44
02/20/2017,100.95
02/17/2017,100.95
02/16/2017,100.50
02/15/2017,101.09
02/14/2017,101.23
02/13/2017,101.02
02/10/2017,100.71
02/09/2017,100.67
02/08/2017,100.17
02/07/2017,100.40
02/06/2017,99.90
02/03/2017,99.73
02/02/2017,99.82
02/01/2017,99.75
01/31/2017,99.55
01/30/2017,100.37
01/27/2017,100.56
01/26/2017,100.53
01/25/2017,99.92
01/24/2017,100.27
01/23/2017,99.93
01/20/2017,100.81
01/19/2017,101.17
01/18/2017,101.29
01/17/2017,100.30
01/16/2017,101.57
01/13/2017,101.19
01/12/2017,101.45
01/11/2017,101.73
01/10/2017,102.04
01/09/2017,101.84
01/06/2017,102.22
01/05/2017,101.40
01/04/2017,102.52
01/03/2017,103.21
01/02/2017,102.21
12/30/2016,102.21
12/29/2016,102.65
12/28/2016,103.22
12/27/2016,103.04
12/26/2016,102.92
12/23/2016,102.92
12/22/2016,103.09
12/21/2016,103.00
12/20/2016,103.25
12/19/2016,103.13
12/16/2016,102.95
12/15/2016,103.10
12/14/2016,102.20
12/13/2016,101.06
12/12/2016,100.92
12/09/2016,101.59
12/08/2016,101.09
12/07/2016,100.18
12/06/2016,100.49
12/05/2016,100.15
12/02/2016,100.66
12/01/2016,100.95
11/30/2016,101.53
11/29/2016,100.99
11/28/2016,101.16
11/25/2016,101.50
11/24/2016,101.69
11/23/2016,101.71
11/22/2016,101.00
11/21/2016,100.88
11/18/2016,101.21
11/17/2016,100.95
11/16/2016,100.30
11/15/2016,100.14
11/14/2016,99.97
11/11/2016,98.99
11/10/2016,98.86
11/09/2016,98.62
11/08/2016,97.97
11/07/2016,97.74
11/04/2016,96.90
11/03/2016,97.15
11/02/2016,97.38
11/01/2016,97.74
10/31/2016,98.36
10/28/2016,98.35
10/27/2016,98.93
10/26/2016,98.62
10/25/2016,98.73
10/24/2016,98.75
10/21/2016,98.70
10/20/2016,98.33
10/19/2016,97.85
10/18/2016,97.88
10/17/2016,97.88
10/14/2016,98.09
10/13/2016,97.55
10/12/2016,97.98
10/11/2016,97.70
10/10/2016,96.89
10/07/2016,96.63
10/06/2016,96.69
10/05/2016,96.17
10/04/2016,96.14
10/03/2016,95.75
09/30/2016,95.42
09/29/2016,95.53
09/28/2016,95.43
09/27/2016,95.47
09/26/2016,95.30
09/23/2016,95.51
09/22/2016,95.37
09/21/2016,95.50
09/20/2016,96.00
09/19/2016,95.87
09/16/2016,96.04
09/15/2016,95.28
09/14/2016,95.34
09/13/2016,95.58
09/12/2016,95.15
09/09/2016,95.35
09/08/2016,94.99
09/07/2016,94.96
09/06/2016,94.86
09/05/2016,95.88
09/02/2016,95.88
09/01/2016,95.65
08/31/2016,95.99
08/30/2016,96.05
08/29/2016,95.57
08/26/2016,95.48
08/25/2016,94.72
08/24/2016,94.77
08/23/2016,94.53
08/22/2016,94.53
08/19/2016,94.51
08/18/2016,94.15
08/17/2016,94.72
08/16/2016,94.78
08/15/2016,95.60
08/12/2016,95.68
08/11/2016,95.91
08/10/2016,95.57
08/09/2016,96.13
08/08/2016,96.38
08/05/2016,96.24
08/04/2016,95.79
08/03/2016,95.55
08/02/2016,95.11
08/01/2016,95.78
07/29/2016,95.52
07/28/2016,96.66
07/27/2016,96.79
07/26/2016,97.17
07/25/2016,97.26
07/22/2016,97.35
07/21/2016,96.97
07/20/2016,97.14
07/19/2016,97.05
07/18/2016,96.55
07/15/2016,96.68
07/14/2016,96.10
07/13/2016,96.31
07/12/2016,96.51
07/11/2016,96.55
07/08/2016,96.28
07/07/2016,96.25
07/06/2016,96.10
07/05/2016,96.21
07/04/2016,95.51
07/01/2016,95.64
06/30/2016,95.96
06/29/2016,95.65
06/28/2016,96.06
06/27/2016,96.37
06/24/2016,95.54
06/23/2016,93.21
06/22/2016,93.56
06/21/2016,94.07
06/20/2016,93.65
06/17/2016,94.14
06/16/2016,94.61
06/15/2016,94.61
06/14/2016,94.93
06/13/2016,94.39
06/10/2016,94.66
06/09/2016,94.07
06/08/2016,93.55
06/07/2016,93.86
06/06/2016,94.03
06/03/2016,93.87
06/02/2016,95.55
06/01/2016,95.42
05/31/2016,95.80
05/30/2016,95.70
05/27/2016,95.70
05/26/2016,95.14
05/25/2016,95.41
05/24/2016,95.59
05/23/2016,95.25
05/20/2016,95.27
05/19/2016,95.31
05/18/2016,95.19
05/17/2016,94.57
05/16/2016,94.56
05/13/2016,94.61
05/12/2016,94.16
05/11/2016,93.83
05/10/2016,94.27
05/09/2016,94.16
05/06/2016,93.89
05/05/2016,93.76
05/04/2016,93.27
05/03/2016,93.06
05/02/2016,92.59
04/29/2016,93.08
04/28/2016,93.76
04/27/2016,94.39
04/26/2016,94.51
04/25/2016,94.80
04/22/2016,95.12
04/21/2016,94.65
04/20/2016,94.55
04/19/2016,94.12
04/18/2016,94.46
04/15/2016,94.70
04/14/2016,94.94
04/13/2016,94.78
04/12/2016,94.05
04/11/2016,94.01
04/08/2016,94.19
04/07/2016,94.51
04/06/2016,94.50
04/05/2016,94.62
04/04/2016,94.56
04/01/2016,94.61
03/31/2016,94.63
03/30/2016,94.83
03/29/2016,95.18
03/28/2016,95.97
03/25/2016,96.13
03/24/2016,96.13
03/23/2016,96.04
03/22/2016,95.67
03/21/2016,95.40
03/18/2016,95.09
03/17/2016,94.78
03/16/2016,95.75
03/15/2016,96.66
03/14/2016,96.57
03/11/2016,96.20
03/10/2016,96.17
03/09/2016,97.17
03/08/2016,97.21
03/07/2016,97.10
03/04/2016,97.22
03/03/2016,97.65
03/02/2016,98.18
03/01/2016,98.34
02/29/2016,98.15
02/26/2016,98.15
02/25/2016,97.45
02/24/2016,97.44
02/23/2016,97.44
02/22/2016,97.39
02/19/2016,96.59
02/18/2016,96.84
02/17/2016,96.87
02/16/2016,96.90
02/15/2016,95.97
02/12/2016,95.97
02/11/2016,95.60
02/10/2016,95.82
02/09/2016,96.06
02/08/2016,96.68
02/05/2016,96.96
02/04/2016,96.56
02/03/2016,97.30
02/02/2016,98.81
02/01/2016,99.04
01/29/2016,99.53
01/28/2016,98.59
01/27/2016,98.92
01/26/2016,99.04
01/25/2016,99.28
01/22/2016,99.53
01/21/2016,99.12
01/20/2016,99.06
01/19/2016,99.08
01/18/2016,99.10
01/15/2016,98.95
01/14/2016,99.07
01/13/2016,98.89
01/12/2016,99.02
01/11/2016,98.82
01/08/2016,98.38
01/07/2016,98.29
01/06/2016,99.26
01/05/2016,99.33
01/04/2016,98.85
01/01/2016,98.69
12/31/2015,98.69
12/30/2015,98.26
12/29/2015,98.24
12/28/2015,97.95
12/25/2015,97.90
12/24/2015,97.90
12/23/2015,98.40
12/22/2015,98.22
12/21/2015,98.47
12/18/2015,98.72
12/17/2015,99.05
12/16/2015,98.58
12/15/2015,98.13
12/14/2015,97.58
12/11/2015,97.63
12/10/2015,97.93
12/09/2015,97.39
12/08/2015,98.40
12/07/2015,98.75
12/04/2015,98.25
12/03/2015,97.92
12/02/2015,100.02
12/01/2015,99.84
11/30/2015,100.20
11/27/2015,100.08
11/26/2015,99.87
11/25/2015,99.76
11/24/2015,99.61
11/23/2015,99.76
11/20/2015,99.61
11/19/2015,99.00
11/18/2015,99.55
11/17/2015,99.67
11/16/2015,99.39
11/13/2015,98.80
11/12/2015,98.56
11/11/2015,98.85
11/10/2015,99.21
11/09/2015,98.99
11/06/2015,99.15
11/05/2015,97.99
11/04/2015,97.89
11/03/2015,97.18
11/02/2015,96.91
10/30/2015,96.92
10/29/2015,97.22
10/28/2015,97.62
10/27/2015,96.91
10/26/2015,96.82
10/23/2015,97.04
10/22/2015,96.40
10/21/2015,95.05
10/20/2015,94.86
10/19/2015,94.92
10/16/2015,94.73
10/15/2015,94.44
10/14/2015,93.91
10/13/2015,94.76
10/12/2015,94.88
10/09/2015,94.89
10/08/2015,95.30
10/07/2015,95.57
10/06/2015,95.46
10/05/2015,96.08
10/02/2015,95.92
10/01/2015,96.10
09/30/2015,96.28
09/29/2015,95.90
09/28/2015,96.01
09/25/2015,96.26
09/24/2015,96.30
09/23/2015,96.20
09/22/2015,96.32
09/21/2015,95.93
09/18/2015,95.15
09/17/2015,94.54
09/16/2015,95.33
09/15/2015,95.59
09/14/2015,95.28
09/11/2015,95.18
09/10/2015,95.51
09/09/2015,95.95
09/08/2015,95.86
09/07/2015,96.22
09/04/2015,96.22
09/03/2015,96.41
09/02/2015,95.97
09/01/2015,95.38
08/31/2015,95.93
08/28/2015,96.15
08/27/2015,95.77
08/26/2015,95.28
08/25/2015,93.96
08/24/2015,93.42
08/21/2015,94.80
08/20/2015,95.77
08/19/2015,96.45
08/18/2015,97.00
08/17/2015,96.82
08/14/2015,96.59
08/13/2015,96.36
08/12/2015,96.29
08/11/2015,97.21
08/10/2015,97.19
08/07/2015,97.56
08/06/2015,97.78
08/05/2015,97.90
08/04/2015,97.94
08/03/2015,97.45
07/31/2015,97.19
07/30/2015,97.49
07/29/2015,97.17
07/28/2015,96.65
07/27/2015,96.54
07/24/2015,97.24
07/23/2015,97.20
07/22/2015,97.45
07/21/2015,97.31
07/20/2015,98.05
07/17/2015,97.96
07/16/2015,97.66
07/15/2015,97.16
07/14/2015,96.61
07/13/2015,96.80
07/10/2015,96.03
07/09/2015,96.27
07/08/2015,96.22
07/07/2015,96.77
07/06/2015,96.26
07/03/2015,95.95
07/02/2015,96.07
07/01/2015,96.27
06/30/2015,95.53
06/29/2015,94.99
06/26/2015,95.40
06/25/2015,95.21
06/24/2015,95.28
06/23/2015,95.40
06/22/2015,94.32
06/19/2015,94.07
06/18/2015,94.01
06/17/2015,94.30
06/16/2015,94.96
06/15/2015,94.83
06/12/2015,94.97
06/11/2015,95.10
06/10/2015,94.61
06/09/2015,95.19
06/08/2015,95.25
06/05/2015,96.35
06/04/2015,95.58
06/03/2015,95.36
06/02/2015,95.94
06/01/2015,97.43
05/29/2015,96.89
05/28/2015,96.88
05/27/2015,97.30
05/26/2015,97.22
05/25/2015,96.38
05/22/2015,96.14
05/21/2015,95.40
05/20/2015,95.59
05/19/2015,95.31
05/18/2015,94.16
05/15/2015,93.23
05/14/2015,93.39
05/13/2015,93.62
05/12/2015,94.56
05/11/2015,95.03
05/08/2015,94.82
05/07/2015,94.62
05/06/2015,94.16
05/05/2015,95.14
05/04/2015,95.44
05/01/2015,95.21
04/30/2015,94.81
04/29/2015,95.21
04/28/2015,96.11
04/27/2015,96.86
04/24/2015,96.86
04/23/2015,97.31
04/22/2015,98.07
04/21/2015,97.98
04/20/2015,97.91
04/17/2015,97.45
04/16/2015,97.69
04/15/2015,98.40
04/14/2015,98.78
04/13/2015,99.51
04/10/2015,99.35
04/09/2015,98.97
04/08/2015,98.06
04/07/2015,97.91
04/06/2015,97.06
04/03/2015,97.53
04/02/2015,97.53
04/01/2015,98.12
03/31/2015,98.38
03/30/2015,97.96
03/27/2015,97.39
03/26/2015,97.43
03/25/2015,96.92
03/24/2015,97.24
03/23/2015,96.96
03/20/2015,97.80
03/19/2015,99.07
03/18/2015,97.82
03/17/2015,99.65
03/16/2015,99.70
03/13/2015,100.18
03/12/2015,99.27
03/11/2015,99.68
03/10/2015,98.67
03/09/2015,97.66
03/06/2015,97.72
03/05/2015,96.35
03/04/2015,95.91
03/03/2015,95.37
03/02/2015,95.47
02/27/2015,95.25
02/26/2015,95.26
02/25/2015,94.20
02/24/2015,94.48
02/23/2015,94.55
02/20/2015,94.25
02/19/2015,94.40
02/18/2015,94.10
02/17/2015,94.13
02/16/2015,94.19
02/13/2015,94.19
02/12/2015,94.18
02/11/2015,94.92
02/10/2015,94.74
02/09/2015,94.51
02/06/2015,94.65
02/05/2015,93.59
02/04/2015,94.57
02/03/2015,93.75
02/02/2015,94.56
01/30/2015,94.85
01/29/2015,94.68
01/28/2015,94.63
01/27/2015,94.08
01/26/2015,94.93
01/23/2015,94.99
01/22/2015,94.20
01/21/2015,92.71
01/20/2015,93.00
01/19/2015,92.61
01/16/2015,92.52
01/15/2015,92.14
01/14/2015,92.09
01/13/2015,92.22
01/12/2015,92.08
01/09/2015,91.92
01/08/2015,92.32
01/07/2015,92.02
01/06/2015,91.75
01/05/2015,91.37
01/02/2015,91.16
01/01/2015,90.28
12/31/2014,90.28
12/30/2014,89.94
12/29/2014,90.20
12/26/2014,90.03
12/25/2014,89.92
12/24/2014,89.92
12/23/2014,90.07
12/22/2014,89.78
12/19/2014,89.60
12/18/2014,89.24
12/17/2014,89.08
12/16/2014,87.97
12/15/2014,88.43
12/12/2014,88.32
12/11/2014,88.55
12/10/2014,88.23
12/09/2014,88.69
12/08/2014,89.12
12/05/2014,89.36
12/04/2014,88.60
12/03/2014,88.96
12/02/2014,88.63
12/01/2014,87.98
11/28/2014,88.22
11/27/2014,88.01
11/26/2014,87.68
11/25/2014,87.90
11/24/2014,88.15
11/21/2014,88.31
11/20/2014,87.70
11/19/2014,87.69
11/18/2014,87.61
11/17/2014,88.00
11/14/2014,87.53
11/13/2014,87.77
11/12/2014,87.84
11/11/2014,87.59
11/10/2014,87.78
11/07/2014,87.64
11/06/2014,88.07
11/05/2014,87.48
11/04/2014,87.00
11/03/2014,87.29
10/31/2014,86.92
10/30/2014,86.17
10/29/2014,86.00
10/28/2014,85.41
10/27/2014,85.58
10/24/2014,85.73
10/23/2014,85.83
10/22/2014,85.75
10/21/2014,85.40
10/20/2014,85.02
10/17/2014,85.20
10/16/2014,84.96
10/15/2014,84.86
10/14/2014,85.88
10/13/2014,85.22
10/10/2014,85.91
10/09/2014,85.55
10/08/2014,85.32
10/07/2014,85.66
10/06/2014,85.78
10/03/2014,86.64
10/02/2014,85.61
10/01/2014,85.91
09/30/2014,85.93
09/29/2014,85.62
09/26/2014,85.62
09/25/2014,85.18
09/24/2014,85.06
09/23/2014,84.70
09/22/2014,84.70
09/19/2014,84.74
09/18/2014,84.29
09/17/2014,84.73
09/16/2014,84.11
09/15/2014,84.25
09/12/2014,84.17
09/11/2014,84.27
09/10/2014,84.20
09/09/2014,84.17
09/08/2014,84.30
09/05/2014,83.76
09/04/2014,83.85
09/03/2014,82.85
09/02/2014,82.97
09/01/2014,82.74
08/29/2014,82.74
08/28/2014,82.49
08/27/2014,82.47
08/26/2014,82.68
08/25/2014,82.58
08/22/2014,82.33
08/21/2014,82.16
08/20/2014,82.24
08/19/2014,81.87
08/18/2014,81.57
08/15/2014,81.43
08/14/2014,81.62
08/13/2014,81.61
08/12/2014,81.51
08/11/2014,81.46
08/08/2014,81.39
08/07/2014,81.43
08/06/2014,81.43
08/05/2014,81.53
08/04/2014,81.32
08/01/2014,81.30
07/31/2014,81.46
07/30/2014,81.40
07/29/2014,81.21
07/28/2014,81.01
07/25/2014,81.03
07/24/2014,80.87
07/23/2014,80.81
07/22/2014,80.78
07/21/2014,80.56
07/18/2014,80.51
07/17/2014,80.53
07/16/2014,80.53
07/15/2014,80.38
07/14/2014,80.17
07/11/2014,80.19
07/10/2014,80.12
07/09/2014,80.03
07/08/2014,80.17
07/07/2014,80.22
07/04/2014,80.21
07/03/2014,80.21
07/02/2014,79.94
07/01/2014,79.82
06/30/2014,79.78
06/27/2014,80.04
06/26/2014,80.21
06/25/2014,80.20
06/24/2014,80.32
06/23/2014,80.27
06/20/2014,80.33
06/19/2014,80.32
06/18/2014,80.41
06/17/2014,80.60
06/16/2014,80.44
06/13/2014,80.61
06/12/2014,80.59
06/11/2014,80.77
06/10/2014,80.81
06/09/2014,80.62
06/06/2014,80.43
06/05/2014,80.37
06/04/2014,80.67
06/03/2014,80.54
06/02/2014,80.63
05/30/2014,80.39
05/29/2014,80.50
05/28/2014,80.55
05/27/2014,80.35
05/26/2014,80.29
05/23/2014,80.35
05/22/2014,80.23
05/21/2014,80.07
05/20/2014,80.04
05/19/2014,80.02
05/16/2014,80.06
05/15/2014,80.02
05/14/2014,80.06
05/13/2014,80.12
05/12/2014,79.89
05/09/2014,79.87
05/08/2014,79.44
05/07/2014,79.24
05/06/2014,79.14
05/05/2014,79.51
05/02/2014,79.51
05/01/2014,79.52
04/30/2014,79.51
04/29/2014,79.81
04/28/2014,79.70
04/25/2014,79.75
04/24/2014,79.77
04/23/2014,79.86
04/22/2014,79.89
04/21/2014,79.95
04/18/2014,79.87
04/17/2014,79.87
04/16/2014,79.83
04/15/2014,79.79
04/14/2014,79.76
04/11/2014,79.45
04/10/2014,79.41
04/09/2014,79.53
04/08/2014,79.77
04/07/2014,80.22
04/04/2014,80.42
04/03/2014,80.46
04/02/2014,80.22
04/01/2014,80.09
03/31/2014,80.11
03/28/2014,80.18
03/27/2014,80.13
03/26/2014,80.01
03/25/2014,79.94
03/24/2014,79.95
03/21/2014,80.12
03/20/2014,80.19
03/19/2014,80.02
03/18/2014,79.41
03/17/2014,79.39
03/14/2014,79.45
03/13/2014,79.62
03/12/2014,79.61
03/11/2014,79.74
03/10/2014,79.77
03/07/2014,79.72
03/06/2014,79.66
03/05/2014,80.11
03/04/2014,80.17
03/03/2014,80.08
02/28/2014,79.69
02/27/2014,80.29
02/26/2014,80.43
02/25/2014,80.14
02/24/2014,80.20
02/21/2014,80.24
02/20/2014,80.29
02/19/2014,80.14
02/18/2014,80.01
02/17/2014,80.14
02/14/2014,80.14
02/13/2014,80.32
02/12/2014,80.68
02/11/2014,80.64
02/10/2014,80.64
02/07/2014,80.69
02/06/2014,80.91
02/05/2014,81.04
02/04/2014,81.12
02/03/2014,81.01
01/31/2014,81.31
01/30/2014,81.09
01/29/2014,80.51
01/28/2014,80.57
01/27/2014,80.52
01/24/2014,80.46
01/23/2014,80.44
01/22/2014,81.17
01/21/2014,81.10
01/20/2014,81.23
01/17/2014,81.23
01/16/2014,80.91
01/15/2014,81.03
01/14/2014,80.66
01/13/2014,80.51
01/10/2014,80.66
01/09/2014,81.01
01/08/2014,81.02
01/07/2014,80.83
01/06/2014,80.65
01/03/2014,80.79
01/02/2014,80.63
01/01/2014,80.04
12/31/2013,80.04
12/30/2013,80.00
12/27/2013,80.39
12/26/2013,80.48
12/25/2013,80.53
12/24/2013,80.53
12/23/2013,80.45
12/20/2013,80.58
12/19/2013,80.63
12/18/2013,80.11
12/17/2013,80.06
12/16/2013,80.07
12/13/2013,80.21
12/12/2013,80.21
12/11/2013,79.89
12/10/2013,79.97
12/09/2013,80.13
12/06/2013,80.32
12/05/2013,80.24
12/04/2013,80.62
12/03/2013,80.62
12/02/2013,80.93
11/29/2013,80.68
11/28/2013,80.58
11/27/2013,80.72
11/26/2013,80.61
11/25/2013,80.92
11/22/2013,80.71
11/21/2013,81.07
11/20/2013,81.11
11/19/2013,80.70
11/18/2013,80.83
11/15/2013,80.85
11/14/2013,81.02
11/13/2013,80.93
11/12/2013,81.19
11/11/2013,81.09
11/08/2013,81.30
11/07/2013,80.85
11/06/2013,80.48
11/05/2013,80.71
11/04/2013,80.55
11/01/2013,80.72
10/31/2013,80.20
10/30/2013,79.78
10/29/2013,79.61
10/28/2013,79.25
10/25/2013,79.19
10/24/2013,79.19
10/23/2013,79.26
10/22/2013,79.23
10/21/2013,79.70
10/18/2013,79.65
10/17/2013,79.65
10/16/2013,80.47
10/15/2013,80.48
10/14/2013,80.26
10/11/2013,80.36
10/10/2013,80.42
10/09/2013,80.38
10/08/2013,80.06
10/07/2013,79.94
10/04/2013,80.12
10/03/2013,79.75
10/02/2013,79.90
10/01/2013,80.14
09/30/2013,80.22
09/27/2013,80.27
09/26/2013,80.52
09/25/2013,80.33
09/24/2013,80.56
09/23/2013,80.45
09/20/2013,80.43
09/19/2013,80.37
09/18/2013,80.24
09/17/2013,81.14
09/16/2013,81.30
09/13/2013,81.45
09/12/2013,81.49
09/11/2013,81.52
09/10/2013,81.82
09/09/2013,81.79
09/06/2013,82.15
09/05/2013,82.63
09/04/2013,82.17
09/03/2013,82.36
09/02/2013,82.09
08/30/2013,82.09
08/29/2013,81.95
08/28/2013,81.43
08/27/2013,81.17
08/26/2013,81.41
08/23/2013,81.36
08/22/2013,81.49
08/21/2013,81.21
08/20/2013,80.91
08/19/2013,81.23
08/16/2013,81.26
08/15/2013,81.18
08/14/2013,81.71
08/13/2013,81.77
08/12/2013,81.33
08/09/2013,81.13
08/08/2013,80.98
08/07/2013,81.29
08/06/2013,81.60
08/05/2013,81.88
08/02/2013,81.91
08/01/2013,82.34
07/31/2013,81.45
07/30/2013,81.83
07/29/2013,81.66
07/26/2013,81.66
07/25/2013,81.97
07/24/2013,82.29
07/23/2013,81.95
07/22/2013,82.22
07/19/2013,82.61
07/18/2013,82.82
07/17/2013,82.71
07/16/2013,82.50
07/15/2013,83.04
07/12/2013,82.99
07/11/2013,82.75
07/10/2013,84.04
07/09/2013,84.58
07/08/2013,84.19
07/05/2013,84.45
07/04/2013,83.23
07/03/2013,83.23
07/02/2013,83.54
07/01/2013,83.05
06/28/2013,83.14
06/27/2013,82.90
06/26/2013,82.98
06/25/2013,82.58
06/24/2013,82.43
06/21/2013,82.32
06/20/2013,81.92
06/19/2013,81.43
06/18/2013,80.75
06/17/2013,80.79
06/14/2013,80.67
06/13/2013,80.75
06/12/2013,80.95
06/11/2013,81.11
06/10/2013,81.65
06/07/2013,81.67
06/06/2013,81.54
06/05/2013,82.59
06/04/2013,82.77
06/03/2013,82.66
05/31/2013,83.38
05/30/2013,83.04
05/29/2013,83.66
05/28/2013,84.10
05/27/2013,83.70
05/24/2013,83.70
05/23/2013,83.80
05/22/2013,84.35
05/21/2013,83.86
05/20/2013,83.74
05/17/2013,84.25
05/16/2013,83.59
05/15/2013,83.83
05/14/2013,83.60
05/13/2013,83.28
05/10/2013,83.14
05/09/2013,82.79
05/08/2013,81.90
05/07/2013,82.25
05/06/2013,82.32
05/03/2013,82.13
05/02/2013,82.22
05/01/2013,81.48
04/30/2013,81.75
04/29/2013,82.15
04/26/2013,82.50
04/25/2013,82.74
04/24/2013,83.05
04/23/2013,83.05
04/22/2013,82.68
04/19/2013,82.71
04/18/2013,82.56
04/17/2013,82.68
04/16/2013,81.75
04/15/2013,82.42
04/12/2013,82.31
04/11/2013,82.25
04/10/2013,82.53
04/09/2013,82.31
04/08/2013,82.75
04/05/2013,82.50
04/04/2013,82.68
04/03/2013,82.72
04/02/2013,82.92
04/01/2013,82.73
03/29/2013,83.00
03/28/2013,83.00
03/27/2013,83.22
03/26/2013,82.88
03/25/2013,82.83
03/22/2013,82.38
03/21/2013,82.74
03/20/2013,82.78
03/19/2013,82.99
03/18/2013,82.69
03/15/2013,82.26
03/14/2013,82.61
03/13/2013,82.89
03/12/2013,82.58
03/11/2013,82.57
03/08/2013,82.70
03/07/2013,82.08
03/06/2013,82.46
03/05/2013,82.09
03/04/2013,82.20
03/01/2013,82.31
02/28/2013,81.95
02/27/2013,81.60
02/26/2013,81.87
02/25/2013,81.67
02/22/2013,81.48
02/21/2013,81.46
02/20/2013,81.07
02/19/2013,80.47
02/18/2013,80.58
02/15/2013,80.58
02/14/2013,80.46
02/13/2013,80.09
02/12/2013,80.11
02/11/2013,80.31
02/08/2013,80.25
02/07/2013,80.19
02/06/2013,79.72
02/05/2013,79.49
02/04/2013,79.55
02/01/2013,79.13
01/31/2013,79.21
01/30/2013,79.28
01/29/2013,79.56
01/28/2013,79.78
01/25/2013,79.75
01/24/2013,79.95
01/23/2013,79.92
01/22/2013,79.87
01/21/2013,80.04
01/18/2013,80.04
01/17/2013,79.65
01/16/2013,79.80
01/15/2013,79.78
01/14/2013,79.49
01/11/2013,79.56
01/10/2013,79.74
01/09/2013,80.56
01/08/2013,80.35
01/07/2013,80.26
01/04/2013,80.50
01/03/2013,80.38
01/02/2013,79.85
01/01/2013,79.77
12/31/2012,79.77
12/28/2012,79.68
12/27/2012,79.62
12/26/2012,79.62
12/25/2012,79.64
12/24/2012,79.64
12/21/2012,79.62
12/20/2012,79.26
12/19/2012,79.27
12/18/2012,79.36
12/17/2012,79.57
12/14/2012,79.58
12/13/2012,79.93
12/12/2012,79.82
12/11/2012,80.06
12/10/2012,80.33
12/07/2012,80.41
12/06/2012,80.26
12/05/2012,79.77
12/04/2012,79.64
12/03/2012,79.88
11/30/2012,80.15
11/29/2012,80.20
11/28/2012,80.34
11/27/2012,80.40
11/26/2012,80.25
11/23/2012,80.19
11/22/2012,80.71
11/21/2012,80.93
11/20/2012,80.96
11/19/2012,80.87
11/16/2012,81.26
11/15/2012,81.08
11/14/2012,81.06
11/13/2012,81.08
11/12/2012,81.04
11/09/2012,81.03
11/08/2012,80.79
11/07/2012,80.76
11/06/2012,80.61
11/05/2012,80.75
11/02/2012,80.59
11/01/2012,80.05
10/31/2012,79.92
10/30/2012,79.93
10/29/2012,80.23
10/26/2012,80.07
10/25/2012,80.04
10/24/2012,79.91
10/23/2012,79.98
10/22/2012,79.65
10/19/2012,79.62
10/18/2012,79.37
10/17/2012,79.02
10/16/2012,79.41
10/15/2012,79.74
10/12/2012,79.67
10/11/2012,79.78
10/10/2012,79.92
10/09/2012,79.95
10/08/2012,79.54
10/05/2012,79.34
10/04/2012,79.35
10/03/2012,79.97
10/02/2012,79.74
10/01/2012,79.82
09/28/2012,79.94
09/27/2012,79.55
09/26/2012,79.89
09/25/2012,79.55
09/24/2012,79.52
09/21/2012,79.33
09/20/2012,79.41
09/19/2012,79.06
09/18/2012,79.25
09/17/2012,79.01
09/14/2012,78.85
09/13/2012,79.26
09/12/2012,79.74
09/11/2012,79.86
09/10/2012,80.36
09/07/2012,80.25
09/06/2012,81.04
09/05/2012,81.24
09/04/2012,81.31
09/03/2012,81.21
08/31/2012,81.21
08/30/2012,81.69
08/29/2012,81.55
08/28/2012,81.37
08/27/2012,81.66
08/24/2012,81.59
08/23/2012,81.36
08/22/2012,81.49
08/21/2012,81.91
08/20/2012,82.46
08/17/2012,82.60
08/16/2012,82.36
08/15/2012,82.65
08/14/2012,82.48
08/13/2012,82.44
08/10/2012,82.55
08/09/2012,82.64
08/08/2012,82.39
08/07/2012,82.21
08/06/2012,82.27
08/03/2012,82.38
08/02/2012,83.36
08/01/2012,83.06
07/31/2012,82.64
07/30/2012,82.79
07/27/2012,82.71
07/26/2012,82.81
07/25/2012,83.52
07/24/2012,84.01
07/23/2012,83.71
07/20/2012,83.48
07/19/2012,82.88
07/18/2012,83.07
07/17/2012,83.03
07/16/2012,83.10
07/13/2012,83.35
07/12/2012,83.66
07/11/2012,83.57
07/10/2012,83.40
07/09/2012,83.16
07/06/2012,83.38
07/05/2012,82.81
07/04/2012,81.78
07/03/2012,81.78
07/02/2012,81.87
06/29/2012,81.63
06/28/2012,82.81
06/27/2012,82.62
06/26/2012,82.37
06/25/2012,82.50
06/22/2012,82.26
06/21/2012,82.29
06/20/2012,81.58
06/19/2012,81.38
06/18/2012,81.95
06/15/2012,81.63
06/14/2012,81.99
06/13/2012,82.06
06/12/2012,82.42
06/11/2012,82.52
06/08/2012,82.51
06/07/2012,82.05
06/06/2012,82.32
06/05/2012,82.83
06/04/2012,82.56
06/01/2012,82.89
05/31/2012,83.04
05/30/2012,83.02
05/29/2012,82.48
05/28/2012,82.40
05/25/2012,82.40
05/24/2012,82.35
05/23/2012,82.09
05/22/2012,81.49
05/21/2012,81.08
05/18/2012,81.29
05/17/2012,81.38
05/16/2012,81.37
05/15/2012,81.22
05/14/2012,80.61
05/11/2012,80.26
05/10/2012,80.11
05/09/2012,80.08
05/08/2012,79.74
05/07/2012,79.60
05/04/2012,79.50
05/03/2012,79.22
05/02/2012,79.13
05/01/2012,78.86
04/30/2012,78.78
04/27/2012,78.71
04/26/2012,78.92
04/25/2012,79.01
04/24/2012,79.23
04/23/2012,79.42
04/20/2012,79.19
04/19/2012,79.56
04/18/2012,79.54
04/17/2012,79.48
04/16/2012,79.56
04/13/2012,79.89
04/12/2012,79.29
04/11/2012,79.80
04/10/2012,79.89
04/09/2012,79.73
04/06/2012,80.08
04/05/2012,80.08
04/04/2012,79.78
04/03/2012,79.48
04/02/2012,78.82
03/30/2012,79.00
03/29/2012,79.19
03/28/2012,79.13
03/27/2012,79.05
03/26/2012,78.98
03/23/2012,79.35
03/22/2012,79.74
03/21/2012,79.66
03/20/2012,79.59
03/19/2012,79.45
03/16/2012,79.79
03/15/2012,80.15
03/14/2012,80.57
03/13/2012,80.19
03/12/2012,79.89
03/09/2012,80.04
03/08/2012,79.14
03/07/2012,79.71
03/06/2012,79.87
03/05/2012,79.30
03/02/2012,79.40
03/01/2012,78.79
02/29/2012,78.74
02/28/2012,78.27
02/27/2012,78.57
02/24/2012,78.35
02/23/2012,78.82
02/22/2012,79.21
02/21/2012,79.04
02/20/2012,79.33
02/17/2012,79.33
02/16/2012,79.35
02/15/2012,79.67
02/14/2012,79.58
02/13/2012,78.95
02/10/2012,79.11
02/09/2012,78.57
02/08/2012,78.64
02/07/2012,78.58
02/06/2012,79.07
02/03/2012,78.92
02/02/2012,78.99
02/01/2012,78.92
01/31/2012,79.29
01/30/2012,79.17
01/27/2012,78.90
01/26/2012,79.40
01/25/2012,79.58
01/24/2012,79.87
01/23/2012,79.78
01/20/2012,80.22
01/19/2012,80.22
01/18/2012,80.61
01/17/2012,81.18
01/16/2012,81.52
01/13/2012,81.52
01/12/2012,80.77
01/11/2012,81.35
01/10/2012,80.81
01/09/2012,81.05
01/06/2012,81.25
01/05/2012,80.94
01/04/2012,80.13
01/03/2012,79.61
01/02/2012,80.18
12/30/2011,80.18
12/29/2011,80.49
12/28/2011,80.50
12/27/2011,79.80
12/26/2011,79.93
12/23/2011,79.93
12/22/2011,79.96
12/21/2011,80.02
12/20/2011,79.88
12/19/2011,80.25
12/16/2011,80.26
12/15/2011,80.32
12/14/2011,80.59
12/13/2011,80.24
12/12/2011,79.53
12/09/2011,78.63
12/08/2011,78.83
12/07/2011,78.49
12/06/2011,78.50
12/05/2011,78.57
12/02/2011,78.63
12/01/2011,78.33
11/30/2011,78.38
11/29/2011,79.01
11/28/2011,79.26
11/25/2011,79.69
11/24/2011,79.14
11/23/2011,79.14
11/22/2011,78.27
11/21/2011,78.30
11/18/2011,78.06
11/17/2011,78.28
11/16/2011,78.02
11/15/2011,77.87
11/14/2011,77.57
11/11/2011,76.95
11/10/2011,77.74
11/09/2011,77.93
11/08/2011,76.59
11/07/2011,76.96
11/04/2011,76.96
11/03/2011,76.67
11/02/2011,77.02
11/01/2011,77.26
10/31/2011,76.17
10/28/2011,75.07
10/27/2011,74.88
10/26/2011,76.25
10/25/2011,76.12
10/24/2011,76.03
10/21/2011,76.40
10/20/2011,76.97
10/19/2011,77.11
10/18/2011,77.14
10/17/2011,77.15
10/14/2011,76.62
10/13/2011,77.00
10/12/2011,76.99
10/11/2011,77.59
10/10/2011,77.49
10/07/2011,78.73
10/06/2011,78.63
10/05/2011,78.92
10/04/2011,79.60
10/03/2011,79.43
09/30/2011,78.55
09/29/2011,78.03
09/28/2011,77.85
09/27/2011,77.51
09/26/2011,78.36
09/23/2011,78.50
09/22/2011,78.46
09/21/2011,77.34
09/20/2011,77.03
09/19/2011,77.15
09/16/2011,76.60
09/15/2011,76.24
09/14/2011,76.83
09/13/2011,76.92
09/12/2011,77.58
09/09/2011,77.19
09/08/2011,76.25
09/07/2011,75.47
09/06/2011,75.95
09/05/2011,74.76
09/02/2011,74.76
09/01/2011,74.48
08/31/2011,74.12
08/30/2011,73.95
08/29/2011,73.72
08/26/2011,73.81
08/25/2011,74.28
08/24/2011,74.01
08/23/2011,73.89
08/22/2011,74.07
08/19/2011,74.01
08/18/2011,74.24
08/17/2011,73.67
08/16/2011,74.01
08/15/2011,73.84
08/12/2011,74.61
08/11/2011,74.68
08/10/2011,74.64
08/09/2011,74.61
08/08/2011,74.79
08/05/2011,74.60
08/04/2011,75.12
08/03/2011,74.04
08/02/2011,74.51
08/01/2011,74.26
07/29/2011,73.90
07/28/2011,74.22
07/27/2011,74.09
07/26/2011,73.47
07/25/2011,74.06
07/22/2011,74.20
07/21/2011,74.02
07/20/2011,74.79
07/19/2011,75.22
07/18/2011,75.48
07/15/2011,75.13
07/14/2011,75.25
07/13/2011,75.21
07/12/2011,75.81
07/11/2011,75.99
07/08/2011,75.18
07/07/2011,74.96
07/06/2011,75.12
07/05/2011,74.69
07/04/2011,74.28
07/01/2011,74.35
06/30/2011,74.30
06/29/2011,74.69
06/28/2011,75.06
06/27/2011,75.39
06/24/2011,75.67
06/23/2011,75.45
06/22/2011,74.78
06/21/2011,74.54
06/20/2011,75.03
06/17/2011,74.99
06/16/2011,75.75
06/15/2011,75.60
06/14/2011,74.33
06/13/2011,74.51
06/10/2011,74.80
06/09/2011,74.19
06/08/2011,73.93
06/07/2011,73.52
06/06/2011,73.95
06/03/2011,73.78
06/02/2011,74.33
06/01/2011,74.68
05/31/2011,74.64
05/30/2011,74.96
05/27/2011,74.95
05/26/2011,75.55
05/25/2011,75.93
05/24/2011,75.88
05/23/2011,76.10
05/20/2011,75.44
05/19/2011,75.12
05/18/2011,75.48
05/17/2011,75.40
05/16/2011,75.47
05/13/2011,75.76
05/12/2011,75.24
05/11/2011,75.33
05/10/2011,74.61
05/09/2011,74.74
05/06/2011,74.84
05/05/2011,74.19
05/04/2011,73.03
05/03/2011,73.14
05/02/2011,72.95
04/29/2011,72.93
04/28/2011,73.12
04/27/2011,73.52
04/26/2011,73.84
04/25/2011,73.99
04/22/2011,74.00
04/21/2011,74.00
04/20/2011,74.37
04/19/2011,75.03
04/18/2011,75.50
04/15/2011,74.83
04/14/2011,74.69
04/13/2011,74.98
04/12/2011,74.85
04/11/2011,75.06
04/08/2011,75.07
04/07/2011,75.59
04/06/2011,75.51
04/05/2011,75.88
04/04/2011,75.91
04/01/2011,75.83
03/31/2011,75.86
03/30/2011,76.12
03/29/2011,76.25
03/28/2011,76.13
03/25/2011,76.22
03/24/2011,75.66
03/23/2011,75.79
03/22/2011,75.43
03/21/2011,75.40
03/18/2011,75.72
03/17/2011,76.04
03/16/2011,76.68
03/15/2011,76.33
03/14/2011,76.35
03/11/2011,76.78
03/10/2011,77.28
03/09/2011,76.72
03/08/2011,76.80
03/07/2011,76.50
03/04/2011,76.40
03/03/2011,76.48
03/02/2011,76.67
03/01/2011,77.05
02/28/2011,76.89
02/25/2011,77.28
02/24/2011,77.06
02/23/2011,77.41
02/22/2011,77.77
02/21/2011,77.66
02/18/2011,77.66
02/17/2011,78.00
02/16/2011,78.22
02/15/2011,78.57
02/14/2011,78.61
02/11/2011,78.46
02/10/2011,78.25
02/09/2011,77.64
02/08/2011,78.00
02/07/2011,78.03
02/04/2011,78.04
02/03/2011,77.75
02/02/2011,77.16
02/01/2011,77.07
01/31/2011,77.74
01/28/2011,78.13
01/27/2011,77.73
01/26/2011,77.90
01/25/2011,78.00
01/24/2011,78.05
01/21/2011,78.21
01/20/2011,78.82
01/19/2011,78.64
01/18/2011,78.96
01/17/2011,79.34
01/14/2011,79.16
01/13/2011,79.19
01/12/2011,80.03
01/11/2011,80.85
01/10/2011,80.88
01/07/2011,81.01
01/06/2011,80.79
01/05/2011,80.26
01/04/2011,79.44
01/03/2011,79.13
12/31/2010,79.03
12/30/2010,79.52
12/29/2010,79.80
12/28/2010,80.37
12/27/2010,80.37
12/24/2010,80.47
12/23/2010,80.50
12/22/2010,80.73
12/21/2010,80.72
12/20/2010,80.63
12/17/2010,80.37
12/16/2010,80.18
12/15/2010,80.26
12/14/2010,79.37
12/13/2010,79.28
12/10/2010,80.07
12/09/2010,80.07
12/08/2010,80.00
12/07/2010,79.86
12/06/2010,79.57
12/03/2010,79.38
12/02/2010,80.30
12/01/2010,80.71
11/30/2010,81.20
11/29/2010,80.84
11/26/2010,80.36
11/25/2010,79.67
11/24/2010,79.87
11/23/2010,79.68
11/22/2010,78.68
11/19/2010,78.50
11/18/2010,78.62
11/17/2010,79.08
11/16/2010,79.21
11/15/2010,78.52
11/12/2010,78.08
11/11/2010,78.22
11/10/2010,77.63
11/09/2010,77.44
11/08/2010,77.03
11/05/2010,76.55
11/04/2010,75.88
11/03/2010,76.48
11/02/2010,76.72
11/01/2010,77.30
10/29/2010,77.27
10/28/2010,77.31
10/27/2010,78.15
10/26/2010,77.71
10/25/2010,77.10
10/22/2010,77.47
10/21/2010,77.42
10/20/2010,77.17
10/19/2010,78.18
10/18/2010,76.93
10/15/2010,77.04
10/14/2010,76.65
10/13/2010,77.07
10/12/2010,77.36
10/11/2010,77.44
10/08/2010,77.33
10/07/2010,77.39
10/06/2010,77.39
10/05/2010,77.75
10/04/2010,78.45
10/01/2010,78.09
09/30/2010,78.72
09/29/2010,78.69
09/28/2010,79.01
09/27/2010,79.34
09/24/2010,79.40
09/23/2010,80.01
09/22/2010,79.83
09/21/2010,80.44
09/20/2010,81.34
09/17/2010,81.40
09/16/2010,81.24
09/15/2010,81.49
09/14/2010,81.08
09/13/2010,81.91
09/10/2010,82.70
09/09/2010,82.67
09/08/2010,82.59
09/07/2010,82.82
09/06/2010,83.10
09/03/2010,83.10
09/02/2010,82.46
09/01/2010,82.52
08/31/2010,83.20
08/30/2010,83.16
08/27/2010,82.92
08/26/2010,82.93
08/25/2010,83.26
08/24/2010,83.15
08/23/2010,83.12
08/20/2010,83.06
08/19/2010,82.45
08/18/2010,82.22
08/17/2010,82.23
08/16/2010,82.53
08/13/2010,82.95
08/12/2010,82.64
08/11/2010,82.29
08/10/2010,80.80
08/09/2010,80.71
08/06/2010,80.41
08/05/2010,80.83
08/04/2010,80.89
08/03/2010,80.60
08/02/2010,80.94
07/30/2010,81.54
07/29/2010,81.64
07/28/2010,82.18
07/27/2010,82.19
07/26/2010,82.09
07/23/2010,82.46
07/22/2010,82.60
07/21/2010,83.39
07/20/2010,82.75
07/19/2010,82.51
07/16/2010,82.49
07/15/2010,82.56
07/14/2010,83.43
07/13/2010,83.64
07/12/2010,84.20
07/09/2010,83.95
07/08/2010,83.82
07/07/2010,83.82
07/06/2010,84.08
07/05/2010,84.61
07/02/2010,84.43
07/01/2010,84.72
06/30/2010,86.02
06/29/2010,86.03
06/28/2010,85.65
06/25/2010,85.31
06/24/2010,85.73
06/23/2010,85.74
06/22/2010,86.11
06/21/2010,85.93
06/18/2010,85.70
06/17/2010,85.69
06/16/2010,86.08
06/15/2010,85.98
06/14/2010,86.51
06/11/2010,87.51
06/10/2010,87.13
06/09/2010,87.90
06/08/2010,88.39
06/07/2010,88.41
06/04/2010,88.23
06/03/2010,87.14
06/02/2010,86.79
06/01/2010,86.64
05/31/2010,86.59
05/28/2010,86.48
05/27/2010,86.19
05/26/2010,87.12
05/25/2010,86.78
05/24/2010,86.21
05/21/2010,85.37
05/20/2010,85.57
05/19/2010,86.39
05/18/2010,87.16
05/17/2010,86.21
05/14/2010,86.10
05/13/2010,85.21
05/12/2010,84.83
05/11/2010,84.47
05/10/2010,84.16
05/07/2010,84.45
05/06/2010,84.89
05/05/2010,84.08
05/04/2010,83.30
05/03/2010,82.27
04/30/2010,81.87
04/29/2010,82.00
04/28/2010,82.38
04/27/2010,82.15
04/26/2010,81.48
04/23/2010,81.35
04/22/2010,81.57
04/21/2010,81.16
04/20/2010,81.05
04/19/2010,81.00
04/16/2010,80.82
04/15/2010,80.48
04/14/2010,80.19
04/13/2010,80.51
04/12/2010,80.56
04/09/2010,81.09
04/08/2010,81.53
04/07/2010,81.44
04/06/2010,81.39
04/05/2010,81.09
04/02/2010,80.78
04/01/2010,80.78
