date,MSCI
24/11/2023,528.35
22/11/2023,523.97
21/11/2023,524.89
20/11/2023,522.21
17/11/2023,521.42
16/11/2023,524.27
15/11/2023,521.75
14/11/2023,518.05
13/11/2023,503.79
10/11/2023,514.26
09/11/2023,506.22
08/11/2023,504.98
07/11/2023,497.3
06/11/2023,496.56
03/11/2023,497.76
02/11/2023,487.02
01/11/2023,471.85
31/10/2023,471.55
30/10/2023,481.99
27/10/2023,476.19
26/10/2023,481.55
25/10/2023,479.63
24/10/2023,488.05
23/10/2023,487.59
20/10/2023,489.74
19/10/2023,497.27
18/10/2023,505.99
17/10/2023,515.8
16/10/2023,515.46
13/10/2023,510.56
12/10/2023,520.09
11/10/2023,523.17
10/10/2023,520.78
09/10/2023,515.37
06/10/2023,513.34
05/10/2023,498.13
04/10/2023,501.59
03/10/2023,495.46
02/10/2023,506.99
29/09/2023,513.08
28/09/2023,521.5
27/09/2023,511.94
26/09/2023,516.26
25/09/2023,516.9
22/09/2023,513.16
21/09/2023,515.42
20/09/2023,535.04
19/09/2023,538.05
18/09/2023,533.09
15/09/2023,530.08
14/09/2023,538.69
13/09/2023,535.25
12/09/2023,525.97
11/09/2023,536.16
08/09/2023,533.79
07/09/2023,546.49
06/09/2023,541.84
05/09/2023,541.16
01/09/2023,541.39
31/08/2023,543.62
30/08/2023,544.13
29/08/2023,538.61
28/08/2023,532.15
25/08/2023,531.15
24/08/2023,532.46
23/08/2023,535.85
22/08/2023,527.91
21/08/2023,524.74
18/08/2023,520.17
17/08/2023,520.75
16/08/2023,529.63
15/08/2023,533.82
14/08/2023,547.28
11/08/2023,548.99
10/08/2023,546.86
09/08/2023,546.2
08/08/2023,548.07
07/08/2023,551.5
04/08/2023,542.26
03/08/2023,543.78
02/08/2023,545.25
01/08/2023,545.94
31/07/2023,548.08
28/07/2023,550.28
27/07/2023,553.6
26/07/2023,557.25
25/07/2023,548.2
24/07/2023,502.75
21/07/2023,511.42
20/07/2023,509.66
19/07/2023,507.94
18/07/2023,502.83
17/07/2023,499.25
14/07/2023,497.18
13/07/2023,497.78
12/07/2023,497.75
11/07/2023,486.65
10/07/2023,480.63
07/07/2023,471.75
06/07/2023,469.46
05/07/2023,473.32
03/07/2023,472.82
30/06/2023,469.29
29/06/2023,462.07
28/06/2023,463.32
27/06/2023,465.08
26/06/2023,463.25
23/06/2023,465.15
22/06/2023,467.2
21/06/2023,474.65
20/06/2023,473.78
16/06/2023,477.73
15/06/2023,487.55
14/06/2023,486.2
13/06/2023,479.99
12/06/2023,474.18
09/06/2023,473.85
08/06/2023,480.87
07/06/2023,472.49
06/06/2023,477.24
05/06/2023,480.81
02/06/2023,478.76
01/06/2023,466.97
31/05/2023,470.53
30/05/2023,471.41
26/05/2023,475.83
25/05/2023,466.51
24/05/2023,457.19
23/05/2023,460.1
22/05/2023,472.42
19/05/2023,469.84
18/05/2023,472.25
17/05/2023,461.27
16/05/2023,456.98
15/05/2023,463.56
12/05/2023,469.63
11/05/2023,470.4
10/05/2023,476.07
09/05/2023,472.87
08/05/2023,472.88
05/05/2023,473.65
04/05/2023,461.55
03/05/2023,465.77
02/05/2023,468.49
01/05/2023,483.03
28/04/2023,482.45
27/04/2023,464.29
26/04/2023,458.22
25/04/2023,471.15
24/04/2023,544.61
21/04/2023,544.6
20/04/2023,546.58
19/04/2023,545.48
18/04/2023,544.46
17/04/2023,537.57
14/04/2023,540.03
13/04/2023,542.61
12/04/2023,530.83
11/04/2023,529.67
10/04/2023,528.44
06/04/2023,533.65
05/04/2023,538.37
04/04/2023,550.38
03/04/2023,557.37
31/03/2023,559.69
30/03/2023,548.72
29/03/2023,550.93
28/03/2023,542.9
27/03/2023,540.35
24/03/2023,543.1
23/03/2023,546.96
22/03/2023,547.18
21/03/2023,554.33
20/03/2023,544.33
17/03/2023,537.09
16/03/2023,546.57
15/03/2023,536.77
14/03/2023,548.25
13/03/2023,528.28
10/03/2023,522.27
09/03/2023,535.04
08/03/2023,535.85
07/03/2023,533.98
06/03/2023,542.91
03/03/2023,536.67
02/03/2023,517.29
01/03/2023,515.45
28/02/2023,522.15
27/02/2023,525.79
24/02/2023,518.16
23/02/2023,527.78
22/02/2023,524.05
21/02/2023,524.82
17/02/2023,544.83
16/02/2023,552.99
15/02/2023,567.06
14/02/2023,561.82
13/02/2023,562.1
10/02/2023,549.33
09/02/2023,555.59
08/02/2023,556.9
07/02/2023,560.4
06/02/2023,553.4
03/02/2023,567.43
02/02/2023,568.44
01/02/2023,554.52
31/01/2023,531.56
30/01/2023,506.56
27/01/2023,519.92
26/01/2023,515.21
25/01/2023,508.64
24/01/2023,519.84
23/01/2023,514.98
20/01/2023,511.76
19/01/2023,495.79
18/01/2023,506.34
17/01/2023,510.28
13/01/2023,505.24
12/01/2023,504.05
11/01/2023,504.12
10/01/2023,488.08
09/01/2023,480.54
06/01/2023,469.01
05/01/2023,459.12
04/01/2023,474.12
03/01/2023,461.16
30/12/2022,465.17
29/12/2022,471.92
28/12/2022,454.44
27/12/2022,460.43
23/12/2022,463.82
22/12/2022,462.32
21/12/2022,472.36
20/12/2022,458.0
19/12/2022,461.94
16/12/2022,471.59
15/12/2022,476.68
14/12/2022,498.48
13/12/2022,512.02
12/12/2022,497.27
09/12/2022,492.55
08/12/2022,499.98
07/12/2022,500.4
06/12/2022,499.9
05/12/2022,504.49
02/12/2022,518.83
01/12/2022,521.39
30/11/2022,507.83
29/11/2022,486.32
28/11/2022,495.96
25/11/2022,512.26
23/11/2022,508.75
22/11/2022,502.67
21/11/2022,493.37
18/11/2022,490.31
17/11/2022,491.09
16/11/2022,507.21
15/11/2022,503.02
14/11/2022,492.24
11/11/2022,512.37
10/11/2022,509.7
09/11/2022,465.13
08/11/2022,467.9
07/11/2022,462.19
04/11/2022,460.91
03/11/2022,451.15
02/11/2022,453.74
01/11/2022,470.08
31/10/2022,468.86
28/10/2022,474.27
27/10/2022,455.22
26/10/2022,451.6
25/10/2022,448.42
24/10/2022,412.15
21/10/2022,401.48
20/10/2022,393.66
19/10/2022,398.79
18/10/2022,408.56
17/10/2022,402.96
14/10/2022,388.72
13/10/2022,406.08
12/10/2022,401.65
11/10/2022,399.35
10/10/2022,406.92
07/10/2022,419.84
06/10/2022,436.65
05/10/2022,447.48
04/10/2022,450.86
03/10/2022,431.58
30/09/2022,421.79
29/09/2022,423.22
28/09/2022,429.14
27/09/2022,416.9
26/09/2022,420.76
23/09/2022,422.33
22/09/2022,427.09
21/09/2022,439.57
20/09/2022,447.77
19/09/2022,451.38
16/09/2022,456.68
15/09/2022,456.19
14/09/2022,469.11
13/09/2022,471.77
12/09/2022,496.57
09/09/2022,491.26
08/09/2022,482.9
07/09/2022,474.3
06/09/2022,457.68
02/09/2022,451.95
01/09/2022,456.91
31/08/2022,449.24
30/08/2022,453.04
29/08/2022,456.0
26/08/2022,456.42
25/08/2022,475.78
24/08/2022,467.89
23/08/2022,467.5
22/08/2022,472.88
19/08/2022,478.49
18/08/2022,499.98
17/08/2022,502.49
16/08/2022,503.62
15/08/2022,508.63
12/08/2022,506.71
11/08/2022,501.12
10/08/2022,512.12
09/08/2022,494.93
08/08/2022,500.82
05/08/2022,496.18
04/08/2022,496.76
03/08/2022,496.33
02/08/2022,477.69
01/08/2022,476.86
29/07/2022,481.34
28/07/2022,474.29
27/07/2022,452.97
26/07/2022,442.89
25/07/2022,438.47
22/07/2022,439.9
21/07/2022,447.47
20/07/2022,434.32
19/07/2022,426.1
18/07/2022,412.01
15/07/2022,418.87
14/07/2022,410.11
13/07/2022,413.72
12/07/2022,420.32
11/07/2022,431.85
08/07/2022,433.95
07/07/2022,435.49
06/07/2022,426.24
05/07/2022,422.01
01/07/2022,417.72
30/06/2022,412.15
29/06/2022,415.26
28/06/2022,413.12
27/06/2022,429.78
24/06/2022,432.06
23/06/2022,416.71
22/06/2022,400.87
21/06/2022,400.25
17/06/2022,386.71
16/06/2022,385.76
15/06/2022,397.39
14/06/2022,391.0
13/06/2022,393.0
10/06/2022,410.05
09/06/2022,427.08
08/06/2022,435.53
07/06/2022,446.29
06/06/2022,438.66
03/06/2022,438.45
02/06/2022,451.62
01/06/2022,431.45
31/05/2022,442.35
27/05/2022,448.17
26/05/2022,432.78
25/05/2022,416.8
24/05/2022,414.61
23/05/2022,417.68
20/05/2022,417.04
19/05/2022,410.02
18/05/2022,399.5
17/05/2022,407.75
16/05/2022,400.0
13/05/2022,408.14
12/05/2022,387.98
11/05/2022,387.4
10/05/2022,388.89
09/05/2022,379.08
06/05/2022,405.61
05/05/2022,416.05
04/05/2022,432.74
03/05/2022,431.91
02/05/2022,423.75
29/04/2022,421.25
28/04/2022,433.38
27/04/2022,417.78
26/04/2022,429.81
25/04/2022,462.3
22/04/2022,456.04
21/04/2022,474.78
20/04/2022,493.54
19/04/2022,490.52
18/04/2022,478.01
14/04/2022,482.7
13/04/2022,493.27
12/04/2022,480.31
11/04/2022,486.09
08/04/2022,506.49
07/04/2022,510.0
06/04/2022,506.65
05/04/2022,513.23
04/04/2022,519.51
01/04/2022,516.0
31/03/2022,502.88
30/03/2022,510.28
29/03/2022,516.77
28/03/2022,507.81
25/03/2022,490.31
24/03/2022,495.73
23/03/2022,491.25
22/03/2022,509.76
21/03/2022,507.0
18/03/2022,520.34
17/03/2022,498.44
16/03/2022,492.96
15/03/2022,470.94
14/03/2022,457.33
11/03/2022,456.63
10/03/2022,465.26
09/03/2022,488.13
08/03/2022,466.0
07/03/2022,467.4
04/03/2022,497.78
03/03/2022,507.11
02/03/2022,511.09
01/03/2022,500.38
28/02/2022,501.69
25/02/2022,513.21
24/02/2022,508.47
23/02/2022,509.4
22/02/2022,521.31
18/02/2022,527.0
17/02/2022,531.48
16/02/2022,543.6
15/02/2022,546.38
14/02/2022,532.97
11/02/2022,534.26
10/02/2022,545.11
09/02/2022,561.47
08/02/2022,546.14
07/02/2022,550.45
04/02/2022,554.71
03/02/2022,540.31
02/02/2022,549.83
01/02/2022,545.4
31/01/2022,536.12
28/01/2022,508.13
27/01/2022,491.79
26/01/2022,492.13
25/01/2022,492.92
24/01/2022,507.07
21/01/2022,500.82
20/01/2022,515.85
19/01/2022,513.4
18/01/2022,516.69
14/01/2022,526.74
13/01/2022,533.41
12/01/2022,559.08
11/01/2022,553.32
10/01/2022,541.86
07/01/2022,552.0
06/01/2022,562.98
05/01/2022,566.12
04/01/2022,591.13
03/01/2022,595.58
31/12/2021,612.69
30/12/2021,612.54
29/12/2021,614.79
28/12/2021,614.98
27/12/2021,618.77
23/12/2021,611.27
22/12/2021,604.18
21/12/2021,594.66
20/12/2021,579.3
17/12/2021,590.22
16/12/2021,595.12
15/12/2021,602.42
14/12/2021,591.07
13/12/2021,621.76
10/12/2021,628.14
09/12/2021,619.94
08/12/2021,646.09
07/12/2021,637.07
06/12/2021,608.15
03/12/2021,603.45
02/12/2021,629.58
01/12/2021,616.35
30/11/2021,629.45
29/11/2021,645.49
26/11/2021,621.04
24/11/2021,642.64
23/11/2021,632.34
22/11/2021,636.9
19/11/2021,656.88
18/11/2021,665.43
17/11/2021,666.42
16/11/2021,675.15
15/11/2021,660.95
12/11/2021,652.57
11/11/2021,641.29
10/11/2021,642.0
09/11/2021,652.82
08/11/2021,653.81
05/11/2021,653.34
04/11/2021,661.67
03/11/2021,645.66
02/11/2021,654.33
01/11/2021,657.11
29/10/2021,664.88
28/10/2021,655.33
27/10/2021,637.0
26/10/2021,643.12
25/10/2021,652.03
22/10/2021,649.09
21/10/2021,636.43
20/10/2021,623.36
19/10/2021,630.96
18/10/2021,619.82
15/10/2021,616.08
14/10/2021,612.65
13/10/2021,598.3
12/10/2021,595.25
11/10/2021,597.21
08/10/2021,600.12
07/10/2021,608.5
06/10/2021,599.94
05/10/2021,602.12
04/10/2021,587.3
01/10/2021,610.7
30/09/2021,608.34
29/09/2021,610.7
28/09/2021,597.8
27/09/2021,638.68
24/09/2021,661.37
23/09/2021,653.58
22/09/2021,645.15
21/09/2021,640.7
20/09/2021,634.59
17/09/2021,641.66
16/09/2021,652.15
15/09/2021,647.36
14/09/2021,653.27
13/09/2021,643.25
10/09/2021,650.87
09/09/2021,652.86
08/09/2021,659.18
07/09/2021,655.82
03/09/2021,650.75
02/09/2021,649.42
01/09/2021,649.21
31/08/2021,634.58
30/08/2021,638.43
27/08/2021,629.59
26/08/2021,623.91
25/08/2021,627.91
24/08/2021,618.37
23/08/2021,621.19
20/08/2021,618.86
19/08/2021,610.0
18/08/2021,610.21
17/08/2021,629.48
16/08/2021,630.21
13/08/2021,630.02
12/08/2021,625.16
11/08/2021,624.94
10/08/2021,625.08
09/08/2021,627.68
06/08/2021,628.9
05/08/2021,627.38
04/08/2021,624.22
03/08/2021,619.07
02/08/2021,610.92
30/07/2021,595.96
29/07/2021,594.76
28/07/2021,591.84
27/07/2021,584.21
26/07/2021,575.9
23/07/2021,578.95
22/07/2021,572.15
21/07/2021,564.86
20/07/2021,563.57
19/07/2021,556.84
16/07/2021,564.83
15/07/2021,559.85
14/07/2021,555.19
13/07/2021,557.57
12/07/2021,559.95
09/07/2021,560.23
08/07/2021,553.54
07/07/2021,555.77
06/07/2021,550.02
02/07/2021,541.91
01/07/2021,534.03
30/06/2021,533.08
29/06/2021,542.17
28/06/2021,534.47
25/06/2021,531.75
24/06/2021,533.08
23/06/2021,523.86
22/06/2021,522.19
21/06/2021,515.59
18/06/2021,502.9
17/06/2021,505.54
16/06/2021,495.9
15/06/2021,495.0
14/06/2021,490.76
11/06/2021,479.51
10/06/2021,476.46
09/06/2021,465.83
08/06/2021,463.37
07/06/2021,464.37
04/06/2021,466.36
03/06/2021,461.98
02/06/2021,468.87
01/06/2021,461.97
28/05/2021,468.13
27/05/2021,464.37
26/05/2021,465.1
25/05/2021,464.61
24/05/2021,462.85
21/05/2021,456.88
20/05/2021,457.23
19/05/2021,447.59
18/05/2021,454.09
17/05/2021,455.78
14/05/2021,463.46
13/05/2021,461.09
12/05/2021,460.18
11/05/2021,472.67
10/05/2021,476.89
07/05/2021,482.31
06/05/2021,475.91
05/05/2021,478.18
04/05/2021,482.5
03/05/2021,486.2
30/04/2021,485.77
29/04/2021,494.83
28/04/2021,484.03
27/04/2021,487.61
26/04/2021,487.0
23/04/2021,486.5
22/04/2021,471.75
21/04/2021,470.62
20/04/2021,468.03
19/04/2021,468.27
16/04/2021,473.52
15/04/2021,469.65
14/04/2021,457.41
13/04/2021,460.0
12/04/2021,453.14
09/04/2021,448.5
08/04/2021,445.29
07/04/2021,437.45
06/04/2021,440.1
05/04/2021,440.61
01/04/2021,428.55
31/03/2021,419.28
30/03/2021,417.51
29/03/2021,426.37
26/03/2021,424.87
25/03/2021,412.05
24/03/2021,424.03
23/03/2021,420.76
22/03/2021,419.36
19/03/2021,410.36
18/03/2021,405.62
17/03/2021,413.17
16/03/2021,416.58
15/03/2021,419.55
12/03/2021,416.53
11/03/2021,410.06
10/03/2021,409.82
09/03/2021,414.52
08/03/2021,402.63
05/03/2021,414.72
04/03/2021,409.0
03/03/2021,409.72
02/03/2021,418.81
01/03/2021,420.03
26/02/2021,414.52
25/02/2021,406.3
24/02/2021,417.23
23/02/2021,415.15
22/02/2021,413.6
19/02/2021,432.97
18/02/2021,437.55
17/02/2021,439.32
16/02/2021,440.92
12/02/2021,434.77
11/02/2021,426.86
10/02/2021,419.66
09/02/2021,417.97
08/02/2021,422.73
05/02/2021,429.81
04/02/2021,430.19
03/02/2021,416.87
02/02/2021,425.13
01/02/2021,416.25
29/01/2021,395.3
28/01/2021,395.23
27/01/2021,393.34
26/01/2021,404.61
25/01/2021,403.49
22/01/2021,411.88
21/01/2021,414.35
20/01/2021,418.52
19/01/2021,411.48
15/01/2021,415.3
14/01/2021,409.52
13/01/2021,438.4
12/01/2021,453.19
11/01/2021,451.79
08/01/2021,452.68
07/01/2021,443.64
06/01/2021,435.17
05/01/2021,431.37
04/01/2021,437.64
31/12/2020,446.53
30/12/2020,436.99
29/12/2020,434.57
28/12/2020,436.37
24/12/2020,432.46
23/12/2020,428.63
22/12/2020,437.58
21/12/2020,435.04
18/12/2020,443.06
17/12/2020,436.78
16/12/2020,429.84
15/12/2020,424.0
14/12/2020,423.9
11/12/2020,419.47
10/12/2020,422.6
09/12/2020,414.62
08/12/2020,426.4
07/12/2020,422.82
04/12/2020,421.71
03/12/2020,419.3
02/12/2020,416.16
01/12/2020,414.5
30/11/2020,409.42
27/11/2020,402.25
25/11/2020,403.95
24/11/2020,399.64
23/11/2020,401.97
20/11/2020,400.3
19/11/2020,400.79
18/11/2020,399.95
17/11/2020,403.64
16/11/2020,397.6
13/11/2020,388.42
12/11/2020,389.48
11/11/2020,397.02
10/11/2020,379.82
09/11/2020,390.46
06/11/2020,421.15
05/11/2020,417.73
04/11/2020,398.22
03/11/2020,369.47
02/11/2020,356.85
30/10/2020,349.84
29/10/2020,345.49
28/10/2020,340.68
27/10/2020,356.9
26/10/2020,349.56
23/10/2020,350.55
22/10/2020,347.63
21/10/2020,350.01
20/10/2020,358.57
19/10/2020,362.67
16/10/2020,365.61
15/10/2020,361.62
14/10/2020,359.04
13/10/2020,359.97
12/10/2020,352.64
09/10/2020,352.33
08/10/2020,346.4
07/10/2020,342.81
06/10/2020,347.92
05/10/2020,351.31
02/10/2020,348.16
01/10/2020,359.54
30/09/2020,356.78
29/09/2020,356.03
28/09/2020,354.47
25/09/2020,352.96
24/09/2020,346.12
23/09/2020,345.46
22/09/2020,351.24
21/09/2020,351.73
18/09/2020,344.96
17/09/2020,340.36
16/09/2020,344.47
15/09/2020,346.0
14/09/2020,342.37
11/09/2020,339.25
10/09/2020,342.53
09/09/2020,348.69
08/09/2020,339.64
04/09/2020,348.18
03/09/2020,360.46
02/09/2020,378.59
01/09/2020,377.56
31/08/2020,373.27
28/08/2020,373.68
27/08/2020,369.89
26/08/2020,371.6
25/08/2020,365.53
24/08/2020,363.99
21/08/2020,363.69
20/08/2020,368.74
19/08/2020,371.4
18/08/2020,366.2
17/08/2020,361.66
14/08/2020,356.41
13/08/2020,359.87
12/08/2020,354.77
11/08/2020,350.53
10/08/2020,354.31
07/08/2020,362.37
06/08/2020,372.72
05/08/2020,364.58
04/08/2020,364.35
03/08/2020,371.91
31/07/2020,375.98
30/07/2020,374.54
29/07/2020,383.02
28/07/2020,376.25
27/07/2020,394.0
24/07/2020,385.65
23/07/2020,384.98
22/07/2020,390.12
21/07/2020,389.05
20/07/2020,389.02
17/07/2020,379.62
16/07/2020,370.16
15/07/2020,376.25
14/07/2020,369.08
13/07/2020,363.87
10/07/2020,370.95
09/07/2020,375.14
08/07/2020,370.71
07/07/2020,352.61
06/07/2020,351.21
02/07/2020,342.13
01/07/2020,340.93
30/06/2020,333.82
29/06/2020,325.75
26/06/2020,332.2
25/06/2020,342.17
24/06/2020,328.36
23/06/2020,334.82
22/06/2020,337.55
19/06/2020,333.46
18/06/2020,330.07
17/06/2020,325.9
16/06/2020,322.9
15/06/2020,322.12
12/06/2020,320.95
11/06/2020,299.94
10/06/2020,331.27
09/06/2020,327.16
08/06/2020,331.09
05/06/2020,330.88
04/06/2020,311.58
03/06/2020,318.58
02/06/2020,324.92
01/06/2020,335.37
29/05/2020,328.85
28/05/2020,322.68
27/05/2020,315.17
26/05/2020,326.17
22/05/2020,337.97
21/05/2020,333.35
20/05/2020,341.51
19/05/2020,337.53
18/05/2020,346.75
15/05/2020,341.22
14/05/2020,342.05
13/05/2020,335.62
12/05/2020,347.12
11/05/2020,347.25
08/05/2020,333.58
07/05/2020,334.1
06/05/2020,330.25
05/05/2020,337.34
04/05/2020,321.46
01/05/2020,319.94
30/04/2020,327.0
29/04/2020,334.7
28/04/2020,319.16
27/04/2020,331.61
24/04/2020,324.89
23/04/2020,317.44
22/04/2020,320.62
21/04/2020,311.32
20/04/2020,321.95
17/04/2020,317.18
16/04/2020,309.4
15/04/2020,309.62
14/04/2020,313.41
13/04/2020,309.52
09/04/2020,310.69
08/04/2020,297.18
07/04/2020,286.08
06/04/2020,302.49
03/04/2020,270.61
02/04/2020,286.99
01/04/2020,271.28
31/03/2020,288.96
30/03/2020,293.72
27/03/2020,275.74
26/03/2020,291.86
25/03/2020,263.77
24/03/2020,273.31
23/03/2020,231.55
20/03/2020,243.07
19/03/2020,237.35
18/03/2020,224.65
17/03/2020,257.6
16/03/2020,246.4
13/03/2020,283.4
12/03/2020,256.69
11/03/2020,262.58
10/03/2020,274.51
09/03/2020,257.85
06/03/2020,285.84
05/03/2020,300.89
04/03/2020,318.47
03/03/2020,308.65
02/03/2020,315.53
28/02/2020,295.44
27/02/2020,297.36
26/02/2020,305.61
25/02/2020,300.31
24/02/2020,303.53
21/02/2020,309.08
20/02/2020,321.71
19/02/2020,332.11
18/02/2020,327.09
14/02/2020,322.56
13/02/2020,313.4
12/02/2020,308.18
11/02/2020,303.57
10/02/2020,301.47
07/02/2020,297.83
06/02/2020,296.9
05/02/2020,295.18
04/02/2020,301.15
03/02/2020,292.65
31/01/2020,285.8
30/01/2020,292.77
29/01/2020,282.28
28/01/2020,278.17
27/01/2020,273.94
24/01/2020,276.11
23/01/2020,279.15
22/01/2020,279.23
21/01/2020,278.03
17/01/2020,279.07
16/01/2020,277.29
15/01/2020,269.74
14/01/2020,266.67
13/01/2020,271.99
10/01/2020,265.72
09/01/2020,267.83
08/01/2020,266.56
07/01/2020,262.41
06/01/2020,262.05
03/01/2020,260.75
02/01/2020,266.05
31/12/2019,258.18
30/12/2019,256.92
27/12/2019,259.99
26/12/2019,260.48
24/12/2019,260.36
23/12/2019,258.72
20/12/2019,259.25
19/12/2019,259.78
18/12/2019,257.5
17/12/2019,258.49
16/12/2019,261.19
13/12/2019,260.09
12/12/2019,259.86
11/12/2019,260.79
10/12/2019,261.5
09/12/2019,263.53
06/12/2019,266.32
05/12/2019,260.42
04/12/2019,259.03
03/12/2019,254.35
02/12/2019,256.57
29/11/2019,259.19
27/11/2019,258.18
26/11/2019,259.77
25/11/2019,264.01
22/11/2019,257.97
21/11/2019,255.62
20/11/2019,256.37
19/11/2019,257.5
18/11/2019,252.59
15/11/2019,250.0
14/11/2019,250.0
13/11/2019,249.21
12/11/2019,246.18
11/11/2019,245.0
08/11/2019,245.0
07/11/2019,246.68
06/11/2019,241.28
05/11/2019,238.47
04/11/2019,245.79
01/11/2019,245.91
31/10/2019,234.56
30/10/2019,229.14
29/10/2019,228.07
28/10/2019,225.03
25/10/2019,222.2
24/10/2019,222.58
23/10/2019,218.33
22/10/2019,216.38
21/10/2019,226.15
18/10/2019,224.4
17/10/2019,229.03
16/10/2019,225.98
15/10/2019,227.08
14/10/2019,225.11
11/10/2019,225.33
10/10/2019,222.65
09/10/2019,219.47
08/10/2019,214.51
07/10/2019,220.79
04/10/2019,221.01
03/10/2019,217.84
02/10/2019,212.7
01/10/2019,216.23
30/09/2019,217.75
27/09/2019,215.89
26/09/2019,223.55
25/09/2019,227.06
24/09/2019,225.61
23/09/2019,225.96
20/09/2019,225.73
19/09/2019,235.39
18/09/2019,233.75
17/09/2019,240.15
16/09/2019,230.0
13/09/2019,229.64
12/09/2019,232.39
11/09/2019,226.71
10/09/2019,228.43
09/09/2019,237.51
06/09/2019,241.27
05/09/2019,235.43
04/09/2019,230.2
03/09/2019,233.49
30/08/2019,234.63
29/08/2019,235.61
28/08/2019,231.73
27/08/2019,231.23
26/08/2019,231.64
23/08/2019,233.0
22/08/2019,236.0
21/08/2019,235.03
20/08/2019,231.5
19/08/2019,230.31
16/08/2019,226.23
15/08/2019,222.16
14/08/2019,218.9
13/08/2019,226.31
12/08/2019,219.96
09/08/2019,224.05
08/08/2019,225.47
07/08/2019,217.18
06/08/2019,214.34
05/08/2019,209.24
02/08/2019,220.18
01/08/2019,225.33
31/07/2019,227.24
30/07/2019,227.88
29/07/2019,232.37
26/07/2019,237.27
25/07/2019,231.89
24/07/2019,232.25
23/07/2019,235.61
22/07/2019,240.59
19/07/2019,240.98
18/07/2019,245.73
17/07/2019,241.58
16/07/2019,241.57
15/07/2019,245.2
12/07/2019,245.12
11/07/2019,240.28
10/07/2019,238.0
09/07/2019,238.0
08/07/2019,234.7
05/07/2019,242.29
03/07/2019,245.57
02/07/2019,244.58
01/07/2019,240.51
28/06/2019,238.79
27/06/2019,234.1
26/06/2019,231.52
25/06/2019,230.75
24/06/2019,235.01
21/06/2019,232.4
20/06/2019,237.44
19/06/2019,236.65
18/06/2019,233.59
17/06/2019,232.59
14/06/2019,235.78
13/06/2019,234.82
12/06/2019,234.85
11/06/2019,236.35
10/06/2019,243.99
07/06/2019,240.3
06/06/2019,237.58
05/06/2019,234.5
04/06/2019,224.83
03/06/2019,216.26
31/05/2019,220.01
30/05/2019,222.78
29/05/2019,220.54
28/05/2019,221.36
24/05/2019,218.86
23/05/2019,217.67
22/05/2019,225.12
21/05/2019,224.91
20/05/2019,222.67
17/05/2019,224.81
16/05/2019,226.07
15/05/2019,220.9
14/05/2019,220.44
13/05/2019,215.35
10/05/2019,224.28
09/05/2019,221.88
08/05/2019,223.83
07/05/2019,221.93
06/05/2019,229.63
03/05/2019,226.93
02/05/2019,221.29
01/05/2019,222.72
30/04/2019,225.38
29/04/2019,223.78
26/04/2019,226.02
25/04/2019,223.28
24/04/2019,224.77
23/04/2019,226.03
22/04/2019,222.53
18/04/2019,221.35
17/04/2019,219.0
16/04/2019,219.34
15/04/2019,218.99
12/04/2019,217.99
11/04/2019,216.3
10/04/2019,214.61
09/04/2019,211.89
08/04/2019,211.0
05/04/2019,206.99
04/04/2019,206.28
03/04/2019,206.34
02/04/2019,204.89
01/04/2019,201.88
29/03/2019,198.84
28/03/2019,196.64
27/03/2019,193.36
26/03/2019,194.44
25/03/2019,191.58
22/03/2019,191.86
21/03/2019,195.67
20/03/2019,191.97
19/03/2019,191.77
18/03/2019,190.97
15/03/2019,189.58
14/03/2019,186.81
13/03/2019,185.59
12/03/2019,185.02
11/03/2019,183.66
08/03/2019,182.44
07/03/2019,182.06
06/03/2019,186.46
05/03/2019,187.67
04/03/2019,187.16
01/03/2019,190.21
28/02/2019,184.72
27/02/2019,180.74
26/02/2019,178.33
25/02/2019,178.16
22/02/2019,177.16
21/02/2019,174.22
20/02/2019,176.11
19/02/2019,174.8
15/02/2019,175.17
14/02/2019,174.13
13/02/2019,174.87
12/02/2019,174.62
11/02/2019,171.75
08/02/2019,172.29
07/02/2019,172.45
06/02/2019,171.95
05/02/2019,174.49
04/02/2019,172.56
01/02/2019,172.85
31/01/2019,170.27
30/01/2019,162.77
29/01/2019,160.85
28/01/2019,162.44
25/01/2019,163.83
24/01/2019,161.74
23/01/2019,162.78
22/01/2019,162.26
18/01/2019,165.97
17/01/2019,160.73
16/01/2019,160.25
15/01/2019,157.06
14/01/2019,153.71
11/01/2019,154.83
10/01/2019,153.94
09/01/2019,151.81
08/01/2019,150.34
07/01/2019,147.28
04/01/2019,146.6
03/01/2019,141.34
02/01/2019,146.94
31/12/2018,147.43
28/12/2018,145.4
27/12/2018,145.27
26/12/2018,141.53
24/12/2018,135.09
21/12/2018,137.29
20/12/2018,140.95
19/12/2018,143.13
18/12/2018,144.25
17/12/2018,144.21
14/12/2018,150.45
13/12/2018,152.82
12/12/2018,153.89
11/12/2018,152.0
10/12/2018,150.16
07/12/2018,149.75
06/12/2018,152.32
04/12/2018,154.32
03/12/2018,161.6
30/11/2018,157.09
29/11/2018,157.04
28/11/2018,158.61
27/11/2018,152.2
26/11/2018,152.4
23/11/2018,149.83
21/11/2018,146.34
20/11/2018,144.35
19/11/2018,145.53
16/11/2018,153.29
15/11/2018,151.66
14/11/2018,148.17
13/11/2018,147.71
12/11/2018,148.05
09/11/2018,149.79
08/11/2018,152.01
07/11/2018,151.85
06/11/2018,147.77
05/11/2018,145.08
02/11/2018,144.11
01/11/2018,147.29
31/10/2018,150.38
30/10/2018,144.51
29/10/2018,143.0
26/10/2018,142.76
25/10/2018,149.34
24/10/2018,148.69
23/10/2018,155.0
22/10/2018,156.4
19/10/2018,153.86
18/10/2018,153.75
17/10/2018,157.28
16/10/2018,156.25
15/10/2018,151.23
12/10/2018,154.04
11/10/2018,151.59
10/10/2018,156.84
09/10/2018,166.96
08/10/2018,167.82
05/10/2018,170.57
04/10/2018,172.52
03/10/2018,177.28
02/10/2018,176.96
01/10/2018,179.8
28/09/2018,177.41
27/09/2018,178.63
26/09/2018,178.77
25/09/2018,178.9
24/09/2018,178.04
21/09/2018,176.29
20/09/2018,176.32
19/09/2018,174.53
18/09/2018,178.22
17/09/2018,177.94
14/09/2018,182.18
13/09/2018,180.54
12/09/2018,176.53
11/09/2018,177.46
10/09/2018,178.11
07/09/2018,179.18
06/09/2018,179.24
05/09/2018,178.52
04/09/2018,182.23
31/08/2018,180.26
30/08/2018,177.65
29/08/2018,178.07
28/08/2018,177.16
27/08/2018,174.94
24/08/2018,174.02
23/08/2018,173.09
22/08/2018,173.14
21/08/2018,173.54
20/08/2018,174.17
17/08/2018,173.28
16/08/2018,173.92
15/08/2018,173.61
14/08/2018,175.44
13/08/2018,172.6
10/08/2018,173.13
09/08/2018,173.17
08/08/2018,172.69
07/08/2018,172.86
06/08/2018,170.17
03/08/2018,166.82
02/08/2018,170.29
01/08/2018,163.0
31/07/2018,166.19
30/07/2018,167.5
27/07/2018,171.57
26/07/2018,173.77
25/07/2018,176.25
24/07/2018,172.58
23/07/2018,173.29
20/07/2018,170.98
19/07/2018,170.69
18/07/2018,171.53
17/07/2018,170.74
16/07/2018,170.58
13/07/2018,169.58
12/07/2018,169.26
11/07/2018,169.28
10/07/2018,168.73
09/07/2018,168.64
06/07/2018,166.61
05/07/2018,164.91
03/07/2018,165.73
02/07/2018,167.14
29/06/2018,165.43
28/06/2018,164.61
27/06/2018,163.55
26/06/2018,166.33
25/06/2018,168.56
22/06/2018,170.63
21/06/2018,170.76
20/06/2018,171.71
19/06/2018,171.76
18/06/2018,171.58
15/06/2018,172.75
14/06/2018,172.35
13/06/2018,172.2
12/06/2018,169.74
11/06/2018,166.49
08/06/2018,166.29
07/06/2018,165.22
06/06/2018,165.45
05/06/2018,163.71
04/06/2018,163.48
01/06/2018,163.4
31/05/2018,162.57
30/05/2018,161.99
29/05/2018,158.88
25/05/2018,159.34
24/05/2018,159.13
23/05/2018,158.36
22/05/2018,156.53
21/05/2018,157.99
18/05/2018,156.2
17/05/2018,156.76
16/05/2018,158.32
15/05/2018,158.71
14/05/2018,160.54
11/05/2018,160.97
10/05/2018,159.85
09/05/2018,156.63
08/05/2018,155.31
07/05/2018,154.92
04/05/2018,152.13
03/05/2018,149.2
02/05/2018,150.44
01/05/2018,150.66
30/04/2018,149.83
27/04/2018,150.2
26/04/2018,149.6
25/04/2018,149.21
24/04/2018,147.69
23/04/2018,150.0
20/04/2018,149.59
19/04/2018,150.0
18/04/2018,150.43
17/04/2018,150.12
16/04/2018,149.18
13/04/2018,147.61
12/04/2018,149.3
11/04/2018,148.25
10/04/2018,149.05
09/04/2018,146.63
06/04/2018,144.05
05/04/2018,146.51
04/04/2018,146.7
03/04/2018,145.71
02/04/2018,145.94
29/03/2018,149.47
28/03/2018,150.55
27/03/2018,154.04
26/03/2018,158.67
23/03/2018,154.07
22/03/2018,156.13
21/03/2018,158.26
20/03/2018,158.08
19/03/2018,155.38
16/03/2018,154.98
15/03/2018,154.95
14/03/2018,154.43
13/03/2018,151.64
12/03/2018,154.05
09/03/2018,153.12
08/03/2018,150.58
07/03/2018,148.3
06/03/2018,148.99
05/03/2018,145.93
02/03/2018,143.32
01/03/2018,142.65
28/02/2018,141.52
27/02/2018,142.84
26/02/2018,144.42
23/02/2018,144.99
22/02/2018,142.87
21/02/2018,142.79
20/02/2018,144.38
16/02/2018,145.0
15/02/2018,148.23
14/02/2018,145.65
13/02/2018,140.59
12/02/2018,137.53
09/02/2018,136.48
08/02/2018,133.81
07/02/2018,139.76
06/02/2018,138.89
05/02/2018,135.68
02/02/2018,142.53
01/02/2018,146.32
31/01/2018,139.23
30/01/2018,138.3
29/01/2018,138.05
26/01/2018,140.57
25/01/2018,137.86
24/01/2018,138.07
23/01/2018,140.1
22/01/2018,139.27
19/01/2018,138.25
18/01/2018,136.82
17/01/2018,135.8
16/01/2018,134.33
12/01/2018,135.89
11/01/2018,134.76
10/01/2018,133.75
09/01/2018,134.1
08/01/2018,133.21
05/01/2018,133.03
04/01/2018,131.66
03/01/2018,129.62
02/01/2018,127.68
29/12/2017,126.54
28/12/2017,126.38
27/12/2017,125.47
26/12/2017,125.6
22/12/2017,128.33
21/12/2017,128.62
20/12/2017,128.16
19/12/2017,126.97
18/12/2017,127.28
15/12/2017,127.93
14/12/2017,127.55
13/12/2017,127.29
12/12/2017,128.0
11/12/2017,128.34
08/12/2017,127.71
07/12/2017,128.21
06/12/2017,128.0
05/12/2017,128.36
04/12/2017,127.57
01/12/2017,128.95
30/11/2017,128.7
29/11/2017,127.73
28/11/2017,129.35
27/11/2017,128.75
24/11/2017,128.9
22/11/2017,127.5
21/11/2017,127.5
20/11/2017,127.19
17/11/2017,126.58
16/11/2017,125.38
15/11/2017,124.23
14/11/2017,125.12
13/11/2017,125.46
10/11/2017,125.02
09/11/2017,127.88
08/11/2017,127.1
07/11/2017,125.98
06/11/2017,127.7
03/11/2017,126.04
02/11/2017,125.42
01/11/2017,117.59
31/10/2017,117.36
30/10/2017,117.65
27/10/2017,120.0
26/10/2017,120.25
25/10/2017,118.54
24/10/2017,120.45
23/10/2017,121.7
20/10/2017,122.0
19/10/2017,122.0
18/10/2017,122.59
17/10/2017,122.45
16/10/2017,123.48
13/10/2017,122.09
12/10/2017,122.73
11/10/2017,121.88
10/10/2017,121.92
09/10/2017,121.54
06/10/2017,121.28
05/10/2017,121.1
04/10/2017,120.14
03/10/2017,118.51
02/10/2017,116.98
29/09/2017,116.9
28/09/2017,116.97
27/09/2017,115.76
26/09/2017,115.19
25/09/2017,116.01
22/09/2017,117.42
21/09/2017,115.3
20/09/2017,114.29
19/09/2017,113.81
18/09/2017,113.15
15/09/2017,113.3
14/09/2017,113.46
13/09/2017,114.29
12/09/2017,117.74
11/09/2017,115.77
08/09/2017,114.89
07/09/2017,114.02
06/09/2017,112.09
05/09/2017,113.13
01/09/2017,115.45
31/08/2017,114.61
30/08/2017,112.99
29/08/2017,113.08
28/08/2017,113.99
25/08/2017,114.26
24/08/2017,112.02
23/08/2017,112.22
22/08/2017,112.97
21/08/2017,110.32
18/08/2017,111.12
17/08/2017,110.34
16/08/2017,112.19
15/08/2017,109.27
14/08/2017,110.28
11/08/2017,107.13
10/08/2017,107.26
09/08/2017,109.68
08/08/2017,110.39
07/08/2017,111.2
04/08/2017,111.17
03/08/2017,111.71
02/08/2017,108.65
01/08/2017,110.49
31/07/2017,108.95
28/07/2017,110.37
27/07/2017,109.81
26/07/2017,110.35
25/07/2017,110.26
24/07/2017,108.98
21/07/2017,108.15
20/07/2017,107.4
19/07/2017,107.59
18/07/2017,106.98
17/07/2017,106.98
14/07/2017,107.45
13/07/2017,106.1
12/07/2017,105.4
11/07/2017,105.25
10/07/2017,102.99
07/07/2017,102.54
06/07/2017,102.28
05/07/2017,103.08
03/07/2017,102.79
30/06/2017,102.99
29/06/2017,104.07
28/06/2017,105.0
27/06/2017,102.69
26/06/2017,104.22
23/06/2017,104.72
22/06/2017,103.33
21/06/2017,101.83
20/06/2017,103.58
19/06/2017,106.17
16/06/2017,105.62
15/06/2017,105.69
14/06/2017,105.39
13/06/2017,105.9
12/06/2017,103.82
09/06/2017,104.02
08/06/2017,103.6
07/06/2017,103.93
06/06/2017,104.17
05/06/2017,104.59
02/06/2017,104.46
01/06/2017,104.02
31/05/2017,101.73
30/05/2017,100.07
26/05/2017,100.51
25/05/2017,100.93
24/05/2017,100.01
23/05/2017,98.91
22/05/2017,99.36
19/05/2017,98.88
18/05/2017,97.26
17/05/2017,97.02
16/05/2017,98.15
15/05/2017,98.8
12/05/2017,97.77
11/05/2017,98.28
10/05/2017,98.27
09/05/2017,97.65
08/05/2017,98.21
05/05/2017,99.54
04/05/2017,97.59
03/05/2017,101.41
02/05/2017,101.94
01/05/2017,100.63
28/04/2017,100.32
27/04/2017,100.4
26/04/2017,99.62
25/04/2017,99.45
24/04/2017,98.66
21/04/2017,98.03
20/04/2017,98.73
19/04/2017,98.15
18/04/2017,97.7
17/04/2017,97.99
13/04/2017,96.26
12/04/2017,97.31
11/04/2017,97.5
10/04/2017,97.25
07/04/2017,97.93
06/04/2017,97.79
05/04/2017,97.85
04/04/2017,96.59
03/04/2017,96.76
31/03/2017,97.19
30/03/2017,96.71
29/03/2017,96.4
28/03/2017,96.61
27/03/2017,96.62
24/03/2017,97.44
23/03/2017,97.12
22/03/2017,96.11
21/03/2017,95.55
20/03/2017,97.42
17/03/2017,97.33
16/03/2017,97.67
15/03/2017,99.31
14/03/2017,96.33
13/03/2017,95.3
10/03/2017,94.87
09/03/2017,94.44
08/03/2017,94.46
07/03/2017,95.45
06/03/2017,94.75
03/03/2017,95.44
02/03/2017,94.95
01/03/2017,95.88
28/02/2017,94.59
27/02/2017,95.53
24/02/2017,95.54
23/02/2017,94.99
22/02/2017,94.95
21/02/2017,94.52
17/02/2017,94.27
16/02/2017,94.2
15/02/2017,94.58
14/02/2017,93.95
13/02/2017,92.79
10/02/2017,91.22
09/02/2017,90.33
08/02/2017,92.61
07/02/2017,92.65
06/02/2017,93.07
03/02/2017,91.65
02/02/2017,88.91
01/02/2017,83.75
31/01/2017,82.75
30/01/2017,83.61
27/01/2017,82.76
26/01/2017,83.51
25/01/2017,82.72
24/01/2017,82.21
23/01/2017,82.13
20/01/2017,81.75
19/01/2017,81.16
18/01/2017,82.29
17/01/2017,81.1
13/01/2017,82.4
12/01/2017,81.25
11/01/2017,81.52
10/01/2017,81.52
09/01/2017,82.68
06/01/2017,83.4
05/01/2017,81.64
04/01/2017,80.71
03/01/2017,78.71
30/12/2016,78.78
29/12/2016,78.57
28/12/2016,78.36
27/12/2016,78.85
23/12/2016,78.59
22/12/2016,78.49
21/12/2016,79.66
20/12/2016,80.74
19/12/2016,80.25
16/12/2016,79.9
15/12/2016,80.54
14/12/2016,79.85
13/12/2016,81.04
12/12/2016,80.48
09/12/2016,81.46
08/12/2016,80.7
07/12/2016,80.76
06/12/2016,79.49
05/12/2016,80.75
02/12/2016,79.33
01/12/2016,77.14
30/11/2016,78.8
29/11/2016,80.63
28/11/2016,80.28
25/11/2016,80.78
23/11/2016,80.19
22/11/2016,80.01
21/11/2016,80.41
18/11/2016,79.69
17/11/2016,79.5
16/11/2016,77.93
15/11/2016,77.51
14/11/2016,77.56
11/11/2016,80.0
10/11/2016,81.17
09/11/2016,81.79
08/11/2016,81.08
07/11/2016,80.86
04/11/2016,79.37
03/11/2016,79.08
02/11/2016,78.82
01/11/2016,79.18
31/10/2016,80.19
28/10/2016,78.95
27/10/2016,79.6
26/10/2016,82.93
25/10/2016,83.19
24/10/2016,83.22
21/10/2016,82.9
20/10/2016,82.43
19/10/2016,82.93
18/10/2016,83.0
17/10/2016,82.92
14/10/2016,82.91
13/10/2016,81.96
12/10/2016,81.92
11/10/2016,80.1
10/10/2016,82.97
07/10/2016,82.66
06/10/2016,83.12
05/10/2016,83.21
04/10/2016,83.02
03/10/2016,83.51
30/09/2016,83.94
29/09/2016,83.52
28/09/2016,84.9
27/09/2016,85.31
26/09/2016,85.48
23/09/2016,86.4
22/09/2016,86.77
21/09/2016,86.74
20/09/2016,85.66
19/09/2016,85.24
16/09/2016,85.36
15/09/2016,85.86
14/09/2016,84.7
13/09/2016,84.87
12/09/2016,85.96
09/09/2016,84.73
08/09/2016,87.25
07/09/2016,89.06
06/09/2016,88.6
02/09/2016,89.55
01/09/2016,89.27
31/08/2016,90.12
30/08/2016,89.97
29/08/2016,89.78
26/08/2016,88.91
25/08/2016,88.66
24/08/2016,88.11
23/08/2016,87.65
22/08/2016,87.38
19/08/2016,87.32
18/08/2016,87.17
17/08/2016,87.0
16/08/2016,86.65
15/08/2016,87.5
12/08/2016,86.29
11/08/2016,86.13
10/08/2016,86.09
09/08/2016,86.22
08/08/2016,86.11
05/08/2016,86.82
04/08/2016,85.38
03/08/2016,84.98
02/08/2016,84.76
01/08/2016,86.0
29/07/2016,86.04
28/07/2016,84.85
27/07/2016,83.5
26/07/2016,83.56
25/07/2016,82.97
22/07/2016,82.93
21/07/2016,82.47
20/07/2016,82.56
19/07/2016,81.97
18/07/2016,81.17
15/07/2016,81.49
14/07/2016,81.71
13/07/2016,81.5
12/07/2016,81.02
11/07/2016,79.38
08/07/2016,79.45
07/07/2016,78.45
06/07/2016,77.62
05/07/2016,76.78
01/07/2016,76.93
30/06/2016,77.12
29/06/2016,74.91
28/06/2016,73.81
27/06/2016,71.86
24/06/2016,73.73
23/06/2016,76.66
22/06/2016,74.83
21/06/2016,74.87
20/06/2016,74.55
17/06/2016,73.67
16/06/2016,74.25
15/06/2016,74.3
14/06/2016,74.52
13/06/2016,75.81
10/06/2016,76.72
09/06/2016,78.07
08/06/2016,78.05
07/06/2016,77.88
06/06/2016,77.36
03/06/2016,77.11
02/06/2016,78.65
01/06/2016,78.71
31/05/2016,79.79
27/05/2016,79.32
26/05/2016,78.45
25/05/2016,78.58
24/05/2016,78.94
23/05/2016,76.31
20/05/2016,75.99
19/05/2016,75.29
18/05/2016,74.98
17/05/2016,74.51
16/05/2016,74.99
13/05/2016,75.11
12/05/2016,75.69
11/05/2016,76.59
10/05/2016,77.37
09/05/2016,76.41
06/05/2016,75.38
05/05/2016,74.8
04/05/2016,74.75
03/05/2016,74.89
02/05/2016,76.0
29/04/2016,75.94
28/04/2016,75.29
27/04/2016,76.36
26/04/2016,75.97
25/04/2016,75.34
22/04/2016,75.39
21/04/2016,75.16
20/04/2016,75.56
19/04/2016,75.93
18/04/2016,75.6
15/04/2016,74.64
14/04/2016,74.35
13/04/2016,74.07
12/04/2016,73.76
11/04/2016,73.14
08/04/2016,73.44
07/04/2016,73.72
06/04/2016,74.91
05/04/2016,73.79
04/04/2016,74.2
01/04/2016,74.61
31/03/2016,74.08
30/03/2016,73.15
29/03/2016,72.67
28/03/2016,71.37
24/03/2016,70.74
23/03/2016,71.6
22/03/2016,71.63
21/03/2016,71.38
18/03/2016,71.27
17/03/2016,70.23
16/03/2016,69.77
15/03/2016,69.31
14/03/2016,69.71
11/03/2016,69.62
10/03/2016,68.95
09/03/2016,69.46
08/03/2016,68.7
07/03/2016,69.96
04/03/2016,69.5
03/03/2016,70.09
02/03/2016,70.85
01/03/2016,71.51
29/02/2016,70.52
26/02/2016,72.46
25/02/2016,72.56
24/02/2016,71.45
23/02/2016,72.75
22/02/2016,72.83
19/02/2016,71.55
18/02/2016,70.64
17/02/2016,70.06
16/02/2016,68.58
12/02/2016,67.26
11/02/2016,65.26
10/02/2016,66.02
09/02/2016,65.08
08/02/2016,63.16
05/02/2016,65.29
04/02/2016,66.89
03/02/2016,66.32
02/02/2016,66.79
01/02/2016,67.74
29/01/2016,68.84
28/01/2016,66.55
27/01/2016,66.21
26/01/2016,66.08
25/01/2016,66.31
22/01/2016,66.99
21/01/2016,65.58
20/01/2016,65.44
19/01/2016,66.59
15/01/2016,67.45
14/01/2016,68.0
13/01/2016,67.76
12/01/2016,69.2
11/01/2016,68.13
08/01/2016,68.5
07/01/2016,69.49
06/01/2016,70.59
05/01/2016,71.14
04/01/2016,70.61
31/12/2015,72.13
30/12/2015,72.59
29/12/2015,72.85
28/12/2015,72.38
24/12/2015,72.35
23/12/2015,72.18
22/12/2015,71.54
21/12/2015,71.97
18/12/2015,71.52
17/12/2015,70.89
16/12/2015,71.48
15/12/2015,70.33
14/12/2015,69.62
11/12/2015,68.8
10/12/2015,69.95
09/12/2015,69.42
08/12/2015,70.48
07/12/2015,70.67
04/12/2015,71.87
03/12/2015,69.64
02/12/2015,70.39
01/12/2015,70.56
30/11/2015,70.12
27/11/2015,70.61
25/11/2015,69.96
24/11/2015,70.08
23/11/2015,69.52
20/11/2015,69.34
19/11/2015,69.42
18/11/2015,69.4
17/11/2015,69.19
16/11/2015,68.03
13/11/2015,66.21
12/11/2015,66.77
11/11/2015,67.29
10/11/2015,67.25
09/11/2015,66.49
06/11/2015,67.79
05/11/2015,68.62
04/11/2015,69.46
03/11/2015,70.21
02/11/2015,71.05
30/10/2015,67.0
29/10/2015,65.52
28/10/2015,63.05
27/10/2015,61.52
26/10/2015,62.77
23/10/2015,61.8
22/10/2015,61.08
21/10/2015,60.46
20/10/2015,60.9
19/10/2015,60.79
16/10/2015,60.18
15/10/2015,59.85
14/10/2015,59.19
13/10/2015,60.15
12/10/2015,60.49
09/10/2015,60.0
08/10/2015,59.93
07/10/2015,59.32
06/10/2015,58.61
05/10/2015,59.23
02/10/2015,58.57
01/10/2015,57.95
30/09/2015,59.46
29/09/2015,58.24
28/09/2015,58.94
25/09/2015,61.32
24/09/2015,60.47
23/09/2015,61.41
22/09/2015,60.97
21/09/2015,61.82
18/09/2015,60.12
17/09/2015,60.71
16/09/2015,60.65
15/09/2015,60.73
14/09/2015,59.85
11/09/2015,61.02
10/09/2015,60.86
09/09/2015,60.09
08/09/2015,60.92
04/09/2015,58.66
03/09/2015,59.67
02/09/2015,59.89
01/09/2015,58.56
31/08/2015,60.52
28/08/2015,62.16
27/08/2015,61.65
26/08/2015,60.14
25/08/2015,57.78
24/08/2015,58.18
21/08/2015,61.35
20/08/2015,62.74
19/08/2015,64.28
18/08/2015,64.42
17/08/2015,64.45
14/08/2015,64.08
13/08/2015,63.4
12/08/2015,63.95
11/08/2015,65.55
10/08/2015,66.79
07/08/2015,66.22
06/08/2015,66.51
05/08/2015,67.6
04/08/2015,66.96
03/08/2015,67.54
31/07/2015,68.16
30/07/2015,67.97
29/07/2015,66.91
28/07/2015,66.0
27/07/2015,65.73
24/07/2015,66.89
23/07/2015,66.55
22/07/2015,66.49
21/07/2015,66.3
20/07/2015,66.36
17/07/2015,66.02
16/07/2015,66.24
15/07/2015,64.81
14/07/2015,64.51
13/07/2015,64.14
10/07/2015,63.79
09/07/2015,62.23
08/07/2015,61.69
07/07/2015,62.91
06/07/2015,62.11
02/07/2015,62.02
01/07/2015,62.21
30/06/2015,61.55
29/06/2015,61.79
26/06/2015,63.75
25/06/2015,63.32
24/06/2015,63.1
23/06/2015,63.23
22/06/2015,62.0
19/06/2015,61.87
18/06/2015,61.96
17/06/2015,61.78
16/06/2015,61.7
15/06/2015,61.22
12/06/2015,61.89
11/06/2015,62.0
10/06/2015,61.72
09/06/2015,61.43
08/06/2015,61.38
05/06/2015,61.8
04/06/2015,62.0
03/06/2015,62.48
02/06/2015,62.18
01/06/2015,62.15
29/05/2015,62.05
28/05/2015,62.65
27/05/2015,62.69
26/05/2015,63.2
22/05/2015,63.42
21/05/2015,63.01
20/05/2015,63.13
19/05/2015,63.6
18/05/2015,63.54
15/05/2015,62.48
14/05/2015,62.56
13/05/2015,61.83
12/05/2015,61.36
11/05/2015,61.83
08/05/2015,62.1
07/05/2015,61.6
06/05/2015,61.46
05/05/2015,62.04
04/05/2015,62.42
01/05/2015,62.35
30/04/2015,61.19
29/04/2015,62.6
28/04/2015,62.93
27/04/2015,62.96
24/04/2015,62.74
23/04/2015,62.25
22/04/2015,61.6
21/04/2015,60.87
20/04/2015,60.94
17/04/2015,60.89
16/04/2015,61.2
15/04/2015,61.0
14/04/2015,61.07
13/04/2015,60.32
10/04/2015,60.6
09/04/2015,60.75
08/04/2015,61.83
07/04/2015,61.28
06/04/2015,62.12
02/04/2015,61.51
01/04/2015,61.04
31/03/2015,61.31
30/03/2015,60.92
27/03/2015,59.58
26/03/2015,59.82
25/03/2015,59.32
24/03/2015,59.78
23/03/2015,60.18
20/03/2015,59.69
19/03/2015,58.62
18/03/2015,58.7
17/03/2015,58.41
16/03/2015,57.9
13/03/2015,56.74
12/03/2015,57.18
11/03/2015,55.83
10/03/2015,54.72
09/03/2015,55.66
06/03/2015,55.45
05/03/2015,55.4
04/03/2015,56.78
03/03/2015,57.32
02/03/2015,57.57
27/02/2015,56.11
26/02/2015,56.79
25/02/2015,57.23
24/02/2015,57.65
23/02/2015,57.61
20/02/2015,58.03
19/02/2015,57.8
18/02/2015,57.32
17/02/2015,57.35
13/02/2015,57.2
12/02/2015,57.2
11/02/2015,56.58
10/02/2015,56.98
09/02/2015,56.91
06/02/2015,56.03
05/02/2015,55.5
04/02/2015,55.13
03/02/2015,54.83
02/02/2015,54.36
30/01/2015,53.82
29/01/2015,54.5
28/01/2015,53.89
27/01/2015,54.28
26/01/2015,54.55
23/01/2015,54.22
22/01/2015,54.37
21/01/2015,53.57
20/01/2015,53.7
16/01/2015,54.06
15/01/2015,52.9
14/01/2015,53.7
13/01/2015,54.05
12/01/2015,51.94
09/01/2015,51.97
08/01/2015,51.22
07/01/2015,49.72
06/01/2015,48.61
05/01/2015,47.24
02/01/2015,47.69
31/12/2014,47.44
30/12/2014,48.16
29/12/2014,48.1
26/12/2014,48.35
24/12/2014,48.42
23/12/2014,48.16
22/12/2014,48.14
19/12/2014,47.89
18/12/2014,47.57
17/12/2014,46.93
16/12/2014,46.08
15/12/2014,46.11
12/12/2014,46.15
11/12/2014,47.17
10/12/2014,46.91
09/12/2014,47.95
08/12/2014,48.08
05/12/2014,47.7
04/12/2014,47.92
03/12/2014,47.94
02/12/2014,47.91
01/12/2014,47.67
28/11/2014,48.36
26/11/2014,48.54
25/11/2014,48.5
24/11/2014,48.92
21/11/2014,48.5
20/11/2014,48.01
19/11/2014,48.4
18/11/2014,47.01
17/11/2014,47.21
14/11/2014,47.9
13/11/2014,47.74
12/11/2014,48.03
11/11/2014,48.21
10/11/2014,48.08
07/11/2014,47.46
06/11/2014,47.54
05/11/2014,47.13
04/11/2014,46.89
03/11/2014,46.5
31/10/2014,46.66
30/10/2014,46.63
29/10/2014,46.88
28/10/2014,46.77
27/10/2014,46.45
24/10/2014,46.0
23/10/2014,45.63
22/10/2014,45.08
21/10/2014,44.79
20/10/2014,43.66
17/10/2014,43.41
16/10/2014,42.25
15/10/2014,42.2
14/10/2014,42.56
13/10/2014,42.76
10/10/2014,43.53
09/10/2014,44.6
08/10/2014,45.65
07/10/2014,45.64
06/10/2014,46.99
03/10/2014,47.52
02/10/2014,47.6
01/10/2014,46.56
30/09/2014,47.02
29/09/2014,46.99
26/09/2014,46.97
25/09/2014,46.77
24/09/2014,47.33
23/09/2014,46.99
22/09/2014,47.63
19/09/2014,48.39
18/09/2014,48.98
17/09/2014,46.29
16/09/2014,46.54
15/09/2014,46.4
12/09/2014,46.7
11/09/2014,46.79
10/09/2014,46.65
09/09/2014,46.2
08/09/2014,46.29
05/09/2014,46.35
04/09/2014,46.43
03/09/2014,46.43
02/09/2014,46.58
29/08/2014,46.14
28/08/2014,45.87
27/08/2014,46.14
26/08/2014,46.74
25/08/2014,46.28
22/08/2014,46.21
21/08/2014,46.18
20/08/2014,45.86
19/08/2014,45.63
18/08/2014,45.68
15/08/2014,45.17
14/08/2014,45.12
13/08/2014,44.92
12/08/2014,44.6
11/08/2014,44.57
08/08/2014,44.0
07/08/2014,43.9
06/08/2014,44.15
05/08/2014,43.99
04/08/2014,44.55
01/08/2014,44.36
31/07/2014,45.25
30/07/2014,46.56
29/07/2014,46.4
28/07/2014,46.73
25/07/2014,46.8
24/07/2014,47.11
23/07/2014,46.82
22/07/2014,46.94
21/07/2014,46.69
18/07/2014,46.93
17/07/2014,46.27
16/07/2014,46.64
15/07/2014,46.39
14/07/2014,46.37
11/07/2014,46.09
10/07/2014,45.93
09/07/2014,46.32
08/07/2014,46.47
07/07/2014,47.08
03/07/2014,47.34
02/07/2014,46.52
01/07/2014,46.55
30/06/2014,45.85
27/06/2014,45.2
26/06/2014,44.46
25/06/2014,44.59
24/06/2014,44.44
23/06/2014,44.86
20/06/2014,44.58
19/06/2014,44.92
18/06/2014,45.11
17/06/2014,45.47
16/06/2014,44.77
13/06/2014,44.84
12/06/2014,44.76
11/06/2014,44.9
10/06/2014,44.7
09/06/2014,44.82
06/06/2014,44.41
05/06/2014,43.9
04/06/2014,43.45
03/06/2014,43.35
02/06/2014,43.34
30/05/2014,43.16
29/05/2014,43.48
28/05/2014,43.32
27/05/2014,43.41
23/05/2014,42.95
22/05/2014,42.56
21/05/2014,42.06
20/05/2014,41.38
19/05/2014,42.56
16/05/2014,42.28
15/05/2014,42.13
14/05/2014,42.17
13/05/2014,42.7
12/05/2014,43.34
09/05/2014,41.54
08/05/2014,41.42
07/05/2014,42.14
06/05/2014,41.26
05/05/2014,41.19
02/05/2014,41.24
01/05/2014,40.99
30/04/2014,40.54
29/04/2014,41.71
28/04/2014,41.79
25/04/2014,41.69
24/04/2014,42.28
23/04/2014,42.28
22/04/2014,42.56
21/04/2014,42.39
17/04/2014,42.17
16/04/2014,42.12
15/04/2014,41.28
14/04/2014,41.55
11/04/2014,41.72
10/04/2014,42.07
09/04/2014,43.1
08/04/2014,42.64
07/04/2014,42.28
04/04/2014,43.07
03/04/2014,43.76
02/04/2014,43.8
01/04/2014,43.81
31/03/2014,43.02
28/03/2014,42.11
27/03/2014,41.87
26/03/2014,41.77
25/03/2014,42.72
24/03/2014,44.44
21/03/2014,45.32
20/03/2014,45.48
19/03/2014,45.26
18/03/2014,45.63
17/03/2014,45.62
14/03/2014,45.21
13/03/2014,45.27
12/03/2014,46.27
11/03/2014,45.99
10/03/2014,45.74
07/03/2014,45.75
06/03/2014,45.74
05/03/2014,45.14
04/03/2014,45.6
03/03/2014,44.18
28/02/2014,43.71
27/02/2014,43.72
26/02/2014,43.83
25/02/2014,43.85
24/02/2014,44.21
21/02/2014,44.53
20/02/2014,44.98
19/02/2014,43.49
18/02/2014,43.87
14/02/2014,42.74
13/02/2014,42.45
12/02/2014,42.26
11/02/2014,41.46
10/02/2014,40.68
07/02/2014,40.28
06/02/2014,40.74
05/02/2014,41.51
04/02/2014,41.72
03/02/2014,41.01
31/01/2014,42.72
30/01/2014,42.58
29/01/2014,41.5
28/01/2014,42.34
27/01/2014,42.22
24/01/2014,42.97
23/01/2014,44.9
22/01/2014,44.95
21/01/2014,44.61
17/01/2014,44.22
16/01/2014,44.0
15/01/2014,43.43
14/01/2014,43.66
13/01/2014,43.12
10/01/2014,43.78
09/01/2014,43.62
08/01/2014,43.47
07/01/2014,43.54
06/01/2014,43.1
03/01/2014,43.17
02/01/2014,43.15
31/12/2013,43.72
30/12/2013,43.64
27/12/2013,43.47
26/12/2013,43.39
24/12/2013,43.34
23/12/2013,43.0
20/12/2013,42.6
19/12/2013,42.05
18/12/2013,42.99
17/12/2013,42.67
16/12/2013,43.19
13/12/2013,43.46
12/12/2013,43.47
11/12/2013,42.84
10/12/2013,43.6
09/12/2013,44.15
06/12/2013,44.21
05/12/2013,43.87
04/12/2013,43.91
03/12/2013,44.19
02/12/2013,44.71
29/11/2013,44.39
27/11/2013,44.5
26/11/2013,44.57
25/11/2013,44.45
22/11/2013,44.08
21/11/2013,43.86
20/11/2013,43.1
19/11/2013,43.04
18/11/2013,43.02
15/11/2013,43.48
14/11/2013,43.02
13/11/2013,42.38
12/11/2013,41.91
11/11/2013,41.78
08/11/2013,41.62
07/11/2013,40.63
06/11/2013,41.42
05/11/2013,41.38
04/11/2013,41.42
01/11/2013,40.97
31/10/2013,40.77
30/10/2013,41.21
29/10/2013,41.9
28/10/2013,41.34
25/10/2013,41.37
24/10/2013,41.32
23/10/2013,40.93
22/10/2013,40.6
21/10/2013,40.51
18/10/2013,40.35
17/10/2013,40.0
16/10/2013,39.6
15/10/2013,39.54
14/10/2013,39.72
11/10/2013,39.69
10/10/2013,39.19
09/10/2013,38.31
08/10/2013,38.91
07/10/2013,39.63
04/10/2013,40.26
03/10/2013,39.91
02/10/2013,40.07
01/10/2013,40.53
30/09/2013,40.26
27/09/2013,40.23
26/09/2013,40.67
25/09/2013,40.33
24/09/2013,40.25
23/09/2013,40.24
20/09/2013,40.32
19/09/2013,40.78
18/09/2013,41.01
17/09/2013,40.64
16/09/2013,40.05
13/09/2013,39.66
12/09/2013,39.65
11/09/2013,39.67
10/09/2013,39.64
09/09/2013,39.46
06/09/2013,38.76
05/09/2013,38.43
04/09/2013,38.17
03/09/2013,37.48
30/08/2013,37.51
29/08/2013,38.16
28/08/2013,38.08
27/08/2013,37.57
26/08/2013,38.6
23/08/2013,38.47
22/08/2013,38.5
21/08/2013,38.08
20/08/2013,38.25
19/08/2013,38.0
16/08/2013,37.44
15/08/2013,37.55
14/08/2013,37.93
13/08/2013,37.92
12/08/2013,37.89
09/08/2013,37.99
08/08/2013,37.83
07/08/2013,37.41
06/08/2013,37.62
05/08/2013,37.78
02/08/2013,37.45
01/08/2013,36.52
31/07/2013,35.05
30/07/2013,34.92
29/07/2013,34.86
26/07/2013,35.13
25/07/2013,35.39
24/07/2013,35.08
23/07/2013,35.25
22/07/2013,35.37
19/07/2013,34.93
18/07/2013,34.7
17/07/2013,34.49
16/07/2013,34.43
15/07/2013,34.67
12/07/2013,34.56
11/07/2013,34.4
10/07/2013,33.72
09/07/2013,34.25
08/07/2013,34.54
05/07/2013,34.45
03/07/2013,34.15
02/07/2013,33.9
01/07/2013,34.12
28/06/2013,33.27
27/06/2013,32.8
26/06/2013,32.69
25/06/2013,32.97
24/06/2013,32.8
21/06/2013,33.07
20/06/2013,33.45
19/06/2013,33.98
18/06/2013,34.59
17/06/2013,34.5
14/06/2013,34.16
13/06/2013,34.34
12/06/2013,34.05
11/06/2013,34.58
10/06/2013,34.9
07/06/2013,34.7
06/06/2013,34.8
05/06/2013,34.28
04/06/2013,34.98
03/06/2013,35.17
31/05/2013,35.24
30/05/2013,35.73
29/05/2013,35.22
28/05/2013,35.04
24/05/2013,34.47
23/05/2013,34.49
22/05/2013,34.24
21/05/2013,34.72
20/05/2013,34.53
17/05/2013,34.66
16/05/2013,34.57
15/05/2013,34.26
14/05/2013,34.45
13/05/2013,33.94
10/05/2013,33.95
09/05/2013,33.86
08/05/2013,34.14
07/05/2013,33.56
06/05/2013,33.33
03/05/2013,33.32
02/05/2013,33.65
01/05/2013,33.26
30/04/2013,34.1
29/04/2013,33.45
26/04/2013,33.22
25/04/2013,33.31
24/04/2013,33.23
23/04/2013,33.28
22/04/2013,32.9
19/04/2013,32.82
18/04/2013,32.41
17/04/2013,32.58
16/04/2013,32.9
15/04/2013,32.35
12/04/2013,33.52
11/04/2013,33.57
10/04/2013,33.22
09/04/2013,32.51
08/04/2013,32.67
05/04/2013,32.34
04/04/2013,32.66
03/04/2013,32.43
02/04/2013,33.13
01/04/2013,33.35
28/03/2013,33.93
27/03/2013,34.04
26/03/2013,33.78
25/03/2013,33.6
22/03/2013,33.77
21/03/2013,33.6
20/03/2013,34.0
19/03/2013,33.83
18/03/2013,33.83
15/03/2013,33.71
14/03/2013,33.67
13/03/2013,33.3
12/03/2013,33.31
11/03/2013,33.74
08/03/2013,33.54
07/03/2013,33.32
06/03/2013,33.42
05/03/2013,33.23
04/03/2013,32.89
01/03/2013,33.01
28/02/2013,33.13
27/02/2013,33.42
26/02/2013,32.76
25/02/2013,32.74
22/02/2013,33.15
21/02/2013,32.99
20/02/2013,33.2
19/02/2013,33.58
15/02/2013,33.41
14/02/2013,33.75
13/02/2013,33.76
12/02/2013,34.03
11/02/2013,33.68
08/02/2013,33.99
07/02/2013,33.48
06/02/2013,34.67
05/02/2013,33.88
04/02/2013,33.23
01/02/2013,33.8
31/01/2013,33.74
30/01/2013,33.79
29/01/2013,34.1
28/01/2013,34.02
25/01/2013,33.66
24/01/2013,33.35
23/01/2013,33.06
22/01/2013,32.9
18/01/2013,32.09
17/01/2013,31.79
16/01/2013,31.97
15/01/2013,32.36
14/01/2013,31.93
11/01/2013,31.97
10/01/2013,32.14
09/01/2013,31.93
08/01/2013,31.79
07/01/2013,31.87
04/01/2013,31.85
03/01/2013,31.97
02/01/2013,32.13
31/12/2012,30.99
28/12/2012,30.82
27/12/2012,30.67
26/12/2012,30.58
24/12/2012,31.15
21/12/2012,31.08
20/12/2012,31.41
19/12/2012,31.06
18/12/2012,30.99
17/12/2012,30.88
14/12/2012,30.16
13/12/2012,29.2
12/12/2012,29.38
11/12/2012,29.49
10/12/2012,29.38
07/12/2012,29.78
06/12/2012,30.17
05/12/2012,29.51
04/12/2012,29.18
03/12/2012,29.09
30/11/2012,29.0
29/11/2012,28.42
28/11/2012,27.31
27/11/2012,26.81
26/11/2012,27.11
23/11/2012,26.75
21/11/2012,26.29
20/11/2012,26.15
19/11/2012,26.24
16/11/2012,25.82
15/11/2012,25.96
14/11/2012,25.99
13/11/2012,25.99
12/11/2012,26.0
09/11/2012,26.21
08/11/2012,26.2
07/11/2012,26.11
06/11/2012,26.1
05/11/2012,27.25
02/11/2012,26.88
01/11/2012,27.75
31/10/2012,26.94
26/10/2012,27.54
25/10/2012,27.05
24/10/2012,27.02
23/10/2012,27.15
22/10/2012,27.11
19/10/2012,27.02
18/10/2012,27.37
17/10/2012,27.44
16/10/2012,27.2
15/10/2012,25.59
12/10/2012,25.93
11/10/2012,26.41
10/10/2012,26.54
09/10/2012,26.33
08/10/2012,26.4
05/10/2012,26.86
04/10/2012,27.34
03/10/2012,28.27
02/10/2012,26.21
01/10/2012,35.82
28/09/2012,35.79
27/09/2012,36.19
26/09/2012,35.39
25/09/2012,35.09
24/09/2012,35.66
21/09/2012,36.04
20/09/2012,35.98
19/09/2012,36.0
18/09/2012,36.16
17/09/2012,36.36
14/09/2012,36.73
13/09/2012,36.44
12/09/2012,36.25
11/09/2012,35.66
10/09/2012,36.22
07/09/2012,36.69
06/09/2012,36.66
05/09/2012,35.82
04/09/2012,35.6
31/08/2012,35.08
30/08/2012,34.9
29/08/2012,35.31
28/08/2012,35.04
27/08/2012,35.16
24/08/2012,35.43
23/08/2012,35.09
22/08/2012,35.59
21/08/2012,35.56
20/08/2012,35.29
17/08/2012,35.86
16/08/2012,36.27
15/08/2012,36.01
14/08/2012,35.55
13/08/2012,35.33
10/08/2012,35.3
09/08/2012,35.05
08/08/2012,35.08
07/08/2012,34.83
06/08/2012,33.41
03/08/2012,33.29
02/08/2012,32.23
01/08/2012,33.3
31/07/2012,33.15
30/07/2012,33.24
27/07/2012,33.47
26/07/2012,32.85
25/07/2012,32.65
24/07/2012,32.61
23/07/2012,33.31
20/07/2012,33.79
19/07/2012,34.35
18/07/2012,34.12
17/07/2012,33.82
16/07/2012,33.5
13/07/2012,33.99
12/07/2012,33.07
11/07/2012,33.08
10/07/2012,33.47
09/07/2012,33.77
06/07/2012,34.27
05/07/2012,34.07
03/07/2012,34.2
02/07/2012,34.28
29/06/2012,34.02
28/06/2012,32.69
27/06/2012,32.19
26/06/2012,31.79
25/06/2012,31.6
22/06/2012,32.65
21/06/2012,32.0
20/06/2012,32.84
19/06/2012,32.43
18/06/2012,31.92
15/06/2012,32.15
14/06/2012,31.96
13/06/2012,31.67
12/06/2012,32.21
11/06/2012,32.56
08/06/2012,33.23
07/06/2012,33.52
06/06/2012,33.56
05/06/2012,33.2
04/06/2012,33.13
01/06/2012,33.38
31/05/2012,33.81
30/05/2012,34.2
29/05/2012,34.65
25/05/2012,34.1
24/05/2012,33.69
23/05/2012,33.81
22/05/2012,34.07
21/05/2012,33.35
18/05/2012,32.8
17/05/2012,32.38
16/05/2012,32.9
15/05/2012,32.84
14/05/2012,32.97
11/05/2012,33.88
10/05/2012,33.92
09/05/2012,34.18
08/05/2012,34.36
07/05/2012,34.34
04/05/2012,35.02
03/05/2012,36.22
02/05/2012,35.2
01/05/2012,36.72
30/04/2012,36.59
27/04/2012,36.83
26/04/2012,36.81
25/04/2012,36.09
24/04/2012,35.59
23/04/2012,35.14
20/04/2012,35.42
19/04/2012,35.5
18/04/2012,35.71
17/04/2012,36.29
16/04/2012,35.78
13/04/2012,35.71
12/04/2012,36.42
11/04/2012,35.69
10/04/2012,35.65
09/04/2012,36.76
05/04/2012,37.12
04/04/2012,37.02
03/04/2012,37.74
02/04/2012,37.3
30/03/2012,36.81
29/03/2012,37.13
28/03/2012,37.06
27/03/2012,37.37
26/03/2012,37.66
23/03/2012,37.2
22/03/2012,37.01
21/03/2012,37.61
20/03/2012,37.78
19/03/2012,37.71
16/03/2012,37.77
15/03/2012,37.81
14/03/2012,37.39
13/03/2012,37.69
12/03/2012,36.52
09/03/2012,36.6
08/03/2012,36.25
07/03/2012,34.8
06/03/2012,34.33
05/03/2012,35.08
02/03/2012,35.08
01/03/2012,35.53
29/02/2012,35.38
28/02/2012,35.21
27/02/2012,35.31
24/02/2012,34.43
23/02/2012,34.02
22/02/2012,34.61
21/02/2012,34.54
17/02/2012,34.1
16/02/2012,34.64
15/02/2012,34.16
14/02/2012,34.87
13/02/2012,34.74
10/02/2012,34.84
09/02/2012,35.33
08/02/2012,34.86
07/02/2012,34.73
06/02/2012,34.43
03/02/2012,34.19
02/02/2012,33.02
01/02/2012,33.56
31/01/2012,32.58
30/01/2012,32.61
27/01/2012,32.86
26/01/2012,32.65
25/01/2012,32.43
24/01/2012,31.89
23/01/2012,32.39
20/01/2012,32.48
19/01/2012,32.55
18/01/2012,32.18
17/01/2012,32.38
13/01/2012,32.69
12/01/2012,33.44
11/01/2012,33.48
10/01/2012,33.52
09/01/2012,32.97
06/01/2012,33.1
05/01/2012,32.72
04/01/2012,32.35
03/01/2012,32.81
30/12/2011,32.93
29/12/2011,32.77
28/12/2011,32.37
27/12/2011,33.41
23/12/2011,33.41
22/12/2011,32.8
21/12/2011,32.86
20/12/2011,33.06
19/12/2011,32.13
16/12/2011,32.51
15/12/2011,32.29
14/12/2011,31.83
13/12/2011,32.59
12/12/2011,33.14
09/12/2011,33.27
08/12/2011,32.26
07/12/2011,33.39
06/12/2011,34.0
05/12/2011,33.97
02/12/2011,33.9
01/12/2011,33.8
30/11/2011,33.75
29/11/2011,32.18
28/11/2011,32.44
25/11/2011,31.22
23/11/2011,31.4
22/11/2011,31.98
21/11/2011,32.0
18/11/2011,32.6
17/11/2011,32.8
16/11/2011,33.0
15/11/2011,34.06
14/11/2011,33.74
11/11/2011,34.42
10/11/2011,33.76
09/11/2011,33.59
08/11/2011,34.97
07/11/2011,34.53
04/11/2011,34.05
03/11/2011,34.1
02/11/2011,32.94
01/11/2011,31.47
31/10/2011,33.39
28/10/2011,34.06
27/10/2011,34.38
26/10/2011,32.66
25/10/2011,32.31
24/10/2011,33.35
21/10/2011,32.59
20/10/2011,31.98
19/10/2011,31.81
18/10/2011,32.31
17/10/2011,31.48
14/10/2011,32.84
13/10/2011,32.46
12/10/2011,32.27
11/10/2011,30.91
10/10/2011,30.63
07/10/2011,30.0
06/10/2011,30.42
05/10/2011,29.81
04/10/2011,28.85
03/10/2011,27.94
30/09/2011,30.33
29/09/2011,31.89
28/09/2011,31.34
27/09/2011,32.2
26/09/2011,31.61
23/09/2011,29.67
22/09/2011,29.19
21/09/2011,29.67
20/09/2011,30.94
19/09/2011,31.33
16/09/2011,32.61
15/09/2011,32.56
14/09/2011,33.14
13/09/2011,32.4
12/09/2011,32.18
09/09/2011,31.69
08/09/2011,32.44
07/09/2011,33.41
06/09/2011,31.67
02/09/2011,32.49
01/09/2011,33.84
31/08/2011,34.57
30/08/2011,34.46
29/08/2011,35.24
26/08/2011,33.58
25/08/2011,32.66
24/08/2011,32.85
23/08/2011,33.14
22/08/2011,31.43
19/08/2011,31.33
18/08/2011,32.23
17/08/2011,34.05
16/08/2011,34.63
15/08/2011,35.13
12/08/2011,33.63
11/08/2011,33.69
10/08/2011,32.31
09/08/2011,33.69
08/08/2011,30.36
05/08/2011,32.97
04/08/2011,33.96
03/08/2011,34.92
02/08/2011,34.41
01/08/2011,35.79
29/07/2011,35.49
28/07/2011,35.9
27/07/2011,35.45
26/07/2011,37.12
25/07/2011,37.73
22/07/2011,37.93
21/07/2011,38.18
20/07/2011,37.5
19/07/2011,37.4
18/07/2011,36.5
15/07/2011,37.17
14/07/2011,37.15
13/07/2011,37.89
12/07/2011,37.75
11/07/2011,37.71
08/07/2011,38.89
07/07/2011,38.75
06/07/2011,38.6
05/07/2011,38.01
01/07/2011,37.91
30/06/2011,37.68
29/06/2011,37.9
28/06/2011,37.92
27/06/2011,37.58
24/06/2011,36.88
23/06/2011,37.34
22/06/2011,37.81
21/06/2011,38.19
20/06/2011,37.46
17/06/2011,37.3
16/06/2011,37.92
15/06/2011,37.62
14/06/2011,37.77
13/06/2011,37.36
10/06/2011,37.03
09/06/2011,36.96
08/06/2011,36.37
07/06/2011,36.65
06/06/2011,36.15
03/06/2011,36.53
02/06/2011,37.24
01/06/2011,37.05
31/05/2011,37.77
27/05/2011,37.04
26/05/2011,36.85
25/05/2011,36.61
24/05/2011,36.34
23/05/2011,36.28
20/05/2011,36.56
19/05/2011,36.79
18/05/2011,37.11
17/05/2011,36.28
16/05/2011,36.69
13/05/2011,37.0
12/05/2011,37.95
11/05/2011,37.8
10/05/2011,38.0
09/05/2011,37.63
06/05/2011,37.42
05/05/2011,36.61
04/05/2011,35.77
03/05/2011,34.97
02/05/2011,35.36
29/04/2011,35.47
28/04/2011,35.43
27/04/2011,35.26
26/04/2011,34.6
25/04/2011,34.26
21/04/2011,34.06
20/04/2011,33.95
19/04/2011,34.01
18/04/2011,33.86
15/04/2011,34.83
14/04/2011,34.95
13/04/2011,35.73
12/04/2011,36.17
11/04/2011,36.44
08/04/2011,36.64
07/04/2011,37.42
06/04/2011,37.59
05/04/2011,37.46
04/04/2011,38.22
01/04/2011,38.18
31/03/2011,36.82
30/03/2011,36.27
29/03/2011,36.7
28/03/2011,36.46
25/03/2011,36.56
24/03/2011,36.01
23/03/2011,35.65
22/03/2011,35.54
21/03/2011,35.75
18/03/2011,35.06
17/03/2011,34.32
16/03/2011,33.91
15/03/2011,34.24
14/03/2011,35.04
11/03/2011,35.25
10/03/2011,34.59
09/03/2011,35.5
08/03/2011,35.46
07/03/2011,34.96
04/03/2011,35.25
03/03/2011,35.73
02/03/2011,35.01
01/03/2011,34.79
28/02/2011,35.5
25/02/2011,36.1
24/02/2011,36.0
23/02/2011,35.96
22/02/2011,36.39
18/02/2011,36.93
17/02/2011,36.39
16/02/2011,36.22
15/02/2011,36.01
14/02/2011,36.27
11/02/2011,36.11
10/02/2011,36.0
09/02/2011,35.95
08/02/2011,35.8
07/02/2011,36.09
04/02/2011,34.8
03/02/2011,34.11
02/02/2011,34.67
01/02/2011,34.64
31/01/2011,34.23
28/01/2011,34.0
27/01/2011,34.83
26/01/2011,34.9
25/01/2011,35.15
24/01/2011,35.5
21/01/2011,35.5
20/01/2011,35.12
19/01/2011,35.24
18/01/2011,36.29
14/01/2011,36.42
13/01/2011,36.75
12/01/2011,39.72
11/01/2011,39.07
10/01/2011,38.64
07/01/2011,38.76
06/01/2011,39.02
05/01/2011,39.32
04/01/2011,38.8
03/01/2011,39.45
31/12/2010,38.96
30/12/2010,39.41
29/12/2010,39.79
28/12/2010,39.53
27/12/2010,40.02
23/12/2010,40.0
22/12/2010,39.93
21/12/2010,38.53
20/12/2010,37.44
17/12/2010,37.63
16/12/2010,37.07
15/12/2010,36.8
14/12/2010,37.02
13/12/2010,36.7
10/12/2010,36.56
09/12/2010,36.74
08/12/2010,37.13
07/12/2010,36.86
06/12/2010,36.38
03/12/2010,36.6
02/12/2010,36.37
01/12/2010,35.21
30/11/2010,34.06
29/11/2010,34.78
26/11/2010,34.92
24/11/2010,35.16
23/11/2010,34.3
22/11/2010,35.2
19/11/2010,35.26
18/11/2010,35.37
17/11/2010,34.75
16/11/2010,35.06
15/11/2010,35.88
12/11/2010,35.95
11/11/2010,37.1
10/11/2010,37.44
09/11/2010,36.8
08/11/2010,37.32
05/11/2010,37.07
04/11/2010,36.8
03/11/2010,35.92
02/11/2010,36.01
01/11/2010,35.73
29/10/2010,35.85
28/10/2010,35.77
27/10/2010,35.75
26/10/2010,35.83
25/10/2010,36.29
22/10/2010,36.65
21/10/2010,36.84
20/10/2010,37.23
19/10/2010,37.16
18/10/2010,36.95
15/10/2010,35.88
14/10/2010,35.45
13/10/2010,35.64
12/10/2010,35.16
11/10/2010,34.95
08/10/2010,34.91
07/10/2010,34.62
06/10/2010,33.98
05/10/2010,34.39
04/10/2010,33.87
01/10/2010,34.33
30/09/2010,33.21
29/09/2010,34.48
28/09/2010,34.39
27/09/2010,33.6
24/09/2010,34.17
23/09/2010,33.67
22/09/2010,34.4
21/09/2010,34.88
20/09/2010,35.16
17/09/2010,34.75
16/09/2010,34.51
15/09/2010,34.11
14/09/2010,34.39
13/09/2010,34.38
10/09/2010,33.0
09/09/2010,33.34
08/09/2010,32.95
07/09/2010,32.37
03/09/2010,32.65
02/09/2010,31.54
01/09/2010,30.82
31/08/2010,29.9
30/08/2010,29.67
27/08/2010,30.49
26/08/2010,30.02
25/08/2010,29.81
24/08/2010,29.72
23/08/2010,30.64
20/08/2010,30.9
19/08/2010,31.12
18/08/2010,32.2
17/08/2010,31.51
16/08/2010,31.48
13/08/2010,31.23
12/08/2010,31.28
11/08/2010,31.15
10/08/2010,32.71
09/08/2010,33.15
06/08/2010,32.8
05/08/2010,32.93
04/08/2010,33.39
03/08/2010,33.21
02/08/2010,33.25
30/07/2010,32.27
29/07/2010,31.8
28/07/2010,32.73
27/07/2010,33.01
26/07/2010,33.05
23/07/2010,33.13
22/07/2010,31.59
21/07/2010,30.54
20/07/2010,31.12
19/07/2010,30.8
16/07/2010,31.01
15/07/2010,31.53
14/07/2010,31.49
13/07/2010,31.02
12/07/2010,30.68
09/07/2010,30.66
08/07/2010,30.16
07/07/2010,29.63
06/07/2010,28.36
02/07/2010,27.77
01/07/2010,27.34
30/06/2010,27.4
29/06/2010,27.23
28/06/2010,29.04
25/06/2010,29.09
24/06/2010,28.63
23/06/2010,29.49
22/06/2010,30.06
21/06/2010,30.12
18/06/2010,29.97
17/06/2010,29.9
16/06/2010,30.12
15/06/2010,29.54
14/06/2010,29.25
11/06/2010,29.69
10/06/2010,29.12
09/06/2010,28.06
08/06/2010,28.28
07/06/2010,28.15
04/06/2010,28.8
03/06/2010,29.54
02/06/2010,30.14
01/06/2010,29.42
28/05/2010,29.65
27/05/2010,29.69
26/05/2010,28.69
25/05/2010,29.03
24/05/2010,29.75
21/05/2010,30.2
20/05/2010,29.75
19/05/2010,31.46
18/05/2010,32.32
17/05/2010,32.71
14/05/2010,32.79
13/05/2010,33.95
12/05/2010,34.24
11/05/2010,33.7
10/05/2010,33.75
07/05/2010,32.43
06/05/2010,32.98
05/05/2010,33.99
04/05/2010,34.18
03/05/2010,34.76
30/04/2010,34.65
29/04/2010,35.46
28/04/2010,35.41
27/04/2010,35.96
26/04/2010,36.96
23/04/2010,36.7
22/04/2010,36.44
21/04/2010,35.99
20/04/2010,37.39
19/04/2010,36.49
16/04/2010,37.25
15/04/2010,37.96
14/04/2010,37.11
13/04/2010,37.02
12/04/2010,37.1
09/04/2010,36.62
08/04/2010,36.19
07/04/2010,37.31
06/04/2010,37.37
05/04/2010,36.98
01/04/2010,36.47
