date,NASDAQ
24/11/2023,14250.85
22/11/2023,14265.86
21/11/2023,14199.98
20/11/2023,14284.53
17/11/2023,14125.48
16/11/2023,14113.67
15/11/2023,14103.84
14/11/2023,14094.38
13/11/2023,13767.74
10/11/2023,13798.11
09/11/2023,13521.45
08/11/2023,13650.41
07/11/2023,13639.86
06/11/2023,13518.78
03/11/2023,13478.28
02/11/2023,13294.19
01/11/2023,13061.47
31/10/2023,12851.24
30/10/2023,12789.48
27/10/2023,12643.01
26/10/2023,12595.61
25/10/2023,12821.22
24/10/2023,13139.87
23/10/2023,13018.33
20/10/2023,12983.81
19/10/2023,13186.18
18/10/2023,13314.3
17/10/2023,13533.75
16/10/2023,13567.98
13/10/2023,13407.23
12/10/2023,13574.22
11/10/2023,13659.68
10/10/2023,13562.84
09/10/2023,13484.24
06/10/2023,13431.34
05/10/2023,13219.83
04/10/2023,13236.01
03/10/2023,13059.47
02/10/2023,13307.77
29/09/2023,13219.32
28/09/2023,13201.28
27/09/2023,13092.85
26/09/2023,13063.61
25/09/2023,13271.32
22/09/2023,13211.81
21/09/2023,13223.98
20/09/2023,13469.13
19/09/2023,13678.19
18/09/2023,13710.24
15/09/2023,13708.33
14/09/2023,13926.05
13/09/2023,13813.59
12/09/2023,13773.61
11/09/2023,13917.89
08/09/2023,13761.53
07/09/2023,13748.83
06/09/2023,13872.47
05/09/2023,14020.95
01/09/2023,14031.81
31/08/2023,14034.97
30/08/2023,14019.31
29/08/2023,13943.76
28/08/2023,13705.13
25/08/2023,13590.65
24/08/2023,13463.97
23/08/2023,13721.03
22/08/2023,13505.87
21/08/2023,13497.59
18/08/2023,13290.78
17/08/2023,13316.93
16/08/2023,13474.63
15/08/2023,13631.05
14/08/2023,13788.33
11/08/2023,13644.85
10/08/2023,13737.99
09/08/2023,13722.02
08/08/2023,13884.32
07/08/2023,13994.4
04/08/2023,13909.24
03/08/2023,13959.72
02/08/2023,13973.45
01/08/2023,14283.91
31/07/2023,14346.02
28/07/2023,14316.66
27/07/2023,14050.11
26/07/2023,14127.28
25/07/2023,14144.56
24/07/2023,14058.87
21/07/2023,14032.81
20/07/2023,14063.31
19/07/2023,14358.02
18/07/2023,14353.64
17/07/2023,14244.95
14/07/2023,14113.7
13/07/2023,14138.57
12/07/2023,13918.96
11/07/2023,13760.7
10/07/2023,13685.48
07/07/2023,13660.72
06/07/2023,13679.04
05/07/2023,13791.65
03/07/2023,13816.77
30/06/2023,13787.92
29/06/2023,13591.33
28/06/2023,13591.75
27/06/2023,13555.67
26/06/2023,13335.78
23/06/2023,13492.52
22/06/2023,13630.61
21/06/2023,13502.2
20/06/2023,13667.29
16/06/2023,13689.57
15/06/2023,13782.82
14/06/2023,13626.48
13/06/2023,13573.32
12/06/2023,13461.92
09/06/2023,13259.14
08/06/2023,13238.52
07/06/2023,13104.9
06/06/2023,13276.42
05/06/2023,13229.43
02/06/2023,13240.77
01/06/2023,13100.98
31/05/2023,12935.29
30/05/2023,13017.43
26/05/2023,12975.69
25/05/2023,12698.09
24/05/2023,12484.16
23/05/2023,12560.25
22/05/2023,12720.78
19/05/2023,12657.9
18/05/2023,12688.84
17/05/2023,12500.57
16/05/2023,12343.05
15/05/2023,12365.21
12/05/2023,12284.74
11/05/2023,12328.51
10/05/2023,12306.44
09/05/2023,12179.55
08/05/2023,12256.92
05/05/2023,12235.41
04/05/2023,11966.4
03/05/2023,12025.33
02/05/2023,12080.51
01/05/2023,12212.6
28/04/2023,12226.58
27/04/2023,12142.24
26/04/2023,11854.35
25/04/2023,11799.16
24/04/2023,12037.2
21/04/2023,12072.46
20/04/2023,12059.56
19/04/2023,12157.23
18/04/2023,12153.41
17/04/2023,12157.72
14/04/2023,12123.47
13/04/2023,12166.27
12/04/2023,11929.34
11/04/2023,12031.88
10/04/2023,12084.36
06/04/2023,12087.96
05/04/2023,11996.86
04/04/2023,12126.33
03/04/2023,12189.45
31/03/2023,12221.91
30/03/2023,12013.47
29/03/2023,11926.24
28/03/2023,11716.08
27/03/2023,11768.84
24/03/2023,11823.96
23/03/2023,11787.4
22/03/2023,11669.96
21/03/2023,11860.11
20/03/2023,11675.54
17/03/2023,11630.51
16/03/2023,11717.28
15/03/2023,11434.05
14/03/2023,11428.15
13/03/2023,11188.84
10/03/2023,11138.89
09/03/2023,11338.35
08/03/2023,11576.0
07/03/2023,11530.33
06/03/2023,11675.74
03/03/2023,11689.01
02/03/2023,11462.98
01/03/2023,11379.48
28/02/2023,11455.54
27/02/2023,11466.98
24/02/2023,11394.94
23/02/2023,11590.4
22/02/2023,11507.07
21/02/2023,11492.3
17/02/2023,11787.27
16/02/2023,11855.83
15/02/2023,12070.59
14/02/2023,11960.15
13/02/2023,11891.79
10/02/2023,11718.12
09/02/2023,11789.58
08/02/2023,11910.52
07/02/2023,12113.79
06/02/2023,11887.45
03/02/2023,12006.95
02/02/2023,12200.82
01/02/2023,11816.32
31/01/2023,11584.55
30/01/2023,11393.81
27/01/2023,11621.71
26/01/2023,11512.41
25/01/2023,11313.36
24/01/2023,11334.27
23/01/2023,11364.41
20/01/2023,11140.43
19/01/2023,10852.27
18/01/2023,10957.01
17/01/2023,11095.11
13/01/2023,11079.16
12/01/2023,11001.1
11/01/2023,10931.67
10/01/2023,10742.63
09/01/2023,10635.65
06/01/2023,10569.29
05/01/2023,10305.24
04/01/2023,10458.76
03/01/2023,10386.98
30/12/2022,10466.48
29/12/2022,10478.09
28/12/2022,10213.29
27/12/2022,10353.23
23/12/2022,10497.86
22/12/2022,10476.12
21/12/2022,10709.37
20/12/2022,10547.11
19/12/2022,10546.03
16/12/2022,10705.41
15/12/2022,10810.53
14/12/2022,11170.89
13/12/2022,11256.81
12/12/2022,11143.74
09/12/2022,11004.62
08/12/2022,11082.0
07/12/2022,10958.55
06/12/2022,11014.89
05/12/2022,11239.94
02/12/2022,11461.5
01/12/2022,11482.45
30/11/2022,11468.0
29/11/2022,10983.78
28/11/2022,11049.5
25/11/2022,11226.36
23/11/2022,11285.32
22/11/2022,11174.41
21/11/2022,11024.51
18/11/2022,11146.06
17/11/2022,11144.96
16/11/2022,11183.66
15/11/2022,11358.41
14/11/2022,11196.22
11/11/2022,11323.33
10/11/2022,11114.15
09/11/2022,10353.17
08/11/2022,10616.2
07/11/2022,10564.52
04/11/2022,10475.25
03/11/2022,10342.94
02/11/2022,10524.8
01/11/2022,10890.85
31/10/2022,10988.15
28/10/2022,11102.45
27/10/2022,10792.67
26/10/2022,10970.99
25/10/2022,11199.12
24/10/2022,10952.61
21/10/2022,10859.72
20/10/2022,10614.84
19/10/2022,10680.51
18/10/2022,10772.4
17/10/2022,10675.8
14/10/2022,10321.39
13/10/2022,10649.15
12/10/2022,10417.1
11/10/2022,10426.19
10/10/2022,10542.1
07/10/2022,10652.4
06/10/2022,11073.31
05/10/2022,11148.64
04/10/2022,11176.41
03/10/2022,10815.43
30/09/2022,10575.62
29/09/2022,10737.51
28/09/2022,11051.64
27/09/2022,10829.5
26/09/2022,10802.92
23/09/2022,10867.93
22/09/2022,11066.81
21/09/2022,11220.19
20/09/2022,11425.05
19/09/2022,11535.02
16/09/2022,11448.4
15/09/2022,11552.36
14/09/2022,11719.68
13/09/2022,11633.57
12/09/2022,12266.41
09/09/2022,12112.31
08/09/2022,11862.13
07/09/2022,11791.9
06/09/2022,11544.91
02/09/2022,11630.86
01/09/2022,11785.13
31/08/2022,11816.2
30/08/2022,11883.14
29/08/2022,12017.67
26/08/2022,12141.71
25/08/2022,12639.27
24/08/2022,12431.53
23/08/2022,12381.3
22/08/2022,12381.57
19/08/2022,12705.22
18/08/2022,12965.34
17/08/2022,12938.12
16/08/2022,13102.55
15/08/2022,13128.05
12/08/2022,13047.19
11/08/2022,12779.91
10/08/2022,12854.8
09/08/2022,12493.93
08/08/2022,12644.46
05/08/2022,12657.55
04/08/2022,12720.58
03/08/2022,12668.16
02/08/2022,12348.76
01/08/2022,12368.98
29/07/2022,12390.69
28/07/2022,12162.59
27/07/2022,12032.42
26/07/2022,11562.57
25/07/2022,11782.67
22/07/2022,11834.11
21/07/2022,12059.61
20/07/2022,11897.65
19/07/2022,11713.15
18/07/2022,11360.05
15/07/2022,11452.42
14/07/2022,11251.19
13/07/2022,11247.58
12/07/2022,11264.73
11/07/2022,11372.6
08/07/2022,11635.31
07/07/2022,11621.35
06/07/2022,11361.85
05/07/2022,11322.24
01/07/2022,11127.85
30/06/2022,11028.74
29/06/2022,11177.89
28/06/2022,11181.54
27/06/2022,11524.55
24/06/2022,11607.62
23/06/2022,11232.19
22/06/2022,11053.08
21/06/2022,11069.3
17/06/2022,10798.35
16/06/2022,10646.1
15/06/2022,11099.15
14/06/2022,10828.35
13/06/2022,10809.23
10/06/2022,11340.02
09/06/2022,11754.23
08/06/2022,12086.27
07/06/2022,12175.23
06/06/2022,12061.37
03/06/2022,12012.73
02/06/2022,12316.9
01/06/2022,11994.46
31/05/2022,12081.39
27/05/2022,12131.13
26/05/2022,11740.65
25/05/2022,11434.74
24/05/2022,11264.45
23/05/2022,11535.27
20/05/2022,11354.62
19/05/2022,11388.5
18/05/2022,11418.15
17/05/2022,11984.52
16/05/2022,11662.79
13/05/2022,11805.0
12/05/2022,11370.96
11/05/2022,11364.24
10/05/2022,11737.67
09/05/2022,11623.25
06/05/2022,12144.66
05/05/2022,12317.69
04/05/2022,12964.86
03/05/2022,12563.76
02/05/2022,12536.02
29/04/2022,12334.64
28/04/2022,12871.53
27/04/2022,12488.93
26/04/2022,12490.74
25/04/2022,13004.85
22/04/2022,12839.29
21/04/2022,13174.65
20/04/2022,13453.07
19/04/2022,13619.66
18/04/2022,13332.36
14/04/2022,13351.08
13/04/2022,13643.59
12/04/2022,13371.57
11/04/2022,13411.96
08/04/2022,13711.0
07/04/2022,13897.3
06/04/2022,13888.82
05/04/2022,14204.17
04/04/2022,14532.55
01/04/2022,14261.5
31/03/2022,14220.52
30/03/2022,14442.27
29/03/2022,14619.64
28/03/2022,14354.9
25/03/2022,14169.3
24/03/2022,14191.84
23/03/2022,13922.6
22/03/2022,14108.82
21/03/2022,13838.46
18/03/2022,13893.84
17/03/2022,13614.78
16/03/2022,13436.55
15/03/2022,12948.62
14/03/2022,12581.22
11/03/2022,12843.81
10/03/2022,13129.96
09/03/2022,13255.55
08/03/2022,12795.55
07/03/2022,12830.96
04/03/2022,13313.44
03/03/2022,13537.94
02/03/2022,13752.02
01/03/2022,13532.46
28/02/2022,13751.4
25/02/2022,13694.62
24/02/2022,13473.59
23/02/2022,13037.49
22/02/2022,13381.52
18/02/2022,13548.07
17/02/2022,13716.72
16/02/2022,14124.09
15/02/2022,14139.76
14/02/2022,13790.92
11/02/2022,13791.15
10/02/2022,14185.64
09/02/2022,14490.37
08/02/2022,14194.45
07/02/2022,14015.67
04/02/2022,14098.01
03/02/2022,13878.82
02/02/2022,14417.55
01/02/2022,14346.0
31/01/2022,14239.88
28/01/2022,13770.57
27/01/2022,13352.78
26/01/2022,13542.12
25/01/2022,13539.29
24/01/2022,13855.13
21/01/2022,13768.92
20/01/2022,14154.02
19/01/2022,14340.26
18/01/2022,14506.9
14/01/2022,14893.75
13/01/2022,14806.81
12/01/2022,15188.39
11/01/2022,15153.45
10/01/2022,14942.83
07/01/2022,14935.9
06/01/2022,15080.86
05/01/2022,15100.17
04/01/2022,15622.72
03/01/2022,15832.8
31/12/2021,15644.97
30/12/2021,15741.56
29/12/2021,15766.22
28/12/2021,15781.72
27/12/2021,15871.26
23/12/2021,15653.37
22/12/2021,15521.89
21/12/2021,15341.09
20/12/2021,14980.94
17/12/2021,15169.68
16/12/2021,15180.43
15/12/2021,15565.58
14/12/2021,15237.64
13/12/2021,15413.28
10/12/2021,15630.6
09/12/2021,15517.37
08/12/2021,15786.99
07/12/2021,15686.92
06/12/2021,15225.15
03/12/2021,15085.47
02/12/2021,15381.32
01/12/2021,15254.05
30/11/2021,15537.69
29/11/2021,15782.83
26/11/2021,15491.66
24/11/2021,15845.23
23/11/2021,15775.14
22/11/2021,15854.76
19/11/2021,16057.44
18/11/2021,15993.71
17/11/2021,15921.57
16/11/2021,15973.86
15/11/2021,15853.85
12/11/2021,15860.96
11/11/2021,15704.28
10/11/2021,15622.71
09/11/2021,15886.54
08/11/2021,15982.36
05/11/2021,15971.59
04/11/2021,15940.31
03/11/2021,15811.58
02/11/2021,15649.6
01/11/2021,15595.92
29/10/2021,15498.39
28/10/2021,15448.12
27/10/2021,15235.84
26/10/2021,15235.71
25/10/2021,15226.71
22/10/2021,15090.2
21/10/2021,15215.7
20/10/2021,15121.68
19/10/2021,15129.09
18/10/2021,15021.81
15/10/2021,14897.34
14/10/2021,14823.43
13/10/2021,14571.64
12/10/2021,14465.92
11/10/2021,14486.2
08/10/2021,14579.54
07/10/2021,14654.02
06/10/2021,14501.91
05/10/2021,14433.83
04/10/2021,14255.48
01/10/2021,14566.7
30/09/2021,14448.58
29/09/2021,14512.44
28/09/2021,14546.68
27/09/2021,14969.97
24/09/2021,15047.7
23/09/2021,15052.24
22/09/2021,14896.85
21/09/2021,14746.4
20/09/2021,14713.9
17/09/2021,15043.97
16/09/2021,15181.92
15/09/2021,15161.53
14/09/2021,15037.76
13/09/2021,15105.58
10/09/2021,15115.49
09/09/2021,15248.25
08/09/2021,15286.64
07/09/2021,15374.33
03/09/2021,15363.52
02/09/2021,15331.18
01/09/2021,15309.38
31/08/2021,15259.24
30/08/2021,15265.89
27/08/2021,15129.5
26/08/2021,14945.81
25/08/2021,15041.86
24/08/2021,15019.8
23/08/2021,14942.65
20/08/2021,14714.66
19/08/2021,14541.79
18/08/2021,14525.91
17/08/2021,14656.18
16/08/2021,14793.76
13/08/2021,14822.9
12/08/2021,14816.26
11/08/2021,14765.14
10/08/2021,14788.09
09/08/2021,14860.18
06/08/2021,14835.76
05/08/2021,14895.12
04/08/2021,14780.53
03/08/2021,14761.29
02/08/2021,14681.07
30/07/2021,14672.68
29/07/2021,14778.26
28/07/2021,14762.58
27/07/2021,14660.58
26/07/2021,14840.71
23/07/2021,14836.99
22/07/2021,14684.6
21/07/2021,14631.95
20/07/2021,14498.88
19/07/2021,14274.98
16/07/2021,14427.24
15/07/2021,14543.13
14/07/2021,14644.95
13/07/2021,14677.65
12/07/2021,14733.24
09/07/2021,14701.92
08/07/2021,14559.78
07/07/2021,14665.06
06/07/2021,14663.64
02/07/2021,14639.33
01/07/2021,14522.38
30/06/2021,14503.95
29/06/2021,14528.33
28/06/2021,14500.51
25/06/2021,14360.39
24/06/2021,14369.71
23/06/2021,14271.73
22/06/2021,14253.27
21/06/2021,14141.48
18/06/2021,14030.38
17/06/2021,14161.35
16/06/2021,14039.68
15/06/2021,14072.86
14/06/2021,14174.14
11/06/2021,14069.42
10/06/2021,14020.33
09/06/2021,13911.75
08/06/2021,13924.91
07/06/2021,13881.72
04/06/2021,13814.49
03/06/2021,13614.51
02/06/2021,13756.33
01/06/2021,13736.48
28/05/2021,13748.74
27/05/2021,13736.28
26/05/2021,13738.0
25/05/2021,13657.17
24/05/2021,13661.17
21/05/2021,13470.99
20/05/2021,13535.74
19/05/2021,13299.74
18/05/2021,13303.64
17/05/2021,13379.05
14/05/2021,13429.98
13/05/2021,13124.99
12/05/2021,13031.68
11/05/2021,13389.43
10/05/2021,13401.86
07/05/2021,13752.24
06/05/2021,13632.84
05/05/2021,13582.42
04/05/2021,13633.5
03/05/2021,13895.12
30/04/2021,13962.68
29/04/2021,14082.55
28/04/2021,14051.03
27/04/2021,14090.22
26/04/2021,14138.78
23/04/2021,14016.81
22/04/2021,13818.41
21/04/2021,13950.22
20/04/2021,13786.27
19/04/2021,13914.77
16/04/2021,14052.34
15/04/2021,14038.76
14/04/2021,13857.84
13/04/2021,13996.1
12/04/2021,13850.0
09/04/2021,13900.19
08/04/2021,13829.31
07/04/2021,13688.84
06/04/2021,13698.38
05/04/2021,13705.59
01/04/2021,13480.11
31/03/2021,13246.87
30/03/2021,13045.39
29/03/2021,13059.65
26/03/2021,13138.73
25/03/2021,12977.68
24/03/2021,12961.89
23/03/2021,13227.7
22/03/2021,13377.54
19/03/2021,13215.24
18/03/2021,13116.17
17/03/2021,13525.2
16/03/2021,13471.57
15/03/2021,13459.71
12/03/2021,13319.86
11/03/2021,13398.67
10/03/2021,13068.83
09/03/2021,13073.82
08/03/2021,12609.16
05/03/2021,12920.15
04/03/2021,12723.47
03/03/2021,12997.75
02/03/2021,13358.79
01/03/2021,13588.83
26/02/2021,13192.35
25/02/2021,13119.43
24/02/2021,13597.97
23/02/2021,13465.2
22/02/2021,13533.05
19/02/2021,13874.46
18/02/2021,13865.36
17/02/2021,13965.49
16/02/2021,14047.5
12/02/2021,14095.47
11/02/2021,14025.77
10/02/2021,13972.53
09/02/2021,14007.7
08/02/2021,13987.64
05/02/2021,13856.3
04/02/2021,13777.74
03/02/2021,13610.54
02/02/2021,13612.78
01/02/2021,13403.39
29/01/2021,13070.69
28/01/2021,13337.16
27/01/2021,13270.6
26/01/2021,13626.06
25/01/2021,13635.99
22/01/2021,13543.06
21/01/2021,13530.91
20/01/2021,13457.25
19/01/2021,13197.18
15/01/2021,12998.5
14/01/2021,13112.64
13/01/2021,13128.95
12/01/2021,13072.43
11/01/2021,13036.43
08/01/2021,13201.98
07/01/2021,13067.48
06/01/2021,12740.79
05/01/2021,12818.96
04/01/2021,12698.45
31/12/2020,12888.28
30/12/2020,12870.0
29/12/2020,12850.22
28/12/2020,12899.42
24/12/2020,12804.73
23/12/2020,12771.11
22/12/2020,12807.92
21/12/2020,12742.52
18/12/2020,12755.64
17/12/2020,12764.75
16/12/2020,12658.19
15/12/2020,12595.06
14/12/2020,12440.04
11/12/2020,12377.87
10/12/2020,12405.81
09/12/2020,12338.95
08/12/2020,12582.77
07/12/2020,12519.95
04/12/2020,12464.23
03/12/2020,12377.18
02/12/2020,12349.37
01/12/2020,12355.11
30/11/2020,12198.74
27/11/2020,12205.85
25/11/2020,12094.4
24/11/2020,12036.79
23/11/2020,11880.63
20/11/2020,11854.97
19/11/2020,11904.71
18/11/2020,11801.6
17/11/2020,11899.34
16/11/2020,11924.13
13/11/2020,11829.29
12/11/2020,11709.59
11/11/2020,11786.43
10/11/2020,11553.86
09/11/2020,11713.78
06/11/2020,11895.23
05/11/2020,11890.93
04/11/2020,11590.78
03/11/2020,11160.57
02/11/2020,10957.61
30/10/2020,10911.59
29/10/2020,11185.59
28/10/2020,11004.87
27/10/2020,11431.35
26/10/2020,11358.94
23/10/2020,11548.28
22/10/2020,11506.01
21/10/2020,11484.69
20/10/2020,11516.49
19/10/2020,11478.88
16/10/2020,11671.56
15/10/2020,11713.87
14/10/2020,11768.73
13/10/2020,11863.9
12/10/2020,11876.26
09/10/2020,11579.94
08/10/2020,11420.98
07/10/2020,11364.6
06/10/2020,11154.6
05/10/2020,11332.49
02/10/2020,11075.02
01/10/2020,11326.51
30/09/2020,11167.51
29/09/2020,11085.25
28/09/2020,11117.53
25/09/2020,10913.56
24/09/2020,10672.27
23/09/2020,10632.99
22/09/2020,10963.64
21/09/2020,10778.8
18/09/2020,10793.28
17/09/2020,10910.28
16/09/2020,11050.47
15/09/2020,11190.32
14/09/2020,11056.65
11/09/2020,10853.55
10/09/2020,10919.59
09/09/2020,11141.56
08/09/2020,10847.69
04/09/2020,11313.13
03/09/2020,11458.1
02/09/2020,12056.44
01/09/2020,11939.67
31/08/2020,11775.46
28/08/2020,11695.63
27/08/2020,11625.34
26/08/2020,11665.06
25/08/2020,11466.47
24/08/2020,11379.72
21/08/2020,11311.8
20/08/2020,11264.95
19/08/2020,11146.46
18/08/2020,11210.84
17/08/2020,11129.73
14/08/2020,11019.3
13/08/2020,11042.5
12/08/2020,11012.24
11/08/2020,10782.82
10/08/2020,10968.36
07/08/2020,11010.98
06/08/2020,11108.07
05/08/2020,10998.4
04/08/2020,10941.17
03/08/2020,10902.8
31/07/2020,10745.27
30/07/2020,10587.81
29/07/2020,10542.94
28/07/2020,10402.09
27/07/2020,10536.27
24/07/2020,10363.18
23/07/2020,10461.42
22/07/2020,10706.13
21/07/2020,10680.36
20/07/2020,10767.09
17/07/2020,10503.19
16/07/2020,10473.83
15/07/2020,10550.49
14/07/2020,10488.58
13/07/2020,10390.84
10/07/2020,10617.44
09/07/2020,10547.75
08/07/2020,10492.5
07/07/2020,10343.89
06/07/2020,10433.65
02/07/2020,10207.63
01/07/2020,10154.63
30/06/2020,10058.77
29/06/2020,9874.15
26/06/2020,9757.22
25/06/2020,10017.0
24/06/2020,9909.17
23/06/2020,10131.37
22/06/2020,10056.48
19/06/2020,9946.12
18/06/2020,9943.05
17/06/2020,9910.53
16/06/2020,9895.87
15/06/2020,9726.02
12/06/2020,9588.81
11/06/2020,9492.73
10/06/2020,10020.35
09/06/2020,9953.75
08/06/2020,9924.75
05/06/2020,9814.08
04/06/2020,9615.81
03/06/2020,9682.91
02/06/2020,9608.38
01/06/2020,9552.05
29/05/2020,9489.87
28/05/2020,9368.99
27/05/2020,9412.36
26/05/2020,9340.22
22/05/2020,9324.59
21/05/2020,9284.88
20/05/2020,9375.78
19/05/2020,9185.1
18/05/2020,9234.83
15/05/2020,9014.56
14/05/2020,8943.72
13/05/2020,8863.17
12/05/2020,9002.55
11/05/2020,9192.34
08/05/2020,9121.32
07/05/2020,8979.66
06/05/2020,8854.39
05/05/2020,8809.12
04/05/2020,8710.71
01/05/2020,8604.95
30/04/2020,8889.55
29/04/2020,8914.71
28/04/2020,8607.73
27/04/2020,8730.16
24/04/2020,8634.52
23/04/2020,8494.75
22/04/2020,8495.38
21/04/2020,8263.23
20/04/2020,8560.73
17/04/2020,8650.14
16/04/2020,8532.36
15/04/2020,8393.18
14/04/2020,8515.74
13/04/2020,8192.42
09/04/2020,8153.58
08/04/2020,8090.9
07/04/2020,7887.26
06/04/2020,7913.24
03/04/2020,7373.08
02/04/2020,7487.31
01/04/2020,7360.58
31/03/2020,7700.1
30/03/2020,7774.15
27/03/2020,7502.38
26/03/2020,7797.54
25/03/2020,7384.3
24/03/2020,7417.86
23/03/2020,6860.67
20/03/2020,6879.52
19/03/2020,7150.58
18/03/2020,6989.84
17/03/2020,7334.78
16/03/2020,6904.59
13/03/2020,7874.88
12/03/2020,7201.8
11/03/2020,7952.05
10/03/2020,8344.25
09/03/2020,7950.68
06/03/2020,8575.62
05/03/2020,8738.59
04/03/2020,9018.09
03/03/2020,8684.09
02/03/2020,8952.17
28/02/2020,8567.37
27/02/2020,8566.48
26/02/2020,8980.78
25/02/2020,8965.61
24/02/2020,9221.28
21/02/2020,9576.59
20/02/2020,9750.97
19/02/2020,9817.18
18/02/2020,9732.74
14/02/2020,9731.18
13/02/2020,9711.97
12/02/2020,9725.96
11/02/2020,9638.94
10/02/2020,9628.39
07/02/2020,9520.51
06/02/2020,9572.15
05/02/2020,9508.68
04/02/2020,9467.97
03/02/2020,9273.4
31/01/2020,9150.94
30/01/2020,9298.93
29/01/2020,9275.16
28/01/2020,9269.68
27/01/2020,9139.31
24/01/2020,9314.91
23/01/2020,9402.48
22/01/2020,9383.77
21/01/2020,9370.81
17/01/2020,9388.94
16/01/2020,9357.13
15/01/2020,9258.7
14/01/2020,9251.33
13/01/2020,9273.93
10/01/2020,9178.86
09/01/2020,9203.43
08/01/2020,9129.24
07/01/2020,9068.58
06/01/2020,9071.47
03/01/2020,9020.77
02/01/2020,9092.19
31/12/2019,8972.6
30/12/2019,8945.99
27/12/2019,9006.62
26/12/2019,9022.39
24/12/2019,8952.88
23/12/2019,8945.65
20/12/2019,8924.96
19/12/2019,8887.22
18/12/2019,8827.74
17/12/2019,8823.36
16/12/2019,8814.23
13/12/2019,8734.88
12/12/2019,8717.32
11/12/2019,8654.05
10/12/2019,8616.18
09/12/2019,8621.83
06/12/2019,8656.53
05/12/2019,8570.7
04/12/2019,8566.67
03/12/2019,8520.64
02/12/2019,8567.99
29/11/2019,8665.47
27/11/2019,8705.18
26/11/2019,8647.93
25/11/2019,8632.49
22/11/2019,8519.88
21/11/2019,8506.21
20/11/2019,8526.73
19/11/2019,8570.66
18/11/2019,8549.94
15/11/2019,8540.83
14/11/2019,8479.02
13/11/2019,8482.1
12/11/2019,8486.09
11/11/2019,8464.28
08/11/2019,8475.31
07/11/2019,8434.52
06/11/2019,8410.63
05/11/2019,8434.68
04/11/2019,8433.2
01/11/2019,8386.4
31/10/2019,8292.36
30/10/2019,8303.98
29/10/2019,8276.85
28/10/2019,8325.99
25/10/2019,8243.12
24/10/2019,8185.8
23/10/2019,8119.79
22/10/2019,8104.3
21/10/2019,8162.99
18/10/2019,8089.54
17/10/2019,8156.85
16/10/2019,8124.18
15/10/2019,8148.71
14/10/2019,8048.65
11/10/2019,8057.04
10/10/2019,7950.78
09/10/2019,7903.74
08/10/2019,7823.78
07/10/2019,7956.29
04/10/2019,7982.47
03/10/2019,7872.26
02/10/2019,7785.25
01/10/2019,7908.68
30/09/2019,7999.34
27/09/2019,7939.63
26/09/2019,8030.66
25/09/2019,8077.38
24/09/2019,7993.63
23/09/2019,8112.46
20/09/2019,8117.67
19/09/2019,8182.88
18/09/2019,8177.39
17/09/2019,8186.02
16/09/2019,8153.54
13/09/2019,8176.71
12/09/2019,8194.47
11/09/2019,8169.68
10/09/2019,8084.16
09/09/2019,8087.44
06/09/2019,8103.07
05/09/2019,8116.83
04/09/2019,7976.88
03/09/2019,7874.16
30/08/2019,7962.88
29/08/2019,7973.39
28/08/2019,7856.88
27/08/2019,7826.95
26/08/2019,7853.74
23/08/2019,7751.77
22/08/2019,7991.39
21/08/2019,8020.21
20/08/2019,7948.56
19/08/2019,8002.81
16/08/2019,7895.99
15/08/2019,7766.62
14/08/2019,7773.94
13/08/2019,8016.36
12/08/2019,7863.41
09/08/2019,7959.14
08/08/2019,8039.16
07/08/2019,7862.83
06/08/2019,7833.27
05/08/2019,7726.04
02/08/2019,8004.07
01/08/2019,8111.12
31/07/2019,8175.42
30/07/2019,8273.61
29/07/2019,8293.33
26/07/2019,8330.21
25/07/2019,8238.54
24/07/2019,8321.5
23/07/2019,8251.4
22/07/2019,8204.14
19/07/2019,8146.49
18/07/2019,8207.24
17/07/2019,8185.21
16/07/2019,8222.8
15/07/2019,8258.19
12/07/2019,8244.14
11/07/2019,8196.04
10/07/2019,8202.53
09/07/2019,8141.73
08/07/2019,8098.38
05/07/2019,8161.79
03/07/2019,8170.23
02/07/2019,8109.09
01/07/2019,8091.16
28/06/2019,8006.24
27/06/2019,7967.76
26/06/2019,7909.97
25/06/2019,7884.72
24/06/2019,8005.7
21/06/2019,8031.71
20/06/2019,8051.34
19/06/2019,7987.32
18/06/2019,7953.88
17/06/2019,7845.02
14/06/2019,7796.66
13/06/2019,7837.13
12/06/2019,7792.72
11/06/2019,7822.57
10/06/2019,7823.17
07/06/2019,7742.1
06/06/2019,7615.55
05/06/2019,7575.48
04/06/2019,7527.12
03/06/2019,7333.02
31/05/2019,7453.15
30/05/2019,7567.72
29/05/2019,7547.31
28/05/2019,7607.35
24/05/2019,7637.01
23/05/2019,7628.28
22/05/2019,7750.84
21/05/2019,7785.72
20/05/2019,7702.38
17/05/2019,7816.28
16/05/2019,7898.05
15/05/2019,7822.15
14/05/2019,7734.49
13/05/2019,7647.02
10/05/2019,7916.94
09/05/2019,7910.59
08/05/2019,7943.32
07/05/2019,7963.76
06/05/2019,8123.29
03/05/2019,8164.0
02/05/2019,8036.77
01/05/2019,8049.64
30/04/2019,8095.39
29/04/2019,8161.85
26/04/2019,8146.4
25/04/2019,8118.68
24/04/2019,8102.01
23/04/2019,8120.82
22/04/2019,8015.27
18/04/2019,7998.06
17/04/2019,7996.08
16/04/2019,8000.23
15/04/2019,7976.01
12/04/2019,7984.16
11/04/2019,7947.36
10/04/2019,7964.24
09/04/2019,7909.28
08/04/2019,7953.88
05/04/2019,7938.69
04/04/2019,7891.78
03/04/2019,7895.55
02/04/2019,7848.69
01/04/2019,7828.91
29/03/2019,7729.32
28/03/2019,7669.17
27/03/2019,7643.38
26/03/2019,7691.52
25/03/2019,7637.54
22/03/2019,7642.67
21/03/2019,7838.96
20/03/2019,7728.97
19/03/2019,7723.95
18/03/2019,7714.48
15/03/2019,7688.53
14/03/2019,7630.91
13/03/2019,7643.41
12/03/2019,7591.03
11/03/2019,7558.06
08/03/2019,7408.14
07/03/2019,7421.46
06/03/2019,7505.92
05/03/2019,7576.36
04/03/2019,7577.57
01/03/2019,7595.35
28/02/2019,7532.53
27/02/2019,7554.51
26/02/2019,7549.3
25/02/2019,7554.46
22/02/2019,7527.54
21/02/2019,7459.71
20/02/2019,7489.07
19/02/2019,7486.77
15/02/2019,7472.41
14/02/2019,7426.95
13/02/2019,7420.38
12/02/2019,7414.62
11/02/2019,7307.9
08/02/2019,7298.2
07/02/2019,7288.35
06/02/2019,7375.28
05/02/2019,7402.08
04/02/2019,7347.54
01/02/2019,7263.87
31/01/2019,7281.74
30/01/2019,7183.08
29/01/2019,7028.29
28/01/2019,7085.68
25/01/2019,7164.86
24/01/2019,7073.46
23/01/2019,7025.77
22/01/2019,7020.36
18/01/2019,7157.23
17/01/2019,7084.46
16/01/2019,7034.69
15/01/2019,7023.83
14/01/2019,6905.92
11/01/2019,6971.48
10/01/2019,6986.07
09/01/2019,6957.08
08/01/2019,6897.0
07/01/2019,6823.47
04/01/2019,6738.86
03/01/2019,6463.5
02/01/2019,6665.94
31/12/2018,6635.28
28/12/2018,6584.52
27/12/2018,6579.49
26/12/2018,6554.36
24/12/2018,6192.92
21/12/2018,6332.99
20/12/2018,6528.41
19/12/2018,6636.83
18/12/2018,6783.91
17/12/2018,6753.73
14/12/2018,6910.66
13/12/2018,7070.33
12/12/2018,7098.31
11/12/2018,7031.83
10/12/2018,7020.52
07/12/2018,6969.25
06/12/2018,7188.26
04/12/2018,7158.43
03/12/2018,7441.51
30/11/2018,7330.54
29/11/2018,7273.08
28/11/2018,7291.59
27/11/2018,7082.7
26/11/2018,7081.85
23/11/2018,6938.98
21/11/2018,6972.25
20/11/2018,6908.82
19/11/2018,7028.48
16/11/2018,7247.87
15/11/2018,7259.03
14/11/2018,7136.39
13/11/2018,7200.87
12/11/2018,7200.87
09/11/2018,7406.9
08/11/2018,7530.88
07/11/2018,7570.75
06/11/2018,7375.96
05/11/2018,7328.85
02/11/2018,7356.99
01/11/2018,7434.06
31/10/2018,7305.9
30/10/2018,7161.65
29/10/2018,7050.29
26/10/2018,7167.21
25/10/2018,7318.34
24/10/2018,7108.4
23/10/2018,7437.54
22/10/2018,7468.63
19/10/2018,7449.03
18/10/2018,7485.14
17/10/2018,7642.7
16/10/2018,7645.49
15/10/2018,7430.74
12/10/2018,7496.89
11/10/2018,7329.06
10/10/2018,7422.05
09/10/2018,7738.02
08/10/2018,7735.95
05/10/2018,7788.45
04/10/2018,7879.51
03/10/2018,8025.09
02/10/2018,7999.55
01/10/2018,8037.3
28/09/2018,8046.35
27/09/2018,8041.97
26/09/2018,7990.37
25/09/2018,8007.47
24/09/2018,7993.25
21/09/2018,7986.96
20/09/2018,8028.23
19/09/2018,7950.04
18/09/2018,7956.11
17/09/2018,7895.79
14/09/2018,8010.04
13/09/2018,8013.71
12/09/2018,7954.23
11/09/2018,7972.47
10/09/2018,7924.16
07/09/2018,7902.54
06/09/2018,7922.73
05/09/2018,7995.17
04/09/2018,8091.25
31/08/2018,8109.54
30/08/2018,8088.36
29/08/2018,8109.69
28/08/2018,8030.04
27/08/2018,8017.9
24/08/2018,7945.98
23/08/2018,7878.46
22/08/2018,7889.1
21/08/2018,7859.17
20/08/2018,7821.01
17/08/2018,7816.33
16/08/2018,7806.52
15/08/2018,7774.12
14/08/2018,7870.89
13/08/2018,7819.71
10/08/2018,7839.11
09/08/2018,7891.78
08/08/2018,7888.33
07/08/2018,7883.66
06/08/2018,7859.68
03/08/2018,7812.01
02/08/2018,7802.69
01/08/2018,7707.29
31/07/2018,7671.79
30/07/2018,7630.0
27/07/2018,7737.42
26/07/2018,7852.18
25/07/2018,7932.24
24/07/2018,7840.77
23/07/2018,7841.87
20/07/2018,7820.2
19/07/2018,7825.3
18/07/2018,7854.44
17/07/2018,7855.12
16/07/2018,7805.72
13/07/2018,7825.98
12/07/2018,7823.92
11/07/2018,7716.61
10/07/2018,7759.2
09/07/2018,7756.2
06/07/2018,7688.39
05/07/2018,7586.43
03/07/2018,7502.67
02/07/2018,7567.69
29/06/2018,7510.3
28/06/2018,7503.68
27/06/2018,7445.08
26/06/2018,7561.63
25/06/2018,7532.01
22/06/2018,7692.82
21/06/2018,7712.95
20/06/2018,7781.51
19/06/2018,7725.59
18/06/2018,7747.03
15/06/2018,7746.38
14/06/2018,7761.04
13/06/2018,7695.7
12/06/2018,7703.79
11/06/2018,7659.93
08/06/2018,7645.51
07/06/2018,7635.07
06/06/2018,7689.24
05/06/2018,7637.86
04/06/2018,7606.46
01/06/2018,7554.33
31/05/2018,7442.12
30/05/2018,7462.45
29/05/2018,7396.59
25/05/2018,7433.85
24/05/2018,7424.43
23/05/2018,7425.96
22/05/2018,7378.46
21/05/2018,7394.04
18/05/2018,7354.34
17/05/2018,7382.47
16/05/2018,7398.3
15/05/2018,7351.63
14/05/2018,7411.32
11/05/2018,7402.88
10/05/2018,7404.97
09/05/2018,7339.91
08/05/2018,7266.9
07/05/2018,7265.21
04/05/2018,7209.62
03/05/2018,7088.15
02/05/2018,7100.9
01/05/2018,7130.7
30/04/2018,7066.27
27/04/2018,7119.8
26/04/2018,7118.68
25/04/2018,7003.74
24/04/2018,7007.35
23/04/2018,7128.6
20/04/2018,7146.13
19/04/2018,7238.06
18/04/2018,7295.24
17/04/2018,7281.1
16/04/2018,7156.28
13/04/2018,7106.65
12/04/2018,7140.25
11/04/2018,7069.03
10/04/2018,7094.3
09/04/2018,6950.34
06/04/2018,6915.11
05/04/2018,7076.55
04/04/2018,7042.11
03/04/2018,6941.28
02/04/2018,6870.12
29/03/2018,7063.45
28/03/2018,6949.23
27/03/2018,7008.81
26/03/2018,7220.54
23/03/2018,6992.67
22/03/2018,7166.68
21/03/2018,7345.29
20/03/2018,7364.3
19/03/2018,7344.24
16/03/2018,7481.99
15/03/2018,7481.74
14/03/2018,7496.81
13/03/2018,7511.01
12/03/2018,7588.32
09/03/2018,7560.81
08/03/2018,7427.95
07/03/2018,7396.65
06/03/2018,7372.01
05/03/2018,7330.71
02/03/2018,7257.87
01/03/2018,7180.56
28/02/2018,7273.01
27/02/2018,7330.35
26/02/2018,7421.46
23/02/2018,7337.39
22/02/2018,7210.09
21/02/2018,7218.23
20/02/2018,7234.31
16/02/2018,7239.47
15/02/2018,7256.43
14/02/2018,7143.62
13/02/2018,7013.51
12/02/2018,6981.96
09/02/2018,6874.49
08/02/2018,6777.16
07/02/2018,7051.98
06/02/2018,7115.88
05/02/2018,6967.53
02/02/2018,7240.95
01/02/2018,7385.86
31/01/2018,7411.48
30/01/2018,7402.48
29/01/2018,7466.51
26/01/2018,7505.77
25/01/2018,7411.16
24/01/2018,7415.06
23/01/2018,7460.29
22/01/2018,7408.03
19/01/2018,7336.38
18/01/2018,7296.05
17/01/2018,7298.28
16/01/2018,7223.69
12/01/2018,7261.06
11/01/2018,7211.78
10/01/2018,7153.57
09/01/2018,7163.58
08/01/2018,7157.39
05/01/2018,7136.56
04/01/2018,7077.91
03/01/2018,7065.53
02/01/2018,7006.9
29/12/2017,6903.39
28/12/2017,6950.16
27/12/2017,6939.34
26/12/2017,6936.25
22/12/2017,6959.96
21/12/2017,6965.36
20/12/2017,6960.96
19/12/2017,6963.85
18/12/2017,6994.76
15/12/2017,6936.58
14/12/2017,6856.53
13/12/2017,6875.8
12/12/2017,6862.32
11/12/2017,6875.08
08/12/2017,6840.08
07/12/2017,6812.84
06/12/2017,6776.38
05/12/2017,6762.21
04/12/2017,6775.37
01/12/2017,6847.59
30/11/2017,6873.97
29/11/2017,6824.39
28/11/2017,6912.36
27/11/2017,6878.52
24/11/2017,6889.16
22/11/2017,6867.36
21/11/2017,6862.48
20/11/2017,6790.71
17/11/2017,6782.79
16/11/2017,6793.29
15/11/2017,6706.21
14/11/2017,6737.87
13/11/2017,6757.6
10/11/2017,6750.94
09/11/2017,6750.05
08/11/2017,6789.12
07/11/2017,6767.78
06/11/2017,6786.44
03/11/2017,6764.44
02/11/2017,6714.94
01/11/2017,6716.53
31/10/2017,6727.67
30/10/2017,6698.96
27/10/2017,6701.26
26/10/2017,6556.77
25/10/2017,6563.89
24/10/2017,6598.43
23/10/2017,6586.83
20/10/2017,6629.05
19/10/2017,6605.07
18/10/2017,6624.22
17/10/2017,6623.66
16/10/2017,6624.0
13/10/2017,6605.8
12/10/2017,6591.51
11/10/2017,6603.55
10/10/2017,6587.25
09/10/2017,6579.73
06/10/2017,6590.18
05/10/2017,6585.36
04/10/2017,6534.63
03/10/2017,6531.71
02/10/2017,6516.72
29/09/2017,6495.96
28/09/2017,6453.45
27/09/2017,6453.26
26/09/2017,6380.16
25/09/2017,6370.59
22/09/2017,6426.92
21/09/2017,6422.69
20/09/2017,6456.04
19/09/2017,6461.32
18/09/2017,6454.64
15/09/2017,6448.47
14/09/2017,6429.08
13/09/2017,6460.19
12/09/2017,6454.28
11/09/2017,6432.26
08/09/2017,6360.19
07/09/2017,6397.87
06/09/2017,6393.31
05/09/2017,6375.57
01/09/2017,6435.33
31/08/2017,6428.66
30/08/2017,6368.31
29/08/2017,6301.89
28/08/2017,6283.02
25/08/2017,6265.64
24/08/2017,6271.33
23/08/2017,6278.41
22/08/2017,6297.48
21/08/2017,6213.13
18/08/2017,6216.53
17/08/2017,6221.91
16/08/2017,6345.11
15/08/2017,6333.01
14/08/2017,6340.23
11/08/2017,6256.56
10/08/2017,6216.87
09/08/2017,6352.33
08/08/2017,6370.46
07/08/2017,6383.77
04/08/2017,6351.56
03/08/2017,6340.34
02/08/2017,6362.65
01/08/2017,6362.94
31/07/2017,6348.12
28/07/2017,6374.68
27/07/2017,6382.19
26/07/2017,6422.75
25/07/2017,6412.17
24/07/2017,6410.81
21/07/2017,6387.75
20/07/2017,6390.0
19/07/2017,6385.04
18/07/2017,6344.31
17/07/2017,6314.43
14/07/2017,6312.47
13/07/2017,6274.44
12/07/2017,6261.17
11/07/2017,6193.3
10/07/2017,6176.39
07/07/2017,6153.08
06/07/2017,6089.46
05/07/2017,6150.86
03/07/2017,6110.06
30/06/2017,6140.42
29/06/2017,6144.35
28/06/2017,6234.41
27/06/2017,6146.62
26/06/2017,6247.15
23/06/2017,6265.25
22/06/2017,6236.69
21/06/2017,6233.95
20/06/2017,6188.03
19/06/2017,6239.01
16/06/2017,6151.76
15/06/2017,6165.5
14/06/2017,6194.89
13/06/2017,6220.37
12/06/2017,6175.46
09/06/2017,6207.92
08/06/2017,6321.76
07/06/2017,6297.38
06/06/2017,6275.06
05/06/2017,6295.68
02/06/2017,6305.8
01/06/2017,6246.83
31/05/2017,6198.52
30/05/2017,6203.19
26/05/2017,6210.19
25/05/2017,6205.26
24/05/2017,6163.02
23/05/2017,6138.71
22/05/2017,6133.62
19/05/2017,6083.7
18/05/2017,6055.13
17/05/2017,6011.24
16/05/2017,6169.87
15/05/2017,6149.67
12/05/2017,6121.23
11/05/2017,6115.96
10/05/2017,6129.14
09/05/2017,6120.59
08/05/2017,6102.66
05/05/2017,6100.76
04/05/2017,6075.34
03/05/2017,6072.55
02/05/2017,6095.37
01/05/2017,6091.6
28/04/2017,6047.61
27/04/2017,6048.94
26/04/2017,6025.23
25/04/2017,6025.49
24/04/2017,5983.82
21/04/2017,5910.52
20/04/2017,5916.78
19/04/2017,5863.03
18/04/2017,5849.47
17/04/2017,5856.79
13/04/2017,5805.15
12/04/2017,5836.16
11/04/2017,5866.77
10/04/2017,5880.93
07/04/2017,5877.81
06/04/2017,5878.95
05/04/2017,5864.48
04/04/2017,5898.61
03/04/2017,5894.68
31/03/2017,5911.74
30/03/2017,5914.34
29/03/2017,5897.55
28/03/2017,5875.14
27/03/2017,5840.37
24/03/2017,5828.74
23/03/2017,5817.69
22/03/2017,5821.64
21/03/2017,5793.83
20/03/2017,5901.53
17/03/2017,5901.0
16/03/2017,5900.76
15/03/2017,5900.05
14/03/2017,5856.82
13/03/2017,5875.78
10/03/2017,5861.73
09/03/2017,5838.81
08/03/2017,5837.55
07/03/2017,5833.93
06/03/2017,5849.18
03/03/2017,5870.75
02/03/2017,5861.22
01/03/2017,5904.03
28/02/2017,5825.44
27/02/2017,5861.9
24/02/2017,5845.31
23/02/2017,5835.51
22/02/2017,5860.63
21/02/2017,5865.95
17/02/2017,5838.58
16/02/2017,5814.9
15/02/2017,5819.44
14/02/2017,5782.57
13/02/2017,5763.96
10/02/2017,5734.13
09/02/2017,5715.18
08/02/2017,5682.45
07/02/2017,5674.22
06/02/2017,5663.55
03/02/2017,5666.77
02/02/2017,5636.2
01/02/2017,5642.65
31/01/2017,5614.79
30/01/2017,5613.71
27/01/2017,5660.78
26/01/2017,5655.18
25/01/2017,5656.34
24/01/2017,5600.96
23/01/2017,5552.94
20/01/2017,5555.33
19/01/2017,5540.08
18/01/2017,5555.65
17/01/2017,5538.73
13/01/2017,5574.12
12/01/2017,5547.49
11/01/2017,5563.65
10/01/2017,5551.82
09/01/2017,5531.82
06/01/2017,5521.06
05/01/2017,5487.94
04/01/2017,5477.0
03/01/2017,5429.08
30/12/2016,5383.12
29/12/2016,5432.09
28/12/2016,5438.56
27/12/2016,5487.44
23/12/2016,5462.69
22/12/2016,5447.42
21/12/2016,5471.43
20/12/2016,5483.94
19/12/2016,5457.44
16/12/2016,5437.16
15/12/2016,5456.85
14/12/2016,5436.67
13/12/2016,5463.83
12/12/2016,5412.54
09/12/2016,5444.5
08/12/2016,5417.36
07/12/2016,5393.76
06/12/2016,5333.0
05/12/2016,5308.89
02/12/2016,5255.65
01/12/2016,5251.11
30/11/2016,5323.68
29/11/2016,5379.92
28/11/2016,5368.81
25/11/2016,5398.92
23/11/2016,5380.68
22/11/2016,5386.35
21/11/2016,5368.86
18/11/2016,5321.51
17/11/2016,5333.97
16/11/2016,5294.58
15/11/2016,5275.62
14/11/2016,5218.4
11/11/2016,5237.11
10/11/2016,5208.8
09/11/2016,5251.07
08/11/2016,5193.49
07/11/2016,5166.17
04/11/2016,5046.37
03/11/2016,5058.41
02/11/2016,5105.57
01/11/2016,5153.58
31/10/2016,5189.14
28/10/2016,5190.1
27/10/2016,5215.97
26/10/2016,5250.27
25/10/2016,5283.4
24/10/2016,5309.83
21/10/2016,5257.4
20/10/2016,5241.83
19/10/2016,5246.41
18/10/2016,5243.84
17/10/2016,5199.82
14/10/2016,5214.16
13/10/2016,5213.33
12/10/2016,5239.02
11/10/2016,5246.79
10/10/2016,5328.67
07/10/2016,5292.4
06/10/2016,5306.85
05/10/2016,5316.02
04/10/2016,5289.66
03/10/2016,5300.87
30/09/2016,5312.0
29/09/2016,5269.15
28/09/2016,5318.55
27/09/2016,5305.71
26/09/2016,5257.49
23/09/2016,5305.75
22/09/2016,5339.52
21/09/2016,5295.18
20/09/2016,5241.35
19/09/2016,5235.03
16/09/2016,5244.57
15/09/2016,5249.69
14/09/2016,5173.77
13/09/2016,5155.25
12/09/2016,5211.89
09/09/2016,5125.91
08/09/2016,5259.48
07/09/2016,5283.93
06/09/2016,5275.91
02/09/2016,5249.9
01/09/2016,5227.21
31/08/2016,5213.22
30/08/2016,5222.99
29/08/2016,5232.33
26/08/2016,5218.92
25/08/2016,5212.2
24/08/2016,5217.69
23/08/2016,5260.08
22/08/2016,5244.6
19/08/2016,5238.38
18/08/2016,5240.15
17/08/2016,5228.66
16/08/2016,5227.11
15/08/2016,5262.02
12/08/2016,5232.89
11/08/2016,5228.4
10/08/2016,5204.58
09/08/2016,5225.48
08/08/2016,5213.14
05/08/2016,5221.12
04/08/2016,5166.25
03/08/2016,5159.74
02/08/2016,5137.73
01/08/2016,5184.2
29/07/2016,5162.13
28/07/2016,5154.98
27/07/2016,5139.81
26/07/2016,5110.05
25/07/2016,5097.63
22/07/2016,5100.16
21/07/2016,5073.9
20/07/2016,5089.93
19/07/2016,5036.37
18/07/2016,5055.78
15/07/2016,5029.59
14/07/2016,5034.06
13/07/2016,5005.73
12/07/2016,5022.82
11/07/2016,4988.64
08/07/2016,4956.76
07/07/2016,4876.81
06/07/2016,4859.16
05/07/2016,4822.9
01/07/2016,4862.57
30/06/2016,4842.67
29/06/2016,4779.25
28/06/2016,4691.87
27/06/2016,4594.44
24/06/2016,4707.98
23/06/2016,4910.04
22/06/2016,4833.32
21/06/2016,4843.76
20/06/2016,4837.21
17/06/2016,4800.34
16/06/2016,4844.92
15/06/2016,4834.93
14/06/2016,4843.55
13/06/2016,4848.44
10/06/2016,4894.55
09/06/2016,4958.62
08/06/2016,4974.64
07/06/2016,4961.75
06/06/2016,4968.71
03/06/2016,4942.52
02/06/2016,4971.36
01/06/2016,4952.25
31/05/2016,4948.05
27/05/2016,4933.5
26/05/2016,4901.77
25/05/2016,4894.89
24/05/2016,4861.06
23/05/2016,4765.78
20/05/2016,4769.56
19/05/2016,4712.53
18/05/2016,4739.12
17/05/2016,4715.73
16/05/2016,4775.46
13/05/2016,4717.68
12/05/2016,4737.33
11/05/2016,4760.69
10/05/2016,4809.88
09/05/2016,4750.21
06/05/2016,4736.16
05/05/2016,4717.09
04/05/2016,4725.64
03/05/2016,4763.22
02/05/2016,4817.59
29/04/2016,4775.36
28/04/2016,4805.29
27/04/2016,4863.14
26/04/2016,4888.28
25/04/2016,4895.79
22/04/2016,4906.23
21/04/2016,4945.89
20/04/2016,4948.13
19/04/2016,4940.33
18/04/2016,4960.02
15/04/2016,4938.22
14/04/2016,4945.89
13/04/2016,4947.42
12/04/2016,4872.09
11/04/2016,4833.4
08/04/2016,4850.69
07/04/2016,4848.37
06/04/2016,4920.72
05/04/2016,4843.93
04/04/2016,4891.8
01/04/2016,4914.54
31/03/2016,4869.85
30/03/2016,4869.29
29/03/2016,4846.62
28/03/2016,4766.79
24/03/2016,4773.5
23/03/2016,4768.86
22/03/2016,4821.66
21/03/2016,4808.87
18/03/2016,4795.65
17/03/2016,4774.99
16/03/2016,4763.97
15/03/2016,4728.67
14/03/2016,4750.28
11/03/2016,4748.47
10/03/2016,4662.16
09/03/2016,4674.38
08/03/2016,4648.82
07/03/2016,4708.25
04/03/2016,4717.02
03/03/2016,4707.42
02/03/2016,4703.42
01/03/2016,4689.6
29/02/2016,4557.95
26/02/2016,4590.47
25/02/2016,4582.2
24/02/2016,4542.61
23/02/2016,4503.58
22/02/2016,4570.61
19/02/2016,4504.43
18/02/2016,4487.54
17/02/2016,4534.06
16/02/2016,4435.96
12/02/2016,4337.51
11/02/2016,4266.84
10/02/2016,4283.59
09/02/2016,4268.76
08/02/2016,4283.75
05/02/2016,4363.14
04/02/2016,4509.56
03/02/2016,4504.24
02/02/2016,4516.95
01/02/2016,4620.37
29/01/2016,4613.95
28/01/2016,4506.68
27/01/2016,4468.17
26/01/2016,4567.67
25/01/2016,4518.49
22/01/2016,4591.18
21/01/2016,4472.06
20/01/2016,4471.69
19/01/2016,4476.95
15/01/2016,4488.42
14/01/2016,4615.0
13/01/2016,4526.06
12/01/2016,4685.92
11/01/2016,4637.99
08/01/2016,4643.63
07/01/2016,4689.43
06/01/2016,4835.76
05/01/2016,4891.43
04/01/2016,4903.09
31/12/2015,5007.41
30/12/2015,5065.85
29/12/2015,5107.94
28/12/2015,5040.99
24/12/2015,5048.49
23/12/2015,5045.93
22/12/2015,5001.11
21/12/2015,4968.92
18/12/2015,4923.08
17/12/2015,5002.55
16/12/2015,5071.13
15/12/2015,4995.36
14/12/2015,4952.23
11/12/2015,4933.47
10/12/2015,5045.17
09/12/2015,5022.87
08/12/2015,5098.24
07/12/2015,5101.81
04/12/2015,5142.27
03/12/2015,5037.53
02/12/2015,5123.22
01/12/2015,5156.31
30/11/2015,5108.67
27/11/2015,5127.52
25/11/2015,5116.14
24/11/2015,5102.81
23/11/2015,5102.48
20/11/2015,5104.92
19/11/2015,5073.64
18/11/2015,5075.2
17/11/2015,4986.02
16/11/2015,4984.62
13/11/2015,4927.88
12/11/2015,5005.08
11/11/2015,5067.02
10/11/2015,5083.24
09/11/2015,5095.3
06/11/2015,5147.12
05/11/2015,5127.74
04/11/2015,5142.48
03/11/2015,5145.13
02/11/2015,5127.15
30/10/2015,5053.75
29/10/2015,5074.27
28/10/2015,5095.69
27/10/2015,5030.15
26/10/2015,5034.7
23/10/2015,5031.86
22/10/2015,4920.05
21/10/2015,4840.12
20/10/2015,4880.97
19/10/2015,4905.47
16/10/2015,4886.69
15/10/2015,4870.1
14/10/2015,4782.85
13/10/2015,4796.61
12/10/2015,4838.64
09/10/2015,4830.47
08/10/2015,4810.79
07/10/2015,4791.15
06/10/2015,4748.36
05/10/2015,4781.26
02/10/2015,4707.78
01/10/2015,4627.08
30/09/2015,4620.16
29/09/2015,4517.32
28/09/2015,4543.97
25/09/2015,4686.5
24/09/2015,4734.48
23/09/2015,4752.74
22/09/2015,4756.72
21/09/2015,4828.95
18/09/2015,4827.23
17/09/2015,4893.95
16/09/2015,4889.24
15/09/2015,4860.52
14/09/2015,4805.76
11/09/2015,4822.34
10/09/2015,4796.25
09/09/2015,4756.53
08/09/2015,4811.93
04/09/2015,4683.92
03/09/2015,4733.5
02/09/2015,4749.98
01/09/2015,4636.1
31/08/2015,4776.51
28/08/2015,4828.32
27/08/2015,4812.71
26/08/2015,4697.54
25/08/2015,4506.49
24/08/2015,4526.25
21/08/2015,4706.04
20/08/2015,4877.49
19/08/2015,5019.05
18/08/2015,5059.35
17/08/2015,5091.7
14/08/2015,5048.24
13/08/2015,5033.56
12/08/2015,5044.39
11/08/2015,5036.79
10/08/2015,5101.8
07/08/2015,5043.54
06/08/2015,5056.44
05/08/2015,5139.94
04/08/2015,5105.55
03/08/2015,5115.38
31/07/2015,5128.28
30/07/2015,5128.78
29/07/2015,5111.73
28/07/2015,5089.21
27/07/2015,5039.78
24/07/2015,5088.63
23/07/2015,5146.41
22/07/2015,5171.77
21/07/2015,5208.12
20/07/2015,5218.86
17/07/2015,5210.14
16/07/2015,5163.18
15/07/2015,5098.94
14/07/2015,5104.89
13/07/2015,5071.51
10/07/2015,4997.7
09/07/2015,4922.4
08/07/2015,4909.76
07/07/2015,4997.46
06/07/2015,4991.94
02/07/2015,5009.21
01/07/2015,5013.12
30/06/2015,4986.87
29/06/2015,4958.47
26/06/2015,5080.51
25/06/2015,5112.19
24/06/2015,5122.41
23/06/2015,5160.09
22/06/2015,5153.97
19/06/2015,5117.0
18/06/2015,5132.95
17/06/2015,5064.88
16/06/2015,5055.55
15/06/2015,5029.97
12/06/2015,5051.1
11/06/2015,5082.51
10/06/2015,5076.69
09/06/2015,5013.87
08/06/2015,5021.63
05/06/2015,5068.46
04/06/2015,5059.12
03/06/2015,5099.23
02/06/2015,5076.52
01/06/2015,5082.93
29/05/2015,5070.03
28/05/2015,5097.98
27/05/2015,5106.59
26/05/2015,5032.75
22/05/2015,5089.36
21/05/2015,5090.79
20/05/2015,5071.74
19/05/2015,5070.03
18/05/2015,5078.44
15/05/2015,5048.29
14/05/2015,5050.8
13/05/2015,4981.69
12/05/2015,4976.19
11/05/2015,4993.57
08/05/2015,5003.55
07/05/2015,4945.54
06/05/2015,4919.64
05/05/2015,4939.33
04/05/2015,5016.93
01/05/2015,5005.39
30/04/2015,4941.42
29/04/2015,5023.64
28/04/2015,5055.42
27/04/2015,5060.25
24/04/2015,5092.08
23/04/2015,5056.06
22/04/2015,5035.17
21/04/2015,5014.1
20/04/2015,4994.6
17/04/2015,4931.81
16/04/2015,5007.79
15/04/2015,5011.02
14/04/2015,4977.29
13/04/2015,4988.25
10/04/2015,4995.98
09/04/2015,4974.56
08/04/2015,4950.82
07/04/2015,4910.23
06/04/2015,4917.32
02/04/2015,4886.94
01/04/2015,4880.23
31/03/2015,4900.88
30/03/2015,4947.44
27/03/2015,4891.22
26/03/2015,4863.36
25/03/2015,4876.52
24/03/2015,4994.73
23/03/2015,5010.97
20/03/2015,5026.42
19/03/2015,4992.38
18/03/2015,4982.83
17/03/2015,4937.43
16/03/2015,4929.51
13/03/2015,4871.76
12/03/2015,4893.29
11/03/2015,4849.94
10/03/2015,4859.79
09/03/2015,4942.44
06/03/2015,4927.37
05/03/2015,4982.81
04/03/2015,4967.14
03/03/2015,4979.9
02/03/2015,5008.1
27/02/2015,4963.53
26/02/2015,4987.89
25/02/2015,4967.14
24/02/2015,4968.12
23/02/2015,4960.97
20/02/2015,4955.97
19/02/2015,4924.7
18/02/2015,4906.36
17/02/2015,4899.27
13/02/2015,4893.84
12/02/2015,4857.61
11/02/2015,4801.18
10/02/2015,4787.64
09/02/2015,4726.01
06/02/2015,4744.4
05/02/2015,4765.1
04/02/2015,4716.7
03/02/2015,4727.74
02/02/2015,4676.69
30/01/2015,4635.24
29/01/2015,4683.41
28/01/2015,4637.99
27/01/2015,4681.5
26/01/2015,4771.76
23/01/2015,4757.88
22/01/2015,4750.4
21/01/2015,4667.42
20/01/2015,4654.85
16/01/2015,4634.38
15/01/2015,4570.82
14/01/2015,4639.32
13/01/2015,4661.5
12/01/2015,4664.71
09/01/2015,4704.07
08/01/2015,4736.19
07/01/2015,4650.47
06/01/2015,4592.74
05/01/2015,4652.57
02/01/2015,4726.81
31/12/2014,4736.05
30/12/2014,4777.44
29/12/2014,4806.91
26/12/2014,4806.86
24/12/2014,4773.47
23/12/2014,4765.42
22/12/2014,4781.42
19/12/2014,4765.38
18/12/2014,4748.4
17/12/2014,4644.31
16/12/2014,4547.83
15/12/2014,4605.16
12/12/2014,4653.6
11/12/2014,4708.16
10/12/2014,4684.02
09/12/2014,4766.47
08/12/2014,4740.69
05/12/2014,4780.76
04/12/2014,4769.44
03/12/2014,4774.47
02/12/2014,4755.81
01/12/2014,4727.35
28/11/2014,4791.63
26/11/2014,4787.32
25/11/2014,4758.25
24/11/2014,4754.89
21/11/2014,4712.97
20/11/2014,4701.87
19/11/2014,4675.71
18/11/2014,4702.44
17/11/2014,4671.0
14/11/2014,4688.54
13/11/2014,4680.14
12/11/2014,4675.14
11/11/2014,4660.56
10/11/2014,4651.62
07/11/2014,4632.53
06/11/2014,4638.47
05/11/2014,4620.72
04/11/2014,4623.64
03/11/2014,4638.91
31/10/2014,4630.74
30/10/2014,4566.14
29/10/2014,4549.23
28/10/2014,4564.29
27/10/2014,4485.93
24/10/2014,4483.72
23/10/2014,4452.79
22/10/2014,4382.85
21/10/2014,4419.48
20/10/2014,4316.07
17/10/2014,4258.44
16/10/2014,4217.39
15/10/2014,4215.32
14/10/2014,4227.17
13/10/2014,4213.66
10/10/2014,4276.24
09/10/2014,4378.34
08/10/2014,4468.59
07/10/2014,4385.2
06/10/2014,4454.8
03/10/2014,4475.62
02/10/2014,4430.2
01/10/2014,4422.09
30/09/2014,4493.39
29/09/2014,4505.85
26/09/2014,4512.19
25/09/2014,4466.75
24/09/2014,4555.22
23/09/2014,4508.69
22/09/2014,4527.69
19/09/2014,4579.79
18/09/2014,4593.43
17/09/2014,4562.19
16/09/2014,4552.76
15/09/2014,4518.9
12/09/2014,4567.6
11/09/2014,4591.81
10/09/2014,4586.52
09/09/2014,4552.29
08/09/2014,4592.29
05/09/2014,4582.9
04/09/2014,4562.29
03/09/2014,4572.56
02/09/2014,4598.19
29/08/2014,4580.27
28/08/2014,4557.7
27/08/2014,4569.62
26/08/2014,4570.64
25/08/2014,4557.35
22/08/2014,4538.55
21/08/2014,4532.1
20/08/2014,4526.48
19/08/2014,4527.51
18/08/2014,4508.31
15/08/2014,4464.93
14/08/2014,4453.0
13/08/2014,4434.13
12/08/2014,4389.25
11/08/2014,4401.33
08/08/2014,4370.9
07/08/2014,4334.97
06/08/2014,4355.05
05/08/2014,4352.84
04/08/2014,4383.89
01/08/2014,4352.64
31/07/2014,4369.77
30/07/2014,4462.9
29/07/2014,4442.7
28/07/2014,4444.91
25/07/2014,4449.56
24/07/2014,4472.11
23/07/2014,4473.7
22/07/2014,4456.02
21/07/2014,4424.7
18/07/2014,4432.15
17/07/2014,4363.45
16/07/2014,4425.97
15/07/2014,4416.39
14/07/2014,4440.42
11/07/2014,4415.49
10/07/2014,4396.2
09/07/2014,4419.03
08/07/2014,4391.46
07/07/2014,4451.53
03/07/2014,4485.93
02/07/2014,4457.73
01/07/2014,4458.65
30/06/2014,4408.18
27/06/2014,4397.93
26/06/2014,4379.05
25/06/2014,4379.76
24/06/2014,4350.35
23/06/2014,4368.68
20/06/2014,4368.04
19/06/2014,4359.33
18/06/2014,4362.84
17/06/2014,4337.23
16/06/2014,4321.1
13/06/2014,4310.65
12/06/2014,4297.63
11/06/2014,4331.93
10/06/2014,4338.0
09/06/2014,4336.24
06/06/2014,4321.4
05/06/2014,4296.23
04/06/2014,4251.64
03/06/2014,4234.08
02/06/2014,4237.2
30/05/2014,4242.62
29/05/2014,4247.95
28/05/2014,4225.08
27/05/2014,4237.07
23/05/2014,4185.81
22/05/2014,4154.34
21/05/2014,4131.54
20/05/2014,4096.89
19/05/2014,4125.81
16/05/2014,4090.59
15/05/2014,4069.29
14/05/2014,4100.63
13/05/2014,4130.17
12/05/2014,4143.86
09/05/2014,4071.87
08/05/2014,4051.5
07/05/2014,4067.67
06/05/2014,4080.76
05/05/2014,4138.06
02/05/2014,4123.9
01/05/2014,4127.45
30/04/2014,4114.56
29/04/2014,4103.54
28/04/2014,4074.4
25/04/2014,4075.56
24/04/2014,4148.34
23/04/2014,4126.97
22/04/2014,4161.46
21/04/2014,4121.55
17/04/2014,4095.52
16/04/2014,4086.23
15/04/2014,4034.16
14/04/2014,4022.69
11/04/2014,3999.73
10/04/2014,4054.11
09/04/2014,4183.9
08/04/2014,4112.99
07/04/2014,4079.75
04/04/2014,4127.73
03/04/2014,4237.74
02/04/2014,4276.46
01/04/2014,4268.04
31/03/2014,4198.99
28/03/2014,4155.76
27/03/2014,4151.23
26/03/2014,4173.58
25/03/2014,4234.27
24/03/2014,4226.39
21/03/2014,4276.79
20/03/2014,4319.29
19/03/2014,4307.6
18/03/2014,4333.31
17/03/2014,4279.95
14/03/2014,4245.4
13/03/2014,4260.42
12/03/2014,4323.33
11/03/2014,4307.19
10/03/2014,4334.45
07/03/2014,4336.22
06/03/2014,4352.13
05/03/2014,4357.97
04/03/2014,4351.97
03/03/2014,4277.3
28/02/2014,4308.12
27/02/2014,4318.93
26/02/2014,4292.06
25/02/2014,4287.59
24/02/2014,4292.97
21/02/2014,4263.41
20/02/2014,4267.55
19/02/2014,4237.95
18/02/2014,4272.78
14/02/2014,4244.02
13/02/2014,4240.67
12/02/2014,4201.29
11/02/2014,4191.05
10/02/2014,4148.17
07/02/2014,4125.86
06/02/2014,4057.12
05/02/2014,4011.55
04/02/2014,4031.52
03/02/2014,3996.96
31/01/2014,4103.88
30/01/2014,4123.13
29/01/2014,4051.43
28/01/2014,4097.96
27/01/2014,4083.61
24/01/2014,4128.17
23/01/2014,4218.88
22/01/2014,4243.0
21/01/2014,4225.76
17/01/2014,4197.58
16/01/2014,4218.69
15/01/2014,4214.88
14/01/2014,4183.02
13/01/2014,4113.3
10/01/2014,4174.67
09/01/2014,4156.19
08/01/2014,4165.61
07/01/2014,4153.18
06/01/2014,4113.68
03/01/2014,4131.91
02/01/2014,4143.07
31/12/2013,4176.59
30/12/2013,4154.2
27/12/2013,4156.59
26/12/2013,4167.18
24/12/2013,4155.42
23/12/2013,4148.9
20/12/2013,4104.74
19/12/2013,4058.14
18/12/2013,4070.06
17/12/2013,4023.68
16/12/2013,4029.52
13/12/2013,4000.98
12/12/2013,3998.4
11/12/2013,4003.81
10/12/2013,4060.49
09/12/2013,4068.75
06/12/2013,4062.52
05/12/2013,4033.17
04/12/2013,4038.0
03/12/2013,4037.2
02/12/2013,4045.26
29/11/2013,4059.89
27/11/2013,4044.75
26/11/2013,4017.75
25/11/2013,3994.57
22/11/2013,3991.65
21/11/2013,3969.16
20/11/2013,3921.27
19/11/2013,3931.55
18/11/2013,3949.07
15/11/2013,3985.97
14/11/2013,3972.74
13/11/2013,3965.58
12/11/2013,3919.92
11/11/2013,3919.79
08/11/2013,3919.23
07/11/2013,3857.33
06/11/2013,3931.95
05/11/2013,3939.86
04/11/2013,3936.59
01/11/2013,3922.04
31/10/2013,3919.71
30/10/2013,3930.62
29/10/2013,3952.34
28/10/2013,3940.13
25/10/2013,3943.36
24/10/2013,3928.96
23/10/2013,3907.07
22/10/2013,3929.57
21/10/2013,3920.05
18/10/2013,3914.28
17/10/2013,3863.15
16/10/2013,3839.43
15/10/2013,3794.01
14/10/2013,3815.28
11/10/2013,3791.87
10/10/2013,3760.75
09/10/2013,3677.78
08/10/2013,3694.83
07/10/2013,3770.38
04/10/2013,3807.75
03/10/2013,3774.34
02/10/2013,3815.02
01/10/2013,3817.98
30/09/2013,3771.48
27/09/2013,3781.59
26/09/2013,3787.43
25/09/2013,3761.1
24/09/2013,3768.25
23/09/2013,3765.29
20/09/2013,3774.73
19/09/2013,3789.38
18/09/2013,3783.64
17/09/2013,3745.7
16/09/2013,3717.85
13/09/2013,3722.18
12/09/2013,3715.97
11/09/2013,3725.01
10/09/2013,3729.02
09/09/2013,3706.18
06/09/2013,3660.01
05/09/2013,3658.78
04/09/2013,3649.04
03/09/2013,3612.61
30/08/2013,3589.87
29/08/2013,3620.3
28/08/2013,3593.35
27/08/2013,3578.52
26/08/2013,3657.57
23/08/2013,3657.79
22/08/2013,3638.71
21/08/2013,3599.79
20/08/2013,3613.59
19/08/2013,3589.09
16/08/2013,3602.78
15/08/2013,3606.12
14/08/2013,3669.27
13/08/2013,3684.44
12/08/2013,3669.95
09/08/2013,3660.11
08/08/2013,3669.12
07/08/2013,3654.01
06/08/2013,3665.77
05/08/2013,3692.95
02/08/2013,3689.59
01/08/2013,3675.74
31/07/2013,3626.37
30/07/2013,3616.47
29/07/2013,3599.14
26/07/2013,3613.16
25/07/2013,3605.19
24/07/2013,3579.6
23/07/2013,3579.27
22/07/2013,3600.39
19/07/2013,3587.61
18/07/2013,3611.28
17/07/2013,3610.0
16/07/2013,3598.5
15/07/2013,3607.49
12/07/2013,3600.08
11/07/2013,3578.3
10/07/2013,3520.76
09/07/2013,3504.26
08/07/2013,3484.83
05/07/2013,3479.38
03/07/2013,3443.67
02/07/2013,3433.4
01/07/2013,3434.49
28/06/2013,3403.25
27/06/2013,3401.86
26/06/2013,3376.22
25/06/2013,3347.89
24/06/2013,3320.76
21/06/2013,3357.25
20/06/2013,3364.64
19/06/2013,3443.2
18/06/2013,3482.18
17/06/2013,3452.13
14/06/2013,3423.56
13/06/2013,3445.36
12/06/2013,3400.43
11/06/2013,3436.95
10/06/2013,3473.77
07/06/2013,3469.22
06/06/2013,3424.05
05/06/2013,3401.48
04/06/2013,3445.26
03/06/2013,3465.37
31/05/2013,3455.91
30/05/2013,3491.3
29/05/2013,3467.52
28/05/2013,3488.89
24/05/2013,3459.14
23/05/2013,3459.42
22/05/2013,3463.3
21/05/2013,3502.12
20/05/2013,3496.43
17/05/2013,3498.97
16/05/2013,3465.24
15/05/2013,3471.62
14/05/2013,3462.61
13/05/2013,3438.79
10/05/2013,3436.58
09/05/2013,3409.17
08/05/2013,3413.27
07/05/2013,3396.63
06/05/2013,3392.97
03/05/2013,3378.63
02/05/2013,3340.62
01/05/2013,3299.13
30/04/2013,3328.79
29/04/2013,3307.02
26/04/2013,3279.26
25/04/2013,3289.99
24/04/2013,3269.65
23/04/2013,3269.33
22/04/2013,3233.55
19/04/2013,3206.06
18/04/2013,3166.36
17/04/2013,3204.67
16/04/2013,3264.63
15/04/2013,3216.49
12/04/2013,3294.95
11/04/2013,3300.16
10/04/2013,3297.25
09/04/2013,3237.86
08/04/2013,3222.25
05/04/2013,3203.86
04/04/2013,3224.98
03/04/2013,3218.6
02/04/2013,3254.86
01/04/2013,3239.17
28/03/2013,3267.52
27/03/2013,3256.52
26/03/2013,3252.48
25/03/2013,3235.3
22/03/2013,3245.0
21/03/2013,3222.6
20/03/2013,3254.19
19/03/2013,3229.1
18/03/2013,3237.59
15/03/2013,3249.07
14/03/2013,3258.93
13/03/2013,3245.12
12/03/2013,3242.32
11/03/2013,3252.87
08/03/2013,3244.37
07/03/2013,3232.09
06/03/2013,3222.37
05/03/2013,3224.13
04/03/2013,3182.03
01/03/2013,3169.74
28/02/2013,3160.19
27/02/2013,3162.26
26/02/2013,3129.65
25/02/2013,3116.25
22/02/2013,3161.82
21/02/2013,3131.49
20/02/2013,3164.41
19/02/2013,3213.59
15/02/2013,3192.03
14/02/2013,3198.66
13/02/2013,3196.88
12/02/2013,3186.49
11/02/2013,3192.0
08/02/2013,3193.87
07/02/2013,3165.13
06/02/2013,3168.48
05/02/2013,3171.58
04/02/2013,3131.17
01/02/2013,3179.1
31/01/2013,3142.13
30/01/2013,3142.31
29/01/2013,3153.66
28/01/2013,3154.3
25/01/2013,3149.71
24/01/2013,3130.38
23/01/2013,3153.67
22/01/2013,3143.18
18/01/2013,3134.71
17/01/2013,3136.0
16/01/2013,3117.54
15/01/2013,3110.78
14/01/2013,3117.5
11/01/2013,3125.63
10/01/2013,3121.76
09/01/2013,3105.81
08/01/2013,3091.81
07/01/2013,3098.81
04/01/2013,3101.66
03/01/2013,3100.57
02/01/2013,3112.26
31/12/2012,3019.51
28/12/2012,2960.31
27/12/2012,2985.91
26/12/2012,2990.16
24/12/2012,3012.6
21/12/2012,3021.01
20/12/2012,3050.39
19/12/2012,3044.36
18/12/2012,3054.53
17/12/2012,3010.6
14/12/2012,2971.33
13/12/2012,2992.16
12/12/2012,3013.81
11/12/2012,3022.3
10/12/2012,2986.96
07/12/2012,2978.04
06/12/2012,2989.27
05/12/2012,2973.7
04/12/2012,2996.69
03/12/2012,3002.2
30/11/2012,3010.24
29/11/2012,3012.03
28/11/2012,2991.78
27/11/2012,2967.79
26/11/2012,2976.78
23/11/2012,2966.85
21/11/2012,2926.55
20/11/2012,2916.68
19/11/2012,2916.07
16/11/2012,2853.13
15/11/2012,2836.94
14/11/2012,2846.81
13/11/2012,2883.89
12/11/2012,2904.25
09/11/2012,2904.87
08/11/2012,2895.58
07/11/2012,2937.29
06/11/2012,3011.93
05/11/2012,2999.66
02/11/2012,2982.13
01/11/2012,3020.06
31/10/2012,2977.23
26/10/2012,2987.95
25/10/2012,2986.12
24/10/2012,2981.7
23/10/2012,2990.46
22/10/2012,3016.96
19/10/2012,3005.62
18/10/2012,3072.87
17/10/2012,3104.12
16/10/2012,3101.17
15/10/2012,3064.18
12/10/2012,3044.11
11/10/2012,3049.41
10/10/2012,3051.78
09/10/2012,3065.02
08/10/2012,3112.35
05/10/2012,3136.19
04/10/2012,3149.46
03/10/2012,3135.23
02/10/2012,3120.04
01/10/2012,3113.53
28/09/2012,3116.23
27/09/2012,3136.6
26/09/2012,3093.7
25/09/2012,3117.73
24/09/2012,3160.78
21/09/2012,3179.96
20/09/2012,3175.96
19/09/2012,3182.62
18/09/2012,3177.8
17/09/2012,3178.67
14/09/2012,3183.95
13/09/2012,3155.83
12/09/2012,3114.31
11/09/2012,3104.53
10/09/2012,3104.02
07/09/2012,3136.42
06/09/2012,3135.81
05/09/2012,3069.27
04/09/2012,3075.06
31/08/2012,3066.96
30/08/2012,3048.71
29/08/2012,3081.19
28/08/2012,3077.14
27/08/2012,3073.19
24/08/2012,3069.79
23/08/2012,3053.4
22/08/2012,3073.67
21/08/2012,3067.26
20/08/2012,3076.21
17/08/2012,3076.59
16/08/2012,3062.39
15/08/2012,3030.93
14/08/2012,3016.98
13/08/2012,3022.52
10/08/2012,3020.86
09/08/2012,3018.64
08/08/2012,3011.25
07/08/2012,3015.86
06/08/2012,2989.91
03/08/2012,2967.9
02/08/2012,2909.77
01/08/2012,2920.21
31/07/2012,2939.52
30/07/2012,2945.84
27/07/2012,2958.09
26/07/2012,2893.25
25/07/2012,2854.24
24/07/2012,2862.99
23/07/2012,2890.15
20/07/2012,2925.3
19/07/2012,2965.9
18/07/2012,2942.6
17/07/2012,2910.04
16/07/2012,2896.94
13/07/2012,2908.47
12/07/2012,2866.19
11/07/2012,2887.98
10/07/2012,2902.33
09/07/2012,2931.77
06/07/2012,2937.33
05/07/2012,2976.12
03/07/2012,2976.08
02/07/2012,2951.23
29/06/2012,2935.05
28/06/2012,2849.49
27/06/2012,2875.32
26/06/2012,2854.06
25/06/2012,2836.16
22/06/2012,2892.42
21/06/2012,2859.09
20/06/2012,2930.45
19/06/2012,2929.76
18/06/2012,2895.33
15/06/2012,2872.8
14/06/2012,2836.33
13/06/2012,2818.61
12/06/2012,2843.07
11/06/2012,2809.73
08/06/2012,2858.42
07/06/2012,2831.02
06/06/2012,2844.72
05/06/2012,2778.11
04/06/2012,2760.01
01/06/2012,2747.48
31/05/2012,2827.34
30/05/2012,2837.36
29/05/2012,2870.99
25/05/2012,2837.53
24/05/2012,2839.38
23/05/2012,2850.12
22/05/2012,2839.08
21/05/2012,2847.21
18/05/2012,2778.79
17/05/2012,2813.69
16/05/2012,2874.04
15/05/2012,2893.76
14/05/2012,2902.58
11/05/2012,2933.82
10/05/2012,2933.64
09/05/2012,2934.71
08/05/2012,2946.27
07/05/2012,2957.76
04/05/2012,2956.34
03/05/2012,3024.3
02/05/2012,3059.85
01/05/2012,3050.44
30/04/2012,3046.36
27/04/2012,3069.2
26/04/2012,3050.61
25/04/2012,3029.63
24/04/2012,2961.6
23/04/2012,2970.45
20/04/2012,3000.45
19/04/2012,3007.56
18/04/2012,3031.45
17/04/2012,3042.82
16/04/2012,2988.4
13/04/2012,3011.33
12/04/2012,3055.55
11/04/2012,3016.46
10/04/2012,2991.22
09/04/2012,3047.08
05/04/2012,3080.5
04/04/2012,3068.09
03/04/2012,3113.57
02/04/2012,3119.7
30/03/2012,3091.57
29/03/2012,3095.36
28/03/2012,3104.96
27/03/2012,3120.35
26/03/2012,3122.57
23/03/2012,3067.92
22/03/2012,3063.32
21/03/2012,3075.32
20/03/2012,3074.15
19/03/2012,3078.32
16/03/2012,3055.26
15/03/2012,3056.37
14/03/2012,3040.73
13/03/2012,3039.88
12/03/2012,2983.66
09/03/2012,2988.34
08/03/2012,2970.42
07/03/2012,2935.69
06/03/2012,2910.32
05/03/2012,2950.48
02/03/2012,2976.19
01/03/2012,2988.97
29/02/2012,2966.89
28/02/2012,2986.76
27/02/2012,2966.16
24/02/2012,2963.75
23/02/2012,2956.98
22/02/2012,2933.17
21/02/2012,2948.57
17/02/2012,2951.78
16/02/2012,2959.85
15/02/2012,2915.83
14/02/2012,2931.83
13/02/2012,2931.39
10/02/2012,2903.88
09/02/2012,2927.23
08/02/2012,2915.86
07/02/2012,2904.08
06/02/2012,2901.99
03/02/2012,2905.66
02/02/2012,2859.68
01/02/2012,2848.27
31/01/2012,2813.84
30/01/2012,2811.94
27/01/2012,2816.55
26/01/2012,2805.28
25/01/2012,2818.31
24/01/2012,2786.64
23/01/2012,2784.17
20/01/2012,2786.7
19/01/2012,2788.33
18/01/2012,2769.71
17/01/2012,2728.08
13/01/2012,2710.67
12/01/2012,2724.7
11/01/2012,2710.76
10/01/2012,2702.5
09/01/2012,2676.56
06/01/2012,2674.22
05/01/2012,2669.86
04/01/2012,2648.36
03/01/2012,2648.72
30/12/2011,2605.15
29/12/2011,2613.74
28/12/2011,2589.98
27/12/2011,2625.2
23/12/2011,2618.64
22/12/2011,2599.45
21/12/2011,2577.97
20/12/2011,2603.73
19/12/2011,2523.14
16/12/2011,2555.33
15/12/2011,2541.01
14/12/2011,2539.31
13/12/2011,2579.27
12/12/2011,2612.26
09/12/2011,2646.85
08/12/2011,2596.38
07/12/2011,2649.21
06/12/2011,2649.56
05/12/2011,2655.76
02/12/2011,2626.93
01/12/2011,2626.2
30/11/2011,2620.34
29/11/2011,2515.51
28/11/2011,2527.34
25/11/2011,2441.51
23/11/2011,2460.08
22/11/2011,2521.28
21/11/2011,2523.14
18/11/2011,2572.5
17/11/2011,2587.99
16/11/2011,2639.61
15/11/2011,2686.2
14/11/2011,2657.22
11/11/2011,2678.75
10/11/2011,2625.15
09/11/2011,2621.65
08/11/2011,2727.49
07/11/2011,2695.25
04/11/2011,2686.15
03/11/2011,2697.97
02/11/2011,2639.98
01/11/2011,2606.96
31/10/2011,2684.41
28/10/2011,2737.15
27/10/2011,2738.63
26/10/2011,2650.67
25/10/2011,2638.42
24/10/2011,2699.44
21/10/2011,2637.46
20/10/2011,2598.62
19/10/2011,2604.04
18/10/2011,2657.43
17/10/2011,2614.92
14/10/2011,2667.85
13/10/2011,2620.24
12/10/2011,2604.73
11/10/2011,2583.03
10/10/2011,2566.05
07/10/2011,2479.35
06/10/2011,2506.82
05/10/2011,2460.51
04/10/2011,2404.82
03/10/2011,2335.83
30/09/2011,2415.4
29/09/2011,2480.76
28/09/2011,2491.58
27/09/2011,2546.83
26/09/2011,2516.69
23/09/2011,2483.23
22/09/2011,2455.67
21/09/2011,2538.19
20/09/2011,2590.24
19/09/2011,2612.83
16/09/2011,2622.31
15/09/2011,2607.07
14/09/2011,2572.55
13/09/2011,2532.15
12/09/2011,2495.09
09/09/2011,2467.99
08/09/2011,2529.14
07/09/2011,2548.94
06/09/2011,2473.83
02/09/2011,2480.33
01/09/2011,2546.04
31/08/2011,2579.46
30/08/2011,2576.11
29/08/2011,2562.11
26/08/2011,2479.85
25/08/2011,2419.63
24/08/2011,2467.69
23/08/2011,2446.06
22/08/2011,2345.38
19/08/2011,2341.84
18/08/2011,2380.43
17/08/2011,2511.48
16/08/2011,2523.45
15/08/2011,2555.2
12/08/2011,2507.98
11/08/2011,2492.68
10/08/2011,2381.05
09/08/2011,2482.52
08/08/2011,2357.69
05/08/2011,2532.41
04/08/2011,2556.39
03/08/2011,2693.07
02/08/2011,2669.24
01/08/2011,2744.61
29/07/2011,2756.38
28/07/2011,2766.25
27/07/2011,2764.79
26/07/2011,2839.96
25/07/2011,2842.8
22/07/2011,2858.83
21/07/2011,2834.43
20/07/2011,2814.23
19/07/2011,2826.52
18/07/2011,2765.11
15/07/2011,2789.8
14/07/2011,2762.67
13/07/2011,2796.92
12/07/2011,2781.91
11/07/2011,2802.62
08/07/2011,2859.81
07/07/2011,2872.66
06/07/2011,2834.02
05/07/2011,2825.77
01/07/2011,2816.03
30/06/2011,2773.52
29/06/2011,2740.49
28/06/2011,2729.31
27/06/2011,2688.28
24/06/2011,2652.89
23/06/2011,2686.75
22/06/2011,2669.19
21/06/2011,2687.26
20/06/2011,2629.66
17/06/2011,2616.48
16/06/2011,2623.7
15/06/2011,2631.46
14/06/2011,2678.72
13/06/2011,2639.69
10/06/2011,2643.73
09/06/2011,2684.87
08/06/2011,2675.38
07/06/2011,2701.56
06/06/2011,2702.56
03/06/2011,2732.78
02/06/2011,2773.31
01/06/2011,2769.19
31/05/2011,2835.3
27/05/2011,2796.86
26/05/2011,2782.92
25/05/2011,2761.38
24/05/2011,2746.16
23/05/2011,2758.9
20/05/2011,2803.32
19/05/2011,2823.31
18/05/2011,2815.0
17/05/2011,2783.21
16/05/2011,2782.31
13/05/2011,2828.47
12/05/2011,2863.04
11/05/2011,2845.06
10/05/2011,2871.89
09/05/2011,2843.25
06/05/2011,2827.56
05/05/2011,2814.72
04/05/2011,2828.23
03/05/2011,2841.62
02/05/2011,2864.08
29/04/2011,2873.54
28/04/2011,2872.53
27/04/2011,2869.88
26/04/2011,2847.54
25/04/2011,2825.88
21/04/2011,2820.16
20/04/2011,2802.51
19/04/2011,2744.97
18/04/2011,2735.38
15/04/2011,2764.65
14/04/2011,2760.22
13/04/2011,2761.52
12/04/2011,2744.79
11/04/2011,2771.51
08/04/2011,2780.42
07/04/2011,2796.14
06/04/2011,2799.82
05/04/2011,2791.19
04/04/2011,2789.19
01/04/2011,2789.6
31/03/2011,2781.07
30/03/2011,2776.79
29/03/2011,2756.89
28/03/2011,2730.68
25/03/2011,2743.06
24/03/2011,2736.42
23/03/2011,2698.3
22/03/2011,2683.87
21/03/2011,2692.09
18/03/2011,2643.67
17/03/2011,2636.05
16/03/2011,2616.82
15/03/2011,2667.33
14/03/2011,2700.97
11/03/2011,2715.61
10/03/2011,2701.02
09/03/2011,2751.72
08/03/2011,2765.77
07/03/2011,2745.63
04/03/2011,2784.67
03/03/2011,2798.74
02/03/2011,2748.07
01/03/2011,2737.41
28/02/2011,2782.27
25/02/2011,2781.05
24/02/2011,2737.9
23/02/2011,2722.99
22/02/2011,2756.42
18/02/2011,2833.95
17/02/2011,2831.58
16/02/2011,2825.56
15/02/2011,2804.35
14/02/2011,2817.18
11/02/2011,2809.44
10/02/2011,2790.45
09/02/2011,2789.07
08/02/2011,2797.05
07/02/2011,2783.99
04/02/2011,2769.3
03/02/2011,2753.88
02/02/2011,2749.56
01/02/2011,2751.19
31/01/2011,2700.08
28/01/2011,2686.89
27/01/2011,2755.28
26/01/2011,2739.5
25/01/2011,2719.25
24/01/2011,2717.55
21/01/2011,2689.54
20/01/2011,2704.29
19/01/2011,2725.36
18/01/2011,2765.85
14/01/2011,2755.3
13/01/2011,2735.29
12/01/2011,2737.33
11/01/2011,2716.83
10/01/2011,2707.8
07/01/2011,2703.17
06/01/2011,2709.89
05/01/2011,2702.2
04/01/2011,2681.25
03/01/2011,2691.52
31/12/2010,2652.87
30/12/2010,2662.98
29/12/2010,2666.93
28/12/2010,2662.88
27/12/2010,2667.27
23/12/2010,2665.6
22/12/2010,2671.48
21/12/2010,2667.61
20/12/2010,2649.56
17/12/2010,2642.97
16/12/2010,2637.31
15/12/2010,2617.22
14/12/2010,2627.72
13/12/2010,2624.91
10/12/2010,2637.54
09/12/2010,2616.67
08/12/2010,2609.16
07/12/2010,2598.49
06/12/2010,2594.92
03/12/2010,2591.46
02/12/2010,2579.35
01/12/2010,2549.43
30/11/2010,2498.23
29/11/2010,2525.22
26/11/2010,2534.56
24/11/2010,2543.12
23/11/2010,2494.95
22/11/2010,2532.02
19/11/2010,2518.12
18/11/2010,2514.4
17/11/2010,2476.01
16/11/2010,2469.84
15/11/2010,2513.82
12/11/2010,2518.21
11/11/2010,2555.52
10/11/2010,2578.78
09/11/2010,2562.98
08/11/2010,2580.05
05/11/2010,2578.98
04/11/2010,2577.34
03/11/2010,2540.27
02/11/2010,2533.52
01/11/2010,2504.84
29/10/2010,2507.41
28/10/2010,2507.37
27/10/2010,2503.26
26/10/2010,2497.29
25/10/2010,2490.85
22/10/2010,2479.39
21/10/2010,2459.67
20/10/2010,2457.39
19/10/2010,2436.95
18/10/2010,2480.66
15/10/2010,2468.77
14/10/2010,2435.38
13/10/2010,2441.23
12/10/2010,2417.92
11/10/2010,2402.33
08/10/2010,2401.91
07/10/2010,2383.67
06/10/2010,2380.66
05/10/2010,2399.83
04/10/2010,2344.52
01/10/2010,2370.75
30/09/2010,2368.62
29/09/2010,2376.56
28/09/2010,2379.59
27/09/2010,2369.77
24/09/2010,2381.22
23/09/2010,2327.08
22/09/2010,2334.55
21/09/2010,2349.35
20/09/2010,2355.83
17/09/2010,2315.61
16/09/2010,2303.25
15/09/2010,2301.32
14/09/2010,2289.77
13/09/2010,2285.71
10/09/2010,2242.48
09/09/2010,2236.2
08/09/2010,2228.87
07/09/2010,2208.89
03/09/2010,2233.75
02/09/2010,2200.01
01/09/2010,2176.84
31/08/2010,2114.03
30/08/2010,2119.97
27/08/2010,2153.63
26/08/2010,2118.69
25/08/2010,2141.54
24/08/2010,2123.76
23/08/2010,2159.63
20/08/2010,2179.76
19/08/2010,2178.95
18/08/2010,2215.7
17/08/2010,2209.44
16/08/2010,2181.87
13/08/2010,2173.48
12/08/2010,2190.27
11/08/2010,2208.63
10/08/2010,2277.17
09/08/2010,2305.69
06/08/2010,2288.47
05/08/2010,2293.06
04/08/2010,2303.57
03/08/2010,2283.52
02/08/2010,2295.36
30/07/2010,2254.7
29/07/2010,2251.69
28/07/2010,2264.56
27/07/2010,2288.25
26/07/2010,2296.43
23/07/2010,2269.47
22/07/2010,2245.89
21/07/2010,2187.33
20/07/2010,2222.49
19/07/2010,2198.23
16/07/2010,2179.05
15/07/2010,2249.08
14/07/2010,2249.84
13/07/2010,2242.03
12/07/2010,2198.36
09/07/2010,2196.45
08/07/2010,2175.4
07/07/2010,2159.47
06/07/2010,2093.88
02/07/2010,2091.79
01/07/2010,2101.36
30/06/2010,2109.24
29/06/2010,2135.18
28/06/2010,2220.65
25/06/2010,2223.48
24/06/2010,2217.42
23/06/2010,2254.23
22/06/2010,2261.8
21/06/2010,2289.09
18/06/2010,2309.8
17/06/2010,2307.16
16/06/2010,2305.93
15/06/2010,2305.88
14/06/2010,2243.96
11/06/2010,2243.6
10/06/2010,2218.71
09/06/2010,2158.85
08/06/2010,2170.57
07/06/2010,2173.9
04/06/2010,2219.17
03/06/2010,2303.03
02/06/2010,2281.07
01/06/2010,2222.33
28/05/2010,2257.04
27/05/2010,2277.68
26/05/2010,2195.88
25/05/2010,2210.95
24/05/2010,2213.55
21/05/2010,2229.04
20/05/2010,2204.01
19/05/2010,2298.37
18/05/2010,2317.26
17/05/2010,2354.23
14/05/2010,2346.85
13/05/2010,2394.36
12/05/2010,2425.02
11/05/2010,2375.31
10/05/2010,2374.67
07/05/2010,2265.64
06/05/2010,2319.64
05/05/2010,2402.29
04/05/2010,2424.25
03/05/2010,2498.74
30/04/2010,2461.19
29/04/2010,2511.92
28/04/2010,2471.73
27/04/2010,2471.47
26/04/2010,2522.95
23/04/2010,2530.15
22/04/2010,2519.07
21/04/2010,2504.61
20/04/2010,2500.31
19/04/2010,2480.11
16/04/2010,2481.26
15/04/2010,2515.69
14/04/2010,2504.86
13/04/2010,2465.99
12/04/2010,2457.87
09/04/2010,2454.05
08/04/2010,2436.81
07/04/2010,2431.16
06/04/2010,2436.81
05/04/2010,2429.53
01/04/2010,2402.58
