Date,platinum
11/03/2023,944.3
11/02/2023,930.6
11/01/2023,930.4
10/31/2023,944.9
10/30/2023,939.9
10/27/2023,905.8
10/26/2023,909.0
10/25/2023,912.4
10/24/2023,891.9
10/23/2023,905.0
10/20/2023,905.1
10/19/2023,898.2
10/18/2023,894.3
10/17/2023,906.2
10/16/2023,899.4
10/13/2023,884.2
10/12/2023,875.8
10/11/2023,893.0
10/10/2023,890.2
10/09/2023,888.8
10/06/2023,881.5
10/05/2023,862.5
10/04/2023,874.2
10/03/2023,879.6
10/02/2023,886.8
09/29/2023,915.9
09/28/2023,915.1
09/27/2023,886.5
09/26/2023,907.1
09/25/2023,917.5
09/22/2023,934.1
09/21/2023,924.6
09/20/2023,942.3
09/19/2023,948.4
09/18/2023,938.3
09/15/2023,929.5
09/14/2023,911.1
09/13/2023,905.2
09/12/2023,912.8
09/11/2023,902.3
09/08/2023,894.8
09/07/2023,909.6
09/06/2023,915.3
09/05/2023,933.5
09/01/2023,968.7
08/31/2023,974.4
08/30/2023,983.3
08/29/2023,986.1
08/28/2023,972.2
08/25/2023,948.2
08/24/2023,943.0
08/23/2023,938.2
08/22/2023,925.5
08/21/2023,913.5
08/18/2023,915.0
08/17/2023,895.6
08/16/2023,891.3
08/15/2023,892.2
08/14/2023,906.8
08/11/2023,914.6
08/10/2023,914.8
08/09/2023,892.7
08/08/2023,904.2
08/07/2023,926.9
08/04/2023,928.5
08/03/2023,921.8
08/02/2023,930.4
08/01/2023,940.4
07/31/2023,958.6
07/28/2023,943.7
07/27/2023,945.0
07/26/2023,972.0
07/25/2023,976.6
07/24/2023,969.5
07/21/2023,972.2
07/20/2023,964.1
07/19/2023,984.8
07/18/2023,994.4
07/17/2023,987.5
07/14/2023,984.3
07/13/2023,983.4
07/12/2023,956.6
07/11/2023,932.4
07/10/2023,934.8
07/07/2023,918.5
07/06/2023,909.7
07/05/2023,925.0
07/03/2023,916.0
06/30/2023,913.2
06/29/2023,906.8
06/28/2023,924.9
06/27/2023,928.5
06/26/2023,928.6
06/23/2023,923.7
06/22/2023,926.5
06/21/2023,949.0
06/20/2023,968.0
06/16/2023,987.3
06/15/2023,991.9
06/14/2023,980.0
06/13/2023,981.9
06/12/2023,995.3
06/09/2023,"1,012.8"
06/08/2023,"1,013.9"
06/07/2023,"1,024.6"
06/06/2023,"1,038.7"
06/05/2023,"1,036.4"
06/02/2023,"1,003.5"
06/01/2023,"1,010.1"
05/31/2023,999.0
05/30/2023,"1,021.9"
05/26/2023,"1,028.1"
05/25/2023,"1,026.3"
05/24/2023,"1,029.5"
05/23/2023,"1,057.6"
05/22/2023,"1,077.3"
05/19/2023,"1,075.7"
05/18/2023,"1,058.2"
05/17/2023,"1,082.6"
05/16/2023,"1,066.9"
05/15/2023,"1,074.7"
05/12/2023,"1,067.0"
05/11/2023,"1,105.0"
05/10/2023,"1,119.1"
05/09/2023,"1,116.0"
05/08/2023,"1,087.7"
05/05/2023,"1,068.3"
05/04/2023,"1,050.3"
05/03/2023,"1,061.8"
05/02/2023,"1,078.3"
05/01/2023,"1,064.7"
04/28/2023,"1,090.1"
04/27/2023,"1,093.2"
04/26/2023,"1,106.0"
04/25/2023,"1,098.2"
04/24/2023,"1,097.7"
04/21/2023,"1,138.7"
04/20/2023,"1,107.6"
04/19/2023,"1,105.7"
04/18/2023,"1,097.3"
04/17/2023,"1,059.6"
04/14/2023,"1,054.0"
04/13/2023,"1,065.5"
04/12/2023,"1,027.5"
04/11/2023,"1,005.1"
04/10/2023,"1,002.9"
04/06/2023,"1,016.8"
04/05/2023,"1,007.4"
04/04/2023,"1,029.0"
04/03/2023,996.4
03/31/2023,"1,003.1"
03/30/2023,996.9
03/29/2023,977.4
03/28/2023,963.4
03/27/2023,977.1
03/24/2023,983.9
03/23/2023,992.9
03/22/2023,987.0
03/21/2023,976.7
03/20/2023,996.8
03/17/2023,978.6
03/16/2023,977.1
03/15/2023,970.3
03/14/2023,997.3
03/13/2023,"1,004.9"
03/10/2023,962.2
03/09/2023,949.3
03/08/2023,940.6
03/07/2023,936.3
03/06/2023,978.6
03/03/2023,979.4
03/02/2023,963.2
03/01/2023,961.8
02/28/2023,955.5
02/27/2023,941.9
02/24/2023,907.9
02/23/2023,945.5
02/22/2023,953.3
02/21/2023,948.6
02/17/2023,921.4
02/16/2023,931.0
02/15/2023,917.8
02/14/2023,939.2
02/13/2023,959.4
02/10/2023,951.8
02/09/2023,964.2
02/08/2023,987.2
02/07/2023,986.2
02/06/2023,974.6
02/03/2023,980.3
02/02/2023,"1,032.6"
02/01/2023,"1,001.7"
01/31/2023,"1,021.1"
01/30/2023,"1,020.6"
01/27/2023,"1,016.8"
01/26/2023,"1,023.0"
01/25/2023,"1,046.1"
01/24/2023,"1,066.8"
01/23/2023,"1,056.3"
01/20/2023,"1,047.8"
01/19/2023,"1,041.1"
01/18/2023,"1,043.7"
01/17/2023,"1,046.9"
01/13/2023,"1,072.5"
01/12/2023,"1,084.3"
01/11/2023,"1,084.3"
01/10/2023,"1,088.5"
01/09/2023,"1,098.6"
01/06/2023,"1,104.3"
01/05/2023,"1,069.6"
01/04/2023,"1,092.3"
01/03/2023,"1,093.3"
12/30/2022,"1,082.9"
12/29/2022,"1,065.0"
12/28/2022,"1,020.2"
12/27/2022,"1,029.7"
12/23/2022,"1,029.6"
12/22/2022,984.6
12/21/2022,"1,002.0"
12/20/2022,"1,013.0"
12/19/2022,987.7
12/16/2022,"1,000.0"
12/15/2022,"1,013.2"
12/14/2022,"1,038.7"
12/13/2022,"1,038.9"
12/12/2022,"1,008.0"
12/09/2022,"1,036.2"
12/08/2022,"1,014.6"
12/07/2022,"1,011.5"
12/06/2022,995.4
12/05/2022,"1,007.5"
12/02/2022,"1,026.6"
12/01/2022,"1,054.9"
11/30/2022,"1,039.3"
11/29/2022,"1,008.6"
11/28/2022,999.3
11/25/2022,987.8
11/23/2022,996.8
11/22/2022,995.7
11/21/2022,987.9
11/18/2022,984.3
11/17/2022,991.5
11/16/2022,"1,016.2"
11/15/2022,"1,022.4"
11/14/2022,"1,033.0"
11/11/2022,"1,038.1"
11/10/2022,"1,055.0"
11/09/2022,997.3
11/08/2022,"1,014.5"
11/07/2022,989.4
11/04/2022,960.5
11/03/2022,924.1
11/02/2022,950.9
11/01/2022,950.5
10/31/2022,930.1
10/28/2022,949.1
10/27/2022,967.4
10/26/2022,962.5
10/25/2022,919.7
10/24/2022,926.6
10/21/2022,933.9
10/20/2022,915.1
10/19/2022,881.1
10/18/2022,907.3
10/17/2022,913.6
10/14/2022,894.9
10/13/2022,896.4
10/12/2022,881.0
10/11/2022,899.1
10/10/2022,895.8
10/07/2022,917.9
10/06/2022,921.8
10/05/2022,914.6
10/04/2022,933.7
10/03/2022,900.1
09/30/2022,859.1
09/29/2022,860.2
09/28/2022,860.8
09/27/2022,846.9
09/26/2022,850.1
09/23/2022,858.7
09/22/2022,906.0
09/21/2022,916.0
09/20/2022,922.8
09/19/2022,918.5
09/16/2022,901.0
09/15/2022,903.7
09/14/2022,905.4
09/13/2022,883.7
09/12/2022,904.2
09/09/2022,876.9
09/08/2022,866.4
09/07/2022,847.2
09/06/2022,833.9
09/02/2022,818.3
09/01/2022,805.5
08/31/2022,827.0
08/30/2022,832.1
08/29/2022,854.3
08/26/2022,855.3
08/25/2022,873.9
08/24/2022,866.8
08/23/2022,876.4
08/22/2022,868.0
08/19/2022,888.0
08/18/2022,904.9
08/17/2022,919.3
08/16/2022,931.3
08/15/2022,933.6
08/12/2022,959.4
08/11/2022,959.4
08/10/2022,946.1
08/09/2022,933.0
08/08/2022,938.4
08/05/2022,924.7
08/04/2022,924.9
08/03/2022,888.5
08/02/2022,905.0
08/01/2022,901.6
07/29/2022,889.8
07/28/2022,876.8
07/27/2022,877.2
07/26/2022,864.4
07/25/2022,869.3
07/22/2022,867.2
07/21/2022,858.7
07/20/2022,846.5
07/19/2022,858.9
07/18/2022,856.0
07/15/2022,830.9
07/14/2022,817.3
07/13/2022,837.8
07/12/2022,828.1
07/11/2022,860.7
07/08/2022,882.8
07/07/2022,865.8
07/06/2022,840.9
07/05/2022,850.7
07/01/2022,871.3
06/30/2022,895.3
06/29/2022,909.9
06/28/2022,905.6
06/27/2022,904.1
06/24/2022,903.7
06/23/2022,904.4
06/22/2022,926.9
06/21/2022,939.5
06/17/2022,930.2
06/16/2022,951.1
06/15/2022,924.6
06/14/2022,910.7
06/13/2022,932.3
06/10/2022,971.0
06/09/2022,975.9
06/08/2022,"1,011.6"
06/07/2022,"1,012.9"
06/06/2022,"1,030.0"
06/03/2022,"1,016.4"
06/02/2022,"1,028.4"
06/01/2022,996.4
05/31/2022,968.3
05/27/2022,943.0
05/26/2022,937.4
05/25/2022,929.3
05/24/2022,942.9
05/23/2022,950.3
05/20/2022,941.1
05/19/2022,953.7
05/18/2022,924.4
05/17/2022,943.4
05/16/2022,925.3
05/13/2022,930.7
05/12/2022,931.4
05/11/2022,989.8
05/10/2022,947.2
05/09/2022,938.5
05/06/2022,956.0
05/05/2022,973.4
05/04/2022,979.6
05/03/2022,958.6
05/02/2022,932.8
04/29/2022,939.6
04/28/2022,911.1
04/27/2022,910.4
04/26/2022,912.1
04/25/2022,905.0
04/22/2022,927.4
04/21/2022,967.8
04/20/2022,987.0
04/19/2022,988.7
04/18/2022,"1,020.5"
04/14/2022,994.2
04/13/2022,989.6
04/12/2022,972.4
04/11/2022,977.8
04/08/2022,975.6
04/07/2022,958.0
04/06/2022,953.1
04/05/2022,973.1
04/04/2022,991.0
04/01/2022,988.6
03/31/2022,995.8
03/30/2022,"1,001.2"
03/29/2022,973.0
03/28/2022,991.1
03/25/2022,"1,008.5"
03/24/2022,"1,031.2"
03/23/2022,"1,021.0"
03/22/2022,"1,025.1"
03/21/2022,"1,044.7"
03/18/2022,"1,035.9"
03/17/2022,"1,031.3"
03/16/2022,"1,008.1"
03/15/2022,"1,002.5"
03/14/2022,"1,052.3"
03/11/2022,"1,088.6"
03/10/2022,"1,095.2"
03/09/2022,"1,107.6"
03/08/2022,"1,153.2"
03/07/2022,"1,116.6"
03/04/2022,"1,116.8"
03/03/2022,"1,080.8"
03/02/2022,"1,068.0"
03/01/2022,"1,051.9"
02/28/2022,"1,038.7"
02/25/2022,"1,050.1"
02/24/2022,"1,062.1"
02/23/2022,"1,091.7"
02/22/2022,"1,086.0"
02/18/2022,"1,076.8"
02/17/2022,"1,092.7"
02/16/2022,"1,063.7"
02/15/2022,"1,020.4"
02/14/2022,"1,028.0"
02/11/2022,"1,018.7"
02/10/2022,"1,042.5"
02/09/2022,"1,037.4"
02/08/2022,"1,036.3"
02/07/2022,"1,020.0"
02/04/2022,"1,024.2"
02/03/2022,"1,030.3"
02/02/2022,"1,043.7"
02/01/2022,"1,023.2"
01/31/2022,"1,020.8"
01/28/2022,"1,006.6"
01/27/2022,"1,021.8"
01/26/2022,"1,045.9"
01/25/2022,"1,025.5"
01/24/2022,"1,020.3"
01/21/2022,"1,035.1"
01/20/2022,"1,050.8"
01/19/2022,"1,028.4"
01/18/2022,979.5
01/14/2022,964.6
01/13/2022,972.2
01/12/2022,980.1
01/11/2022,973.2
01/10/2022,933.6
01/07/2022,956.5
01/06/2022,960.7
01/05/2022,"1,001.9"
01/04/2022,971.2
01/03/2022,954.0
12/31/2021,966.2
12/30/2021,964.6
12/29/2021,970.0
12/28/2021,979.4
12/27/2021,969.2
12/23/2021,975.1
12/22/2021,968.4
12/21/2021,927.8
12/20/2021,926.4
12/17/2021,934.5
12/16/2021,928.9
12/15/2021,894.2
12/14/2021,910.9
12/13/2021,924.6
12/10/2021,934.2
12/09/2021,937.7
12/08/2021,955.9
12/07/2021,950.0
12/06/2021,936.4
12/03/2021,926.2
12/02/2021,933.1
12/01/2021,935.2
11/30/2021,927.3
11/29/2021,964.5
11/26/2021,954.3
11/24/2021,975.3
11/23/2021,964.2
11/22/2021,"1,015.1"
11/19/2021,"1,036.0"
11/18/2021,"1,056.4"
11/17/2021,"1,069.1"
11/16/2021,"1,074.5"
11/15/2021,"1,096.9"
11/12/2021,"1,089.2"
11/11/2021,"1,094.5"
11/10/2021,"1,077.0"
11/09/2021,"1,061.4"
11/08/2021,"1,060.0"
11/05/2021,"1,035.8"
11/04/2021,"1,029.3"
11/03/2021,"1,022.5"
11/02/2021,"1,039.3"
11/01/2021,"1,067.3"
10/29/2021,"1,020.7"
10/28/2021,"1,023.9"
10/27/2021,"1,019.3"
10/26/2021,"1,032.9"
10/25/2021,"1,063.8"
10/22/2021,"1,052.1"
10/21/2021,"1,049.7"
10/20/2021,"1,052.3"
10/19/2021,"1,047.1"
10/18/2021,"1,037.9"
10/15/2021,"1,058.9"
10/14/2021,"1,052.3"
10/13/2021,"1,024.2"
10/12/2021,"1,011.7"
10/11/2021,"1,006.9"
10/08/2021,"1,028.2"
10/07/2021,985.3
10/06/2021,977.2
10/05/2021,959.8
10/04/2021,961.6
10/01/2021,973.6
09/30/2021,962.4
09/29/2021,947.0
09/28/2021,960.0
09/27/2021,981.6
09/24/2021,979.9
09/23/2021,997.0
09/22/2021,"1,001.1"
09/21/2021,950.8
09/20/2021,899.2
09/17/2021,930.6
09/16/2021,923.3
09/15/2021,930.5
09/14/2021,938.7
09/13/2021,957.5
09/10/2021,956.5
09/09/2021,974.5
09/08/2021,976.1
09/07/2021,995.9
09/03/2021,"1,021.6"
09/02/2021,994.2
09/01/2021,999.6
08/31/2021,"1,014.1"
08/30/2021,"1,002.1"
08/27/2021,"1,006.5"
08/26/2021,975.5
08/25/2021,993.5
08/24/2021,"1,010.1"
08/23/2021,"1,014.1"
08/20/2021,994.2
08/19/2021,971.2
08/18/2021,996.4
08/17/2021,993.8
08/16/2021,"1,021.1"
08/13/2021,"1,026.0"
08/12/2021,"1,017.7"
08/11/2021,"1,015.6"
08/10/2021,987.0
08/09/2021,970.9
08/06/2021,972.2
08/05/2021,"1,005.7"
08/04/2021,"1,021.3"
08/03/2021,"1,046.9"
08/02/2021,"1,056.3"
07/30/2021,"1,048.4"
07/29/2021,"1,067.6"
07/28/2021,"1,058.1"
07/27/2021,"1,049.5"
07/26/2021,"1,070.0"
07/23/2021,"1,061.4"
07/22/2021,"1,090.6"
07/21/2021,"1,075.3"
07/20/2021,"1,065.2"
07/19/2021,"1,071.4"
07/16/2021,"1,108.5"
07/15/2021,"1,137.7"
07/14/2021,"1,128.1"
07/13/2021,"1,111.2"
07/12/2021,"1,123.0"
07/09/2021,"1,095.7"
07/08/2021,"1,074.5"
07/07/2021,"1,081.9"
07/06/2021,"1,084.0"
07/02/2021,"1,087.7"
07/01/2021,"1,080.9"
06/30/2021,"1,072.9"
06/29/2021,"1,070.6"
06/28/2021,"1,097.6"
06/25/2021,"1,103.6"
06/24/2021,"1,093.9"
06/23/2021,"1,086.5"
06/22/2021,"1,070.2"
06/21/2021,"1,050.6"
06/18/2021,"1,041.0"
06/17/2021,"1,055.2"
06/16/2021,"1,141.9"
06/15/2021,"1,148.6"
06/14/2021,"1,165.3"
06/11/2021,"1,151.1"
06/10/2021,"1,146.0"
06/09/2021,"1,151.8"
06/08/2021,"1,162.5"
06/07/2021,"1,174.8"
06/04/2021,"1,164.4"
06/03/2021,"1,162.5"
06/02/2021,"1,192.7"
06/01/2021,"1,199.7"
05/28/2021,"1,182.4"
05/27/2021,"1,179.1"
05/26/2021,"1,200.2"
05/25/2021,"1,196.9"
05/24/2021,"1,177.6"
05/21/2021,"1,169.4"
05/20/2021,"1,205.0"
05/19/2021,"1,201.6"
05/18/2021,"1,225.3"
05/17/2021,"1,244.5"
05/14/2021,"1,222.8"
05/13/2021,"1,206.5"
05/12/2021,"1,225.9"
05/11/2021,"1,241.2"
05/10/2021,"1,265.5"
05/07/2021,"1,254.5"
05/06/2021,"1,257.6"
05/05/2021,"1,228.8"
05/04/2021,"1,231.8"
05/03/2021,"1,230.1"
04/30/2021,"1,205.2"
04/29/2021,"1,197.6"
04/28/2021,"1,212.2"
04/27/2021,"1,249.5"
04/26/2021,"1,245.2"
04/23/2021,"1,233.1"
04/22/2021,"1,208.5"
04/21/2021,"1,214.7"
04/20/2021,"1,196.3"
04/19/2021,"1,206.5"
04/16/2021,"1,208.7"
04/15/2021,"1,200.2"
04/14/2021,"1,177.4"
04/13/2021,"1,157.1"
04/12/2021,"1,174.8"
04/09/2021,"1,209.3"
04/08/2021,"1,235.4"
04/07/2021,"1,231.9"
04/06/2021,"1,240.5"
04/05/2021,"1,209.8"
04/01/2021,"1,208.6"
03/31/2021,"1,191.5"
03/30/2021,"1,160.6"
03/29/2021,"1,181.7"
03/26/2021,"1,177.9"
03/25/2021,"1,154.2"
03/24/2021,"1,180.2"
03/23/2021,"1,174.6"
03/22/2021,"1,184.0"
03/19/2021,"1,200.1"
03/18/2021,"1,217.5"
03/17/2021,"1,199.3"
03/16/2021,"1,219.1"
03/15/2021,"1,209.5"
03/12/2021,"1,200.3"
03/11/2021,"1,202.3"
03/10/2021,"1,201.8"
03/09/2021,"1,175.4"
03/08/2021,"1,152.3"
03/05/2021,"1,128.3"
03/04/2021,"1,135.3"
03/03/2021,"1,181.8"
03/02/2021,"1,214.4"
03/01/2021,"1,191.3"
02/26/2021,"1,185.3"
02/25/2021,"1,231.5"
02/24/2021,"1,257.9"
02/23/2021,"1,239.7"
02/22/2021,"1,282.3"
02/19/2021,"1,293.1"
02/18/2021,"1,274.7"
02/17/2021,"1,257.7"
02/16/2021,"1,279.6"
02/12/2021,"1,259.0"
02/11/2021,"1,247.0"
02/10/2021,"1,246.9"
02/09/2021,"1,194.4"
02/08/2021,"1,175.2"
02/05/2021,"1,133.0"
02/04/2021,"1,103.0"
02/03/2021,"1,114.5"
02/02/2021,"1,096.0"
02/01/2021,"1,138.8"
01/29/2021,"1,079.2"
01/28/2021,"1,072.4"
01/27/2021,"1,079.0"
01/26/2021,"1,107.4"
01/25/2021,"1,104.7"
01/22/2021,"1,111.6"
01/21/2021,"1,128.0"
01/20/2021,"1,116.4"
01/19/2021,"1,092.0"
01/15/2021,"1,089.9"
01/14/2021,"1,126.4"
01/13/2021,"1,110.7"
01/12/2021,"1,067.8"
01/11/2021,"1,044.6"
01/08/2021,"1,071.3"
01/07/2021,"1,124.6"
01/06/2021,"1,110.2"
01/05/2021,"1,119.6"
01/04/2021,"1,079.2"
12/31/2020,"1,079.2"
12/30/2020,"1,078.5"
12/29/2020,"1,056.6"
12/28/2020,"1,043.1"
12/24/2020,"1,028.9"
12/23/2020,"1,017.1"
12/22/2020,"1,009.4"
12/21/2020,"1,016.1"
12/18/2020,"1,043.1"
12/17/2020,"1,050.1"
12/16/2020,"1,035.4"
12/15/2020,"1,039.3"
12/14/2020,"1,015.6"
12/11/2020,"1,021.8"
12/10/2020,"1,027.7"
12/09/2020,"1,018.5"
12/08/2020,"1,037.0"
12/07/2020,"1,049.4"
12/04/2020,"1,072.8"
12/03/2020,"1,038.6"
12/02/2020,"1,012.1"
12/01/2020,"1,003.9"
11/30/2020,965.9
11/27/2020,964.8
11/25/2020,969.8
11/24/2020,958.3
11/23/2020,931.7
11/20/2020,957.2
11/19/2020,951.5
11/18/2020,950.9
11/17/2020,937.1
11/16/2020,927.5
11/13/2020,896.0
11/12/2020,884.0
11/11/2020,868.1
11/10/2020,892.7
11/09/2020,867.4
11/06/2020,899.4
11/05/2020,899.9
11/04/2020,870.1
11/03/2020,875.0
11/02/2020,859.5
10/30/2020,848.4
10/29/2020,849.5
10/28/2020,875.0
10/27/2020,886.8
10/26/2020,877.4
10/23/2020,906.7
10/22/2020,884.0
10/21/2020,893.9
10/20/2020,877.3
10/19/2020,863.5
10/16/2020,869.3
10/15/2020,861.3
10/14/2020,863.4
10/13/2020,873.3
10/12/2020,876.3
10/09/2020,894.3
10/08/2020,864.0
10/07/2020,866.8
10/06/2020,870.3
10/05/2020,904.7
10/02/2020,891.4
10/01/2020,906.0
09/30/2020,909.2
09/29/2020,897.7
09/28/2020,882.6
09/25/2020,842.0
09/24/2020,838.0
09/23/2020,843.0
09/22/2020,857.4
09/21/2020,876.1
09/18/2020,938.5
09/17/2020,930.9
09/16/2020,973.5
09/15/2020,982.2
09/14/2020,958.7
09/11/2020,939.6
09/10/2020,941.0
09/09/2020,924.9
09/08/2020,910.3
09/04/2020,898.2
09/03/2020,889.6
09/02/2020,904.1
09/01/2020,952.7
08/31/2020,937.9
08/28/2020,940.0
08/27/2020,928.1
08/26/2020,939.8
08/25/2020,934.0
08/24/2020,924.5
08/21/2020,926.1
08/20/2020,926.9
08/19/2020,956.3
08/18/2020,975.4
08/17/2020,967.6
08/14/2020,959.1
08/13/2020,983.0
08/12/2020,959.2
08/11/2020,971.4
08/10/2020,"1,002.7"
08/07/2020,970.4
08/06/2020,"1,013.9"
08/05/2020,989.1
08/04/2020,955.2
08/03/2020,931.1
07/31/2020,918.9
07/30/2020,912.6
07/29/2020,958.5
07/28/2020,986.2
07/27/2020,966.6
07/24/2020,956.0
07/23/2020,963.8
07/22/2020,957.4
07/21/2020,918.9
07/20/2020,857.9
07/17/2020,849.6
07/16/2020,837.0
07/15/2020,843.2
07/14/2020,836.8
07/13/2020,863.0
07/10/2020,845.9
07/09/2020,846.9
07/08/2020,884.0
07/07/2020,863.2
07/06/2020,837.7
07/02/2020,831.6
07/01/2020,834.4
06/30/2020,851.2
06/29/2020,828.2
06/26/2020,809.9
06/25/2020,802.7
06/24/2020,804.6
06/23/2020,846.4
06/22/2020,843.7
06/19/2020,827.3
06/18/2020,812.2
06/17/2020,838.2
06/16/2020,843.9
06/15/2020,821.7
06/12/2020,819.0
06/11/2020,824.0
06/10/2020,846.0
06/09/2020,860.6
06/08/2020,861.2
06/05/2020,830.4
06/04/2020,865.0
06/03/2020,860.5
06/02/2020,868.7
06/01/2020,901.1
05/29/2020,874.6
05/28/2020,868.1
05/27/2020,878.1
05/26/2020,873.3
05/22/2020,886.3
05/21/2020,866.5
05/20/2020,934.5
05/19/2020,889.6
05/18/2020,869.3
05/15/2020,817.1
05/14/2020,775.0
05/13/2020,769.8
05/12/2020,777.4
05/11/2020,781.3
05/08/2020,789.3
05/07/2020,782.1
05/06/2020,765.5
05/05/2020,784.7
05/04/2020,778.5
05/01/2020,773.9
04/30/2020,813.0
04/29/2020,799.6
04/28/2020,795.6
04/27/2020,777.0
04/24/2020,773.8
04/23/2020,788.0
04/22/2020,765.3
04/21/2020,758.4
04/20/2020,796.0
04/17/2020,785.3
04/16/2020,793.3
04/15/2020,804.6
04/14/2020,819.7
04/13/2020,749.8
04/09/2020,748.6
04/08/2020,733.6
04/07/2020,745.0
04/06/2020,732.0
04/03/2020,718.1
04/02/2020,730.0
04/01/2020,717.8
03/31/2020,729.9
03/30/2020,723.8
03/27/2020,740.3
03/26/2020,737.1
03/25/2020,745.5
03/24/2020,701.7
03/23/2020,627.5
03/20/2020,622.5
03/19/2020,596.8
03/18/2020,605.0
03/17/2020,665.3
03/16/2020,657.7
03/12/2020,781.8
03/11/2020,868.2
03/10/2020,869.4
03/09/2020,862.8
03/06/2020,896.4
03/05/2020,865.7
03/04/2020,875.2
03/03/2020,869.3
03/02/2020,859.4
02/28/2020,905.5
02/27/2020,905.5
02/26/2020,914.8
02/25/2020,932.3
02/24/2020,974.2
02/21/2020,976.1
02/20/2020,979.0
02/19/2020,"1,004.5"
02/18/2020,993.9
02/14/2020,968.8
02/13/2020,974.7
02/12/2020,967.3
02/11/2020,973.5
02/10/2020,966.9
02/07/2020,969.2
02/06/2020,967.4
02/05/2020,987.1
02/04/2020,966.1
02/03/2020,970.7
01/31/2020,961.9
01/30/2020,980.5
01/29/2020,975.3
01/28/2020,995.0
01/27/2020,991.7
01/24/2020,"1,010.6"
01/23/2020,"1,007.3"
01/22/2020,"1,021.3"
01/21/2020,"1,007.5"
01/17/2020,"1,024.8"
01/16/2020,"1,001.2"
01/15/2020,"1,025.6"
01/14/2020,987.3
01/13/2020,982.1
01/10/2020,986.0
01/09/2020,972.0
01/08/2020,963.8
01/07/2020,971.6
01/06/2020,966.2
01/03/2020,990.3
01/02/2020,985.0
12/31/2019,977.8
12/30/2019,965.4
12/27/2019,950.4
12/26/2019,953.5
12/24/2019,942.8
12/23/2019,938.4
12/20/2019,913.8
12/19/2019,935.5
12/18/2019,935.7
12/17/2019,929.8
12/16/2019,931.3
12/13/2019,928.8
12/12/2019,939.5
12/11/2019,939.5
12/10/2019,922.6
12/09/2019,898.5
12/06/2019,898.9
12/05/2019,900.6
12/04/2019,901.8
12/03/2019,911.6
12/02/2019,899.7
11/29/2019,900.4
11/27/2019,895.4
11/26/2019,911.7
11/25/2019,900.4
11/22/2019,892.6
11/21/2019,917.5
11/20/2019,920.0
11/19/2019,912.3
11/18/2019,895.0
11/15/2019,894.5
11/14/2019,882.8
11/13/2019,874.8
11/12/2019,869.9
11/11/2019,880.6
11/08/2019,893.1
11/07/2019,914.0
11/06/2019,931.7
11/05/2019,930.6
11/04/2019,938.7
11/01/2019,954.0
10/31/2019,933.7
10/30/2019,930.6
10/29/2019,925.1
10/28/2019,919.0
10/25/2019,933.3
10/24/2019,925.1
10/23/2019,922.4
10/22/2019,896.0
10/21/2019,892.2
10/18/2019,895.9
10/17/2019,893.0
10/16/2019,890.7
10/15/2019,889.2
10/14/2019,899.4
10/11/2019,900.3
10/10/2019,907.9
10/09/2019,896.7
10/08/2019,890.1
10/07/2019,888.3
10/04/2019,886.9
10/03/2019,894.4
10/02/2019,894.4
10/01/2019,886.1
09/30/2019,889.2
09/27/2019,936.1
09/26/2019,936.1
09/25/2019,927.9
09/24/2019,955.4
09/23/2019,953.9
09/20/2019,942.6
09/19/2019,942.4
09/18/2019,934.6
09/17/2019,944.2
09/16/2019,939.2
09/13/2019,952.2
09/12/2019,952.6
09/11/2019,940.2
09/10/2019,936.6
09/09/2019,952.7
09/06/2019,958.5
09/05/2019,963.7
09/04/2019,984.2
09/03/2019,955.6
09/02/2019,931.7
08/30/2019,931.7
08/29/2019,920.0
08/28/2019,908.9
08/27/2019,868.2
08/26/2019,857.8
08/23/2019,855.3
08/22/2019,861.9
08/21/2019,858.1
08/20/2019,852.8
08/19/2019,856.8
08/16/2019,851.5
08/15/2019,842.0
08/14/2019,848.0
08/13/2019,859.7
08/12/2019,863.7
08/09/2019,863.8
08/08/2019,867.5
08/07/2019,871.0
08/06/2019,853.2
08/05/2019,857.9
08/02/2019,853.0
08/01/2019,851.3
07/31/2019,878.9
07/30/2019,872.6
07/29/2019,881.9
07/26/2019,867.8
07/25/2019,874.0
07/24/2019,881.1
07/23/2019,861.6
07/22/2019,852.7
07/19/2019,852.1
07/18/2019,849.9
07/17/2019,847.1
07/16/2019,846.9
07/15/2019,845.2
07/12/2019,834.6
07/11/2019,830.9
07/10/2019,830.0
07/09/2019,815.1
07/08/2019,820.4
07/05/2019,811.4
07/04/2019,843.6
07/03/2019,843.6
07/02/2019,833.5
07/01/2019,837.2
06/28/2019,841.1
06/27/2019,817.5
06/26/2019,816.6
06/25/2019,809.8
06/24/2019,811.7
06/21/2019,811.0
06/20/2019,805.6
06/19/2019,805.8
06/18/2019,802.0
06/17/2019,794.6
06/14/2019,804.7
06/13/2019,809.4
06/12/2019,810.5
06/11/2019,814.3
06/10/2019,805.2
06/07/2019,806.1
06/06/2019,803.7
06/05/2019,802.8
06/04/2019,819.1
06/03/2019,820.9
05/31/2019,794.2
05/30/2019,794.1
05/29/2019,791.7
05/28/2019,797.1
05/27/2019,802.9
05/24/2019,802.9
05/23/2019,799.5
05/22/2019,805.3
05/21/2019,815.4
05/20/2019,814.2
05/17/2019,820.3
05/16/2019,833.6
05/15/2019,847.7
05/14/2019,859.1
05/13/2019,854.9
05/10/2019,865.6
05/09/2019,851.4
05/08/2019,864.4
05/07/2019,873.4
05/06/2019,880.9
05/03/2019,874.8
05/02/2019,854.2
05/01/2019,877.4
04/30/2019,891.7
04/29/2019,901.3
04/26/2019,903.6
04/25/2019,889.7
04/24/2019,888.6
04/23/2019,893.8
04/22/2019,902.2
04/18/2019,903.7
04/17/2019,891.3
04/16/2019,884.2
04/15/2019,894.5
04/12/2019,898.5
04/11/2019,895.3
04/10/2019,908.9
04/09/2019,899.3
04/08/2019,912.9
04/05/2019,905.4
04/04/2019,904.5
04/03/2019,874.2
04/02/2019,852.5
04/01/2019,855.3
03/29/2019,854.1
03/28/2019,843.8
03/27/2019,856.5
03/26/2019,859.8
03/25/2019,857.7
03/22/2019,848.4
03/21/2019,861.1
03/20/2019,859.6
03/19/2019,852.6
03/18/2019,834.0
03/15/2019,831.8
03/14/2019,827.1
03/13/2019,841.7
03/12/2019,831.9
03/11/2019,816.8
03/08/2019,817.6
03/07/2019,817.1
03/06/2019,828.1
03/05/2019,838.0
03/04/2019,838.9
03/01/2019,863.7
02/28/2019,875.2
02/27/2019,869.9
02/26/2019,860.4
02/25/2019,853.6
02/22/2019,845.9
02/21/2019,826.3
02/20/2019,834.2
02/19/2019,821.0
02/15/2019,806.9
02/14/2019,789.2
02/13/2019,791.8
02/12/2019,789.6
02/11/2019,786.6
02/08/2019,802.5
02/07/2019,797.3
02/06/2019,813.8
02/05/2019,819.9
02/04/2019,822.8
02/01/2019,826.7
01/31/2019,824.7
01/30/2019,816.2
01/29/2019,815.8
01/28/2019,814.5
01/25/2019,818.3
01/24/2019,805.0
01/23/2019,796.4
01/22/2019,791.2
01/18/2019,802.1
01/17/2019,812.3
01/16/2019,807.9
01/15/2019,800.1
01/14/2019,802.5
01/11/2019,818.0
01/10/2019,826.1
01/09/2019,825.3
01/08/2019,821.8
01/07/2019,824.3
01/04/2019,827.2
01/03/2019,799.3
01/02/2019,804.0
12/31/2018,800.6
12/28/2018,796.4
12/27/2018,796.1
12/26/2018,800.1
12/24/2018,789.4
12/21/2018,795.8
12/20/2018,795.8
12/19/2018,796.0
12/18/2018,794.8
12/17/2018,795.9
12/14/2018,785.3
12/13/2018,797.5
12/12/2018,807.1
12/11/2018,785.5
12/10/2018,782.1
12/07/2018,790.4
12/06/2018,789.6
12/04/2018,804.2
12/03/2018,810.7
11/30/2018,799.8
11/29/2018,820.9
11/28/2018,826.3
11/27/2018,835.3
11/26/2018,847.8
11/23/2018,845.0
11/21/2018,850.6
11/20/2018,847.0
11/19/2018,857.6
11/16/2018,846.6
11/15/2018,845.3
11/14/2018,833.8
11/13/2018,841.3
11/12/2018,845.3
11/09/2018,856.0
11/08/2018,870.3
11/07/2018,878.8
11/06/2018,871.5
11/05/2018,869.4
11/02/2018,875.7
11/01/2018,862.8
10/31/2018,843.0
10/30/2018,839.0
10/29/2018,836.9
10/26/2018,834.4
10/25/2018,831.9
10/24/2018,831.5
10/23/2018,835.4
10/22/2018,822.5
10/19/2018,836.0
10/18/2018,831.7
10/17/2018,840.6
10/16/2018,846.7
10/15/2018,846.3
10/12/2018,840.0
10/11/2018,846.6
10/10/2018,827.3
10/09/2018,828.9
10/08/2018,818.3
10/05/2018,824.5
10/04/2018,824.5
10/03/2018,835.7
10/02/2018,833.5
10/01/2018,827.9
09/28/2018,822.4
09/27/2018,814.7
09/26/2018,825.6
09/25/2018,822.9
09/24/2018,829.3
09/21/2018,829.6
09/20/2018,834.2
09/19/2018,821.9
09/18/2018,814.9
09/17/2018,800.9
09/14/2018,798.6
09/13/2018,803.3
09/12/2018,799.9
09/11/2018,789.3
09/10/2018,790.0
09/07/2018,780.4
09/06/2018,790.9
09/05/2018,784.3
09/04/2018,778.2
08/31/2018,787.1
08/30/2018,791.8
08/29/2018,796.6
08/28/2018,795.3
08/27/2018,804.2
08/24/2018,789.4
08/23/2018,778.4
08/22/2018,793.7
08/21/2018,793.0
08/20/2018,793.9
08/17/2018,777.3
08/16/2018,784.5
08/15/2018,771.9
08/14/2018,801.7
08/13/2018,799.5
08/10/2018,829.6
08/09/2018,834.1
08/08/2018,829.5
08/07/2018,831.4
08/06/2018,826.3
08/03/2018,836.9
08/02/2018,828.2
08/01/2018,817.2
07/31/2018,845.8
07/30/2018,831.5
07/27/2018,831.7
07/26/2018,835.7
07/25/2018,839.7
07/24/2018,835.6
07/23/2018,831.0
07/20/2018,829.5
07/19/2018,806.3
07/18/2018,817.8
07/17/2018,819.9
07/16/2018,826.4
07/13/2018,830.3
07/12/2018,846.4
07/11/2018,835.0
07/10/2018,846.2
07/09/2018,853.5
07/06/2018,848.6
07/05/2018,841.4
07/03/2018,846.3
07/02/2018,813.4
06/29/2018,857.7
06/28/2018,855.2
06/27/2018,858.3
06/26/2018,871.3
06/25/2018,868.8
06/22/2018,873.3
06/21/2018,863.2
06/20/2018,874.1
06/19/2018,864.9
06/18/2018,883.9
06/15/2018,887.8
06/14/2018,910.9
06/13/2018,902.5
06/12/2018,901.5
06/11/2018,906.4
06/08/2018,905.7
06/07/2018,900.3
06/06/2018,907.6
06/05/2018,901.3
06/04/2018,903.5
06/01/2018,906.7
05/31/2018,910.1
05/30/2018,908.5
05/29/2018,905.9
05/25/2018,901.3
05/24/2018,912.6
05/23/2018,900.8
05/22/2018,908.8
05/21/2018,899.8
05/18/2018,886.5
05/17/2018,892.1
05/16/2018,889.8
05/15/2018,897.2
05/14/2018,914.9
05/11/2018,925.9
05/10/2018,925.1
05/09/2018,916.6
05/08/2018,912.1
05/07/2018,913.3
05/04/2018,910.3
05/03/2018,904.0
05/02/2018,893.8
05/01/2018,894.2
04/30/2018,904.4
04/27/2018,916.4
04/26/2018,910.1
04/25/2018,912.7
04/24/2018,935.0
04/23/2018,922.4
04/20/2018,931.8
04/19/2018,940.1
04/18/2018,945.8
04/17/2018,940.0
04/16/2018,931.8
04/13/2018,933.1
04/12/2018,934.8
04/11/2018,934.3
04/10/2018,933.1
04/09/2018,939.4
04/06/2018,917.5
04/05/2018,915.3
04/04/2018,918.1
04/03/2018,931.3
04/02/2018,936.5
03/29/2018,932.6
03/28/2018,940.8
03/27/2018,946.7
03/26/2018,950.4
03/23/2018,948.4
03/22/2018,949.1
03/21/2018,950.6
03/20/2018,945.0
03/19/2018,954.4
03/16/2018,950.2
03/15/2018,956.9
03/14/2018,961.5
03/13/2018,967.3
03/12/2018,962.9
03/09/2018,964.2
03/08/2018,952.3
03/07/2018,953.2
03/06/2018,970.6
03/05/2018,962.1
03/02/2018,965.1
03/01/2018,957.8
02/28/2018,988.1
02/27/2018,984.6
02/26/2018,"1,001.8"
02/23/2018,998.8
02/22/2018,999.4
02/21/2018,996.6
02/20/2018,"1,004.0"
02/16/2018,"1,012.3"
02/15/2018,"1,001.1"
02/14/2018,999.1
02/13/2018,975.7
02/12/2018,972.8
02/09/2018,961.5
02/08/2018,978.4
02/07/2018,981.7
02/06/2018,994.3
02/05/2018,995.5
02/02/2018,999.4
02/01/2018,"1,007.8"
01/31/2018,"1,004.3"
01/30/2018,"1,001.8"
01/29/2018,"1,012.7"
01/26/2018,"1,018.4"
01/25/2018,"1,032.1"
01/24/2018,"1,015.8"
01/23/2018,"1,007.8"
01/22/2018,996.8
01/19/2018,"1,020.1"
01/18/2018,"1,007.2"
01/17/2018,"1,010.9"
01/16/2018,"1,004.9"
01/12/2018,996.2
01/11/2018,990.8
01/10/2018,978.8
01/09/2018,972.3
01/08/2018,976.4
01/05/2018,975.2
01/04/2018,970.2
01/03/2018,962.3
01/02/2018,947.8
12/29/2017,938.3
12/28/2017,931.5
12/27/2017,923.7
12/26/2017,923.5
12/22/2017,923.0
12/21/2017,919.7
12/20/2017,921.5
12/19/2017,914.1
12/18/2017,913.2
12/15/2017,889.4
12/14/2017,881.2
12/13/2017,875.4
12/12/2017,875.7
12/11/2017,892.8
12/08/2017,883.7
12/07/2017,894.5
12/06/2017,902.8
12/05/2017,917.5
12/04/2017,926.0
12/01/2017,940.6
11/30/2017,942.5
11/29/2017,941.2
11/28/2017,952.8
11/27/2017,950.8
11/24/2017,945.3
11/22/2017,940.7
11/21/2017,938.0
11/20/2017,923.6
11/17/2017,954.6
11/16/2017,936.2
11/15/2017,933.1
11/14/2017,927.3
11/13/2017,935.6
11/10/2017,932.1
11/09/2017,940.6
11/08/2017,937.9
11/07/2017,925.3
11/06/2017,935.0
11/03/2017,921.9
11/02/2017,927.8
11/01/2017,936.7
10/31/2017,919.6
10/30/2017,922.7
10/27/2017,914.6
10/26/2017,922.1
10/25/2017,926.7
10/24/2017,925.5
10/23/2017,927.2
10/20/2017,926.8
10/19/2017,925.9
10/18/2017,924.6
10/17/2017,934.8
10/16/2017,942.1
10/13/2017,947.9
10/12/2017,941.8
10/11/2017,933.2
10/10/2017,936.5
10/09/2017,918.2
10/06/2017,916.7
10/05/2017,918.0
10/04/2017,914.8
10/03/2017,915.5
10/02/2017,916.6
09/29/2017,915.5
09/28/2017,925.7
09/27/2017,921.5
09/26/2017,924.7
09/25/2017,940.2
09/22/2017,932.1
09/21/2017,939.9
09/20/2017,945.4
09/19/2017,951.2
09/18/2017,961.1
09/15/2017,971.8
09/14/2017,980.9
09/13/2017,983.2
09/12/2017,986.5
09/11/2017,998.8
09/08/2017,"1,012.3"
09/07/2017,"1,016.8"
09/06/2017,"1,007.1"
09/05/2017,"1,009.0"
09/01/2017,"1,009.0"
08/31/2017,998.5
08/30/2017,995.2
08/29/2017,"1,003.5"
08/28/2017,989.3
08/25/2017,979.1
08/24/2017,982.6
08/23/2017,980.9
08/22/2017,981.3
08/21/2017,985.5
08/18/2017,982.4
08/17/2017,981.7
08/16/2017,974.5
08/15/2017,967.4
08/14/2017,974.9
08/11/2017,989.7
08/10/2017,985.9
08/09/2017,976.1
08/08/2017,974.5
08/07/2017,971.6
08/04/2017,969.0
08/03/2017,964.6
08/02/2017,953.8
08/01/2017,949.5
07/31/2017,940.7
07/28/2017,936.6
07/27/2017,926.4
07/26/2017,922.7
07/25/2017,931.8
07/24/2017,932.3
07/21/2017,937.4
07/20/2017,933.2
07/19/2017,924.2
07/18/2017,930.3
07/17/2017,930.3
07/14/2017,923.5
07/13/2017,907.1
07/12/2017,919.0
07/11/2017,898.7
07/10/2017,901.9
07/07/2017,904.1
07/06/2017,910.3
07/05/2017,908.8
07/03/2017,906.1
06/30/2017,926.4
06/29/2017,923.1
06/28/2017,921.7
06/27/2017,918.7
06/26/2017,916.6
06/23/2017,929.4
06/22/2017,925.6
06/21/2017,927.0
06/20/2017,921.5
06/19/2017,926.9
06/16/2017,926.8
06/15/2017,921.3
06/14/2017,951.9
06/13/2017,924.2
06/12/2017,944.5
06/09/2017,940.3
06/08/2017,938.1
06/07/2017,947.6
06/06/2017,963.3
06/05/2017,957.6
06/02/2017,953.4
06/01/2017,929.0
05/31/2017,950.3
05/30/2017,941.1
05/26/2017,962.9
05/25/2017,952.9
05/24/2017,947.3
05/23/2017,949.4
05/22/2017,950.3
05/19/2017,940.2
05/18/2017,936.8
05/17/2017,946.1
05/16/2017,937.0
05/15/2017,928.7
05/12/2017,917.5
05/11/2017,917.7
05/10/2017,909.9
05/09/2017,900.9
05/08/2017,919.6
05/05/2017,910.2
05/04/2017,907.7
05/03/2017,904.4
05/02/2017,926.0
05/01/2017,932.2
04/28/2017,948.7
04/27/2017,948.8
04/26/2017,948.5
04/25/2017,957.6
04/24/2017,960.2
04/21/2017,977.6
04/20/2017,981.2
04/19/2017,970.3
04/18/2017,978.6
04/17/2017,991.1
04/13/2017,977.4
04/12/2017,967.9
04/11/2017,969.5
04/10/2017,940.0
04/07/2017,962.6
04/06/2017,958.9
04/05/2017,959.6
04/04/2017,964.5
04/03/2017,958.2
03/31/2017,952.4
03/30/2017,955.7
03/29/2017,952.5
03/28/2017,957.4
03/27/2017,969.0
03/24/2017,967.9
03/23/2017,963.8
03/22/2017,961.9
03/21/2017,971.4
03/20/2017,972.4
03/17/2017,963.0
03/16/2017,958.4
03/15/2017,936.8
03/14/2017,938.9
03/13/2017,941.2
03/10/2017,938.2
03/09/2017,937.2
03/08/2017,949.5
03/07/2017,961.1
03/06/2017,978.2
03/03/2017,994.1
03/02/2017,989.9
03/01/2017,"1,018.9"
02/28/2017,"1,031.0"
02/27/2017,"1,038.9"
02/24/2017,"1,028.7"
02/23/2017,"1,011.9"
02/22/2017,"1,002.7"
02/21/2017,"1,006.0"
02/17/2017,"1,006.0"
02/16/2017,"1,015.7"
02/15/2017,"1,009.9"
02/14/2017,"1,002.2"
02/13/2017,"1,000.3"
02/10/2017,"1,011.7"
02/09/2017,"1,022.2"
02/08/2017,"1,019.4"
02/07/2017,"1,012.9"
02/06/2017,"1,014.1"
02/03/2017,"1,006.7"
02/02/2017,999.6
02/01/2017,999.8
01/31/2017,996.5
01/30/2017,993.5
01/27/2017,983.3
01/26/2017,981.7
01/25/2017,981.7
01/24/2017,"1,007.8"
01/23/2017,979.9
01/20/2017,976.0
01/19/2017,956.4
01/18/2017,971.9
01/17/2017,983.1
01/13/2017,986.4
01/12/2017,984.7
01/11/2017,976.4
01/10/2017,982.8
01/09/2017,982.6
01/06/2017,970.6
01/05/2017,976.0
01/04/2017,947.2
01/03/2017,944.2
12/30/2016,905.7
12/29/2016,902.4
12/28/2016,899.6
12/27/2016,904.1
12/23/2016,893.2
12/22/2016,907.4
12/21/2016,914.4
12/20/2016,924.0
12/19/2016,917.3
12/16/2016,934.1
12/15/2016,893.6
12/14/2016,940.8
12/13/2016,936.7
12/12/2016,933.7
12/09/2016,915.0
12/08/2016,943.8
12/07/2016,943.2
12/06/2016,935.7
12/05/2016,938.6
12/02/2016,932.7
12/01/2016,911.3
11/30/2016,909.9
11/29/2016,921.3
11/28/2016,923.3
11/25/2016,908.3
11/23/2016,931.1
11/22/2016,943.0
11/21/2016,936.5
11/18/2016,922.0
11/17/2016,945.1
11/16/2016,946.5
11/15/2016,934.7
11/14/2016,933.6
11/11/2016,943.2
11/10/2016,982.2
11/09/2016,"1,003.3"
11/08/2016,"1,008.6"
11/07/2016,"1,001.4"
11/04/2016,"1,004.5"
11/03/2016,994.4
11/02/2016,"1,001.8"
11/01/2016,997.9
10/31/2016,978.6
10/28/2016,981.4
10/27/2016,964.9
10/26/2016,964.0
10/25/2016,964.9
10/24/2016,939.1
10/21/2016,932.3
10/20/2016,935.4
10/19/2016,943.5
10/18/2016,946.5
10/17/2016,936.2
10/14/2016,939.5
10/13/2016,932.9
10/12/2016,941.9
10/11/2016,949.8
10/10/2016,965.4
10/07/2016,962.6
10/06/2016,966.3
10/05/2016,976.6
10/04/2016,990.5
10/03/2016,"1,009.1"
09/30/2016,"1,034.5"
09/29/2016,"1,037.2"
09/28/2016,"1,022.3"
09/27/2016,"1,025.2"
09/26/2016,"1,042.9"
09/23/2016,"1,057.0"
09/22/2016,"1,062.8"
09/21/2016,"1,047.9"
09/20/2016,"1,030.9"
09/19/2016,"1,023.7"
09/16/2016,"1,017.6"
09/15/2016,"1,033.8"
09/14/2016,"1,040.9"
09/13/2016,"1,036.0"
09/12/2016,"1,042.9"
09/09/2016,"1,067.5"
09/08/2016,"1,084.7"
09/07/2016,"1,092.8"
09/06/2016,"1,102.7"
09/02/2016,"1,062.2"
09/01/2016,"1,048.9"
08/31/2016,"1,053.5"
08/30/2016,"1,056.6"
08/29/2016,"1,081.1"
08/26/2016,"1,077.7"
08/25/2016,"1,077.0"
08/24/2016,"1,082.2"
08/23/2016,"1,111.3"
08/22/2016,"1,108.2"
08/19/2016,"1,118.4"
08/18/2016,"1,133.2"
08/17/2016,"1,114.7"
08/16/2016,"1,124.1"
08/15/2016,"1,116.3"
08/12/2016,"1,129.3"
08/11/2016,"1,156.7"
08/10/2016,"1,183.1"
08/09/2016,"1,159.9"
08/08/2016,"1,155.4"
08/05/2016,"1,151.5"
08/04/2016,"1,165.0"
08/03/2016,"1,169.6"
08/02/2016,"1,172.1"
08/01/2016,"1,163.3"
07/29/2016,"1,150.6"
07/28/2016,"1,138.9"
07/27/2016,"1,128.2"
07/26/2016,"1,099.0"
07/25/2016,"1,088.4"
07/22/2016,"1,088.4"
07/21/2016,"1,108.0"
07/20/2016,"1,091.5"
07/19/2016,"1,098.6"
07/18/2016,"1,101.6"
07/15/2016,"1,094.4"
07/14/2016,"1,104.6"
07/13/2016,"1,100.2"
07/12/2016,"1,097.9"
07/11/2016,"1,108.1"
07/08/2016,"1,100.2"
07/07/2016,"1,095.1"
07/06/2016,"1,091.3"
07/05/2016,"1,076.9"
07/01/2016,"1,057.1"
06/30/2016,"1,024.3"
06/29/2016,"1,013.5"
06/28/2016,978.9
06/27/2016,979.2
06/24/2016,987.1
06/23/2016,966.3
06/22/2016,983.5
06/21/2016,981.5
06/20/2016,987.2
06/17/2016,966.1
06/16/2016,978.3
06/15/2016,974.8
06/14/2016,971.9
06/13/2016,995.3
06/10/2016,994.2
06/09/2016,"1,003.8"
06/08/2016,"1,012.0"
06/07/2016,999.4
06/06/2016,996.5
06/03/2016,981.9
06/02/2016,960.1
06/01/2016,971.9
05/31/2016,980.4
05/27/2016,982.2
05/26/2016,995.8
05/25/2016,994.8
05/24/2016,"1,004.2"
05/23/2016,"1,013.1"
05/20/2016,"1,023.3"
05/19/2016,"1,013.3"
05/18/2016,"1,042.5"
05/17/2016,"1,054.5"
05/16/2016,"1,053.5"
05/13/2016,"1,052.1"
05/12/2016,"1,054.0"
05/11/2016,"1,066.1"
05/10/2016,"1,049.3"
05/09/2016,"1,046.8"
05/06/2016,"1,085.1"
05/05/2016,"1,063.8"
05/04/2016,"1,055.6"
05/03/2016,"1,071.6"
05/02/2016,"1,086.4"
04/29/2016,"1,078.4"
04/28/2016,"1,050.7"
04/27/2016,"1,025.4"
04/26/2016,"1,020.1"
04/25/2016,"1,018.5"
04/22/2016,"1,011.2"
04/21/2016,"1,031.9"
04/20/2016,"1,028.1"
04/19/2016,"1,015.7"
04/18/2016,977.8
04/15/2016,989.9
04/14/2016,992.9
04/13/2016,"1,003.0"
04/12/2016,999.7
04/11/2016,990.8
04/08/2016,968.4
04/07/2016,954.7
04/06/2016,944.7
04/05/2016,951.6
04/04/2016,943.5
04/01/2016,955.2
03/31/2016,977.5
03/30/2016,966.2
03/29/2016,965.2
03/28/2016,944.7
03/24/2016,952.4
03/23/2016,960.8
03/22/2016,996.8
03/21/2016,981.8
03/18/2016,970.5
03/17/2016,989.1
03/16/2016,958.7
03/15/2016,959.8
03/14/2016,965.4
03/11/2016,969.7
03/10/2016,977.7
03/09/2016,982.8
03/08/2016,989.4
03/07/2016,"1,002.0"
03/04/2016,986.3
03/03/2016,942.7
03/02/2016,936.2
03/01/2016,936.7
02/29/2016,934.3
02/26/2016,915.1
02/25/2016,927.0
02/24/2016,943.7
02/23/2016,943.5
02/22/2016,927.8
02/19/2016,945.6
02/18/2016,945.6
02/17/2016,949.7
02/16/2016,937.3
02/12/2016,958.1
02/11/2016,963.2
02/10/2016,934.2
02/09/2016,939.4
02/08/2016,928.7
02/05/2016,903.7
02/04/2016,906.3
02/03/2016,880.1
02/02/2016,855.7
02/01/2016,870.1
01/29/2016,874.3
01/28/2016,867.9
01/27/2016,882.1
01/26/2016,876.9
01/25/2016,861.5
01/22/2016,831.6
01/21/2016,819.5
01/20/2016,819.2
01/19/2016,830.3
01/15/2016,827.5
01/14/2016,834.8
01/13/2016,851.3
01/12/2016,838.6
01/11/2016,846.3
01/08/2016,878.7
01/07/2016,877.5
01/06/2016,875.0
01/05/2016,890.0
01/04/2016,884.5
12/31/2015,893.2
12/30/2015,872.6
12/29/2015,891.2
12/28/2015,880.8
12/24/2015,884.2
12/23/2015,868.1
12/22/2015,873.0
12/21/2015,881.3
12/18/2015,860.8
12/17/2015,844.7
12/16/2015,876.0
12/15/2015,855.8
12/14/2015,850.2
12/11/2015,843.7
12/10/2015,855.9
12/09/2015,865.8
12/08/2015,846.5
12/07/2015,863.2
12/04/2015,880.6
12/03/2015,847.5
12/02/2015,832.4
12/01/2015,835.4
11/30/2015,832.9
11/27/2015,835.8
11/25/2015,843.9
11/24/2015,841.7
11/23/2015,847.4
11/20/2015,855.9
11/19/2015,858.1
11/18/2015,848.0
11/17/2015,855.0
11/16/2015,865.5
11/13/2015,863.7
11/12/2015,876.9
11/11/2015,883.1
11/10/2015,899.5
11/09/2015,914.4
11/06/2015,940.0
11/05/2015,953.1
11/04/2015,954.8
11/03/2015,962.2
11/02/2015,978.4
10/30/2015,989.1
10/29/2015,993.3
10/28/2015,"1,012.8"
10/27/2015,989.2
10/26/2015,997.5
10/23/2015,"1,001.7"
10/22/2015,"1,012.9"
10/21/2015,"1,007.1"
10/20/2015,"1,020.1"
10/19/2015,"1,014.6"
10/16/2015,"1,023.7"
10/15/2015,"1,007.0"
10/14/2015,995.4
10/13/2015,992.6
10/12/2015,995.9
10/09/2015,981.4
10/08/2015,955.6
10/07/2015,946.4
10/06/2015,934.7
10/05/2015,912.9
10/02/2015,909.5
10/01/2015,905.2
09/30/2015,909.1
09/29/2015,918.1
09/28/2015,922.5
09/25/2015,951.1
09/24/2015,955.8
09/23/2015,932.4
09/22/2015,937.5
09/21/2015,973.7
09/18/2015,984.4
09/17/2015,968.4
09/16/2015,975.7
09/15/2015,958.2
09/14/2015,955.4
09/11/2015,964.9
09/10/2015,981.2
09/09/2015,981.2
09/08/2015,"1,002.9"
09/04/2015,992.4
09/03/2015,"1,010.1"
09/02/2015,"1,013.6"
09/01/2015,"1,008.4"
08/31/2015,"1,010.5"
08/28/2015,"1,021.7"
08/27/2015,"1,006.0"
08/26/2015,980.2
08/25/2015,976.7
08/24/2015,991.5
08/21/2015,"1,027.1"
08/20/2015,"1,034.9"
08/19/2015,"1,013.1"
08/18/2015,994.1
08/17/2015,"1,000.7"
08/14/2015,994.0
08/13/2015,995.0
08/12/2015,999.9
08/11/2015,992.3
08/10/2015,989.8
08/07/2015,962.2
08/06/2015,956.0
08/05/2015,950.9
08/04/2015,958.5
08/03/2015,967.1
07/31/2015,985.0
07/30/2015,989.9
07/29/2015,984.9
07/28/2015,986.4
07/27/2015,988.9
07/24/2015,980.7
07/23/2015,981.1
07/22/2015,979.9
07/21/2015,984.3
07/20/2015,988.6
07/17/2015,"1,001.3"
07/16/2015,"1,011.6"
07/15/2015,"1,021.7"
07/14/2015,"1,028.4"
07/13/2015,"1,036.0"
07/10/2015,"1,032.3"
07/09/2015,"1,022.4"
07/08/2015,"1,035.8"
07/07/2015,"1,041.5"
07/06/2015,"1,066.3"
07/02/2015,"1,084.0"
07/01/2015,"1,087.8"
06/30/2015,"1,079.5"
06/29/2015,"1,082.3"
06/26/2015,"1,080.7"
06/25/2015,"1,084.4"
06/24/2015,"1,074.1"
06/23/2015,"1,067.5"
06/22/2015,"1,060.6"
06/19/2015,"1,086.8"
06/18/2015,"1,082.8"
06/17/2015,"1,072.7"
06/16/2015,"1,079.8"
06/15/2015,"1,088.6"
06/12/2015,"1,096.8"
06/11/2015,"1,105.2"
06/10/2015,"1,115.2"
06/09/2015,"1,108.5"
06/08/2015,"1,101.2"
06/05/2015,"1,092.0"
06/04/2015,"1,099.2"
06/03/2015,"1,104.1"
06/02/2015,"1,112.8"
06/01/2015,"1,104.2"
05/29/2015,"1,111.5"
05/28/2015,"1,116.3"
05/27/2015,"1,119.0"
05/26/2015,"1,124.1"
05/22/2015,"1,148.6"
05/21/2015,"1,152.3"
05/20/2015,"1,156.9"
05/19/2015,"1,150.9"
05/18/2015,"1,178.5"
05/15/2015,"1,169.1"
05/14/2015,"1,162.4"
05/13/2015,"1,150.8"
05/12/2015,"1,133.0"
05/11/2015,"1,127.3"
05/08/2015,"1,143.5"
05/07/2015,"1,131.4"
05/06/2015,"1,142.8"
05/05/2015,"1,148.8"
05/04/2015,"1,150.9"
05/01/2015,"1,129.7"
04/30/2015,"1,140.4"
04/29/2015,"1,161.5"
04/28/2015,"1,158.6"
04/27/2015,"1,153.4"
04/24/2015,"1,121.4"
04/23/2015,"1,136.7"
04/22/2015,"1,129.7"
04/21/2015,"1,152.5"
04/20/2015,"1,148.8"
04/17/2015,"1,167.5"
04/16/2015,"1,159.2"
04/15/2015,"1,156.6"
04/14/2015,"1,153.7"
04/13/2015,"1,153.9"
04/10/2015,"1,170.6"
04/09/2015,"1,157.0"
04/08/2015,"1,166.3"
04/07/2015,"1,173.9"
04/06/2015,"1,180.4"
04/02/2015,"1,154.5"
04/01/2015,"1,166.0"
03/31/2015,"1,143.4"
03/30/2015,"1,117.4"
03/27/2015,"1,143.6"
03/26/2015,"1,154.0"
03/25/2015,"1,146.5"
03/24/2015,"1,141.5"
03/23/2015,"1,144.5"
03/20/2015,"1,141.2"
03/19/2015,"1,119.6"
03/18/2015,"1,092.6"
03/17/2015,"1,093.7"
03/16/2015,"1,107.9"
03/13/2015,"1,115.2"
03/12/2015,"1,114.9"
03/11/2015,"1,115.4"
03/10/2015,"1,130.0"
03/09/2015,"1,148.6"
03/06/2015,"1,158.8"
03/05/2015,"1,180.1"
03/04/2015,"1,181.7"
03/03/2015,"1,189.6"
03/02/2015,"1,189.9"
02/27/2015,"1,185.6"
02/26/2015,"1,173.6"
02/25/2015,"1,168.8"
02/24/2015,"1,162.6"
02/23/2015,"1,162.9"
02/20/2015,"1,169.5"
02/19/2015,"1,172.3"
02/18/2015,"1,167.2"
02/17/2015,"1,177.0"
02/13/2015,"1,207.5"
02/12/2015,"1,200.5"
02/11/2015,"1,195.6"
02/10/2015,"1,207.3"
02/09/2015,"1,220.4"
02/06/2015,"1,221.6"
02/05/2015,"1,249.7"
02/04/2015,"1,238.9"
02/03/2015,"1,235.2"
02/02/2015,"1,228.6"
01/30/2015,"1,238.2"
01/29/2015,"1,217.3"
01/28/2015,"1,258.5"
01/27/2015,"1,264.3"
01/26/2015,"1,255.0"
01/23/2015,"1,268.7"
01/22/2015,"1,284.8"
01/21/2015,"1,276.4"
01/20/2015,"1,286.6"
01/16/2015,"1,269.4"
01/15/2015,"1,262.8"
01/14/2015,"1,239.0"
01/13/2015,"1,247.8"
01/12/2015,"1,241.0"
01/09/2015,"1,230.1"
01/08/2015,"1,223.0"
01/07/2015,"1,220.9"
01/06/2015,"1,221.4"
01/05/2015,"1,210.9"
01/02/2015,"1,203.9"
12/31/2014,"1,209.5"
12/30/2014,"1,219.3"
12/29/2014,"1,202.7"
12/26/2014,"1,218.5"
12/24/2014,"1,191.1"
12/23/2014,"1,191.7"
12/22/2014,"1,182.1"
12/19/2014,"1,197.0"
12/18/2014,"1,197.1"
12/17/2014,"1,199.5"
12/16/2014,"1,196.5"
12/15/2014,"1,214.9"
12/12/2014,"1,231.5"
12/11/2014,"1,242.2"
12/10/2014,"1,242.6"
12/09/2014,"1,246.8"
12/08/2014,"1,229.4"
12/05/2014,"1,219.5"
12/04/2014,"1,245.9"
12/03/2014,"1,227.5"
12/02/2014,"1,217.5"
12/01/2014,"1,241.6"
11/28/2014,"1,211.3"
11/26/2014,"1,228.4"
11/25/2014,"1,224.5"
11/24/2014,"1,207.5"
11/21/2014,"1,227.3"
11/20/2014,"1,205.6"
11/19/2014,"1,199.3"
11/18/2014,"1,204.6"
11/17/2014,"1,201.3"
11/14/2014,"1,213.1"
11/13/2014,"1,199.0"
11/12/2014,"1,205.3"
11/11/2014,"1,206.7"
11/10/2014,"1,206.9"
11/07/2014,"1,212.8"
11/06/2014,"1,197.1"
11/05/2014,"1,210.6"
11/04/2014,"1,224.7"
11/03/2014,"1,242.8"
10/31/2014,"1,235.2"
10/30/2014,"1,245.9"
10/29/2014,"1,269.2"
10/28/2014,"1,266.3"
10/27/2014,"1,254.5"
10/24/2014,"1,250.9"
10/23/2014,"1,255.0"
10/22/2014,"1,271.1"
10/21/2014,"1,283.0"
10/20/2014,"1,267.5"
10/17/2014,"1,261.5"
10/16/2014,"1,251.9"
10/15/2014,"1,260.9"
10/14/2014,"1,272.3"
10/13/2014,"1,261.2"
10/10/2014,"1,261.6"
10/09/2014,"1,278.3"
10/08/2014,"1,266.9"
10/07/2014,"1,261.9"
10/06/2014,"1,249.2"
10/03/2014,"1,226.9"
10/02/2014,"1,270.4"
10/01/2014,"1,289.6"
09/30/2014,"1,300.5"
09/29/2014,"1,309.5"
09/26/2014,"1,302.0"
09/25/2014,"1,314.2"
09/24/2014,"1,319.4"
09/23/2014,"1,332.7"
09/22/2014,"1,330.2"
09/19/2014,"1,337.3"
09/18/2014,"1,349.5"
09/17/2014,"1,362.2"
09/16/2014,"1,367.3"
09/15/2014,"1,363.5"
09/12/2014,"1,370.5"
09/11/2014,"1,370.7"
09/10/2014,"1,381.0"
09/09/2014,"1,385.8"
09/08/2014,"1,397.5"
09/05/2014,"1,411.0"
09/04/2014,"1,408.3"
09/03/2014,"1,412.5"
09/02/2014,"1,408.9"
08/29/2014,"1,424.7"
08/28/2014,"1,425.2"
08/27/2014,"1,419.9"
08/26/2014,"1,419.6"
08/25/2014,"1,418.4"
08/22/2014,"1,418.5"
08/21/2014,"1,419.3"
08/20/2014,"1,429.2"
08/19/2014,"1,439.5"
08/18/2014,"1,446.2"
08/15/2014,"1,457.2"
08/14/2014,"1,469.2"
08/13/2014,"1,469.9"
08/12/2014,"1,472.2"
08/11/2014,"1,471.6"
08/08/2014,"1,478.3"
08/07/2014,"1,481.5"
08/06/2014,"1,465.2"
08/05/2014,"1,455.9"
08/04/2014,"1,466.6"
08/01/2014,"1,463.3"
07/31/2014,"1,465.2"
07/30/2014,"1,481.9"
07/29/2014,"1,484.5"
07/28/2014,"1,490.6"
07/25/2014,"1,478.6"
07/24/2014,"1,473.7"
07/23/2014,"1,486.7"
07/22/2014,"1,488.3"
07/21/2014,"1,493.4"
07/18/2014,"1,489.9"
07/17/2014,"1,503.7"
07/16/2014,"1,485.7"
07/15/2014,"1,485.0"
07/14/2014,"1,493.0"
07/11/2014,"1,513.8"
07/10/2014,"1,517.0"
07/09/2014,"1,506.9"
07/08/2014,"1,496.5"
07/07/2014,"1,495.6"
07/03/2014,"1,507.7"
07/02/2014,"1,511.5"
07/01/2014,"1,515.0"
06/30/2014,"1,482.9"
06/27/2014,"1,480.3"
06/26/2014,"1,470.1"
06/25/2014,"1,473.2"
06/24/2014,"1,471.9"
06/23/2014,"1,456.6"
06/20/2014,"1,457.3"
06/19/2014,"1,474.5"
06/18/2014,"1,450.8"
06/17/2014,"1,443.1"
06/16/2014,"1,439.1"
06/13/2014,"1,435.0"
06/12/2014,"1,441.3"
06/11/2014,"1,481.1"
06/10/2014,"1,482.2"
06/09/2014,"1,454.3"
06/06/2014,"1,453.0"
06/05/2014,"1,445.1"
06/04/2014,"1,433.9"
06/03/2014,"1,433.5"
06/02/2014,"1,436.7"
05/30/2014,"1,452.7"
05/29/2014,"1,460.1"
05/28/2014,"1,462.7"
05/27/2014,"1,462.3"
05/23/2014,"1,472.8"
05/22/2014,"1,493.1"
05/21/2014,"1,474.9"
05/20/2014,"1,468.9"
05/19/2014,"1,470.2"
05/16/2014,"1,466.1"
05/15/2014,"1,469.9"
05/14/2014,"1,485.7"
05/13/2014,"1,456.0"
05/12/2014,"1,441.9"
05/09/2014,"1,429.9"
05/08/2014,"1,438.1"
05/07/2014,"1,434.8"
05/06/2014,"1,458.1"
05/05/2014,"1,448.4"
05/02/2014,"1,440.7"
05/01/2014,"1,427.5"
04/30/2014,"1,427.9"
04/29/2014,"1,431.4"
04/28/2014,"1,419.7"
04/25/2014,"1,424.3"
04/24/2014,"1,409.6"
04/23/2014,"1,403.9"
04/22/2014,"1,400.3"
04/21/2014,"1,400.7"
04/17/2014,"1,428.7"
04/16/2014,"1,437.8"
04/15/2014,"1,444.6"
04/14/2014,"1,467.4"
04/11/2014,"1,462.6"
04/10/2014,"1,460.1"
04/09/2014,"1,438.9"
04/08/2014,"1,441.7"
04/07/2014,"1,427.8"
04/04/2014,"1,450.9"
04/03/2014,"1,445.5"
04/02/2014,"1,438.7"
04/01/2014,"1,429.6"
03/31/2014,"1,420.8"
03/28/2014,"1,407.2"
03/27/2014,"1,397.2"
03/26/2014,"1,406.5"
03/25/2014,"1,420.9"
03/24/2014,"1,431.2"
03/21/2014,"1,436.0"
03/20/2014,"1,434.8"
03/19/2014,"1,451.7"
03/18/2014,"1,461.7"
03/17/2014,"1,468.4"
03/14/2014,"1,469.6"
03/13/2014,"1,479.4"
03/12/2014,"1,476.3"
03/11/2014,"1,464.6"
03/10/2014,"1,477.2"
03/07/2014,"1,483.6"
03/06/2014,"1,486.8"
03/05/2014,"1,476.6"
03/04/2014,"1,464.1"
03/03/2014,"1,460.7"
02/28/2014,"1,446.8"
02/27/2014,"1,453.4"
02/26/2014,"1,429.1"
02/25/2014,"1,442.6"
02/24/2014,"1,441.4"
02/21/2014,"1,427.9"
02/20/2014,"1,412.5"
02/19/2014,"1,424.5"
02/18/2014,"1,424.5"
02/14/2014,"1,430.1"
02/13/2014,"1,416.6"
02/12/2014,"1,407.3"
02/11/2014,"1,387.8"
02/10/2014,"1,385.9"
02/07/2014,"1,379.2"
02/06/2014,"1,374.9"
02/05/2014,"1,379.3"
02/04/2014,"1,373.4"
02/03/2014,"1,386.6"
01/31/2014,"1,375.7"
01/30/2014,"1,382.3"
01/29/2014,"1,408.1"
01/28/2014,"1,409.4"
01/27/2014,"1,421.1"
01/24/2014,"1,428.6"
01/23/2014,"1,463.2"
01/22/2014,"1,462.4"
01/21/2014,"1,453.5"
01/17/2014,"1,454.1"
01/16/2014,"1,431.5"
01/15/2014,"1,428.6"
01/14/2014,"1,433.8"
01/13/2014,"1,443.9"
01/10/2014,"1,436.9"
01/09/2014,"1,419.9"
01/08/2014,"1,414.2"
01/07/2014,"1,415.4"
01/06/2014,"1,416.4"
01/03/2014,"1,414.2"
01/02/2014,"1,404.6"
12/31/2013,"1,373.8"
12/30/2013,"1,367.2"
12/27/2013,"1,378.9"
12/26/2013,"1,362.7"
12/24/2013,"1,336.5"
12/23/2013,"1,327.4"
12/20/2013,"1,332.2"
12/19/2013,"1,318.4"
12/18/2013,"1,342.7"
12/17/2013,"1,344.6"
12/16/2013,"1,360.1"
12/13/2013,"1,362.9"
12/12/2013,"1,364.4"
12/11/2013,"1,385.2"
12/10/2013,"1,388.7"
12/09/2013,"1,368.5"
12/06/2013,"1,356.3"
12/05/2013,"1,363.5"
12/04/2013,"1,376.0"
12/03/2013,"1,355.8"
12/02/2013,"1,346.8"
11/29/2013,"1,368.8"
11/27/2013,"1,352.7"
11/26/2013,"1,371.9"
11/25/2013,"1,377.8"
11/22/2013,"1,382.7"
11/21/2013,"1,391.7"
11/20/2013,"1,399.6"
11/19/2013,"1,419.9"
11/18/2013,"1,411.0"
11/15/2013,"1,438.9"
11/14/2013,"1,444.1"
11/13/2013,"1,432.0"
11/12/2013,"1,439.6"
11/11/2013,"1,432.4"
11/08/2013,"1,442.9"
11/07/2013,"1,456.8"
11/06/2013,"1,467.4"
11/05/2013,"1,450.0"
11/04/2013,"1,456.2"
11/01/2013,"1,451.9"
10/31/2013,"1,448.4"
10/30/2013,"1,479.9"
10/29/2013,"1,461.9"
10/28/2013,"1,472.9"
10/25/2013,"1,455.5"
10/24/2013,"1,456.2"
10/23/2013,"1,439.6"
10/22/2013,"1,450.7"
10/21/2013,"1,438.6"
10/18/2013,"1,437.8"
10/17/2013,"1,434.9"
10/16/2013,"1,398.2"
10/15/2013,"1,383.4"
10/14/2013,"1,383.5"
10/11/2013,"1,375.6"
10/10/2013,"1,396.0"
10/09/2013,"1,383.0"
10/08/2013,"1,403.7"
10/07/2013,"1,401.9"
10/04/2013,"1,388.0"
10/03/2013,"1,373.3"
10/02/2013,"1,393.4"
10/01/2013,"1,385.3"
09/30/2013,"1,412.4"
09/27/2013,"1,419.2"
09/26/2013,"1,410.7"
09/25/2013,"1,428.8"
09/24/2013,"1,418.8"
09/23/2013,"1,425.9"
09/20/2013,"1,432.6"
09/19/2013,"1,473.0"
09/18/2013,"1,425.2"
09/17/2013,"1,422.4"
09/16/2013,"1,441.2"
09/13/2013,"1,444.5"
09/12/2013,"1,442.7"
09/11/2013,"1,473.5"
09/10/2013,"1,474.1"
09/09/2013,"1,483.0"
09/06/2013,"1,495.7"
09/05/2013,"1,482.1"
09/04/2013,"1,494.7"
09/03/2013,"1,538.2"
08/30/2013,"1,527.1"
08/29/2013,"1,522.4"
08/28/2013,"1,540.1"
08/27/2013,"1,532.1"
08/26/2013,"1,544.5"
08/23/2013,"1,541.6"
08/22/2013,"1,540.1"
08/21/2013,"1,519.1"
08/20/2013,"1,525.5"
08/19/2013,"1,509.0"
08/16/2013,"1,527.6"
08/15/2013,"1,532.3"
08/14/2013,"1,505.2"
08/13/2013,"1,499.7"
08/12/2013,"1,498.7"
08/09/2013,"1,500.6"
08/08/2013,"1,491.6"
08/07/2013,"1,438.3"
08/06/2013,"1,427.8"
08/05/2013,"1,448.1"
08/02/2013,"1,451.5"
08/01/2013,"1,443.8"
07/31/2013,"1,429.3"
07/30/2013,"1,437.5"
07/29/2013,"1,442.7"
07/26/2013,"1,422.8"
07/25/2013,"1,447.9"
07/24/2013,"1,455.2"
07/23/2013,"1,443.1"
07/22/2013,"1,448.0"
07/19/2013,"1,431.2"
07/18/2013,"1,414.8"
07/17/2013,"1,411.0"
07/16/2013,"1,425.1"
07/15/2013,"1,421.4"
07/12/2013,"1,406.9"
07/11/2013,"1,407.6"
07/10/2013,"1,368.1"
07/09/2013,"1,368.6"
07/08/2013,"1,362.0"
07/05/2013,"1,326.4"
07/03/2013,"1,346.8"
07/02/2013,"1,367.8"
07/01/2013,"1,382.5"
06/28/2013,"1,339.9"
06/27/2013,"1,329.1"
06/26/2013,"1,303.7"
06/25/2013,"1,350.5"
06/24/2013,"1,329.1"
06/21/2013,"1,369.5"
06/20/2013,"1,363.8"
06/19/2013,"1,423.9"
06/18/2013,"1,440.1"
06/17/2013,"1,434.8"
06/14/2013,"1,447.4"
06/13/2013,"1,447.1"
06/12/2013,"1,482.3"
06/11/2013,"1,479.9"
06/10/2013,"1,506.9"
06/07/2013,"1,502.6"
06/06/2013,"1,529.3"
06/05/2013,"1,510.6"
06/04/2013,"1,491.1"
06/03/2013,"1,497.4"
05/31/2013,"1,461.8"
05/30/2013,"1,482.7"
05/29/2013,"1,453.0"
05/28/2013,"1,461.8"
05/24/2013,"1,451.9"
05/23/2013,"1,457.2"
05/22/2013,"1,469.2"
05/21/2013,"1,458.4"
05/20/2013,"1,484.6"
05/17/2013,"1,468.0"
05/16/2013,"1,485.6"
05/15/2013,"1,490.7"
05/14/2013,"1,501.9"
05/13/2013,"1,484.5"
05/10/2013,"1,486.0"
05/09/2013,"1,516.5"
05/08/2013,"1,504.9"
05/07/2013,"1,481.2"
05/06/2013,"1,507.7"
05/03/2013,"1,501.2"
05/02/2013,"1,500.2"
05/01/2013,"1,469.5"
04/30/2013,"1,507.2"
04/29/2013,"1,507.4"
04/26/2013,"1,476.5"
04/25/2013,"1,464.1"
04/24/2013,"1,430.8"
04/23/2013,"1,417.8"
04/22/2013,"1,436.8"
04/19/2013,"1,423.9"
04/18/2013,"1,429.0"
04/17/2013,"1,435.4"
04/16/2013,"1,450.6"
04/15/2013,"1,424.8"
04/12/2013,"1,495.9"
04/11/2013,"1,535.8"
04/10/2013,"1,529.8"
04/09/2013,"1,553.1"
04/08/2013,"1,537.0"
04/05/2013,"1,535.5"
04/04/2013,"1,517.8"
04/03/2013,"1,541.9"
04/02/2013,"1,574.2"
04/01/2013,"1,598.8"
03/28/2013,"1,574.6"
03/27/2013,"1,583.5"
03/26/2013,"1,566.0"
03/25/2013,"1,582.9"
03/22/2013,"1,581.7"
03/21/2013,"1,580.1"
03/20/2013,"1,582.5"
03/19/2013,"1,555.4"
03/18/2013,"1,579.2"
03/15/2013,"1,592.4"
03/14/2013,"1,589.8"
03/13/2013,"1,593.1"
03/12/2013,"1,595.0"
03/11/2013,"1,601.2"
03/08/2013,"1,603.9"
03/07/2013,"1,595.1"
03/06/2013,"1,579.8"
03/05/2013,"1,585.7"
03/04/2013,"1,566.2"
03/01/2013,"1,573.5"
02/28/2013,"1,583.5"
02/27/2013,"1,600.1"
02/26/2013,"1,616.5"
02/25/2013,"1,620.7"
02/22/2013,"1,607.4"
02/21/2013,"1,620.0"
02/20/2013,"1,647.1"
02/19/2013,"1,697.5"
02/15/2013,"1,677.7"
02/14/2013,"1,710.9"
02/13/2013,"1,729.7"
02/12/2013,"1,717.2"
02/11/2013,"1,696.1"
02/08/2013,"1,714.7"
02/07/2013,"1,722.3"
02/06/2013,"1,736.5"
02/05/2013,"1,707.2"
02/04/2013,"1,698.1"
02/01/2013,"1,687.7"
01/31/2013,"1,675.4"
01/30/2013,"1,689.3"
01/29/2013,"1,678.9"
01/28/2013,"1,662.2"
01/25/2013,"1,694.9"
01/24/2013,"1,683.8"
01/23/2013,"1,691.8"
01/22/2013,"1,698.5"
01/18/2013,"1,674.0"
01/17/2013,"1,700.5"
01/16/2013,"1,694.1"
01/15/2013,"1,689.9"
01/14/2013,"1,658.2"
01/11/2013,"1,631.2"
01/10/2013,"1,634.3"
01/09/2013,"1,600.0"
01/08/2013,"1,583.2"
01/07/2013,"1,556.3"
01/04/2013,"1,558.5"
01/03/2013,"1,579.9"
01/02/2013,"1,568.0"
12/31/2012,"1,542.4"
12/28/2012,"1,521.6"
12/27/2012,"1,531.8"
12/26/2012,"1,534.9"
12/24/2012,"1,534.9"
12/21/2012,"1,536.9"
12/20/2012,"1,546.2"
12/19/2012,"1,592.9"
12/18/2012,"1,593.7"
12/17/2012,"1,608.5"
12/14/2012,"1,614.5"
12/13/2012,"1,612.8"
12/12/2012,"1,646.4"
12/11/2012,"1,640.0"
12/10/2012,"1,623.3"
12/07/2012,"1,607.0"
12/06/2012,"1,600.7"
12/05/2012,"1,584.2"
12/04/2012,"1,582.9"
12/03/2012,"1,613.8"
11/30/2012,"1,604.6"
11/29/2012,"1,619.5"
11/28/2012,"1,611.7"
11/27/2012,"1,618.5"
11/26/2012,"1,611.0"
11/23/2012,"1,617.1"
11/21/2012,"1,583.9"
11/20/2012,"1,573.0"
11/19/2012,"1,583.8"
11/16/2012,"1,561.8"
11/15/2012,"1,573.3"
11/14/2012,"1,591.6"
11/13/2012,"1,586.4"
11/12/2012,"1,566.5"
11/09/2012,"1,559.4"
11/08/2012,"1,542.5"
11/07/2012,"1,539.5"
11/06/2012,"1,558.3"
11/05/2012,"1,542.7"
11/02/2012,"1,544.9"
11/01/2012,"1,573.2"
10/31/2012,"1,577.0"
10/26/2012,"1,546.0"
10/25/2012,"1,568.8"
10/24/2012,"1,562.7"
10/23/2012,"1,575.6"
10/22/2012,"1,612.2"
10/19/2012,"1,615.5"
10/18/2012,"1,643.7"
10/17/2012,"1,670.5"
10/16/2012,"1,645.2"
10/15/2012,"1,632.3"
10/12/2012,"1,659.3"
10/11/2012,"1,689.6"
10/10/2012,"1,678.5"
10/09/2012,"1,695.3"
10/08/2012,"1,698.8"
10/05/2012,"1,707.2"
10/04/2012,"1,725.1"
10/03/2012,"1,694.1"
10/02/2012,"1,687.2"
10/01/2012,"1,685.8"
09/28/2012,"1,669.3"
09/27/2012,"1,651.1"
09/26/2012,"1,634.4"
09/25/2012,"1,631.8"
09/24/2012,"1,622.0"
09/21/2012,"1,637.6"
09/20/2012,"1,623.9"
09/19/2012,"1,640.4"
09/18/2012,"1,636.3"
09/17/2012,"1,672.6"
09/14/2012,"1,713.7"
09/13/2012,"1,679.5"
09/12/2012,"1,649.6"
09/11/2012,"1,607.0"
09/10/2012,"1,603.8"
09/07/2012,"1,596.3"
09/06/2012,"1,586.4"
09/05/2012,"1,575.6"
09/04/2012,"1,567.5"
08/31/2012,"1,537.3"
08/30/2012,"1,503.7"
08/29/2012,"1,520.3"
08/28/2012,"1,520.4"
08/27/2012,"1,553.2"
08/24/2012,"1,554.4"
08/23/2012,"1,554.9"
08/22/2012,"1,526.5"
08/21/2012,"1,507.8"
08/20/2012,"1,498.2"
08/17/2012,"1,473.1"
08/16/2012,"1,435.2"
08/15/2012,"1,396.2"
08/14/2012,"1,399.1"
08/13/2012,"1,392.8"
08/10/2012,"1,399.9"
08/09/2012,"1,412.8"
08/08/2012,"1,410.2"
08/07/2012,"1,410.4"
08/06/2012,"1,401.9"
08/03/2012,"1,414.4"
08/02/2012,"1,387.8"
08/01/2012,"1,401.3"
07/31/2012,"1,416.9"
07/30/2012,"1,411.8"
07/27/2012,"1,408.2"
07/26/2012,"1,405.6"
07/25/2012,"1,399.4"
07/24/2012,"1,386.6"
07/23/2012,"1,398.9"
07/20/2012,"1,414.5"
07/19/2012,"1,423.1"
07/18/2012,"1,404.2"
07/17/2012,"1,420.7"
07/16/2012,"1,417.3"
07/13/2012,"1,435.2"
07/12/2012,"1,412.5"
07/11/2012,"1,431.6"
07/10/2012,"1,429.7"
07/09/2012,"1,445.9"
07/06/2012,"1,449.5"
07/05/2012,"1,477.7"
07/03/2012,"1,491.4"
07/02/2012,"1,458.3"
06/29/2012,"1,452.4"
06/28/2012,"1,389.3"
06/27/2012,"1,409.7"
06/26/2012,"1,426.8"
06/25/2012,"1,439.4"
06/22/2012,"1,431.2"
06/21/2012,"1,438.6"
06/20/2012,"1,466.8"
06/19/2012,"1,480.5"
06/18/2012,"1,484.1"
06/15/2012,"1,487.2"
06/14/2012,"1,487.6"
06/13/2012,"1,466.8"
06/12/2012,"1,454.4"
06/11/2012,"1,449.3"
06/08/2012,"1,425.1"
06/07/2012,"1,440.9"
06/06/2012,"1,469.2"
06/05/2012,"1,440.5"
06/04/2012,"1,427.3"
06/01/2012,"1,433.2"
05/31/2012,"1,417.6"
05/30/2012,"1,401.2"
05/29/2012,"1,428.1"
05/25/2012,"1,426.5"
05/24/2012,"1,422.4"
05/23/2012,"1,414.1"
05/22/2012,"1,458.4"
05/21/2012,"1,461.5"
05/18/2012,"1,459.3"
05/17/2012,"1,453.4"
05/16/2012,"1,432.2"
05/15/2012,"1,446.5"
05/14/2012,"1,442.6"
05/11/2012,"1,471.4"
05/10/2012,"1,493.8"
05/09/2012,"1,499.2"
05/08/2012,"1,508.3"
05/07/2012,"1,530.1"
05/04/2012,"1,536.0"
05/03/2012,"1,533.1"
05/02/2012,"1,564.4"
05/01/2012,"1,572.3"
04/30/2012,"1,571.9"
04/27/2012,"1,575.7"
04/26/2012,"1,570.2"
04/25/2012,"1,547.3"
04/24/2012,"1,548.1"
04/23/2012,"1,556.3"
04/20/2012,"1,584.2"
04/19/2012,"1,578.0"
04/18/2012,"1,579.2"
04/17/2012,"1,584.7"
04/16/2012,"1,575.8"
04/13/2012,"1,587.9"
04/12/2012,"1,606.0"
04/11/2012,"1,584.3"
04/10/2012,"1,593.7"
04/09/2012,"1,618.2"
04/05/2012,"1,607.6"
04/04/2012,"1,598.6"
04/03/2012,"1,660.5"
04/02/2012,"1,654.9"
03/30/2012,"1,644.1"
03/29/2012,"1,622.7"
03/28/2012,"1,635.2"
03/27/2012,"1,657.5"
03/26/2012,"1,646.7"
03/23/2012,"1,627.9"
03/22/2012,"1,612.1"
03/21/2012,"1,640.4"
03/20/2012,"1,654.3"
03/19/2012,"1,684.7"
03/16/2012,"1,675.5"
03/15/2012,"1,683.9"
03/14/2012,"1,675.3"
03/13/2012,"1,701.8"
03/12/2012,"1,695.7"
03/09/2012,"1,684.9"
03/08/2012,"1,656.7"
03/07/2012,"1,627.3"
03/06/2012,"1,611.9"
03/05/2012,"1,662.6"
03/02/2012,"1,691.7"
03/01/2012,"1,701.1"
02/29/2012,"1,692.6"
02/28/2012,"1,723.5"
02/27/2012,"1,714.3"
02/24/2012,"1,715.1"
02/23/2012,"1,723.0"
02/22/2012,"1,720.8"
02/21/2012,"1,684.9"
02/17/2012,"1,633.9"
02/16/2012,"1,626.1"
02/15/2012,"1,638.2"
02/14/2012,"1,628.0"
02/13/2012,"1,649.7"
02/10/2012,"1,659.8"
02/09/2012,"1,667.6"
02/08/2012,"1,668.1"
02/07/2012,"1,654.8"
02/06/2012,"1,629.8"
02/03/2012,"1,631.9"
02/02/2012,"1,629.9"
02/01/2012,"1,623.2"
01/31/2012,"1,588.1"
01/30/2012,"1,616.3"
01/27/2012,"1,623.0"
01/26/2012,"1,616.8"
01/25/2012,"1,579.6"
01/24/2012,"1,552.4"
01/23/2012,"1,561.1"
01/20/2012,"1,532.3"
01/19/2012,"1,518.0"
01/18/2012,"1,525.3"
01/17/2012,"1,528.7"
01/13/2012,"1,488.8"
01/12/2012,"1,500.1"
01/11/2012,"1,497.7"
01/10/2012,"1,464.6"
01/09/2012,"1,429.6"
01/06/2012,"1,408.2"
01/05/2012,"1,418.0"
01/04/2012,"1,426.3"
01/03/2012,"1,432.5"
12/30/2011,"1,404.9"
12/29/2011,"1,366.8"
12/28/2011,"1,387.7"
12/27/2011,"1,433.9"
12/23/2011,"1,429.5"
12/22/2011,"1,424.4"
12/21/2011,"1,431.7"
12/20/2011,"1,432.9"
12/19/2011,"1,413.6"
12/16/2011,"1,417.3"
12/15/2011,"1,407.0"
12/14/2011,"1,426.3"
12/13/2011,"1,492.3"
12/12/2011,"1,486.9"
12/09/2011,"1,515.8"
12/08/2011,"1,494.4"
12/07/2011,"1,522.0"
12/06/2011,"1,524.0"
12/05/2011,"1,532.5"
12/02/2011,"1,548.5"
12/01/2011,"1,557.2"
11/30/2011,"1,560.8"
11/29/2011,"1,540.7"
11/28/2011,"1,539.5"
11/25/2011,"1,533.1"
11/23/2011,"1,558.3"
11/22/2011,"1,571.0"
11/21/2011,"1,543.8"
11/18/2011,"1,588.7"
11/17/2011,"1,581.1"
11/16/2011,"1,631.2"
11/15/2011,"1,642.7"
11/14/2011,"1,644.1"
11/11/2011,"1,646.7"
11/10/2011,"1,627.3"
11/09/2011,"1,643.7"
11/08/2011,"1,673.1"
11/07/2011,"1,658.0"
11/04/2011,"1,629.3"
11/03/2011,"1,647.0"
11/02/2011,"1,601.3"
11/01/2011,"1,582.0"
10/31/2011,"1,607.6"
10/28/2011,"1,651.8"
10/27/2011,"1,641.4"
10/26/2011,"1,597.2"
10/25/2011,"1,568.8"
10/24/2011,"1,542.0"
10/21/2011,"1,509.2"
10/20/2011,"1,490.4"
10/19/2011,"1,523.1"
10/18/2011,"1,540.7"
10/17/2011,"1,551.8"
10/14/2011,"1,554.9"
10/13/2011,"1,532.4"
10/12/2011,"1,554.4"
10/11/2011,"1,518.8"
10/10/2011,"1,525.1"
10/07/2011,"1,493.3"
10/06/2011,"1,508.1"
10/05/2011,"1,482.9"
10/04/2011,"1,468.6"
10/03/2011,"1,517.1"
09/30/2011,"1,523.6"
09/29/2011,"1,532.9"
09/28/2011,"1,534.2"
09/27/2011,"1,574.0"
09/26/2011,"1,546.9"
09/23/2011,"1,613.2"
09/22/2011,"1,710.6"
09/21/2011,"1,788.2"
09/20/2011,"1,781.9"
09/19/2011,"1,772.0"
09/16/2011,"1,813.9"
09/15/2011,"1,780.6"
09/14/2011,"1,815.9"
09/13/2011,"1,813.5"
09/12/2011,"1,809.4"
09/09/2011,"1,837.9"
09/08/2011,"1,854.5"
09/07/2011,"1,828.7"
09/06/2011,"1,858.2"
09/02/2011,"1,884.8"
09/01/2011,"1,852.9"
08/31/2011,"1,856.2"
08/30/2011,"1,853.1"
08/29/2011,"1,825.0"
08/26/2011,"1,826.9"
08/25/2011,"1,822.4"
08/24/2011,"1,826.3"
08/23/2011,"1,880.1"
08/22/2011,"1,905.7"
08/19/2011,"1,874.9"
08/18/2011,"1,847.7"
08/17/2011,"1,840.8"
08/16/2011,"1,818.1"
08/15/2011,"1,797.2"
08/12/2011,"1,796.7"
08/11/2011,"1,792.4"
08/10/2011,"1,771.7"
08/09/2011,"1,756.4"
08/08/2011,"1,723.6"
08/05/2011,"1,719.1"
08/04/2011,"1,729.4"
08/03/2011,"1,785.0"
08/02/2011,"1,793.5"
08/01/2011,"1,794.6"
07/29/2011,"1,785.3"
07/28/2011,"1,792.4"
07/27/2011,"1,808.0"
07/26/2011,"1,807.2"
07/25/2011,"1,794.0"
07/22/2011,"1,798.4"
07/21/2011,"1,787.8"
07/20/2011,"1,776.1"
07/19/2011,"1,776.3"
07/18/2011,"1,775.4"
07/15/2011,"1,755.5"
07/14/2011,"1,774.3"
07/13/2011,"1,767.0"
07/12/2011,"1,736.3"
07/11/2011,"1,728.3"
07/08/2011,"1,733.4"
07/07/2011,"1,743.0"
07/06/2011,"1,733.4"
07/05/2011,"1,742.1"
07/01/2011,"1,716.8"
06/30/2011,"1,726.1"
06/29/2011,"1,726.6"
06/28/2011,"1,691.7"
06/27/2011,"1,673.0"
06/24/2011,"1,677.6"
06/23/2011,"1,694.5"
06/22/2011,"1,752.4"
06/21/2011,"1,747.2"
06/20/2011,"1,730.5"
06/17/2011,"1,752.1"
06/16/2011,"1,760.7"
06/15/2011,"1,774.2"
06/14/2011,"1,794.9"
06/13/2011,"1,806.8"
06/10/2011,"1,833.0"
06/09/2011,"1,844.7"
06/08/2011,"1,831.2"
06/07/2011,"1,830.7"
06/06/2011,"1,821.2"
06/03/2011,"1,823.7"
06/02/2011,"1,817.8"
06/01/2011,"1,823.9"
05/31/2011,"1,834.0"
05/27/2011,"1,800.0"
05/26/2011,"1,778.1"
05/25/2011,"1,779.8"
05/24/2011,"1,762.5"
05/23/2011,"1,755.9"
05/20/2011,"1,769.4"
05/19/2011,"1,769.0"
05/18/2011,"1,779.9"
05/17/2011,"1,761.0"
05/16/2011,"1,760.0"
05/13/2011,"1,769.3"
05/12/2011,"1,771.0"
05/11/2011,"1,777.8"
05/10/2011,"1,800.9"
05/09/2011,"1,795.1"
05/06/2011,"1,786.4"
05/05/2011,"1,778.2"
05/04/2011,"1,826.3"
05/03/2011,"1,860.5"
05/02/2011,"1,875.7"
04/29/2011,"1,865.5"
04/28/2011,"1,839.9"
04/27/2011,"1,819.2"
04/26/2011,"1,805.4"
04/25/2011,"1,828.1"
04/21/2011,"1,820.7"
04/20/2011,"1,802.8"
04/19/2011,"1,771.3"
04/18/2011,"1,782.8"
04/15/2011,"1,794.8"
04/14/2011,"1,795.6"
04/13/2011,"1,777.2"
04/12/2011,"1,774.3"
04/11/2011,"1,792.8"
04/08/2011,"1,812.1"
04/07/2011,"1,790.6"
04/06/2011,"1,797.8"
04/05/2011,"1,796.8"
04/04/2011,"1,787.0"
04/01/2011,"1,776.9"
03/31/2011,"1,783.2"
03/30/2011,"1,774.1"
03/29/2011,"1,740.6"
03/28/2011,"1,747.8"
03/25/2011,"1,745.6"
03/24/2011,"1,760.0"
03/23/2011,"1,760.0"
03/22/2011,"1,739.4"
03/21/2011,"1,744.9"
03/18/2011,"1,723.4"
03/17/2011,"1,706.9"
03/16/2011,"1,700.5"
03/15/2011,"1,705.6"
03/14/2011,"1,752.3"
03/11/2011,"1,781.7"
03/10/2011,"1,765.6"
03/09/2011,"1,802.0"
03/08/2011,"1,802.6"
03/07/2011,"1,820.4"
03/04/2011,"1,837.9"
03/03/2011,"1,833.0"
03/02/2011,"1,859.3"
03/01/2011,"1,845.1"
02/28/2011,"1,809.2"
02/25/2011,"1,803.4"
02/24/2011,"1,786.8"
02/23/2011,"1,776.7"
02/22/2011,"1,786.3"
02/18/2011,"1,843.3"
02/17/2011,"1,844.0"
02/16/2011,"1,834.3"
02/15/2011,"1,831.6"
02/14/2011,"1,827.6"
02/11/2011,"1,813.5"
02/10/2011,"1,830.8"
02/09/2011,"1,859.4"
02/08/2011,"1,861.9"
02/07/2011,"1,844.2"
02/04/2011,"1,845.8"
02/03/2011,"1,844.1"
02/02/2011,"1,828.6"
02/01/2011,"1,833.0"
01/31/2011,"1,800.9"
01/28/2011,"1,805.0"
01/27/2011,"1,803.5"
01/26/2011,"1,796.9"
01/25/2011,"1,787.3"
01/24/2011,"1,819.6"
01/21/2011,"1,822.3"
01/20/2011,"1,818.6"
01/19/2011,"1,838.1"
01/18/2011,"1,828.3"
01/14/2011,"1,816.0"
01/13/2011,"1,821.2"
01/12/2011,"1,801.1"
01/11/2011,"1,770.3"
01/10/2011,"1,745.1"
01/07/2011,"1,738.3"
01/06/2011,"1,735.1"
01/05/2011,"1,734.1"
01/04/2011,"1,747.4"
01/03/2011,"1,786.4"
12/31/2010,"1,778.2"
12/30/2010,"1,749.3"
12/29/2010,"1,760.2"
12/28/2010,"1,757.2"
12/27/2010,"1,735.5"
12/23/2010,"1,723.1"
12/22/2010,"1,730.9"
12/21/2010,"1,721.9"
12/20/2010,"1,710.7"
12/17/2010,"1,698.5"
12/16/2010,"1,698.6"
12/15/2010,"1,704.4"
12/14/2010,"1,713.9"
12/13/2010,"1,697.3"
12/10/2010,"1,675.3"
12/09/2010,"1,678.9"
12/08/2010,"1,681.4"
12/07/2010,"1,705.2"
12/06/2010,"1,713.6"
12/03/2010,"1,728.5"
12/02/2010,"1,713.1"
12/01/2010,"1,684.0"
11/30/2010,"1,666.4"
11/29/2010,"1,644.6"
11/26/2010,"1,645.2"
11/24/2010,"1,658.4"
11/23/2010,"1,657.7"
11/22/2010,"1,655.5"
11/19/2010,"1,671.1"
11/18/2010,"1,663.9"
11/17/2010,"1,640.9"
11/16/2010,"1,645.7"
11/15/2010,"1,685.8"
11/12/2010,"1,684.6"
11/11/2010,"1,745.8"
11/10/2010,"1,737.9"
11/09/2010,"1,809.6"
11/08/2010,"1,771.1"
11/05/2010,"1,768.9"
11/04/2010,"1,755.9"
11/03/2010,"1,697.2"
11/02/2010,"1,719.1"
11/01/2010,"1,711.5"
10/29/2010,"1,707.1"
10/28/2010,"1,692.0"
10/27/2010,"1,678.1"
10/26/2010,"1,704.0"
10/25/2010,"1,697.0"
10/22/2010,"1,675.1"
10/21/2010,"1,673.4"
10/20/2010,"1,687.3"
10/19/2010,"1,677.6"
10/18/2010,"1,698.3"
10/15/2010,"1,695.4"
10/14/2010,"1,712.6"
10/13/2010,"1,707.4"
10/12/2010,"1,683.3"
10/11/2010,"1,690.8"
10/08/2010,"1,708.7"
10/07/2010,"1,705.0"
10/06/2010,"1,712.0"
10/05/2010,"1,700.7"
10/04/2010,"1,672.1"
10/01/2010,"1,682.1"
09/30/2010,"1,658.6"
09/29/2010,"1,656.6"
09/28/2010,"1,635.7"
09/27/2010,"1,630.1"
09/24/2010,"1,639.8"
09/23/2010,"1,645.9"
09/22/2010,"1,632.9"
09/21/2010,"1,612.4"
09/20/2010,"1,632.0"
09/17/2010,"1,621.9"
09/16/2010,"1,611.9"
09/15/2010,"1,605.3"
09/14/2010,"1,594.4"
09/13/2010,"1,549.9"
09/10/2010,"1,542.5"
09/09/2010,"1,553.3"
09/08/2010,"1,562.2"
09/07/2010,"1,556.3"
09/03/2010,"1,561.1"
09/02/2010,"1,551.5"
09/01/2010,"1,535.7"
08/31/2010,"1,523.5"
08/30/2010,"1,533.1"
08/27/2010,"1,537.0"
08/26/2010,"1,539.9"
08/25/2010,"1,527.4"
08/24/2010,"1,517.7"
08/23/2010,"1,508.6"
08/20/2010,"1,513.9"
08/19/2010,"1,527.5"
08/18/2010,"1,536.5"
08/17/2010,"1,546.6"
08/16/2010,"1,537.3"
08/13/2010,"1,526.2"
08/12/2010,"1,531.6"
08/11/2010,"1,520.6"
08/10/2010,"1,537.0"
08/09/2010,"1,542.9"
08/06/2010,"1,570.8"
08/05/2010,"1,572.5"
08/04/2010,"1,586.2"
08/03/2010,"1,587.1"
08/02/2010,"1,602.2"
07/30/2010,"1,576.8"
07/29/2010,"1,563.4"
07/28/2010,"1,541.7"
07/27/2010,"1,536.7"
07/26/2010,"1,555.8"
07/23/2010,"1,542.8"
07/22/2010,"1,529.4"
07/21/2010,"1,529.8"
07/20/2010,"1,517.8"
07/19/2010,"1,513.1"
07/16/2010,"1,512.1"
07/15/2010,"1,533.7"
07/14/2010,"1,520.6"
07/13/2010,"1,535.4"
07/12/2010,"1,515.3"
07/09/2010,"1,533.2"
07/08/2010,"1,516.4"
07/07/2010,"1,526.4"
07/06/2010,"1,518.7"
07/02/2010,"1,503.6"
07/01/2010,"1,506.8"
06/30/2010,"1,537.3"
06/29/2010,"1,555.1"
06/28/2010,"1,565.6"
06/25/2010,"1,570.4"
06/24/2010,"1,561.5"
06/23/2010,"1,567.0"
06/22/2010,"1,593.0"
06/21/2010,"1,590.3"
06/18/2010,"1,587.0"
06/17/2010,"1,572.0"
06/16/2010,"1,567.5"
06/15/2010,"1,578.0"
06/14/2010,"1,563.4"
06/11/2010,"1,535.0"
06/10/2010,"1,536.2"
06/09/2010,"1,534.0"
06/08/2010,"1,528.8"
06/07/2010,"1,517.3"
06/04/2010,"1,525.3"
06/03/2010,"1,542.9"
06/02/2010,"1,550.4"
06/01/2010,"1,549.4"
05/28/2010,"1,549.4"
05/27/2010,"1,552.9"
05/26/2010,"1,530.3"
05/25/2010,"1,491.9"
05/24/2010,"1,534.5"
05/21/2010,"1,501.2"
05/20/2010,"1,495.8"
05/19/2010,"1,605.7"
05/18/2010,"1,690.5"
05/17/2010,"1,663.2"
05/14/2010,"1,715.4"
05/13/2010,"1,739.4"
05/12/2010,"1,747.3"
05/11/2010,"1,700.8"
05/10/2010,"1,693.5"
05/07/2010,"1,665.8"
05/06/2010,"1,666.5"
05/05/2010,"1,649.6"
05/04/2010,"1,685.8"
05/03/2010,"1,728.9"
04/30/2010,"1,745.1"
04/29/2010,"1,733.7"
04/28/2010,"1,713.6"
04/27/2010,"1,720.9"
04/26/2010,"1,745.0"
04/23/2010,"1,741.7"
04/22/2010,"1,744.2"
04/21/2010,"1,740.3"
04/20/2010,"1,721.8"
04/19/2010,"1,696.6"
04/16/2010,"1,695.3"
04/15/2010,"1,726.3"
04/14/2010,"1,734.2"
04/13/2010,"1,717.3"
04/12/2010,"1,739.4"
04/09/2010,"1,727.4"
04/08/2010,"1,717.1"
04/07/2010,"1,723.2"
04/06/2010,"1,704.5"
04/05/2010,"1,709.8"
04/01/2010,"1,675.6"
