Date,price
11/03/2023,4358.34
11/02/2023,4317.78
11/01/2023,4237.86
10/31/2023,4193.8
10/30/2023,4166.82
10/27/2023,4117.37
10/26/2023,4137.23
10/25/2023,4186.77
10/24/2023,4247.68
10/23/2023,4217.04
10/20/2023,4224.16
10/19/2023,4278.0
10/18/2023,4314.6
10/17/2023,4373.2
10/16/2023,4373.63
10/13/2023,4327.78
10/12/2023,4349.61
10/11/2023,4376.95
10/10/2023,4358.24
10/09/2023,4335.66
10/06/2023,4308.5
10/05/2023,4258.19
10/04/2023,4263.75
10/03/2023,4229.45
10/02/2023,4288.39
09/29/2023,4288.05
09/28/2023,4299.7
09/27/2023,4274.51
09/26/2023,4273.53
09/25/2023,4337.44
09/22/2023,4320.06
09/21/2023,4330.0
09/20/2023,4402.2
09/19/2023,4443.95
09/18/2023,4453.53
09/15/2023,4450.32
09/14/2023,4505.1
09/13/2023,4467.44
09/12/2023,4461.9
09/11/2023,4487.46
09/08/2023,4457.49
09/07/2023,4451.14
09/06/2023,4465.48
09/05/2023,4496.83
09/01/2023,4515.77
08/31/2023,4507.66
08/30/2023,4514.87
08/29/2023,4497.63
08/28/2023,4433.31
08/25/2023,4405.71
08/24/2023,4376.31
08/23/2023,4436.01
08/22/2023,4387.55
08/21/2023,4399.77
08/18/2023,4369.71
08/17/2023,4370.36
08/16/2023,4404.33
08/15/2023,4437.86
08/14/2023,4489.72
08/11/2023,4464.05
08/10/2023,4468.83
08/09/2023,4467.71
08/08/2023,4499.38
08/07/2023,4518.44
08/04/2023,4478.03
08/03/2023,4501.89
08/02/2023,4513.39
08/01/2023,4576.73
07/31/2023,4588.96
07/28/2023,4582.23
07/27/2023,4537.41
07/26/2023,4566.75
07/25/2023,4567.46
07/24/2023,4554.64
07/21/2023,4536.34
07/20/2023,4534.87
07/19/2023,4565.72
07/18/2023,4554.98
07/17/2023,4522.79
07/14/2023,4505.42
07/13/2023,4510.04
07/12/2023,4472.16
07/11/2023,4439.26
07/10/2023,4409.53
07/07/2023,4398.95
07/06/2023,4411.59
07/05/2023,4446.82
07/03/2023,4455.59
06/30/2023,4450.38
06/29/2023,4396.44
06/28/2023,4376.86
06/27/2023,4378.41
06/26/2023,4328.82
06/23/2023,4348.33
06/22/2023,4381.89
06/21/2023,4365.69
06/20/2023,4388.71
06/16/2023,4409.59
06/15/2023,4425.84
06/14/2023,4372.59
06/13/2023,4369.01
06/12/2023,4338.93
06/09/2023,4298.86
06/08/2023,4293.93
06/07/2023,4267.52
06/06/2023,4283.85
06/05/2023,4273.79
06/02/2023,4282.37
06/01/2023,4221.02
05/31/2023,4179.83
05/30/2023,4205.52
05/26/2023,4205.45
05/25/2023,4151.28
05/24/2023,4115.24
05/23/2023,4145.58
05/22/2023,4192.63
05/19/2023,4191.98
05/18/2023,4198.05
05/17/2023,4158.77
05/16/2023,4109.9
05/15/2023,4136.28
05/12/2023,4124.08
05/11/2023,4130.62
05/10/2023,4137.64
05/09/2023,4119.17
05/08/2023,4138.12
05/05/2023,4136.25
05/04/2023,4061.22
05/03/2023,4090.75
05/02/2023,4119.58
05/01/2023,4167.87
04/28/2023,4169.48
04/27/2023,4135.35
04/26/2023,4055.99
04/25/2023,4071.63
04/24/2023,4137.04
04/21/2023,4133.52
04/20/2023,4129.79
04/19/2023,4154.52
04/18/2023,4154.87
04/17/2023,4151.32
04/14/2023,4137.64
04/13/2023,4146.22
04/12/2023,4091.95
04/11/2023,4108.94
04/10/2023,4109.11
04/06/2023,4105.02
04/05/2023,4090.38
04/04/2023,4100.6
04/03/2023,4124.51
03/31/2023,4109.31
03/30/2023,4050.83
03/29/2023,4027.81
03/28/2023,3971.27
03/27/2023,3977.53
03/24/2023,3970.99
03/23/2023,3948.72
03/22/2023,3936.97
03/21/2023,4002.87
03/20/2023,3951.57
03/17/2023,3916.64
03/16/2023,3960.28
03/15/2023,3891.93
03/14/2023,3919.29
03/13/2023,3855.76
03/10/2023,3861.59
03/09/2023,3918.32
03/08/2023,3992.01
03/07/2023,3986.37
03/06/2023,4048.42
03/03/2023,4045.64
03/02/2023,3981.35
03/01/2023,3951.39
02/28/2023,3970.15
02/27/2023,3982.24
02/24/2023,3970.04
02/23/2023,4012.32
02/22/2023,3991.05
02/21/2023,3997.34
02/17/2023,4079.09
02/16/2023,4090.41
02/15/2023,4147.6
02/14/2023,4136.13
02/13/2023,4137.29
02/10/2023,4090.46
02/09/2023,4081.5
02/08/2023,4117.86
02/07/2023,4164.0
02/06/2023,4111.08
02/03/2023,4136.48
02/02/2023,4179.76
02/01/2023,4119.21
01/31/2023,4076.6
01/30/2023,4017.77
01/27/2023,4070.56
01/26/2023,4060.43
01/25/2023,4016.22
01/24/2023,4016.95
01/23/2023,4019.81
01/20/2023,3972.61
01/19/2023,3898.85
01/18/2023,3928.86
01/17/2023,3990.97
01/13/2023,3999.09
01/12/2023,3983.17
01/11/2023,3969.61
01/10/2023,3919.25
01/09/2023,3892.09
01/06/2023,3895.08
01/05/2023,3808.1
01/04/2023,3852.97
01/03/2023,3824.14
12/30/2022,3839.5
12/29/2022,3849.28
12/28/2022,3783.22
12/27/2022,3829.25
12/23/2022,3844.82
12/22/2022,3822.39
12/21/2022,3878.44
12/20/2022,3821.62
12/19/2022,3817.66
12/16/2022,3852.36
12/15/2022,3895.75
12/14/2022,3995.32
12/13/2022,4019.65
12/12/2022,3990.56
12/09/2022,3934.38
12/08/2022,3963.51
12/07/2022,3933.92
12/06/2022,3941.26
12/05/2022,3998.84
12/02/2022,4071.7
12/01/2022,4076.57
11/30/2022,4080.11
11/29/2022,3957.63
11/28/2022,3963.94
11/25/2022,4026.12
11/23/2022,4027.26
11/22/2022,4003.58
11/21/2022,3949.94
11/18/2022,3965.34
11/17/2022,3946.56
11/16/2022,3958.79
11/15/2022,3991.73
11/14/2022,3957.25
11/11/2022,3992.93
11/10/2022,3956.37
11/09/2022,3748.57
11/08/2022,3828.11
11/07/2022,3806.8
11/04/2022,3770.55
11/03/2022,3719.89
11/02/2022,3759.69
11/01/2022,3856.1
10/31/2022,3871.98
10/28/2022,3901.06
10/27/2022,3807.3
10/26/2022,3830.6
10/25/2022,3859.11
10/24/2022,3797.34
10/21/2022,3752.75
10/20/2022,3665.78
10/19/2022,3695.16
10/18/2022,3719.98
10/17/2022,3677.95
10/14/2022,3583.07
10/13/2022,3669.91
10/12/2022,3577.03
10/11/2022,3588.84
10/10/2022,3612.39
10/07/2022,3639.66
10/06/2022,3744.52
10/05/2022,3783.28
10/04/2022,3790.93
10/03/2022,3678.43
09/30/2022,3585.62
09/29/2022,3640.47
09/28/2022,3719.04
09/27/2022,3647.29
09/26/2022,3655.04
09/23/2022,3693.23
09/22/2022,3757.99
09/21/2022,3789.93
09/20/2022,3855.93
09/19/2022,3899.89
09/16/2022,3873.33
09/15/2022,3901.35
09/14/2022,3946.01
09/13/2022,3932.69
09/12/2022,4110.41
09/09/2022,4067.36
09/08/2022,4006.18
09/07/2022,3979.87
09/06/2022,3908.19
09/02/2022,3924.26
09/01/2022,3966.85
08/31/2022,3955.0
08/30/2022,3986.16
08/29/2022,4030.61
08/26/2022,4057.66
08/25/2022,4199.12
08/24/2022,4140.77
08/23/2022,4128.73
08/22/2022,4137.99
08/19/2022,4228.48
08/18/2022,4283.74
08/17/2022,4274.04
08/16/2022,4305.2
08/15/2022,4297.14
08/12/2022,4280.15
08/11/2022,4207.27
08/10/2022,4210.24
08/09/2022,4122.47
08/08/2022,4140.06
08/05/2022,4145.19
08/04/2022,4151.94
08/03/2022,4155.17
08/02/2022,4091.19
08/01/2022,4118.63
07/29/2022,4130.29
07/28/2022,4072.43
07/27/2022,4023.61
07/26/2022,3921.05
07/25/2022,3966.84
07/22/2022,3961.63
07/21/2022,3998.95
07/20/2022,3959.9
07/19/2022,3936.69
07/18/2022,3830.85
07/15/2022,3863.16
07/14/2022,3790.38
07/13/2022,3801.78
07/12/2022,3818.8
07/11/2022,3854.43
07/08/2022,3899.38
07/07/2022,3902.62
07/06/2022,3845.08
07/05/2022,3831.39
07/01/2022,3825.33
06/30/2022,3785.38
06/29/2022,3818.83
06/28/2022,3821.55
06/27/2022,3900.11
06/24/2022,3911.74
06/23/2022,3795.73
06/22/2022,3759.89
06/21/2022,3764.79
06/17/2022,3674.84
06/16/2022,3666.77
06/15/2022,3789.99
06/14/2022,3735.48
06/13/2022,3749.63
06/10/2022,3900.86
06/09/2022,4017.82
06/08/2022,4115.77
06/07/2022,4160.68
06/06/2022,4121.43
06/03/2022,4108.54
06/02/2022,4176.82
06/01/2022,4101.23
05/31/2022,4132.15
05/27/2022,4158.24
05/26/2022,4057.84
05/25/2022,3978.73
05/24/2022,3941.48
05/23/2022,3973.75
05/20/2022,3901.36
05/19/2022,3900.79
05/18/2022,3923.68
05/17/2022,4088.85
05/16/2022,4008.01
05/13/2022,4023.89
05/12/2022,3930.08
05/11/2022,3935.18
05/10/2022,4001.05
05/09/2022,3991.24
05/06/2022,4123.34
05/05/2022,4146.87
05/04/2022,4300.17
05/03/2022,4175.48
05/02/2022,4155.38
04/29/2022,4131.93
04/28/2022,4287.5
04/27/2022,4183.96
04/26/2022,4175.2
04/25/2022,4296.12
04/22/2022,4271.78
04/21/2022,4393.66
04/20/2022,4459.45
04/19/2022,4462.21
04/18/2022,4391.69
04/14/2022,4392.59
04/13/2022,4446.59
04/12/2022,4397.45
04/11/2022,4412.53
04/08/2022,4488.28
04/07/2022,4500.21
04/06/2022,4481.15
04/05/2022,4525.12
04/04/2022,4582.64
04/01/2022,4545.86
03/31/2022,4530.41
03/30/2022,4602.45
03/29/2022,4631.6
03/28/2022,4575.52
03/25/2022,4543.06
03/24/2022,4520.16
03/23/2022,4456.24
03/22/2022,4511.61
03/21/2022,4461.18
03/18/2022,4463.12
03/17/2022,4411.67
03/16/2022,4357.86
03/15/2022,4262.45
03/14/2022,4173.11
03/11/2022,4204.31
03/10/2022,4259.52
03/09/2022,4277.88
03/08/2022,4170.7
03/07/2022,4201.09
03/04/2022,4328.87
03/03/2022,4363.49
03/02/2022,4386.54
03/01/2022,4306.26
02/28/2022,4373.94
02/25/2022,4384.65
02/24/2022,4288.7
02/23/2022,4225.5
02/22/2022,4304.76
02/18/2022,4348.87
02/17/2022,4380.26
02/16/2022,4475.01
02/15/2022,4471.07
02/14/2022,4401.67
02/11/2022,4418.64
02/10/2022,4504.08
02/09/2022,4587.18
02/08/2022,4521.54
02/07/2022,4483.87
02/04/2022,4500.53
02/03/2022,4477.44
02/02/2022,4589.38
02/01/2022,4546.54
01/31/2022,4515.55
01/28/2022,4431.85
01/27/2022,4326.51
01/26/2022,4349.93
01/25/2022,4356.45
01/24/2022,4410.13
01/21/2022,4397.94
01/20/2022,4482.73
01/19/2022,4532.76
01/18/2022,4577.11
01/14/2022,4662.85
01/13/2022,4659.03
01/12/2022,4726.35
01/11/2022,4713.07
01/10/2022,4670.29
01/07/2022,4677.03
01/06/2022,4696.05
01/05/2022,4700.58
01/04/2022,4793.54
01/03/2022,4796.56
12/31/2021,4766.18
12/30/2021,4778.73
12/29/2021,4793.06
12/28/2021,4786.35
12/27/2021,4791.19
12/23/2021,4725.79
12/22/2021,4696.56
12/21/2021,4649.23
12/20/2021,4568.02
12/17/2021,4620.64
12/16/2021,4668.67
12/15/2021,4709.85
12/14/2021,4634.09
12/13/2021,4668.97
12/10/2021,4712.02
12/09/2021,4667.45
12/08/2021,4701.21
12/07/2021,4686.75
12/06/2021,4591.67
12/03/2021,4538.43
12/02/2021,4577.1
12/01/2021,4513.04
11/30/2021,4567.0
11/29/2021,4655.27
11/26/2021,4594.62
11/24/2021,4701.46
11/23/2021,4690.7
11/22/2021,4682.94
11/19/2021,4697.96
11/18/2021,4704.54
11/17/2021,4688.67
11/16/2021,4700.9
11/15/2021,4682.8
11/12/2021,4682.85
11/11/2021,4649.27
11/10/2021,4646.71
11/09/2021,4685.25
11/08/2021,4701.7
11/05/2021,4697.53
11/04/2021,4680.06
11/03/2021,4660.57
11/02/2021,4630.65
11/01/2021,4613.67
10/29/2021,4605.38
10/28/2021,4596.42
10/27/2021,4551.68
10/26/2021,4574.79
10/25/2021,4566.48
10/22/2021,4544.9
10/21/2021,4549.78
10/20/2021,4536.19
10/19/2021,4519.63
10/18/2021,4486.46
10/15/2021,4471.37
10/14/2021,4438.26
10/13/2021,4363.8
10/12/2021,4350.65
10/11/2021,4361.19
10/08/2021,4391.34
10/07/2021,4399.76
10/06/2021,4363.55
10/05/2021,4345.72
10/04/2021,4300.46
10/01/2021,4357.04
09/30/2021,4307.54
09/29/2021,4359.46
09/28/2021,4352.63
09/27/2021,4443.11
09/24/2021,4455.48
09/23/2021,4448.98
09/22/2021,4395.64
09/21/2021,4354.19
09/20/2021,4357.73
09/17/2021,4432.99
09/16/2021,4473.75
09/15/2021,4480.7
09/14/2021,4443.05
09/13/2021,4468.73
09/10/2021,4458.58
09/09/2021,4493.28
09/08/2021,4514.07
09/07/2021,4520.03
09/03/2021,4535.43
09/02/2021,4536.95
09/01/2021,4524.09
08/31/2021,4522.68
08/30/2021,4528.79
08/27/2021,4509.37
08/26/2021,4470.0
08/25/2021,4496.19
08/24/2021,4486.23
08/23/2021,4479.53
08/20/2021,4441.67
08/19/2021,4405.8
08/18/2021,4400.27
08/17/2021,4448.08
08/16/2021,4479.71
08/13/2021,4468.0
08/12/2021,4460.83
08/11/2021,4447.7
08/10/2021,4436.75
08/09/2021,4432.35
08/06/2021,4436.52
08/05/2021,4429.1
08/04/2021,4402.66
08/03/2021,4423.15
08/02/2021,4387.16
07/30/2021,4395.26
07/29/2021,4419.15
07/28/2021,4400.64
07/27/2021,4401.46
07/26/2021,4422.3
07/23/2021,4411.79
07/22/2021,4367.48
07/21/2021,4358.69
07/20/2021,4323.06
07/19/2021,4258.49
07/16/2021,4327.16
07/15/2021,4360.03
07/14/2021,4374.3
07/13/2021,4369.21
07/12/2021,4384.63
07/09/2021,4369.55
07/08/2021,4320.82
07/07/2021,4358.13
07/06/2021,4343.54
07/02/2021,4352.34
07/01/2021,4319.94
06/30/2021,4297.5
06/29/2021,4291.8
06/28/2021,4290.61
06/25/2021,4280.7
06/24/2021,4266.49
06/23/2021,4241.84
06/22/2021,4246.44
06/21/2021,4224.79
06/18/2021,4166.45
06/17/2021,4221.86
06/16/2021,4223.7
06/15/2021,4246.59
06/14/2021,4255.15
06/11/2021,4247.44
06/10/2021,4239.18
06/09/2021,4219.55
06/08/2021,4227.26
06/07/2021,4226.52
06/04/2021,4229.89
06/03/2021,4192.85
06/02/2021,4208.12
06/01/2021,4202.04
05/28/2021,4204.11
05/27/2021,4200.88
05/26/2021,4195.99
05/25/2021,4188.13
05/24/2021,4197.05
05/21/2021,4155.86
05/20/2021,4159.12
05/19/2021,4115.68
05/18/2021,4127.83
05/17/2021,4163.29
05/14/2021,4173.85
05/13/2021,4112.5
05/12/2021,4063.04
05/11/2021,4152.1
05/10/2021,4188.43
05/07/2021,4232.6
05/06/2021,4201.62
05/05/2021,4167.59
05/04/2021,4164.66
05/03/2021,4192.66
04/30/2021,4181.17
04/29/2021,4211.47
04/28/2021,4183.18
04/27/2021,4186.72
04/26/2021,4187.62
04/23/2021,4180.17
04/22/2021,4134.98
04/21/2021,4173.42
04/20/2021,4134.94
04/19/2021,4163.26
04/16/2021,4185.47
04/15/2021,4170.42
04/14/2021,4124.66
04/13/2021,4141.59
04/12/2021,4127.99
04/09/2021,4128.8
04/08/2021,4097.17
04/07/2021,4079.95
04/06/2021,4073.94
04/05/2021,4077.91
04/01/2021,4019.87
03/31/2021,3972.89
03/30/2021,3958.55
03/29/2021,3971.09
03/26/2021,3974.54
03/25/2021,3909.52
03/24/2021,3889.14
03/23/2021,3910.52
03/22/2021,3940.59
03/19/2021,3913.1
03/18/2021,3915.46
03/17/2021,3974.12
03/16/2021,3962.71
03/15/2021,3968.94
03/12/2021,3943.34
03/11/2021,3939.34
03/10/2021,3898.81
03/09/2021,3875.44
03/08/2021,3821.35
03/05/2021,3841.94
03/04/2021,3768.47
03/03/2021,3819.72
03/02/2021,3870.29
03/01/2021,3901.82
02/26/2021,3811.15
02/25/2021,3829.34
02/24/2021,3925.43
02/23/2021,3881.37
02/22/2021,3876.5
02/19/2021,3906.71
02/18/2021,3913.97
02/17/2021,3931.33
02/16/2021,3932.59
02/12/2021,3934.83
02/11/2021,3916.38
02/10/2021,3909.88
02/09/2021,3911.23
02/08/2021,3915.59
02/05/2021,3886.83
02/04/2021,3871.74
02/03/2021,3830.17
02/02/2021,3826.31
02/01/2021,3773.86
01/29/2021,3714.24
01/28/2021,3787.38
01/27/2021,3750.77
01/26/2021,3849.62
01/25/2021,3855.36
01/22/2021,3841.47
01/21/2021,3853.07
01/20/2021,3851.85
01/19/2021,3798.91
01/15/2021,3768.25
01/14/2021,3795.54
01/13/2021,3809.84
01/12/2021,3801.19
01/11/2021,3799.61
01/08/2021,3824.68
01/07/2021,3803.79
01/06/2021,3748.14
01/05/2021,3726.86
01/04/2021,3700.65
12/31/2020,3756.07
12/30/2020,3732.04
12/29/2020,3727.04
12/28/2020,3735.36
12/24/2020,3703.06
12/23/2020,3690.01
12/22/2020,3687.26
12/21/2020,3694.92
12/18/2020,3709.41
12/17/2020,3722.48
12/16/2020,3701.17
12/15/2020,3694.62
12/14/2020,3647.49
12/11/2020,3663.46
12/10/2020,3668.1
12/09/2020,3672.82
12/08/2020,3702.25
12/07/2020,3691.96
12/04/2020,3699.12
12/03/2020,3666.72
12/02/2020,3669.01
12/01/2020,3662.45
11/30/2020,3621.63
11/27/2020,3638.35
11/25/2020,3629.65
11/24/2020,3635.41
11/23/2020,3577.59
11/20/2020,3557.54
11/19/2020,3581.87
11/18/2020,3567.79
11/17/2020,3609.53
11/16/2020,3626.91
11/13/2020,3585.15
11/12/2020,3537.01
11/11/2020,3572.66
11/10/2020,3545.53
11/09/2020,3550.5
11/06/2020,3509.44
11/05/2020,3510.45
11/04/2020,3443.44
11/03/2020,3369.16
11/02/2020,3310.24
10/30/2020,3269.96
10/29/2020,3310.11
10/28/2020,3271.03
10/27/2020,3390.68
10/26/2020,3400.97
10/23/2020,3465.39
10/22/2020,3453.49
10/21/2020,3435.56
10/20/2020,3443.12
10/19/2020,3426.92
10/16/2020,3483.81
10/15/2020,3483.34
10/14/2020,3488.67
10/13/2020,3511.93
10/12/2020,3534.22
10/09/2020,3477.13
10/08/2020,3446.83
10/07/2020,3419.45
10/06/2020,3360.95
10/05/2020,3408.63
10/02/2020,3348.44
10/01/2020,3380.8
09/30/2020,3363.0
09/29/2020,3335.47
09/28/2020,3351.6
09/25/2020,3298.46
09/24/2020,3246.59
09/23/2020,3236.92
09/22/2020,3315.57
09/21/2020,3281.06
09/18/2020,3319.47
09/17/2020,3357.01
09/16/2020,3385.49
09/15/2020,3401.2
09/14/2020,3383.54
09/11/2020,3340.97
09/10/2020,3339.19
09/09/2020,3398.96
09/08/2020,3331.84
09/04/2020,3426.96
09/03/2020,3455.06
09/02/2020,3580.84
09/01/2020,3526.65
08/31/2020,3500.31
08/28/2020,3508.01
08/27/2020,3484.55
08/26/2020,3478.73
08/25/2020,3443.62
08/24/2020,3431.28
08/21/2020,3397.16
08/20/2020,3385.51
08/19/2020,3374.85
08/18/2020,3389.78
08/17/2020,3381.99
08/14/2020,3372.85
08/13/2020,3373.43
08/12/2020,3380.35
08/11/2020,3333.69
08/10/2020,3360.47
08/07/2020,3351.28
08/06/2020,3349.16
08/05/2020,3327.77
08/04/2020,3306.51
08/03/2020,3294.61
07/31/2020,3271.12
07/30/2020,3246.22
07/29/2020,3258.44
07/28/2020,3218.44
07/27/2020,3239.41
07/24/2020,3215.63
07/23/2020,3235.66
07/22/2020,3276.02
07/21/2020,3257.3
07/20/2020,3251.84
07/17/2020,3224.73
07/16/2020,3215.57
07/15/2020,3226.56
07/14/2020,3197.52
07/13/2020,3155.22
07/10/2020,3185.04
07/09/2020,3152.05
07/08/2020,3169.94
07/07/2020,3145.32
07/06/2020,3179.72
07/02/2020,3130.01
07/01/2020,3115.86
06/30/2020,3100.29
06/29/2020,3053.24
06/26/2020,3009.05
06/25/2020,3083.76
06/24/2020,3050.33
06/23/2020,3131.29
06/22/2020,3117.86
06/19/2020,3097.74
06/18/2020,3115.34
06/17/2020,3113.49
06/16/2020,3124.74
06/15/2020,3066.59
06/12/2020,3041.31
06/11/2020,3002.1
06/10/2020,3190.14
06/09/2020,3207.18
06/08/2020,3232.39
06/05/2020,3193.93
06/04/2020,3112.35
06/03/2020,3122.87
06/02/2020,3080.82
06/01/2020,3055.73
05/29/2020,3044.31
05/28/2020,3029.73
05/27/2020,3036.13
05/26/2020,2991.77
05/22/2020,2955.45
05/21/2020,2948.51
05/20/2020,2971.61
05/19/2020,2922.94
05/18/2020,2953.91
05/15/2020,2863.7
05/14/2020,2852.5
05/13/2020,2820.0
05/12/2020,2870.12
05/11/2020,2930.32
05/08/2020,2929.8
05/07/2020,2881.19
05/06/2020,2848.42
05/05/2020,2868.44
05/04/2020,2842.74
05/01/2020,2830.71
04/30/2020,2912.43
04/29/2020,2939.51
04/28/2020,2863.39
04/27/2020,2878.48
04/24/2020,2836.74
04/23/2020,2797.8
04/22/2020,2799.31
04/21/2020,2736.56
04/20/2020,2823.16
04/17/2020,2874.56
04/16/2020,2799.55
04/15/2020,2783.36
04/14/2020,2846.06
04/13/2020,2761.63
04/09/2020,2789.82
04/08/2020,2749.98
04/07/2020,2659.41
04/06/2020,2663.68
04/03/2020,2488.65
04/02/2020,2526.9
04/01/2020,2470.5
03/31/2020,2584.59
03/30/2020,2626.65
03/27/2020,2541.47
03/26/2020,2630.07
03/25/2020,2475.56
03/24/2020,2447.33
03/23/2020,2237.4
03/20/2020,2304.92
03/19/2020,2409.39
03/18/2020,2398.1
03/17/2020,2529.19
03/16/2020,2386.13
03/13/2020,2711.02
03/12/2020,2480.64
03/11/2020,2741.38
03/10/2020,2882.23
03/09/2020,2746.56
03/06/2020,2972.37
03/05/2020,3023.94
03/04/2020,3130.12
03/03/2020,3003.37
03/02/2020,3090.23
02/28/2020,2954.22
02/27/2020,2978.76
02/26/2020,3116.39
02/25/2020,3128.21
02/24/2020,3225.89
02/21/2020,3337.75
02/20/2020,3373.23
02/19/2020,3386.15
02/18/2020,3370.29
02/14/2020,3380.16
02/13/2020,3373.94
02/12/2020,3379.45
02/11/2020,3357.75
02/10/2020,3352.09
02/07/2020,3327.71
02/06/2020,3345.78
02/05/2020,3334.69
02/04/2020,3297.59
02/03/2020,3248.92
01/31/2020,3225.52
01/30/2020,3283.66
01/29/2020,3273.4
01/28/2020,3276.24
01/27/2020,3243.63
01/24/2020,3295.47
01/23/2020,3325.54
01/22/2020,3321.75
01/21/2020,3320.79
01/17/2020,3329.62
01/16/2020,3316.81
01/15/2020,3289.29
01/14/2020,3283.15
01/13/2020,3288.13
01/10/2020,3265.35
01/09/2020,3274.7
01/08/2020,3253.05
01/07/2020,3237.18
01/06/2020,3246.28
01/03/2020,3234.85
01/02/2020,3257.85
12/31/2019,3230.78
12/30/2019,3221.29
12/27/2019,3240.02
12/26/2019,3239.91
12/24/2019,3223.38
12/23/2019,3224.01
12/20/2019,3221.22
12/19/2019,3205.37
12/18/2019,3191.14
12/17/2019,3192.52
12/16/2019,3191.45
12/13/2019,3168.8
12/12/2019,3168.57
12/11/2019,3141.63
12/10/2019,3132.52
12/09/2019,3135.96
12/06/2019,3145.91
12/05/2019,3117.43
12/04/2019,3112.76
12/03/2019,3093.2
12/02/2019,3113.87
11/29/2019,3140.98
11/27/2019,3153.63
11/26/2019,3140.52
11/25/2019,3133.64
11/22/2019,3110.29
11/21/2019,3103.54
11/20/2019,3108.46
11/19/2019,3120.18
11/18/2019,3122.03
11/15/2019,3120.46
11/14/2019,3096.63
11/13/2019,3094.04
11/12/2019,3091.84
11/11/2019,3087.01
11/08/2019,3093.08
11/07/2019,3085.18
11/06/2019,3076.78
11/05/2019,3074.62
11/04/2019,3078.27
11/01/2019,3066.91
10/31/2019,3037.56
10/30/2019,3046.77
10/29/2019,3036.89
10/28/2019,3039.42
10/25/2019,3022.55
10/24/2019,3010.29
10/23/2019,3004.52
10/22/2019,2995.99
10/21/2019,3006.72
10/18/2019,2986.2
10/17/2019,2997.95
10/16/2019,2989.69
10/15/2019,2995.68
10/14/2019,2966.15
10/11/2019,2970.27
10/10/2019,2938.13
10/09/2019,2919.4
10/08/2019,2893.06
10/07/2019,2938.79
10/04/2019,2952.01
10/03/2019,2910.63
10/02/2019,2887.61
10/01/2019,2940.25
09/30/2019,2976.74
09/27/2019,2961.79
09/26/2019,2977.62
09/25/2019,2984.87
09/24/2019,2966.6
09/23/2019,2991.78
09/20/2019,2992.07
09/19/2019,3006.79
09/18/2019,3006.73
09/17/2019,3005.7
09/16/2019,2997.96
09/13/2019,3007.39
09/12/2019,3009.57
09/11/2019,3000.93
09/10/2019,2979.39
09/09/2019,2978.43
09/06/2019,2978.71
09/05/2019,2976.0
09/04/2019,2937.78
09/03/2019,2906.27
08/30/2019,2926.46
08/29/2019,2924.58
08/28/2019,2887.94
08/27/2019,2869.16
08/26/2019,2878.38
08/23/2019,2847.11
08/22/2019,2922.95
08/21/2019,2924.43
08/20/2019,2900.51
08/19/2019,2923.65
08/16/2019,2888.68
08/15/2019,2847.6
08/14/2019,2840.6
08/13/2019,2926.32
08/12/2019,2883.75
08/09/2019,2918.65
08/08/2019,2938.09
08/07/2019,2883.98
08/06/2019,2881.77
08/05/2019,2844.74
08/02/2019,2932.05
08/01/2019,2953.56
07/31/2019,2980.38
07/30/2019,3013.18
07/29/2019,3020.97
07/26/2019,3025.86
07/25/2019,3003.67
07/24/2019,3019.56
07/23/2019,3005.47
07/22/2019,2985.03
07/19/2019,2976.61
07/18/2019,2995.11
07/17/2019,2984.42
07/16/2019,3004.04
07/15/2019,3014.3
07/12/2019,3013.77
07/11/2019,2999.91
07/10/2019,2993.07
07/09/2019,2979.63
07/08/2019,2975.95
07/05/2019,2990.41
07/03/2019,2995.82
07/02/2019,2973.01
07/01/2019,2964.33
06/28/2019,2941.76
06/27/2019,2924.92
06/26/2019,2913.78
06/25/2019,2917.38
06/24/2019,2945.35
06/21/2019,2950.46
06/20/2019,2954.18
06/19/2019,2926.46
06/18/2019,2917.75
06/17/2019,2889.67
06/14/2019,2886.98
06/13/2019,2891.64
06/12/2019,2879.84
06/11/2019,2885.72
06/10/2019,2886.73
06/07/2019,2873.34
06/06/2019,2843.49
06/05/2019,2826.15
06/04/2019,2803.27
06/03/2019,2744.45
05/31/2019,2752.06
05/30/2019,2788.86
05/29/2019,2783.02
05/28/2019,2802.39
05/24/2019,2826.06
05/23/2019,2822.24
05/22/2019,2856.27
05/21/2019,2864.36
05/20/2019,2840.23
05/17/2019,2859.53
05/16/2019,2876.32
05/15/2019,2850.96
05/14/2019,2834.41
05/13/2019,2811.87
05/10/2019,2881.4
05/09/2019,2870.72
05/08/2019,2879.42
05/07/2019,2884.05
05/06/2019,2932.47
05/03/2019,2945.64
05/02/2019,2917.52
05/01/2019,2923.73
04/30/2019,2945.83
04/29/2019,2943.03
04/26/2019,2939.88
04/25/2019,2926.17
04/24/2019,2927.25
04/23/2019,2933.68
04/22/2019,2907.97
04/18/2019,2905.03
04/17/2019,2900.45
04/16/2019,2907.06
04/15/2019,2905.58
04/12/2019,2907.41
04/11/2019,2888.32
04/10/2019,2888.21
04/09/2019,2878.2
04/08/2019,2895.77
04/05/2019,2892.74
04/04/2019,2879.39
04/03/2019,2873.4
04/02/2019,2867.24
04/01/2019,2867.19
03/29/2019,2834.4
03/28/2019,2815.44
03/27/2019,2805.37
03/26/2019,2818.46
03/25/2019,2798.36
03/22/2019,2800.71
03/21/2019,2854.88
03/20/2019,2824.23
03/19/2019,2832.57
03/18/2019,2832.94
03/15/2019,2822.48
03/14/2019,2808.48
03/13/2019,2810.92
03/12/2019,2791.52
03/11/2019,2783.3
03/08/2019,2743.07
03/07/2019,2748.93
03/06/2019,2771.45
03/05/2019,2789.65
03/04/2019,2792.81
03/01/2019,2803.69
02/28/2019,2784.49
02/27/2019,2792.38
02/26/2019,2793.9
02/25/2019,2796.11
02/22/2019,2792.67
02/21/2019,2774.88
02/20/2019,2784.7
02/19/2019,2779.76
02/15/2019,2775.6
02/14/2019,2745.73
02/13/2019,2753.03
02/12/2019,2744.73
02/11/2019,2709.8
02/08/2019,2707.88
02/07/2019,2706.05
02/06/2019,2731.61
02/05/2019,2737.7
02/04/2019,2724.87
02/01/2019,2706.53
01/31/2019,2704.1
01/30/2019,2681.05
01/29/2019,2640.0
01/28/2019,2643.85
01/25/2019,2664.76
01/24/2019,2642.33
01/23/2019,2638.7
01/22/2019,2632.9
01/18/2019,2670.71
01/17/2019,2635.96
01/16/2019,2616.1
01/15/2019,2610.3
01/14/2019,2582.61
01/11/2019,2596.26
01/10/2019,2596.64
01/09/2019,2584.96
01/08/2019,2574.41
01/07/2019,2549.69
01/04/2019,2531.94
01/03/2019,2447.89
01/02/2019,2510.03
12/31/2018,2506.85
12/28/2018,2485.74
12/27/2018,2488.83
12/26/2018,2467.7
12/24/2018,2351.1
12/21/2018,2416.62
12/20/2018,2467.42
12/19/2018,2506.96
12/18/2018,2546.16
12/17/2018,2545.94
12/14/2018,2599.95
12/13/2018,2650.54
12/12/2018,2651.07
12/11/2018,2636.78
12/10/2018,2637.72
12/07/2018,2633.08
12/06/2018,2695.95
12/04/2018,2700.06
12/03/2018,2790.37
11/30/2018,2760.17
11/29/2018,2737.76
11/28/2018,2743.79
11/27/2018,2682.17
11/26/2018,2673.45
11/23/2018,2632.56
11/21/2018,2649.93
11/20/2018,2641.89
11/19/2018,2690.73
11/16/2018,2736.27
11/15/2018,2730.2
11/14/2018,2701.58
11/13/2018,2722.18
11/12/2018,2726.22
11/09/2018,2781.01
11/08/2018,2806.83
11/07/2018,2813.89
11/06/2018,2755.45
11/05/2018,2738.31
11/02/2018,2723.06
11/01/2018,2740.37
10/31/2018,2711.74
10/30/2018,2682.63
10/29/2018,2641.25
10/26/2018,2658.69
10/25/2018,2705.57
10/24/2018,2656.1
10/23/2018,2740.69
10/22/2018,2755.88
10/19/2018,2767.78
10/18/2018,2768.78
10/17/2018,2809.21
10/16/2018,2809.92
10/15/2018,2750.79
10/12/2018,2767.13
10/11/2018,2728.37
10/10/2018,2785.68
10/09/2018,2880.34
10/08/2018,2884.43
10/05/2018,2885.57
10/04/2018,2901.61
10/03/2018,2925.51
10/02/2018,2923.43
10/01/2018,2924.59
09/28/2018,2913.98
09/27/2018,2914.0
09/26/2018,2905.97
09/25/2018,2915.56
09/24/2018,2919.37
09/21/2018,2929.67
09/20/2018,2930.75
09/19/2018,2907.95
09/18/2018,2904.31
09/17/2018,2888.8
09/14/2018,2904.98
09/13/2018,2904.18
09/12/2018,2888.92
09/11/2018,2887.89
09/10/2018,2877.13
09/07/2018,2871.68
09/06/2018,2878.05
09/05/2018,2888.6
09/04/2018,2896.72
08/31/2018,2901.52
08/30/2018,2901.13
08/29/2018,2914.04
08/28/2018,2897.52
08/27/2018,2896.74
08/24/2018,2874.69
08/23/2018,2856.98
08/22/2018,2861.82
08/21/2018,2862.96
08/20/2018,2857.05
08/17/2018,2850.13
08/16/2018,2840.69
08/15/2018,2818.37
08/14/2018,2839.96
08/13/2018,2821.93
08/10/2018,2833.28
08/09/2018,2853.58
08/08/2018,2857.7
08/07/2018,2858.45
08/06/2018,2850.4
08/03/2018,2840.35
08/02/2018,2827.22
08/01/2018,2813.36
07/31/2018,2816.29
07/30/2018,2802.6
07/27/2018,2818.82
07/26/2018,2837.44
07/25/2018,2846.07
07/24/2018,2820.4
07/23/2018,2806.98
07/20/2018,2801.83
07/19/2018,2804.49
07/18/2018,2815.62
07/17/2018,2809.55
07/16/2018,2798.43
07/13/2018,2801.31
07/12/2018,2798.29
07/11/2018,2774.02
07/10/2018,2793.84
07/09/2018,2784.17
07/06/2018,2759.82
07/05/2018,2736.61
07/03/2018,2713.22
07/02/2018,2726.71
06/29/2018,2718.37
06/28/2018,2716.31
06/27/2018,2699.63
06/26/2018,2723.06
06/25/2018,2717.07
06/22/2018,2754.88
06/21/2018,2749.76
06/20/2018,2767.32
06/19/2018,2762.59
06/18/2018,2773.75
06/15/2018,2779.66
06/14/2018,2782.49
06/13/2018,2775.63
06/12/2018,2786.85
06/11/2018,2782.0
06/08/2018,2779.03
06/07/2018,2770.37
06/06/2018,2772.35
06/05/2018,2748.8
06/04/2018,2746.87
06/01/2018,2734.62
05/31/2018,2705.27
05/30/2018,2724.01
05/29/2018,2689.86
05/25/2018,2721.33
05/24/2018,2727.76
05/23/2018,2733.29
05/22/2018,2724.44
05/21/2018,2733.01
05/18/2018,2712.97
05/17/2018,2720.13
05/16/2018,2722.46
05/15/2018,2711.45
05/14/2018,2730.13
05/11/2018,2727.72
05/10/2018,2723.07
05/09/2018,2697.79
05/08/2018,2671.92
05/07/2018,2672.63
05/04/2018,2663.42
05/03/2018,2629.73
05/02/2018,2635.67
05/01/2018,2654.8
04/30/2018,2648.05
04/27/2018,2669.91
04/26/2018,2666.94
04/25/2018,2639.4
04/24/2018,2634.56
04/23/2018,2670.29
04/20/2018,2670.14
04/19/2018,2693.13
04/18/2018,2708.64
04/17/2018,2706.39
04/16/2018,2677.84
04/13/2018,2656.3
04/12/2018,2663.99
04/11/2018,2642.19
04/10/2018,2656.87
04/09/2018,2613.16
04/06/2018,2604.47
04/05/2018,2662.84
04/04/2018,2644.69
04/03/2018,2614.45
04/02/2018,2581.88
03/29/2018,2640.87
03/28/2018,2605.0
03/27/2018,2612.62
03/26/2018,2658.55
03/23/2018,2588.26
03/22/2018,2643.69
03/21/2018,2711.93
03/20/2018,2716.94
03/19/2018,2712.92
03/16/2018,2752.01
03/15/2018,2747.33
03/14/2018,2749.48
03/13/2018,2765.31
03/12/2018,2783.02
03/09/2018,2786.57
03/08/2018,2738.97
03/07/2018,2726.8
03/06/2018,2728.12
03/05/2018,2720.94
03/02/2018,2691.25
03/01/2018,2677.67
02/28/2018,2713.83
02/27/2018,2744.28
02/26/2018,2779.6
02/23/2018,2747.3
02/22/2018,2703.96
02/21/2018,2701.33
02/20/2018,2716.26
02/16/2018,2732.22
02/15/2018,2731.2
02/14/2018,2698.63
02/13/2018,2662.94
02/12/2018,2656.0
02/09/2018,2619.55
02/08/2018,2581.0
02/07/2018,2681.66
02/06/2018,2695.14
02/05/2018,2648.94
02/02/2018,2762.13
02/01/2018,2821.98
01/31/2018,2823.81
01/30/2018,2822.43
01/29/2018,2853.53
01/26/2018,2872.87
01/25/2018,2839.25
01/24/2018,2837.54
01/23/2018,2839.13
01/22/2018,2832.97
01/19/2018,2810.3
01/18/2018,2798.03
01/17/2018,2802.56
01/16/2018,2776.42
01/12/2018,2786.24
01/11/2018,2767.56
01/10/2018,2748.23
01/09/2018,2751.29
01/08/2018,2747.71
01/05/2018,2743.15
01/04/2018,2723.99
01/03/2018,2713.06
01/02/2018,2695.81
12/29/2017,2673.61
12/28/2017,2687.54
12/27/2017,2682.62
12/26/2017,2680.5
12/22/2017,2683.34
12/21/2017,2684.57
12/20/2017,2679.25
12/19/2017,2681.47
12/18/2017,2690.16
12/15/2017,2675.81
12/14/2017,2652.01
12/13/2017,2662.85
12/12/2017,2664.11
12/11/2017,2659.99
12/08/2017,2651.5
12/07/2017,2636.98
12/06/2017,2629.27
12/05/2017,2629.57
12/04/2017,2639.44
12/01/2017,2642.22
11/30/2017,2647.58
11/29/2017,2626.07
11/28/2017,2627.04
11/27/2017,2601.42
11/24/2017,2602.42
11/22/2017,2597.08
11/21/2017,2599.03
11/20/2017,2582.14
11/17/2017,2578.85
11/16/2017,2585.64
11/15/2017,2564.62
11/14/2017,2578.87
11/13/2017,2584.84
11/10/2017,2582.3
11/09/2017,2584.62
11/08/2017,2594.38
11/07/2017,2590.64
11/06/2017,2591.13
11/03/2017,2587.84
11/02/2017,2579.85
11/01/2017,2579.36
10/31/2017,2575.26
10/30/2017,2572.83
10/27/2017,2581.07
10/26/2017,2560.4
10/25/2017,2557.15
10/24/2017,2569.13
10/23/2017,2564.98
10/20/2017,2575.21
10/19/2017,2562.1
10/18/2017,2561.26
10/17/2017,2559.36
10/16/2017,2557.64
10/13/2017,2553.17
10/12/2017,2550.93
10/11/2017,2555.24
10/10/2017,2550.64
10/09/2017,2544.73
10/06/2017,2549.33
10/05/2017,2552.07
10/04/2017,2537.74
10/03/2017,2534.58
10/02/2017,2529.12
09/29/2017,2519.36
09/28/2017,2510.06
09/27/2017,2507.04
09/26/2017,2496.84
09/25/2017,2496.66
09/22/2017,2502.22
09/21/2017,2500.6
09/20/2017,2508.24
09/19/2017,2506.65
09/18/2017,2503.87
09/15/2017,2500.23
09/14/2017,2495.62
09/13/2017,2498.37
09/12/2017,2496.48
09/11/2017,2488.11
09/08/2017,2461.43
09/07/2017,2465.1
09/06/2017,2465.54
09/05/2017,2457.85
09/01/2017,2476.55
08/31/2017,2471.65
08/30/2017,2457.59
08/29/2017,2446.3
08/28/2017,2444.24
08/25/2017,2443.05
08/24/2017,2438.97
08/23/2017,2444.04
08/22/2017,2452.51
08/21/2017,2428.37
08/18/2017,2425.55
08/17/2017,2430.01
08/16/2017,2468.11
08/15/2017,2464.61
08/14/2017,2465.84
08/11/2017,2441.32
08/10/2017,2438.21
08/09/2017,2474.02
08/08/2017,2474.92
08/07/2017,2480.91
08/04/2017,2476.83
08/03/2017,2472.16
08/02/2017,2477.57
08/01/2017,2476.35
07/31/2017,2470.3
07/28/2017,2472.1
07/27/2017,2475.42
07/26/2017,2477.83
07/25/2017,2477.13
07/24/2017,2469.91
07/21/2017,2472.54
07/20/2017,2473.45
07/19/2017,2473.83
07/18/2017,2460.61
07/17/2017,2459.14
07/14/2017,2459.27
07/13/2017,2447.83
07/12/2017,2443.25
07/11/2017,2425.53
07/10/2017,2427.43
07/07/2017,2425.18
07/06/2017,2409.75
07/05/2017,2432.54
07/03/2017,2429.01
06/30/2017,2423.41
06/29/2017,2419.7
06/28/2017,2440.69
06/27/2017,2419.38
06/26/2017,2439.07
06/23/2017,2438.3
06/22/2017,2434.5
06/21/2017,2435.61
06/20/2017,2437.03
06/19/2017,2453.46
06/16/2017,2433.15
06/15/2017,2432.46
06/14/2017,2437.92
06/13/2017,2440.35
06/12/2017,2429.39
06/09/2017,2431.77
06/08/2017,2433.79
06/07/2017,2433.14
06/06/2017,2429.33
06/05/2017,2436.1
06/02/2017,2439.07
06/01/2017,2430.06
05/31/2017,2411.8
05/30/2017,2412.91
05/26/2017,2415.82
05/25/2017,2415.07
05/24/2017,2404.39
05/23/2017,2398.42
05/22/2017,2394.02
05/19/2017,2381.73
05/18/2017,2365.72
05/17/2017,2357.03
05/16/2017,2400.67
05/15/2017,2402.32
05/12/2017,2390.9
05/11/2017,2394.44
05/10/2017,2399.63
05/09/2017,2396.92
05/08/2017,2399.38
05/05/2017,2399.29
05/04/2017,2389.52
05/03/2017,2388.13
05/02/2017,2391.17
05/01/2017,2388.33
04/28/2017,2384.2
04/27/2017,2388.77
04/26/2017,2387.45
04/25/2017,2388.61
04/24/2017,2374.15
04/21/2017,2348.69
04/20/2017,2355.84
04/19/2017,2338.17
04/18/2017,2342.19
04/17/2017,2349.01
04/13/2017,2328.95
04/12/2017,2344.93
04/11/2017,2353.78
04/10/2017,2357.16
04/07/2017,2355.54
04/06/2017,2357.49
04/05/2017,2352.95
04/04/2017,2360.16
04/03/2017,2358.84
03/31/2017,2362.72
03/30/2017,2368.06
03/29/2017,2361.13
03/28/2017,2358.57
03/27/2017,2341.59
03/24/2017,2343.98
03/23/2017,2345.96
03/22/2017,2348.45
03/21/2017,2344.02
03/20/2017,2373.47
03/17/2017,2378.25
03/16/2017,2381.38
03/15/2017,2385.26
03/14/2017,2365.45
03/13/2017,2373.47
03/10/2017,2372.6
03/09/2017,2364.87
03/08/2017,2362.98
03/07/2017,2368.39
03/06/2017,2375.31
03/03/2017,2383.12
03/02/2017,2381.92
03/01/2017,2395.96
02/28/2017,2363.64
02/27/2017,2369.75
02/24/2017,2367.34
02/23/2017,2363.81
02/22/2017,2362.82
02/21/2017,2365.38
02/17/2017,2351.16
02/16/2017,2347.22
02/15/2017,2349.25
02/14/2017,2337.58
02/13/2017,2328.25
02/10/2017,2316.1
02/09/2017,2307.87
02/08/2017,2294.67
02/07/2017,2293.08
02/06/2017,2292.56
02/03/2017,2297.42
02/02/2017,2280.85
02/01/2017,2279.55
01/31/2017,2278.87
01/30/2017,2280.9
01/27/2017,2294.69
01/26/2017,2296.68
01/25/2017,2298.37
01/24/2017,2280.07
01/23/2017,2265.2
01/20/2017,2271.31
01/19/2017,2263.69
01/18/2017,2271.89
01/17/2017,2267.89
01/13/2017,2274.64
01/12/2017,2270.44
01/11/2017,2275.32
01/10/2017,2268.9
01/09/2017,2268.9
01/06/2017,2276.98
01/05/2017,2269.0
01/04/2017,2270.75
01/03/2017,2257.83
12/30/2016,2238.83
12/29/2016,2249.26
12/28/2016,2249.92
12/27/2016,2268.88
12/23/2016,2263.79
12/22/2016,2260.96
12/21/2016,2265.18
12/20/2016,2270.76
12/19/2016,2262.53
12/16/2016,2258.07
12/15/2016,2262.03
12/14/2016,2253.28
12/13/2016,2271.72
12/12/2016,2256.96
12/09/2016,2259.53
12/08/2016,2246.19
12/07/2016,2241.35
12/06/2016,2212.23
12/05/2016,2204.71
12/02/2016,2191.95
12/01/2016,2191.08
11/30/2016,2198.81
11/29/2016,2204.66
11/28/2016,2201.72
11/25/2016,2213.35
11/23/2016,2204.72
11/22/2016,2202.94
11/21/2016,2198.18
11/18/2016,2181.9
11/17/2016,2187.12
11/16/2016,2176.94
11/15/2016,2180.39
11/14/2016,2164.2
11/11/2016,2164.45
11/10/2016,2167.48
11/09/2016,2163.26
11/08/2016,2139.56
11/07/2016,2131.52
11/04/2016,2085.18
11/03/2016,2088.66
11/02/2016,2097.94
11/01/2016,2111.72
10/31/2016,2126.15
10/28/2016,2126.41
10/27/2016,2133.04
10/26/2016,2139.43
10/25/2016,2143.16
10/24/2016,2151.33
10/21/2016,2141.16
10/20/2016,2141.34
10/19/2016,2144.29
10/18/2016,2139.6
10/17/2016,2126.5
10/14/2016,2132.98
10/13/2016,2132.55
10/12/2016,2139.18
10/11/2016,2136.73
10/10/2016,2163.66
10/07/2016,2153.74
10/06/2016,2160.77
10/05/2016,2159.73
10/04/2016,2150.49
10/03/2016,2161.2
09/30/2016,2168.27
09/29/2016,2151.13
09/28/2016,2171.37
09/27/2016,2159.93
09/26/2016,2146.1
09/23/2016,2164.69
09/22/2016,2177.18
09/21/2016,2163.12
09/20/2016,2139.76
09/19/2016,2139.12
09/16/2016,2139.16
09/15/2016,2147.26
09/14/2016,2125.77
09/13/2016,2127.02
09/12/2016,2159.04
09/09/2016,2127.81
09/08/2016,2181.3
09/07/2016,2186.16
09/06/2016,2186.48
09/02/2016,2179.98
09/01/2016,2170.86
08/31/2016,2170.95
08/30/2016,2176.12
08/29/2016,2180.38
08/26/2016,2169.04
08/25/2016,2172.47
08/24/2016,2175.44
08/23/2016,2186.9
08/22/2016,2182.64
08/19/2016,2183.87
08/18/2016,2187.02
08/17/2016,2182.22
08/16/2016,2178.15
08/15/2016,2190.15
08/12/2016,2184.05
08/11/2016,2185.79
08/10/2016,2175.49
08/09/2016,2181.74
08/08/2016,2180.89
08/05/2016,2182.87
08/04/2016,2164.25
08/03/2016,2163.79
08/02/2016,2157.03
08/01/2016,2170.84
07/29/2016,2173.6
07/28/2016,2170.06
07/27/2016,2166.58
07/26/2016,2169.18
07/25/2016,2168.48
07/22/2016,2175.03
07/21/2016,2165.17
07/20/2016,2173.02
07/19/2016,2163.78
07/18/2016,2166.89
07/15/2016,2161.74
07/14/2016,2163.75
07/13/2016,2152.43
07/12/2016,2152.14
07/11/2016,2137.16
07/08/2016,2129.9
07/07/2016,2097.9
07/06/2016,2099.73
07/05/2016,2088.55
07/01/2016,2102.95
06/30/2016,2098.86
06/29/2016,2070.77
06/28/2016,2036.09
06/27/2016,2000.54
06/24/2016,2037.41
06/23/2016,2113.32
06/22/2016,2085.45
06/21/2016,2088.9
06/20/2016,2083.25
06/17/2016,2071.22
06/16/2016,2077.99
06/15/2016,2071.5
06/14/2016,2075.32
06/13/2016,2079.06
06/10/2016,2096.07
06/09/2016,2115.48
06/08/2016,2119.12
06/07/2016,2112.13
06/06/2016,2109.41
06/03/2016,2099.13
06/02/2016,2105.26
06/01/2016,2099.33
05/31/2016,2096.96
05/27/2016,2099.06
05/26/2016,2090.1
05/25/2016,2090.54
05/24/2016,2076.06
05/23/2016,2048.04
05/20/2016,2052.32
05/19/2016,2040.04
05/18/2016,2047.63
05/17/2016,2047.21
05/16/2016,2066.66
05/13/2016,2046.61
05/12/2016,2064.11
05/11/2016,2064.46
05/10/2016,2084.39
05/09/2016,2058.69
05/06/2016,2057.14
05/05/2016,2050.63
05/04/2016,2051.12
05/03/2016,2063.37
05/02/2016,2081.43
04/29/2016,2065.3
04/28/2016,2075.81
04/27/2016,2095.15
04/26/2016,2091.7
04/25/2016,2087.79
04/22/2016,2091.58
04/21/2016,2091.48
04/20/2016,2102.4
04/19/2016,2100.8
04/18/2016,2094.34
04/15/2016,2080.73
04/14/2016,2082.78
04/13/2016,2082.42
04/12/2016,2061.72
04/11/2016,2041.99
04/08/2016,2047.6
04/07/2016,2041.91
04/06/2016,2066.66
04/05/2016,2045.17
04/04/2016,2066.13
04/01/2016,2072.78
03/31/2016,2059.74
03/30/2016,2063.95
03/29/2016,2055.01
03/28/2016,2037.05
03/24/2016,2035.94
03/23/2016,2036.71
03/22/2016,2049.8
03/21/2016,2051.6
03/18/2016,2049.58
03/17/2016,2040.59
03/16/2016,2027.22
03/15/2016,2015.93
03/14/2016,2019.64
03/11/2016,2022.19
03/10/2016,1989.57
03/09/2016,1989.26
03/08/2016,1979.26
03/07/2016,2001.76
03/04/2016,1999.99
03/03/2016,1993.4
03/02/2016,1986.45
03/01/2016,1978.35
02/29/2016,1932.23
02/26/2016,1948.05
02/25/2016,1951.7
02/24/2016,1929.8
02/23/2016,1921.27
02/22/2016,1945.5
02/19/2016,1917.78
02/18/2016,1917.83
02/17/2016,1926.82
02/16/2016,1895.58
02/12/2016,1864.78
02/11/2016,1829.08
02/10/2016,1851.86
02/09/2016,1852.21
02/08/2016,1853.44
02/05/2016,1880.05
02/04/2016,1915.45
02/03/2016,1912.53
02/02/2016,1903.03
02/01/2016,1939.38
01/29/2016,1940.24
01/28/2016,1893.36
01/27/2016,1882.95
01/26/2016,1903.63
01/25/2016,1877.08
01/22/2016,1906.9
01/21/2016,1868.99
01/20/2016,1859.33
01/19/2016,1881.33
01/15/2016,1880.33
01/14/2016,1921.84
01/13/2016,1890.28
01/12/2016,1938.68
01/11/2016,1923.67
01/08/2016,1922.03
01/07/2016,1943.09
01/06/2016,1990.26
01/05/2016,2016.71
01/04/2016,2012.66
12/31/2015,2043.94
12/30/2015,2063.36
12/29/2015,2078.36
12/28/2015,2056.5
12/24/2015,2060.99
12/23/2015,2064.29
12/22/2015,2038.97
12/21/2015,2021.15
12/18/2015,2005.55
12/17/2015,2041.89
12/16/2015,2073.07
12/15/2015,2043.41
12/14/2015,2021.94
12/11/2015,2012.37
12/10/2015,2052.23
12/09/2015,2047.62
12/08/2015,2063.59
12/07/2015,2077.07
12/04/2015,2091.69
12/03/2015,2049.62
12/02/2015,2079.51
12/01/2015,2102.63
11/30/2015,2080.41
11/27/2015,2090.11
11/25/2015,2088.87
11/24/2015,2089.14
11/23/2015,2086.59
11/20/2015,2089.17
11/19/2015,2081.24
11/18/2015,2083.58
11/17/2015,2050.44
11/16/2015,2053.19
11/13/2015,2023.04
11/12/2015,2045.97
11/11/2015,2075.0
11/10/2015,2081.72
11/09/2015,2078.58
11/06/2015,2099.2
11/05/2015,2099.93
11/04/2015,2102.31
11/03/2015,2109.79
11/02/2015,2104.05
10/30/2015,2079.36
10/29/2015,2089.41
10/28/2015,2090.35
10/27/2015,2065.89
10/26/2015,2071.18
10/23/2015,2075.15
10/22/2015,2052.51
10/21/2015,2018.94
10/20/2015,2030.77
10/19/2015,2033.66
10/16/2015,2033.11
10/15/2015,2023.86
10/14/2015,1994.24
10/13/2015,2003.69
10/12/2015,2017.46
10/09/2015,2014.89
10/08/2015,2013.43
10/07/2015,1995.83
10/06/2015,1979.92
10/05/2015,1987.05
10/02/2015,1951.36
10/01/2015,1923.82
09/30/2015,1920.03
09/29/2015,1884.09
09/28/2015,1881.77
09/25/2015,1931.34
09/24/2015,1932.24
09/23/2015,1938.76
09/22/2015,1942.74
09/21/2015,1966.97
09/18/2015,1958.03
09/17/2015,1990.2
09/16/2015,1995.31
09/15/2015,1978.09
09/14/2015,1953.03
09/11/2015,1961.05
09/10/2015,1952.29
09/09/2015,1942.04
09/08/2015,1969.41
09/04/2015,1921.22
09/03/2015,1951.13
09/02/2015,1948.86
09/01/2015,1913.85
08/31/2015,1972.18
08/28/2015,1988.87
08/27/2015,1987.66
08/26/2015,1940.51
08/25/2015,1867.61
08/24/2015,1893.21
08/21/2015,1970.89
08/20/2015,2035.73
08/19/2015,2079.61
08/18/2015,2096.92
08/17/2015,2102.44
08/14/2015,2091.54
08/13/2015,2083.39
08/12/2015,2086.05
08/11/2015,2084.07
08/10/2015,2104.18
08/07/2015,2077.57
08/06/2015,2083.56
08/05/2015,2099.84
08/04/2015,2093.32
08/03/2015,2098.04
07/31/2015,2103.84
07/30/2015,2108.63
07/29/2015,2108.57
07/28/2015,2093.25
07/27/2015,2067.64
07/24/2015,2079.65
07/23/2015,2102.15
07/22/2015,2114.15
07/21/2015,2119.21
07/20/2015,2128.28
07/17/2015,2126.64
07/16/2015,2124.29
07/15/2015,2107.4
07/14/2015,2108.95
07/13/2015,2099.6
07/10/2015,2076.62
07/09/2015,2051.31
07/08/2015,2046.68
07/07/2015,2081.34
07/06/2015,2068.76
07/02/2015,2076.78
07/01/2015,2077.42
06/30/2015,2063.11
06/29/2015,2057.64
06/26/2015,2101.49
06/25/2015,2102.31
06/24/2015,2108.58
06/23/2015,2124.2
06/22/2015,2122.85
06/19/2015,2109.99
06/18/2015,2121.24
06/17/2015,2100.44
06/16/2015,2096.29
06/15/2015,2084.43
06/12/2015,2094.11
06/11/2015,2108.86
06/10/2015,2105.2
06/09/2015,2080.15
06/08/2015,2079.28
06/05/2015,2092.83
06/04/2015,2095.84
06/03/2015,2114.07
06/02/2015,2109.6
06/01/2015,2111.73
05/29/2015,2107.39
05/28/2015,2120.79
05/27/2015,2123.48
05/26/2015,2104.2
05/22/2015,2126.06
05/21/2015,2130.82
05/20/2015,2125.85
05/19/2015,2127.83
05/18/2015,2129.2
05/15/2015,2122.73
05/14/2015,2121.1
05/13/2015,2098.48
05/12/2015,2099.12
05/11/2015,2105.33
05/08/2015,2116.1
05/07/2015,2088.0
05/06/2015,2080.15
05/05/2015,2089.46
05/04/2015,2114.49
05/01/2015,2108.29
04/30/2015,2085.51
04/29/2015,2106.85
04/28/2015,2114.76
04/27/2015,2108.92
04/24/2015,2117.69
04/23/2015,2112.93
04/22/2015,2107.96
04/21/2015,2097.29
04/20/2015,2100.4
04/17/2015,2081.18
04/16/2015,2104.99
04/15/2015,2106.63
04/14/2015,2095.84
04/13/2015,2092.43
04/10/2015,2102.06
04/09/2015,2091.18
04/08/2015,2081.9
04/07/2015,2076.33
04/06/2015,2080.62
04/02/2015,2066.96
04/01/2015,2059.69
03/31/2015,2067.89
03/30/2015,2086.24
03/27/2015,2061.02
03/26/2015,2056.15
03/25/2015,2061.05
03/24/2015,2091.5
03/23/2015,2104.42
03/20/2015,2108.1
03/19/2015,2089.27
03/18/2015,2099.5
03/17/2015,2074.28
03/16/2015,2081.19
03/13/2015,2053.4
03/12/2015,2065.95
03/11/2015,2040.24
03/10/2015,2044.16
03/09/2015,2079.43
03/06/2015,2071.26
03/05/2015,2101.04
03/04/2015,2098.53
03/03/2015,2107.78
03/02/2015,2117.39
02/27/2015,2104.5
02/26/2015,2110.74
02/25/2015,2113.86
02/24/2015,2115.48
02/23/2015,2109.66
02/20/2015,2110.3
02/19/2015,2097.45
02/18/2015,2099.68
02/17/2015,2100.34
02/13/2015,2096.99
02/12/2015,2088.48
02/11/2015,2068.53
02/10/2015,2068.59
02/09/2015,2046.74
02/06/2015,2055.47
02/05/2015,2062.52
02/04/2015,2041.51
02/03/2015,2050.03
02/02/2015,2020.85
01/30/2015,1994.99
01/29/2015,2021.25
01/28/2015,2002.16
01/27/2015,2029.55
01/26/2015,2057.09
01/23/2015,2051.82
01/22/2015,2063.15
01/21/2015,2032.12
01/20/2015,2022.55
01/16/2015,2019.42
01/15/2015,1992.67
01/14/2015,2011.27
01/13/2015,2023.03
01/12/2015,2028.26
01/09/2015,2044.81
01/08/2015,2062.14
01/07/2015,2025.9
01/06/2015,2002.61
01/05/2015,2020.58
01/02/2015,2058.2
12/31/2014,2058.9
12/30/2014,2080.35
12/29/2014,2090.57
12/26/2014,2088.77
12/24/2014,2081.88
12/23/2014,2082.17
12/22/2014,2078.54
12/19/2014,2070.65
12/18/2014,2061.23
12/17/2014,2012.89
12/16/2014,1972.74
12/15/2014,1989.63
12/12/2014,2002.33
12/11/2014,2035.33
12/10/2014,2026.14
12/09/2014,2059.82
12/08/2014,2060.31
12/05/2014,2075.37
12/04/2014,2071.92
12/03/2014,2074.33
12/02/2014,2066.55
12/01/2014,2053.44
11/28/2014,2067.56
11/26/2014,2072.83
11/25/2014,2067.03
11/24/2014,2069.41
11/21/2014,2063.5
11/20/2014,2052.75
11/19/2014,2048.72
11/18/2014,2051.8
11/17/2014,2041.32
11/14/2014,2039.82
11/13/2014,2039.33
11/12/2014,2038.25
11/11/2014,2039.68
11/10/2014,2038.26
11/07/2014,2031.92
11/06/2014,2031.21
11/05/2014,2023.57
11/04/2014,2012.1
11/03/2014,2017.81
10/31/2014,2018.05
10/30/2014,1994.65
10/29/2014,1982.3
10/28/2014,1985.05
10/27/2014,1961.63
10/24/2014,1964.58
10/23/2014,1950.82
10/22/2014,1927.11
10/21/2014,1941.28
10/20/2014,1904.01
10/17/2014,1886.76
10/16/2014,1862.76
10/15/2014,1862.49
10/14/2014,1877.7
10/13/2014,1874.74
10/10/2014,1906.13
10/09/2014,1928.21
10/08/2014,1968.89
10/07/2014,1935.1
10/06/2014,1964.82
10/03/2014,1967.9
10/02/2014,1946.17
10/01/2014,1946.16
09/30/2014,1972.29
09/29/2014,1977.8
09/26/2014,1982.85
09/25/2014,1965.99
09/24/2014,1998.3
09/23/2014,1982.77
09/22/2014,1994.29
09/19/2014,2010.4
09/18/2014,2011.36
09/17/2014,2001.57
09/16/2014,1998.98
09/15/2014,1984.13
09/12/2014,1985.54
09/11/2014,1997.45
09/10/2014,1995.69
09/09/2014,1988.44
09/08/2014,2001.54
09/05/2014,2007.71
09/04/2014,1997.65
09/03/2014,2000.72
09/02/2014,2002.28
08/29/2014,2003.37
08/28/2014,1996.74
08/27/2014,2000.12
08/26/2014,2000.02
08/25/2014,1997.92
08/22/2014,1988.4
08/21/2014,1992.37
08/20/2014,1986.51
08/19/2014,1981.6
08/18/2014,1971.74
08/15/2014,1955.06
08/14/2014,1955.18
08/13/2014,1946.72
08/12/2014,1933.75
08/11/2014,1936.92
08/08/2014,1931.59
08/07/2014,1909.57
08/06/2014,1920.24
08/05/2014,1920.21
08/04/2014,1938.99
08/01/2014,1925.15
07/31/2014,1930.67
07/30/2014,1970.07
07/29/2014,1969.95
07/28/2014,1978.91
07/25/2014,1978.34
07/24/2014,1987.98
07/23/2014,1987.01
07/22/2014,1983.53
07/21/2014,1973.63
07/18/2014,1978.22
07/17/2014,1958.12
07/16/2014,1981.57
07/15/2014,1973.28
07/14/2014,1977.1
07/11/2014,1967.57
07/10/2014,1964.68
07/09/2014,1972.83
07/08/2014,1963.71
07/07/2014,1977.65
07/03/2014,1985.44
07/02/2014,1974.62
07/01/2014,1973.32
06/30/2014,1960.23
06/27/2014,1960.96
06/26/2014,1957.22
06/25/2014,1959.53
06/24/2014,1949.98
06/23/2014,1962.61
06/20/2014,1962.87
06/19/2014,1959.48
06/18/2014,1956.98
06/17/2014,1941.99
06/16/2014,1937.78
06/13/2014,1936.16
06/12/2014,1930.11
06/11/2014,1943.89
06/10/2014,1950.79
06/09/2014,1951.27
06/06/2014,1949.44
06/05/2014,1940.46
06/04/2014,1927.88
06/03/2014,1924.24
06/02/2014,1924.97
05/30/2014,1923.57
05/29/2014,1920.03
05/28/2014,1909.78
05/27/2014,1911.91
05/23/2014,1900.53
05/22/2014,1892.49
05/21/2014,1888.03
05/20/2014,1872.83
05/19/2014,1885.08
05/16/2014,1877.86
05/15/2014,1870.85
05/14/2014,1888.53
05/13/2014,1897.45
05/12/2014,1896.65
05/09/2014,1878.48
05/08/2014,1875.63
05/07/2014,1878.21
05/06/2014,1867.72
05/05/2014,1884.66
05/02/2014,1881.14
05/01/2014,1883.68
04/30/2014,1883.95
04/29/2014,1878.33
04/28/2014,1869.43
04/25/2014,1863.4
04/24/2014,1878.61
04/23/2014,1875.39
04/22/2014,1879.55
04/21/2014,1871.89
04/17/2014,1864.85
04/16/2014,1862.31
04/15/2014,1842.98
04/14/2014,1830.61
04/11/2014,1815.69
04/10/2014,1833.08
04/09/2014,1872.18
04/08/2014,1851.96
04/07/2014,1845.04
04/04/2014,1865.09
04/03/2014,1888.77
04/02/2014,1890.9
04/01/2014,1885.52
03/31/2014,1872.34
03/28/2014,1857.62
03/27/2014,1849.04
03/26/2014,1852.56
03/25/2014,1865.62
03/24/2014,1857.44
03/21/2014,1866.52
03/20/2014,1872.01
03/19/2014,1860.77
03/18/2014,1872.25
03/17/2014,1858.83
03/14/2014,1841.13
03/13/2014,1846.34
03/12/2014,1868.2
03/11/2014,1867.63
03/10/2014,1877.17
03/07/2014,1878.04
03/06/2014,1877.03
03/05/2014,1873.81
03/04/2014,1873.91
03/03/2014,1845.73
02/28/2014,1859.45
02/27/2014,1854.29
02/26/2014,1845.16
02/25/2014,1845.12
02/24/2014,1847.61
02/21/2014,1836.25
02/20/2014,1839.78
02/19/2014,1828.75
02/18/2014,1840.76
02/14/2014,1838.63
02/13/2014,1829.83
02/12/2014,1819.26
02/11/2014,1819.75
02/10/2014,1799.84
02/07/2014,1797.02
02/06/2014,1773.43
02/05/2014,1751.64
02/04/2014,1755.2
02/03/2014,1741.89
01/31/2014,1782.59
01/30/2014,1794.19
01/29/2014,1774.2
01/28/2014,1792.5
01/27/2014,1781.56
01/24/2014,1790.29
01/23/2014,1828.46
01/22/2014,1844.86
01/21/2014,1843.8
01/17/2014,1838.7
01/16/2014,1845.89
01/15/2014,1848.38
01/14/2014,1838.88
01/13/2014,1819.2
01/10/2014,1842.37
01/09/2014,1838.13
01/08/2014,1837.49
01/07/2014,1837.88
01/06/2014,1826.77
01/03/2014,1831.37
01/02/2014,1831.98
12/31/2013,1848.36
12/30/2013,1841.07
12/27/2013,1841.4
12/26/2013,1842.02
12/24/2013,1833.32
12/23/2013,1827.99
12/20/2013,1818.32
12/19/2013,1809.6
12/18/2013,1810.65
12/17/2013,1781.0
12/16/2013,1786.54
12/13/2013,1775.32
12/12/2013,1775.5
12/11/2013,1782.22
12/10/2013,1802.62
12/09/2013,1808.37
12/06/2013,1805.09
12/05/2013,1785.03
12/04/2013,1792.81
12/03/2013,1795.15
12/02/2013,1800.9
11/29/2013,1805.81
11/27/2013,1807.23
11/26/2013,1802.75
11/25/2013,1802.48
11/22/2013,1804.76
11/21/2013,1795.85
11/20/2013,1781.37
11/19/2013,1787.87
11/18/2013,1791.53
11/15/2013,1798.18
11/14/2013,1790.62
11/13/2013,1782.0
11/12/2013,1767.69
11/11/2013,1771.89
11/08/2013,1770.61
11/07/2013,1747.15
11/06/2013,1770.49
11/05/2013,1762.97
11/04/2013,1767.93
11/01/2013,1761.64
10/31/2013,1756.54
10/30/2013,1763.31
10/29/2013,1771.95
10/28/2013,1762.11
10/25/2013,1759.77
10/24/2013,1752.07
10/23/2013,1746.38
10/22/2013,1754.67
10/21/2013,1744.66
10/18/2013,1744.5
10/17/2013,1733.15
10/16/2013,1721.54
10/15/2013,1698.06
10/14/2013,1710.14
10/11/2013,1703.2
10/10/2013,1692.56
10/09/2013,1656.4
10/08/2013,1655.45
10/07/2013,1676.12
10/04/2013,1690.5
10/03/2013,1678.66
10/02/2013,1693.87
10/01/2013,1695.0
09/30/2013,1681.55
09/27/2013,1691.75
09/26/2013,1698.67
09/25/2013,1692.77
09/24/2013,1697.42
09/23/2013,1701.84
09/20/2013,1709.91
09/19/2013,1722.34
09/18/2013,1725.52
09/17/2013,1704.76
09/16/2013,1697.6
09/13/2013,1687.99
09/12/2013,1683.42
09/11/2013,1689.13
09/10/2013,1683.99
09/09/2013,1671.71
09/06/2013,1655.17
09/05/2013,1655.08
09/04/2013,1653.08
09/03/2013,1639.77
08/30/2013,1632.97
08/29/2013,1638.17
08/28/2013,1634.96
08/27/2013,1630.48
08/26/2013,1656.78
08/23/2013,1663.5
08/22/2013,1656.96
08/21/2013,1642.8
08/20/2013,1652.35
08/19/2013,1646.06
08/16/2013,1655.83
08/15/2013,1661.32
08/14/2013,1685.39
08/13/2013,1694.16
08/12/2013,1689.47
08/09/2013,1691.42
08/08/2013,1697.48
08/07/2013,1690.91
08/06/2013,1697.37
08/05/2013,1707.14
08/02/2013,1709.67
08/01/2013,1706.87
07/31/2013,1685.73
07/30/2013,1685.96
07/29/2013,1685.33
07/26/2013,1691.65
07/25/2013,1690.25
07/24/2013,1685.94
07/23/2013,1692.39
07/22/2013,1695.53
07/19/2013,1692.09
07/18/2013,1689.37
07/17/2013,1680.91
07/16/2013,1676.26
07/15/2013,1682.5
07/12/2013,1680.19
07/11/2013,1675.02
07/10/2013,1652.62
07/09/2013,1652.32
07/08/2013,1640.46
07/05/2013,1631.89
07/03/2013,1615.41
07/02/2013,1614.08
07/01/2013,1614.96
06/28/2013,1606.28
06/27/2013,1613.2
06/26/2013,1603.26
06/25/2013,1588.03
06/24/2013,1573.09
06/21/2013,1592.43
06/20/2013,1588.19
06/19/2013,1628.93
06/18/2013,1651.81
06/17/2013,1639.04
06/14/2013,1626.73
06/13/2013,1636.36
06/12/2013,1612.52
06/11/2013,1626.13
06/10/2013,1642.81
06/07/2013,1643.38
06/06/2013,1622.56
06/05/2013,1608.9
06/04/2013,1631.38
06/03/2013,1640.42
05/31/2013,1630.74
05/30/2013,1654.41
05/29/2013,1648.36
05/28/2013,1660.06
05/24/2013,1649.6
05/23/2013,1650.51
05/22/2013,1655.35
05/21/2013,1669.16
05/20/2013,1666.29
05/17/2013,1667.47
05/16/2013,1650.47
05/15/2013,1658.78
05/14/2013,1650.34
05/13/2013,1633.77
05/10/2013,1633.7
05/09/2013,1626.67
05/08/2013,1632.69
05/07/2013,1625.96
05/06/2013,1617.5
05/03/2013,1614.42
05/02/2013,1597.59
05/01/2013,1582.7
04/30/2013,1597.57
04/29/2013,1593.61
04/26/2013,1582.24
04/25/2013,1585.16
04/24/2013,1578.79
04/23/2013,1578.78
04/22/2013,1562.5
04/19/2013,1555.25
04/18/2013,1541.61
04/17/2013,1552.01
04/16/2013,1574.57
04/15/2013,1552.36
04/12/2013,1588.85
04/11/2013,1593.37
04/10/2013,1587.73
04/09/2013,1568.61
04/08/2013,1563.07
04/05/2013,1553.28
04/04/2013,1559.98
04/03/2013,1553.69
04/02/2013,1570.25
04/01/2013,1562.17
03/28/2013,1569.19
03/27/2013,1562.85
03/26/2013,1563.77
03/25/2013,1551.69
03/22/2013,1556.89
03/21/2013,1545.8
03/20/2013,1558.71
03/19/2013,1548.34
03/18/2013,1552.1
03/15/2013,1560.7
03/14/2013,1563.23
03/13/2013,1554.52
03/12/2013,1552.48
03/11/2013,1556.22
03/08/2013,1551.18
03/07/2013,1544.26
03/06/2013,1541.46
03/05/2013,1539.79
03/04/2013,1525.2
03/01/2013,1518.2
02/28/2013,1514.68
02/27/2013,1515.99
02/26/2013,1496.94
02/25/2013,1487.85
02/22/2013,1515.6
02/21/2013,1502.42
02/20/2013,1511.95
02/19/2013,1530.94
02/15/2013,1519.79
02/14/2013,1521.38
02/13/2013,1520.33
02/12/2013,1519.43
02/11/2013,1517.01
02/08/2013,1517.93
02/07/2013,1509.39
02/06/2013,1512.12
02/05/2013,1511.29
02/04/2013,1495.71
02/01/2013,1513.17
01/31/2013,1498.11
01/30/2013,1501.96
01/29/2013,1507.84
01/28/2013,1500.18
01/25/2013,1502.96
01/24/2013,1494.82
01/23/2013,1494.81
01/22/2013,1492.56
01/18/2013,1485.98
01/17/2013,1480.94
01/16/2013,1472.63
01/15/2013,1472.34
01/14/2013,1470.68
01/11/2013,1472.05
01/10/2013,1472.12
01/09/2013,1461.02
01/08/2013,1457.15
01/07/2013,1461.89
01/04/2013,1466.47
01/03/2013,1459.37
01/02/2013,1462.42
12/31/2012,1426.19
12/28/2012,1402.43
12/27/2012,1418.1
12/26/2012,1419.83
12/24/2012,1426.66
12/21/2012,1430.15
12/20/2012,1443.69
12/19/2012,1435.81
12/18/2012,1446.79
12/17/2012,1430.36
12/14/2012,1413.58
12/13/2012,1419.45
12/12/2012,1428.48
12/11/2012,1427.84
12/10/2012,1418.55
12/07/2012,1418.07
12/06/2012,1413.94
12/05/2012,1409.28
12/04/2012,1407.05
12/03/2012,1409.46
11/30/2012,1416.18
11/29/2012,1415.95
11/28/2012,1409.93
11/27/2012,1398.94
11/26/2012,1406.29
11/23/2012,1409.15
11/21/2012,1391.03
11/20/2012,1387.81
11/19/2012,1386.89
11/16/2012,1359.88
11/15/2012,1353.33
11/14/2012,1355.49
11/13/2012,1374.53
11/12/2012,1380.03
11/09/2012,1379.85
11/08/2012,1377.51
11/07/2012,1394.53
11/06/2012,1428.39
11/05/2012,1417.26
11/02/2012,1414.2
11/01/2012,1427.59
10/31/2012,1412.16
10/26/2012,1411.94
10/25/2012,1412.97
10/24/2012,1408.75
10/23/2012,1413.11
10/22/2012,1433.82
10/19/2012,1433.19
10/18/2012,1457.34
10/17/2012,1460.91
10/16/2012,1454.92
10/15/2012,1440.13
10/12/2012,1428.59
10/11/2012,1432.84
10/10/2012,1432.56
10/09/2012,1441.48
10/08/2012,1455.88
10/05/2012,1460.93
10/04/2012,1461.4
10/03/2012,1450.99
10/02/2012,1445.75
10/01/2012,1444.49
09/28/2012,1440.67
09/27/2012,1447.15
09/26/2012,1433.32
09/25/2012,1441.59
09/24/2012,1456.89
09/21/2012,1460.15
09/20/2012,1460.26
09/19/2012,1461.05
09/18/2012,1459.32
09/17/2012,1461.19
09/14/2012,1465.77
09/13/2012,1459.99
09/12/2012,1436.56
09/11/2012,1433.56
09/10/2012,1429.08
09/07/2012,1437.92
09/06/2012,1432.12
09/05/2012,1403.44
09/04/2012,1404.94
08/31/2012,1406.58
08/30/2012,1399.48
08/29/2012,1410.49
08/28/2012,1409.3
08/27/2012,1410.44
08/24/2012,1411.13
08/23/2012,1402.08
08/22/2012,1413.49
08/21/2012,1413.17
08/20/2012,1418.13
08/17/2012,1418.16
08/16/2012,1415.51
08/15/2012,1405.53
08/14/2012,1403.93
08/13/2012,1404.11
08/10/2012,1405.87
08/09/2012,1402.8
08/08/2012,1402.22
08/07/2012,1401.35
08/06/2012,1394.23
08/03/2012,1390.99
08/02/2012,1365.0
08/01/2012,1375.14
07/31/2012,1379.32
07/30/2012,1385.3
07/27/2012,1385.97
07/26/2012,1360.02
07/25/2012,1337.89
07/24/2012,1338.31
07/23/2012,1350.52
07/20/2012,1362.66
07/19/2012,1376.51
07/18/2012,1372.78
07/17/2012,1363.67
07/16/2012,1353.64
07/13/2012,1356.78
07/12/2012,1334.76
07/11/2012,1341.45
07/10/2012,1341.47
07/09/2012,1352.46
07/06/2012,1354.68
07/05/2012,1367.58
07/03/2012,1374.02
07/02/2012,1365.51
06/29/2012,1362.16
06/28/2012,1329.04
06/27/2012,1331.85
06/26/2012,1319.99
06/25/2012,1313.72
06/22/2012,1335.02
06/21/2012,1325.51
06/20/2012,1355.69
06/19/2012,1357.98
06/18/2012,1344.78
06/15/2012,1342.84
06/14/2012,1329.1
06/13/2012,1314.88
06/12/2012,1324.18
06/11/2012,1308.93
06/08/2012,1325.66
06/07/2012,1314.99
06/06/2012,1315.13
06/05/2012,1285.5
06/04/2012,1278.18
06/01/2012,1278.04
05/31/2012,1310.33
05/30/2012,1313.32
05/29/2012,1332.42
05/25/2012,1317.82
05/24/2012,1320.68
05/23/2012,1318.86
05/22/2012,1316.63
05/21/2012,1315.99
05/18/2012,1295.22
05/17/2012,1304.86
05/16/2012,1324.8
05/15/2012,1330.66
05/14/2012,1338.35
05/11/2012,1353.39
05/10/2012,1357.99
05/09/2012,1354.58
05/08/2012,1363.72
05/07/2012,1369.58
05/04/2012,1369.1
05/03/2012,1391.57
05/02/2012,1402.31
05/01/2012,1405.82
04/30/2012,1397.91
04/27/2012,1403.36
04/26/2012,1399.98
04/25/2012,1390.69
04/24/2012,1371.97
04/23/2012,1366.94
04/20/2012,1378.53
04/19/2012,1376.92
04/18/2012,1385.14
04/17/2012,1390.78
04/16/2012,1369.57
04/13/2012,1370.26
04/12/2012,1387.57
04/11/2012,1368.71
04/10/2012,1358.59
04/09/2012,1382.2
04/05/2012,1398.08
04/04/2012,1398.96
04/03/2012,1413.38
04/02/2012,1419.04
03/30/2012,1408.47
03/29/2012,1403.28
03/28/2012,1405.54
03/27/2012,1412.52
03/26/2012,1416.51
03/23/2012,1397.11
03/22/2012,1392.78
03/21/2012,1402.89
03/20/2012,1405.52
03/19/2012,1409.75
03/16/2012,1404.17
03/15/2012,1402.6
03/14/2012,1394.28
03/13/2012,1395.95
03/12/2012,1371.09
03/09/2012,1370.87
03/08/2012,1365.91
03/07/2012,1352.63
03/06/2012,1343.36
03/05/2012,1364.33
03/02/2012,1369.63
03/01/2012,1374.09
02/29/2012,1365.68
02/28/2012,1372.18
02/27/2012,1367.59
02/24/2012,1365.74
02/23/2012,1363.46
02/22/2012,1357.66
02/21/2012,1362.21
02/17/2012,1361.23
02/16/2012,1358.04
02/15/2012,1343.23
02/14/2012,1350.5
02/13/2012,1351.77
02/10/2012,1342.64
02/09/2012,1351.95
02/08/2012,1349.96
02/07/2012,1347.05
02/06/2012,1344.33
02/03/2012,1344.9
02/02/2012,1325.54
02/01/2012,1324.09
01/31/2012,1312.41
01/30/2012,1313.01
01/27/2012,1316.33
01/26/2012,1318.43
01/25/2012,1326.05
01/24/2012,1314.65
01/23/2012,1316.0
01/20/2012,1315.38
01/19/2012,1314.5
01/18/2012,1308.04
01/17/2012,1293.67
01/13/2012,1289.09
01/12/2012,1295.5
01/11/2012,1292.48
01/10/2012,1292.08
01/09/2012,1280.7
01/06/2012,1277.81
01/05/2012,1281.06
01/04/2012,1277.3
01/03/2012,1277.06
12/30/2011,1257.6
12/29/2011,1263.02
12/28/2011,1249.64
12/27/2011,1265.43
12/23/2011,1265.33
12/22/2011,1254.0
12/21/2011,1243.72
12/20/2011,1241.3
12/19/2011,1205.35
12/16/2011,1219.66
12/15/2011,1215.75
12/14/2011,1211.82
12/13/2011,1225.73
12/12/2011,1236.47
12/09/2011,1255.19
12/08/2011,1234.35
12/07/2011,1261.01
12/06/2011,1258.47
12/05/2011,1257.08
12/02/2011,1244.28
12/01/2011,1244.58
11/30/2011,1246.96
11/29/2011,1195.19
11/28/2011,1192.55
11/25/2011,1158.67
11/23/2011,1161.79
11/22/2011,1188.04
11/21/2011,1192.98
11/18/2011,1215.65
11/17/2011,1216.13
11/16/2011,1236.91
11/15/2011,1257.81
11/14/2011,1251.78
11/11/2011,1263.85
11/10/2011,1239.69
11/09/2011,1229.1
11/08/2011,1275.92
11/07/2011,1261.12
11/04/2011,1253.23
11/03/2011,1261.15
11/02/2011,1237.9
11/01/2011,1218.28
10/31/2011,1253.3
10/28/2011,1285.09
10/27/2011,1284.59
10/26/2011,1242.0
10/25/2011,1229.05
10/24/2011,1254.19
10/21/2011,1238.25
10/20/2011,1215.39
10/19/2011,1209.88
10/18/2011,1225.38
10/17/2011,1200.86
10/14/2011,1224.58
10/13/2011,1203.66
10/12/2011,1207.25
10/11/2011,1195.54
10/10/2011,1194.89
10/07/2011,1155.46
10/06/2011,1164.97
10/05/2011,1144.03
10/04/2011,1123.95
10/03/2011,1099.23
09/30/2011,1131.42
09/29/2011,1160.4
09/28/2011,1151.06
09/27/2011,1175.38
09/26/2011,1162.95
09/23/2011,1136.43
09/22/2011,1129.56
09/21/2011,1166.76
09/20/2011,1202.09
09/19/2011,1204.09
09/16/2011,1216.01
09/15/2011,1209.11
09/14/2011,1188.68
09/13/2011,1172.87
09/12/2011,1162.27
09/09/2011,1154.23
09/08/2011,1185.9
09/07/2011,1198.62
09/06/2011,1165.24
09/02/2011,1173.97
09/01/2011,1204.42
08/31/2011,1218.89
08/30/2011,1212.92
08/29/2011,1210.08
08/26/2011,1176.8
08/25/2011,1159.27
08/24/2011,1177.6
08/23/2011,1162.35
08/22/2011,1123.82
08/19/2011,1123.53
08/18/2011,1140.65
08/17/2011,1193.89
08/16/2011,1192.76
08/15/2011,1204.49
08/12/2011,1178.81
08/11/2011,1172.64
08/10/2011,1120.76
08/09/2011,1172.53
08/08/2011,1119.46
08/05/2011,1199.38
08/04/2011,1200.07
08/03/2011,1260.34
08/02/2011,1254.05
08/01/2011,1286.94
07/29/2011,1292.28
07/28/2011,1300.67
07/27/2011,1304.89
07/26/2011,1331.94
07/25/2011,1337.43
07/22/2011,1345.02
07/21/2011,1343.8
07/20/2011,1325.84
07/19/2011,1326.73
07/18/2011,1305.44
07/15/2011,1316.14
07/14/2011,1308.87
07/13/2011,1317.72
07/12/2011,1313.64
07/11/2011,1319.49
07/08/2011,1343.8
07/07/2011,1353.22
07/06/2011,1339.22
07/05/2011,1337.88
07/01/2011,1339.67
06/30/2011,1320.64
06/29/2011,1307.41
06/28/2011,1296.67
06/27/2011,1280.1
06/24/2011,1268.45
06/23/2011,1283.5
06/22/2011,1287.14
06/21/2011,1295.52
06/20/2011,1278.36
06/17/2011,1271.5
06/16/2011,1267.64
06/15/2011,1265.42
06/14/2011,1287.87
06/13/2011,1271.83
06/10/2011,1270.98
06/09/2011,1289.0
06/08/2011,1279.56
06/07/2011,1284.94
06/06/2011,1286.17
06/03/2011,1300.16
06/02/2011,1312.94
06/01/2011,1314.55
05/31/2011,1345.2
05/27/2011,1331.1
05/26/2011,1325.69
05/25/2011,1320.47
05/24/2011,1316.28
05/23/2011,1317.37
05/20/2011,1333.27
05/19/2011,1343.6
05/18/2011,1340.68
05/17/2011,1328.98
05/16/2011,1329.47
05/13/2011,1337.77
05/12/2011,1348.65
05/11/2011,1342.08
05/10/2011,1357.16
05/09/2011,1346.29
05/06/2011,1340.2
05/05/2011,1335.1
05/04/2011,1347.32
05/03/2011,1356.62
05/02/2011,1361.22
04/29/2011,1363.61
04/28/2011,1360.48
04/27/2011,1355.66
04/26/2011,1347.24
04/25/2011,1335.25
04/21/2011,1337.38
04/20/2011,1330.36
04/19/2011,1312.62
04/18/2011,1305.14
04/15/2011,1319.68
04/14/2011,1314.52
04/13/2011,1314.41
04/12/2011,1314.16
04/11/2011,1324.46
04/08/2011,1328.17
04/07/2011,1333.51
04/06/2011,1335.54
04/05/2011,1332.63
04/04/2011,1332.87
04/01/2011,1332.41
03/31/2011,1325.83
03/30/2011,1328.26
03/29/2011,1319.44
03/28/2011,1310.19
03/25/2011,1313.8
03/24/2011,1309.66
03/23/2011,1297.54
03/22/2011,1293.77
03/21/2011,1298.38
03/18/2011,1279.2
03/17/2011,1273.72
03/16/2011,1256.88
03/15/2011,1281.87
03/14/2011,1296.39
03/11/2011,1304.28
03/10/2011,1295.11
03/09/2011,1320.02
03/08/2011,1321.82
03/07/2011,1310.13
03/04/2011,1321.15
03/03/2011,1330.97
03/02/2011,1308.44
03/01/2011,1306.33
02/28/2011,1327.22
02/25/2011,1319.88
02/24/2011,1306.1
02/23/2011,1307.4
02/22/2011,1315.44
02/18/2011,1343.01
02/17/2011,1340.43
02/16/2011,1336.32
02/15/2011,1328.01
02/14/2011,1332.32
02/11/2011,1329.15
02/10/2011,1321.87
02/09/2011,1320.88
02/08/2011,1324.57
02/07/2011,1319.05
02/04/2011,1310.87
02/03/2011,1307.1
02/02/2011,1304.03
02/01/2011,1307.59
01/31/2011,1286.12
01/28/2011,1276.34
01/27/2011,1299.54
01/26/2011,1296.63
01/25/2011,1291.18
01/24/2011,1290.84
01/21/2011,1283.35
01/20/2011,1280.26
01/19/2011,1281.92
01/18/2011,1295.02
01/14/2011,1293.24
01/13/2011,1283.76
01/12/2011,1285.96
01/11/2011,1274.48
01/10/2011,1269.75
01/07/2011,1271.5
01/06/2011,1273.85
01/05/2011,1276.56
01/04/2011,1270.2
01/03/2011,1271.87
12/31/2010,1257.64
12/30/2010,1257.88
12/29/2010,1259.78
12/28/2010,1258.51
12/27/2010,1257.54
12/23/2010,1256.77
12/22/2010,1258.84
12/21/2010,1254.6
12/20/2010,1247.08
12/17/2010,1243.91
12/16/2010,1242.87
12/15/2010,1235.23
12/14/2010,1241.59
12/13/2010,1240.46
12/10/2010,1240.4
12/09/2010,1233.0
12/08/2010,1228.28
12/07/2010,1223.75
12/06/2010,1223.12
12/03/2010,1224.71
12/02/2010,1221.53
12/01/2010,1206.07
11/30/2010,1180.55
11/29/2010,1187.76
11/26/2010,1189.4
11/24/2010,1198.35
11/23/2010,1180.73
11/22/2010,1197.84
11/19/2010,1199.73
11/18/2010,1196.69
11/17/2010,1178.59
11/16/2010,1178.34
11/15/2010,1197.75
11/12/2010,1199.21
11/11/2010,1213.54
11/10/2010,1218.71
11/09/2010,1213.4
11/08/2010,1223.25
11/05/2010,1225.85
11/04/2010,1221.06
11/03/2010,1197.96
11/02/2010,1193.57
11/01/2010,1184.38
10/29/2010,1183.26
10/28/2010,1183.78
10/27/2010,1182.45
10/26/2010,1185.64
10/25/2010,1185.62
10/22/2010,1183.08
10/21/2010,1180.26
10/20/2010,1178.17
10/19/2010,1165.9
10/18/2010,1184.71
10/15/2010,1176.19
10/14/2010,1173.81
10/13/2010,1178.1
10/12/2010,1169.77
10/11/2010,1165.32
10/08/2010,1165.15
10/07/2010,1158.06
10/06/2010,1159.97
10/05/2010,1160.75
10/04/2010,1137.03
10/01/2010,1146.24
09/30/2010,1141.2
09/29/2010,1144.73
09/28/2010,1147.7
09/27/2010,1142.16
09/24/2010,1148.67
09/23/2010,1124.83
09/22/2010,1134.28
09/21/2010,1139.78
09/20/2010,1142.71
09/17/2010,1125.59
09/16/2010,1124.66
09/15/2010,1125.07
09/14/2010,1121.1
09/13/2010,1121.9
09/10/2010,1109.55
09/09/2010,1104.18
09/08/2010,1098.87
09/07/2010,1091.84
09/03/2010,1104.51
09/02/2010,1090.1
09/01/2010,1080.29
08/31/2010,1049.33
08/30/2010,1048.92
08/27/2010,1064.59
08/26/2010,1047.22
08/25/2010,1055.33
08/24/2010,1051.87
08/23/2010,1067.36
08/20/2010,1071.69
08/19/2010,1075.63
08/18/2010,1094.16
08/17/2010,1092.54
08/16/2010,1079.38
08/13/2010,1079.25
08/12/2010,1083.61
08/11/2010,1089.47
08/10/2010,1121.06
08/09/2010,1127.79
08/06/2010,1121.64
08/05/2010,1125.81
08/04/2010,1127.24
08/03/2010,1120.46
08/02/2010,1125.86
07/30/2010,1101.6
07/29/2010,1101.53
07/28/2010,1106.13
07/27/2010,1113.84
07/26/2010,1115.01
07/23/2010,1102.66
07/22/2010,1093.67
07/21/2010,1069.59
07/20/2010,1083.48
07/19/2010,1071.25
07/16/2010,1064.88
07/15/2010,1096.48
07/14/2010,1095.17
07/13/2010,1095.34
07/12/2010,1078.75
07/09/2010,1077.96
07/08/2010,1070.25
07/07/2010,1060.27
07/06/2010,1028.06
07/02/2010,1022.58
07/01/2010,1027.37
06/30/2010,1030.71
06/29/2010,1041.24
06/28/2010,1074.57
06/25/2010,1076.76
06/24/2010,1073.69
06/23/2010,1092.04
06/22/2010,1095.31
06/21/2010,1113.2
06/18/2010,1117.51
06/17/2010,1116.04
06/16/2010,1114.61
06/15/2010,1115.23
06/14/2010,1089.63
06/11/2010,1091.6
06/10/2010,1086.84
06/09/2010,1055.69
06/08/2010,1062.0
06/07/2010,1050.47
06/04/2010,1064.88
06/03/2010,1102.83
06/02/2010,1098.38
06/01/2010,1070.71
05/28/2010,1089.41
05/27/2010,1103.06
05/26/2010,1067.95
05/25/2010,1074.03
05/24/2010,1073.65
05/21/2010,1087.69
05/20/2010,1071.59
05/19/2010,1115.05
05/18/2010,1120.8
05/17/2010,1136.94
05/14/2010,1135.68
05/13/2010,1157.44
05/12/2010,1171.67
05/11/2010,1155.79
05/10/2010,1159.73
05/07/2010,1110.88
05/06/2010,1128.15
05/05/2010,1165.9
05/04/2010,1173.6
05/03/2010,1202.26
04/30/2010,1186.69
04/29/2010,1206.78
04/28/2010,1191.36
04/27/2010,1183.71
04/26/2010,1212.05
04/23/2010,1217.28
04/22/2010,1208.67
04/21/2010,1205.94
04/20/2010,1207.17
04/19/2010,1197.52
04/16/2010,1192.13
04/15/2010,1211.67
04/14/2010,1210.65
04/13/2010,1197.3
04/12/2010,1196.48
04/09/2010,1194.37
04/08/2010,1186.44
04/07/2010,1182.45
04/06/2010,1189.44
04/05/2010,1187.44
04/01/2010,1178.1
