date,close
03/11/2023,1760.7
02/11/2023,1714.21
01/11/2023,1669.7
31/10/2023,1662.28
30/10/2023,1647.29
27/10/2023,1636.94
26/10/2023,1657.0
25/10/2023,1651.43
24/10/2023,1679.5
23/10/2023,1665.88
20/10/2023,1680.79
19/10/2023,1702.7
18/10/2023,1728.81
17/10/2023,1766.05
16/10/2023,1747.06
13/10/2023,1719.71
12/10/2023,1734.25
11/10/2023,1773.3
10/10/2023,1775.95
09/10/2023,1755.99
06/10/2023,1745.56
05/10/2023,1731.51
04/10/2023,1729.01
03/10/2023,1727.15
02/10/2023,1756.82
29/09/2023,1785.1
28/09/2023,1794.31
27/09/2023,1778.9
26/09/2023,1761.61
25/09/2023,1784.24
22/09/2023,1776.5
21/09/2023,1781.83
20/09/2023,1810.1
19/09/2023,1826.53
18/09/2023,1834.3
15/09/2023,1847.03
14/09/2023,1866.63
13/09/2023,1840.84
12/09/2023,1855.32
11/09/2023,1855.14
08/09/2023,1851.54
07/09/2023,1855.76
06/09/2023,1874.28
05/09/2023,1880.45
01/09/2023,1920.83
31/08/2023,1899.68
30/08/2023,1903.21
29/08/2023,1895.54
28/08/2023,1869.01
25/08/2023,1853.63
24/08/2023,1846.28
23/08/2023,1870.03
22/08/2023,1850.84
21/08/2023,1856.01
18/08/2023,1859.42
17/08/2023,1850.06
16/08/2023,1871.52
15/08/2023,1895.75
14/08/2023,1920.49
11/08/2023,1925.11
10/08/2023,1922.62
09/08/2023,1930.77
08/08/2023,1947.42
07/08/2023,1958.94
04/08/2023,1957.46
03/08/2023,1961.4
02/08/2023,1966.83
01/08/2023,1994.17
31/07/2023,2003.18
28/07/2023,1981.54
27/07/2023,1954.9
26/07/2023,1980.36
25/07/2023,1966.11
24/07/2023,1965.68
21/07/2023,1960.26
20/07/2023,1967.16
19/07/2023,1984.89
18/07/2023,1976.07
17/07/2023,1951.27
14/07/2023,1931.09
13/07/2023,1950.89
12/07/2023,1933.38
11/07/2023,1913.36
10/07/2023,1895.25
07/07/2023,1864.66
06/07/2023,1842.23
05/07/2023,1872.91
03/07/2023,1896.78
30/06/2023,1888.73
29/06/2023,1881.59
28/06/2023,1858.71
27/06/2023,1849.93
26/06/2023,1823.26
23/06/2023,1821.63
22/06/2023,1848.18
21/06/2023,1863.01
20/06/2023,1866.7
16/06/2023,1875.47
15/06/2023,1889.28
14/06/2023,1874.1
13/06/2023,1896.33
12/06/2023,1873.21
09/06/2023,1865.71
08/06/2023,1880.78
07/06/2023,1888.45
06/06/2023,1855.4
05/06/2023,1806.71
02/06/2023,1830.91
01/06/2023,1767.94
31/05/2023,1749.65
30/05/2023,1767.29
26/05/2023,1773.02
25/05/2023,1754.6
24/05/2023,1767.0
23/05/2023,1787.71
22/05/2023,1795.38
19/05/2023,1773.72
18/05/2023,1784.86
17/05/2023,1774.5
16/05/2023,1736.18
15/05/2023,1761.55
12/05/2023,1740.85
11/05/2023,1744.71
10/05/2023,1759.51
09/05/2023,1749.68
08/05/2023,1754.47
05/05/2023,1759.88
04/05/2023,1718.81
03/05/2023,1739.28
02/05/2023,1732.11
01/05/2023,1769.21
28/04/2023,1768.99
27/04/2023,1751.22
26/04/2023,1730.41
25/04/2023,1745.95
24/04/2023,1788.87
21/04/2023,1791.51
20/04/2023,1789.7
19/04/2023,1799.44
18/04/2023,1795.55
17/04/2023,1802.84
14/04/2023,1781.15
13/04/2023,1796.68
12/04/2023,1773.7
11/04/2023,1786.59
10/04/2023,1772.44
06/04/2023,1754.46
05/04/2023,1752.13
04/04/2023,1769.65
03/04/2023,1802.31
31/03/2023,1802.48
30/03/2023,1768.38
29/03/2023,1771.6
28/03/2023,1752.63
27/03/2023,1753.67
24/03/2023,1734.92
23/03/2023,1720.29
22/03/2023,1727.36
21/03/2023,1777.74
20/03/2023,1744.99
17/03/2023,1725.89
16/03/2023,1771.24
15/03/2023,1745.94
14/03/2023,1776.89
13/03/2023,1744.3
10/03/2023,1772.7
09/03/2023,1826.59
08/03/2023,1879.48
07/03/2023,1878.72
06/03/2023,1899.76
03/03/2023,1928.26
02/03/2023,1902.66
01/03/2023,1898.43
28/02/2023,1896.99
27/02/2023,1896.27
24/02/2023,1890.49
23/02/2023,1908.09
22/02/2023,1894.68
21/02/2023,1888.21
17/02/2023,1946.36
16/02/2023,1942.21
15/02/2023,1960.97
14/02/2023,1939.91
13/02/2023,1941.14
10/02/2023,1918.81
09/02/2023,1915.34
08/02/2023,1942.6
07/02/2023,1972.61
06/02/2023,1957.72
03/02/2023,1985.53
02/02/2023,2001.22
01/02/2023,1960.81
31/01/2023,1931.94
30/01/2023,1885.72
27/01/2023,1911.46
26/01/2023,1903.06
25/01/2023,1890.32
24/01/2023,1885.61
23/01/2023,1890.77
20/01/2023,1867.34
19/01/2023,1836.35
18/01/2023,1854.36
17/01/2023,1884.29
13/01/2023,1887.03
12/01/2023,1876.06
11/01/2023,1844.05
10/01/2023,1822.65
09/01/2023,1795.91
06/01/2023,1792.8
05/01/2023,1753.19
04/01/2023,1772.54
03/01/2023,1750.73
30/12/2022,1761.25
29/12/2022,1766.25
28/12/2022,1722.02
27/12/2022,1749.52
23/12/2022,1760.93
22/12/2022,1754.09
21/12/2022,1776.94
20/12/2022,1748.02
19/12/2022,1738.58
16/12/2022,1763.42
15/12/2022,1774.61
14/12/2022,1820.45
13/12/2022,1832.36
12/12/2022,1818.61
09/12/2022,1796.66
08/12/2022,1818.29
07/12/2022,1806.9
06/12/2022,1812.58
05/12/2022,1840.22
02/12/2022,1892.84
01/12/2022,1881.68
30/11/2022,1886.58
29/11/2022,1836.55
28/11/2022,1830.96
25/11/2022,1869.19
23/11/2022,1863.52
22/11/2022,1860.44
21/11/2022,1839.14
18/11/2022,1849.73
17/11/2022,1839.12
16/11/2022,1853.17
15/11/2022,1889.2
14/11/2022,1861.25
11/11/2022,1882.74
10/11/2022,1867.93
09/11/2022,1760.4
08/11/2022,1808.93
07/11/2022,1809.81
04/11/2022,1799.87
03/11/2022,1779.73
02/11/2022,1789.14
01/11/2022,1851.39
31/10/2022,1846.86
28/10/2022,1846.92
27/10/2022,1806.32
26/10/2022,1804.33
25/10/2022,1796.16
24/10/2022,1748.4
21/10/2022,1742.24
20/10/2022,1704.39
19/10/2022,1725.76
18/10/2022,1755.96
17/10/2022,1735.75
14/10/2022,1682.4
13/10/2022,1728.41
12/10/2022,1687.76
11/10/2022,1692.92
10/10/2022,1691.92
07/10/2022,1702.15
06/10/2022,1752.51
05/10/2022,1762.69
04/10/2022,1775.77
03/10/2022,1708.87
30/09/2022,1664.72
29/09/2022,1674.93
28/09/2022,1715.24
27/09/2022,1662.51
26/09/2022,1655.88
23/09/2022,1679.59
22/09/2022,1722.31
21/09/2022,1762.16
20/09/2022,1787.5
19/09/2022,1812.84
16/09/2022,1798.19
15/09/2022,1825.23
14/09/2022,1838.46
13/09/2022,1831.57
12/09/2022,1906.09
09/09/2022,1882.85
08/09/2022,1846.91
07/09/2022,1832.0
06/09/2022,1792.32
02/09/2022,1809.75
01/09/2022,1822.82
31/08/2022,1844.12
30/08/2022,1855.59
29/08/2022,1882.94
26/08/2022,1899.83
25/08/2022,1964.64
24/08/2022,1935.29
23/08/2022,1919.14
22/08/2022,1915.74
19/08/2022,1957.35
18/08/2022,2000.73
17/08/2022,1987.31
16/08/2022,2020.53
15/08/2022,2021.35
12/08/2022,2016.62
11/08/2022,1975.26
10/08/2022,1969.25
09/08/2022,1912.89
08/08/2022,1941.21
05/08/2022,1921.82
04/08/2022,1906.46
03/08/2022,1908.93
02/08/2022,1882.45
01/08/2022,1883.31
29/07/2022,1885.23
28/07/2022,1873.03
27/07/2022,1848.34
26/07/2022,1805.25
25/07/2022,1817.77
22/07/2022,1806.88
21/07/2022,1836.69
20/07/2022,1827.95
19/07/2022,1799.32
18/07/2022,1738.42
15/07/2022,1744.37
14/07/2022,1707.51
13/07/2022,1726.04
12/07/2022,1728.18
11/07/2022,1732.01
08/07/2022,1769.36
07/07/2022,1769.6
06/07/2022,1727.55
05/07/2022,1741.33
01/07/2022,1727.76
30/06/2022,1707.99
29/06/2022,1719.37
28/06/2022,1738.84
27/06/2022,1771.74
24/06/2022,1765.74
23/06/2022,1711.67
22/06/2022,1690.28
21/06/2022,1694.03
17/06/2022,1665.69
16/06/2022,1649.84
15/06/2022,1731.14
14/06/2022,1707.83
13/06/2022,1714.59
10/06/2022,1800.28
09/06/2022,1850.86
08/06/2022,1891.01
07/06/2022,1919.56
06/06/2022,1889.89
03/06/2022,1883.05
02/06/2022,1897.67
01/06/2022,1854.82
31/05/2022,1864.04
27/05/2022,1887.9
26/05/2022,1838.24
25/05/2022,1799.16
24/05/2022,1764.83
23/05/2022,1792.76
20/05/2022,1773.27
19/05/2022,1776.22
18/05/2022,1774.85
17/05/2022,1840.3
16/05/2022,1783.43
13/05/2022,1792.67
12/05/2022,1739.38
11/05/2022,1718.14
10/05/2022,1761.79
09/05/2022,1762.08
06/05/2022,1839.56
05/05/2022,1871.15
04/05/2022,1949.92
03/05/2022,1898.86
02/05/2022,1882.91
29/04/2022,1864.1
28/04/2022,1917.94
27/04/2022,1884.04
26/04/2022,1890.47
25/04/2022,1954.2
22/04/2022,1940.66
21/04/2022,1991.46
20/04/2022,2038.19
19/04/2022,2030.77
18/04/2022,1990.13
14/04/2022,2004.98
13/04/2022,2025.1
12/04/2022,1986.94
11/04/2022,1980.32
08/04/2022,1994.56
07/04/2022,2009.8
06/04/2022,2016.94
05/04/2022,2046.04
04/04/2022,2095.44
01/04/2022,2091.11
31/03/2022,2070.13
30/03/2022,2091.07
29/03/2022,2133.1
28/03/2022,2078.06
25/03/2022,2077.98
24/03/2022,2075.44
23/03/2022,2052.21
22/03/2022,2088.34
21/03/2022,2065.94
18/03/2022,2086.14
17/03/2022,2065.02
16/03/2022,2030.72
15/03/2022,1968.97
14/03/2022,1941.72
11/03/2022,1979.67
10/03/2022,2011.67
09/03/2022,2016.29
08/03/2022,1963.01
07/03/2022,1951.33
04/03/2022,2000.9
03/03/2022,2032.41
02/03/2022,2058.87
01/03/2022,2008.51
28/02/2022,2048.09
25/02/2022,2040.93
24/02/2022,1996.01
23/02/2022,1944.09
22/02/2022,1980.17
18/02/2022,2009.33
17/02/2022,2028.09
16/02/2022,2079.31
15/02/2022,2076.46
14/02/2022,2020.79
11/02/2022,2030.15
10/02/2022,2051.16
09/02/2022,2083.5
08/02/2022,2045.37
07/02/2022,2012.6
04/02/2022,2002.36
03/02/2022,1991.03
02/02/2022,2029.52
01/02/2022,2050.74
31/01/2022,2028.45
28/01/2022,1968.51
27/01/2022,1931.29
26/01/2022,1976.46
25/01/2022,2004.03
24/01/2022,2033.51
21/01/2022,1987.92
20/01/2022,2024.04
19/01/2022,2062.78
18/01/2022,2096.23
14/01/2022,2162.46
13/01/2022,2159.44
12/01/2022,2176.06
11/01/2022,2194.0
10/01/2022,2171.15
07/01/2022,2179.81
06/01/2022,2206.37
05/01/2022,2194.0
04/01/2022,2268.87
03/01/2022,2272.56
31/12/2021,2245.31
30/12/2021,2248.79
29/12/2021,2249.24
28/12/2021,2246.51
27/12/2021,2261.46
23/12/2021,2241.58
22/12/2021,2221.9
21/12/2021,2202.95
20/12/2021,2139.87
17/12/2021,2173.93
16/12/2021,2152.46
15/12/2021,2195.21
14/12/2021,2159.65
13/12/2021,2180.5
10/12/2021,2211.81
09/12/2021,2220.21
08/12/2021,2271.71
07/12/2021,2253.79
06/12/2021,2203.48
03/12/2021,2159.31
02/12/2021,2206.33
01/12/2021,2147.42
30/11/2021,2198.91
29/11/2021,2241.98
26/11/2021,2245.94
24/11/2021,2331.46
23/11/2021,2327.86
22/11/2021,2331.35
19/11/2021,2343.16
18/11/2021,2363.59
17/11/2021,2377.01
16/11/2021,2405.02
15/11/2021,2400.93
12/11/2021,2411.78
11/11/2021,2409.14
10/11/2021,2389.58
09/11/2021,2427.29
08/11/2021,2442.74
05/11/2021,2437.08
04/11/2021,2402.43
03/11/2021,2404.28
02/11/2021,2361.86
01/11/2021,2358.12
29/10/2021,2297.19
28/10/2021,2297.98
27/10/2021,2252.49
26/10/2021,2296.08
25/10/2021,2312.64
22/10/2021,2291.27
21/10/2021,2296.18
20/10/2021,2289.77
19/10/2021,2275.91
18/10/2021,2267.84
15/10/2021,2265.65
14/10/2021,2274.18
13/10/2021,2241.97
12/10/2021,2234.27
11/10/2021,2220.64
08/10/2021,2233.09
07/10/2021,2250.09
06/10/2021,2214.96
05/10/2021,2228.36
04/10/2021,2217.47
01/10/2021,2241.63
30/09/2021,2204.37
29/09/2021,2225.31
28/09/2021,2229.78
27/09/2021,2281.0
24/09/2021,2248.07
23/09/2021,2259.04
22/09/2021,2218.56
21/09/2021,2186.18
20/09/2021,2182.2
17/09/2021,2236.87
16/09/2021,2232.91
15/09/2021,2234.45
14/09/2021,2209.98
13/09/2021,2240.78
10/09/2021,2227.55
09/09/2021,2249.13
08/09/2021,2249.73
07/09/2021,2275.61
03/09/2021,2292.05
02/09/2021,2304.02
01/09/2021,2287.06
31/08/2021,2273.77
30/08/2021,2265.99
27/08/2021,2277.15
26/08/2021,2213.98
25/08/2021,2239.27
24/08/2021,2230.91
23/08/2021,2208.3
20/08/2021,2167.6
19/08/2021,2132.42
18/08/2021,2158.78
17/08/2021,2177.17
16/08/2021,2209.48
13/08/2021,2223.11
12/08/2021,2244.07
11/08/2021,2250.34
10/08/2021,2239.36
09/08/2021,2234.81
06/08/2021,2247.76
05/08/2021,2236.01
04/08/2021,2196.32
03/08/2021,2223.58
02/08/2021,2215.5
30/07/2021,2226.25
29/07/2021,2240.03
28/07/2021,2224.96
27/07/2021,2191.83
26/07/2021,2216.92
23/07/2021,2209.65
22/07/2021,2199.48
21/07/2021,2234.04
20/07/2021,2194.3
19/07/2021,2130.68
16/07/2021,2163.24
15/07/2021,2190.29
14/07/2021,2202.36
13/07/2021,2238.86
12/07/2021,2281.82
09/07/2021,2280.0
08/07/2021,2231.68
07/07/2021,2252.85
06/07/2021,2274.5
02/07/2021,2305.76
01/07/2021,2329.36
30/06/2021,2310.55
29/06/2021,2308.84
28/06/2021,2322.34
25/06/2021,2334.4
24/06/2021,2333.62
23/06/2021,2303.47
22/06/2021,2295.95
21/06/2021,2286.09
18/06/2021,2237.75
17/06/2021,2287.46
16/06/2021,2314.69
15/06/2021,2320.07
14/06/2021,2326.15
11/06/2021,2335.81
10/06/2021,2311.41
09/06/2021,2327.13
08/06/2021,2343.76
07/06/2021,2319.18
04/06/2021,2286.41
03/06/2021,2279.25
02/06/2021,2297.83
01/06/2021,2294.74
28/05/2021,2268.97
27/05/2021,2273.07
26/05/2021,2249.27
25/05/2021,2205.75
24/05/2021,2227.34
21/05/2021,2215.27
20/05/2021,2207.76
19/05/2021,2193.64
18/05/2021,2210.88
17/05/2021,2227.12
14/05/2021,2224.63
13/05/2021,2170.95
12/05/2021,2135.14
11/05/2021,2206.99
10/05/2021,2212.7
07/05/2021,2271.63
06/05/2021,2241.42
05/05/2021,2241.37
04/05/2021,2248.29
03/05/2021,2277.45
30/04/2021,2266.45
29/04/2021,2295.46
28/04/2021,2304.16
27/04/2021,2301.27
26/04/2021,2298.01
23/04/2021,2271.86
22/04/2021,2232.61
21/04/2021,2239.63
20/04/2021,2188.21
19/04/2021,2232.0
16/04/2021,2262.67
15/04/2021,2257.07
14/04/2021,2247.72
13/04/2021,2228.92
12/04/2021,2233.78
09/04/2021,2243.47
08/04/2021,2242.6
07/04/2021,2223.05
06/04/2021,2259.15
05/04/2021,2264.89
01/04/2021,2253.9
31/03/2021,2220.52
30/03/2021,2195.8
29/03/2021,2158.68
26/03/2021,2221.48
25/03/2021,2183.12
24/03/2021,2134.27
23/03/2021,2185.69
22/03/2021,2266.84
19/03/2021,2287.55
18/03/2021,2267.59
17/03/2021,2336.39
16/03/2021,2319.52
15/03/2021,2360.17
12/03/2021,2352.79
11/03/2021,2338.54
10/03/2021,2285.68
09/03/2021,2245.06
08/03/2021,2202.98
05/03/2021,2192.21
04/03/2021,2146.92
03/03/2021,2207.79
02/03/2021,2231.51
01/03/2021,2275.32
26/02/2021,2201.05
25/02/2021,2200.17
24/02/2021,2284.38
23/02/2021,2231.31
22/02/2021,2251.07
19/02/2021,2266.69
18/02/2021,2218.39
17/02/2021,2256.11
16/02/2021,2272.89
12/02/2021,2289.36
11/02/2021,2285.32
10/02/2021,2282.44
09/02/2021,2299.0
08/02/2021,2289.76
05/02/2021,2233.33
04/02/2021,2202.42
03/02/2021,2159.7
02/02/2021,2151.44
01/02/2021,2126.16
29/01/2021,2073.64
28/01/2021,2106.61
27/01/2021,2108.7
26/01/2021,2149.86
25/01/2021,2163.27
22/01/2021,2168.76
21/01/2021,2141.42
20/01/2021,2160.62
19/01/2021,2151.14
15/01/2021,2123.2
14/01/2021,2155.35
13/01/2021,2111.97
12/01/2021,2127.96
11/01/2021,2091.01
08/01/2021,2091.66
07/01/2021,2096.89
06/01/2021,2057.92
05/01/2021,1979.11
04/01/2021,1945.91
31/12/2020,1974.86
30/12/2020,1979.99
29/12/2020,1959.36
28/12/2020,1996.25
24/12/2020,2003.95
23/12/2020,2007.1
22/12/2020,1989.88
21/12/2020,1970.33
18/12/2020,1969.99
17/12/2020,1978.05
16/12/2020,1952.72
15/12/2020,1959.76
14/12/2020,1913.86
11/12/2020,1911.7
10/12/2020,1922.7
09/12/2020,1902.15
08/12/2020,1917.78
07/12/2020,1891.25
04/12/2020,1892.45
03/12/2020,1848.7
02/12/2020,1838.03
01/12/2020,1836.05
30/11/2020,1819.82
27/11/2020,1855.27
25/11/2020,1845.02
24/11/2020,1853.53
23/11/2020,1818.3
20/11/2020,1785.34
19/11/2020,1784.13
18/11/2020,1769.32
17/11/2020,1791.91
16/11/2020,1785.34
13/11/2020,1744.04
12/11/2020,1708.47
11/11/2020,1736.94
10/11/2020,1737.01
09/11/2020,1705.04
06/11/2020,1648.26
05/11/2020,1660.05
04/11/2020,1615.08
03/11/2020,1614.3
02/11/2020,1568.59
30/10/2020,1538.48
29/10/2020,1561.58
28/10/2020,1543.28
27/10/2020,1590.71
26/10/2020,1605.21
23/10/2020,1640.5
22/10/2020,1630.25
21/10/2020,1603.78
20/10/2020,1617.71
19/10/2020,1613.63
16/10/2020,1633.81
15/10/2020,1638.88
14/10/2020,1621.65
13/10/2020,1636.85
12/10/2020,1649.05
09/10/2020,1637.55
08/10/2020,1628.55
07/10/2020,1611.04
06/10/2020,1577.29
05/10/2020,1581.96
02/10/2020,1539.3
01/10/2020,1531.2
30/09/2020,1507.69
29/09/2020,1504.73
28/09/2020,1510.34
25/09/2020,1474.91
24/09/2020,1451.82
23/09/2020,1451.46
22/09/2020,1496.96
21/09/2020,1485.25
18/09/2020,1536.78
17/09/2020,1542.6
16/09/2020,1552.33
15/09/2020,1538.15
14/09/2020,1536.97
11/09/2020,1497.27
10/09/2020,1507.75
09/09/2020,1526.48
08/09/2020,1504.59
04/09/2020,1535.3
03/09/2020,1544.68
02/09/2020,1592.29
01/09/2020,1578.58
31/08/2020,1561.88
28/08/2020,1578.34
27/08/2020,1564.56
26/08/2020,1560.19
25/08/2020,1571.21
24/08/2020,1568.47
21/08/2020,1552.48
20/08/2020,1564.3
19/08/2020,1572.07
18/08/2020,1569.77
17/08/2020,1585.47
14/08/2020,1577.88
13/08/2020,1579.79
12/08/2020,1583.25
11/08/2020,1575.1
10/08/2020,1584.67
07/08/2020,1569.18
06/08/2020,1544.62
05/08/2020,1546.24
04/08/2020,1517.21
03/08/2020,1506.8
31/07/2020,1480.43
30/07/2020,1495.1
29/07/2020,1500.63
28/07/2020,1469.76
27/07/2020,1484.65
24/07/2020,1467.55
23/07/2020,1490.2
22/07/2020,1490.14
21/07/2020,1487.51
20/07/2020,1467.95
17/07/2020,1473.32
16/07/2020,1467.56
15/07/2020,1478.27
14/07/2020,1428.26
13/07/2020,1403.57
10/07/2020,1422.68
09/07/2020,1398.92
08/07/2020,1427.4
07/07/2020,1416.0
06/07/2020,1442.88
02/07/2020,1431.86
01/07/2020,1427.31
30/06/2020,1441.37
29/06/2020,1421.21
26/06/2020,1378.78
25/06/2020,1413.31
24/06/2020,1389.74
23/06/2020,1439.34
22/06/2020,1433.53
19/06/2020,1418.63
18/06/2020,1427.33
17/06/2020,1426.53
16/06/2020,1452.26
15/06/2020,1419.61
12/06/2020,1387.68
11/06/2020,1356.22
10/06/2020,1467.39
09/06/2020,1507.05
08/06/2020,1536.89
05/06/2020,1507.15
04/06/2020,1452.06
03/06/2020,1452.09
02/06/2020,1418.21
01/06/2020,1405.37
29/05/2020,1394.04
28/05/2020,1400.67
27/05/2020,1436.36
26/05/2020,1393.07
22/05/2020,1355.53
21/05/2020,1347.56
20/05/2020,1346.93
19/05/2020,1307.72
18/05/2020,1333.69
15/05/2020,1256.99
14/05/2020,1237.55
13/05/2020,1233.25
12/05/2020,1275.54
11/05/2020,1321.24
08/05/2020,1329.64
07/05/2020,1282.93
06/05/2020,1263.01
05/05/2020,1273.51
04/05/2020,1263.97
01/05/2020,1260.48
30/04/2020,1310.66
29/04/2020,1360.76
28/04/2020,1298.08
27/04/2020,1281.88
24/04/2020,1233.05
23/04/2020,1214.06
22/04/2020,1201.52
21/04/2020,1185.09
20/04/2020,1213.35
17/04/2020,1229.1
16/04/2020,1178.09
15/04/2020,1183.98
14/04/2020,1237.33
13/04/2020,1212.04
09/04/2020,1246.73
08/04/2020,1191.66
07/04/2020,1139.17
06/04/2020,1138.78
03/04/2020,1052.05
02/04/2020,1085.81
01/04/2020,1071.99
31/03/2020,1153.1
30/03/2020,1158.32
27/03/2020,1131.99
26/03/2020,1180.32
25/03/2020,1110.37
24/03/2020,1096.54
23/03/2020,1002.4
20/03/2020,1013.89
19/03/2020,1058.75
18/03/2020,991.16
17/03/2020,1106.51
16/03/2020,1037.42
13/03/2020,1210.13
12/03/2020,1122.93
11/03/2020,1264.3
10/03/2020,1350.9
09/03/2020,1313.44
06/03/2020,1449.22
05/03/2020,1478.82
04/03/2020,1531.2
03/03/2020,1486.08
02/03/2020,1518.49
28/02/2020,1476.43
27/02/2020,1497.87
26/02/2020,1552.76
25/02/2020,1571.9
24/02/2020,1628.1
21/02/2020,1678.61
20/02/2020,1696.07
19/02/2020,1692.57
18/02/2020,1683.52
14/02/2020,1687.58
13/02/2020,1693.74
12/02/2020,1689.38
11/02/2020,1677.51
10/02/2020,1667.67
07/02/2020,1656.78
06/02/2020,1677.46
05/02/2020,1681.92
04/02/2020,1656.77
03/02/2020,1632.21
31/01/2020,1614.06
30/01/2020,1648.22
29/01/2020,1649.22
28/01/2020,1658.31
27/01/2020,1644.14
24/01/2020,1662.23
23/01/2020,1685.01
22/01/2020,1684.46
21/01/2020,1685.9
17/01/2020,1699.64
16/01/2020,1705.22
15/01/2020,1682.4
14/01/2020,1675.74
13/01/2020,1669.61
10/01/2020,1657.64
09/01/2020,1664.99
08/01/2020,1663.59
07/01/2020,1658.31
06/01/2020,1663.26
03/01/2020,1660.87
02/01/2020,1666.77
31/12/2019,1668.47
30/12/2019,1664.15
27/12/2019,1669.03
26/12/2019,1677.67
24/12/2019,1678.01
23/12/2019,1674.14
20/12/2019,1671.9
19/12/2019,1667.09
18/12/2019,1661.73
17/12/2019,1657.56
16/12/2019,1649.94
13/12/2019,1637.98
12/12/2019,1644.81
11/12/2019,1631.93
10/12/2019,1631.71
09/12/2019,1629.62
06/12/2019,1633.84
05/12/2019,1614.83
04/12/2019,1613.9
03/12/2019,1602.63
02/12/2019,1607.58
29/11/2019,1624.5
27/11/2019,1634.1
26/11/2019,1624.23
25/11/2019,1621.9
22/11/2019,1588.94
21/11/2019,1583.96
20/11/2019,1591.61
19/11/2019,1598.29
18/11/2019,1592.34
15/11/2019,1596.45
14/11/2019,1588.79
13/11/2019,1589.18
12/11/2019,1595.12
11/11/2019,1594.77
08/11/2019,1598.86
07/11/2019,1593.99
06/11/2019,1589.54
05/11/2019,1599.61
04/11/2019,1597.4
01/11/2019,1589.33
31/10/2019,1562.45
30/10/2019,1572.85
29/10/2019,1577.07
28/10/2019,1571.93
25/10/2019,1558.71
24/10/2019,1548.49
23/10/2019,1552.86
22/10/2019,1550.87
21/10/2019,1552.41
18/10/2019,1535.48
17/10/2019,1541.84
16/10/2019,1525.06
15/10/2019,1523.3
14/10/2019,1505.43
11/10/2019,1511.9
10/10/2019,1485.36
09/10/2019,1479.46
08/10/2019,1472.6
07/10/2019,1497.79
04/10/2019,1500.7
03/10/2019,1486.35
02/10/2019,1479.63
01/10/2019,1493.43
30/09/2019,1523.37
27/09/2019,1520.48
26/09/2019,1533.33
25/09/2019,1550.65
24/09/2019,1533.59
23/09/2019,1558.25
20/09/2019,1559.76
19/09/2019,1561.47
18/09/2019,1568.34
17/09/2019,1578.29
16/09/2019,1584.6
13/09/2019,1578.14
12/09/2019,1575.07
11/09/2019,1575.71
10/09/2019,1541.61
09/09/2019,1524.23
06/09/2019,1505.17
05/09/2019,1510.75
04/09/2019,1484.76
03/09/2019,1472.28
30/08/2019,1494.84
29/08/2019,1496.72
28/08/2019,1472.71
27/08/2019,1456.04
26/08/2019,1476.0
23/08/2019,1459.49
22/08/2019,1506.0
21/08/2019,1509.85
20/08/2019,1498.01
19/08/2019,1508.85
16/08/2019,1493.64
15/08/2019,1461.65
14/08/2019,1467.52
13/08/2019,1510.58
12/08/2019,1495.9
09/08/2019,1513.04
08/08/2019,1532.13
07/08/2019,1500.69
06/08/2019,1502.09
05/08/2019,1487.41
02/08/2019,1533.66
01/08/2019,1550.76
31/07/2019,1574.61
30/07/2019,1585.6
29/07/2019,1569.03
26/07/2019,1578.97
25/07/2019,1561.45
24/07/2019,1580.42
23/07/2019,1554.96
22/07/2019,1544.78
19/07/2019,1547.9
18/07/2019,1555.62
17/07/2019,1550.78
16/07/2019,1562.0
15/07/2019,1561.82
12/07/2019,1570.0
11/07/2019,1557.92
10/07/2019,1565.05
09/07/2019,1562.59
08/07/2019,1561.39
05/07/2019,1575.62
03/07/2019,1572.12
02/07/2019,1560.54
01/07/2019,1566.57
28/06/2019,1566.57
27/06/2019,1546.55
26/06/2019,1521.89
25/06/2019,1521.04
24/06/2019,1530.08
21/06/2019,1549.63
20/06/2019,1563.49
19/06/2019,1555.58
18/06/2019,1550.23
17/06/2019,1532.75
14/06/2019,1522.5
13/06/2019,1535.8
12/06/2019,1519.79
11/06/2019,1519.11
10/06/2019,1523.56
07/06/2019,1514.39
06/06/2019,1499.29
05/06/2019,1506.79
04/06/2019,1508.56
03/06/2019,1469.98
31/05/2019,1465.49
30/05/2019,1485.53
29/05/2019,1489.95
28/05/2019,1504.02
24/05/2019,1514.11
23/05/2019,1501.38
22/05/2019,1531.63
21/05/2019,1545.25
20/05/2019,1524.96
17/05/2019,1535.76
16/05/2019,1557.24
15/05/2019,1548.27
14/05/2019,1543.06
13/05/2019,1523.0
10/05/2019,1572.99
09/05/2019,1570.06
08/05/2019,1574.97
07/05/2019,1582.31
06/05/2019,1614.98
03/05/2019,1614.02
02/05/2019,1582.65
01/05/2019,1576.38
30/04/2019,1591.21
29/04/2019,1598.36
26/04/2019,1589.9
25/04/2019,1575.61
24/04/2019,1588.13
23/04/2019,1585.09
22/04/2019,1560.04
18/04/2019,1565.75
17/04/2019,1567.6
16/04/2019,1582.79
15/04/2019,1579.17
12/04/2019,1584.8
11/04/2019,1579.14
10/04/2019,1581.55
09/04/2019,1559.68
08/04/2019,1579.0
05/04/2019,1582.56
04/04/2019,1567.49
03/04/2019,1560.91
02/04/2019,1553.32
01/04/2019,1556.06
29/03/2019,1539.74
28/03/2019,1535.1
27/03/2019,1522.23
26/03/2019,1528.17
25/03/2019,1512.86
22/03/2019,1505.92
21/03/2019,1562.41
20/03/2019,1543.16
19/03/2019,1554.99
18/03/2019,1563.93
15/03/2019,1553.54
14/03/2019,1549.64
13/03/2019,1555.88
12/03/2019,1549.83
11/03/2019,1548.88
08/03/2019,1521.88
07/03/2019,1523.63
06/03/2019,1536.82
05/03/2019,1568.28
04/03/2019,1575.44
01/03/2019,1589.64
28/02/2019,1575.55
27/02/2019,1581.05
26/02/2019,1577.48
25/02/2019,1588.81
22/02/2019,1590.06
21/02/2019,1575.55
20/02/2019,1581.66
19/02/2019,1574.47
15/02/2019,1569.25
14/02/2019,1545.11
13/02/2019,1542.94
12/02/2019,1538.23
11/02/2019,1518.98
08/02/2019,1506.39
07/02/2019,1505.63
06/02/2019,1518.02
05/02/2019,1520.23
04/02/2019,1517.54
01/02/2019,1502.05
31/01/2019,1499.42
30/01/2019,1486.94
29/01/2019,1471.45
28/01/2019,1473.54
25/01/2019,1482.85
24/01/2019,1464.41
23/01/2019,1454.26
22/01/2019,1457.45
18/01/2019,1482.5
17/01/2019,1467.25
16/01/2019,1454.7
15/01/2019,1445.22
14/01/2019,1432.81
11/01/2019,1447.38
10/01/2019,1445.43
09/01/2019,1438.81
08/01/2019,1426.55
07/01/2019,1405.37
04/01/2019,1380.75
03/01/2019,1330.83
02/01/2019,1355.91
31/12/2018,1348.56
28/12/2018,1337.92
27/12/2018,1331.82
26/12/2018,1329.81
24/12/2018,1266.92
21/12/2018,1292.09
20/12/2018,1326.0
19/12/2018,1349.23
18/12/2018,1377.18
17/12/2018,1378.14
14/12/2018,1410.81
13/12/2018,1432.7
12/12/2018,1455.32
11/12/2018,1440.13
10/12/2018,1443.1
07/12/2018,1448.09
06/12/2018,1477.41
04/12/2018,1480.75
03/12/2018,1548.96
30/11/2018,1533.27
29/11/2018,1525.39
28/11/2018,1530.38
27/11/2018,1492.86
26/11/2018,1505.96
23/11/2018,1488.68
21/11/2018,1488.28
20/11/2018,1469.01
19/11/2018,1496.54
16/11/2018,1527.53
15/11/2018,1524.12
14/11/2018,1502.51
13/11/2018,1514.8
12/11/2018,1518.79
09/11/2018,1549.49
08/11/2018,1578.21
07/11/2018,1582.16
06/11/2018,1556.1
05/11/2018,1547.51
02/11/2018,1547.98
01/11/2018,1544.98
31/10/2018,1511.41
30/10/2018,1506.64
29/10/2018,1477.31
26/10/2018,1483.82
25/10/2018,1500.4
24/10/2018,1468.7
23/10/2018,1526.59
22/10/2018,1539.5
19/10/2018,1542.04
18/10/2018,1560.75
17/10/2018,1589.6
16/10/2018,1596.84
15/10/2018,1553.09
12/10/2018,1546.68
11/10/2018,1545.38
10/10/2018,1575.41
09/10/2018,1621.87
08/10/2018,1629.52
05/10/2018,1632.11
04/10/2018,1646.91
03/10/2018,1671.29
02/10/2018,1656.04
01/10/2018,1672.99
28/09/2018,1696.57
27/09/2018,1690.53
26/09/2018,1691.61
25/09/2018,1708.81
24/09/2018,1705.32
21/09/2018,1712.32
20/09/2018,1720.18
19/09/2018,1702.93
18/09/2018,1710.97
17/09/2018,1703.55
14/09/2018,1721.72
13/09/2018,1714.32
12/09/2018,1715.7
11/09/2018,1718.4
10/09/2018,1717.47
07/09/2018,1713.18
06/09/2018,1714.47
05/09/2018,1727.65
04/09/2018,1733.38
31/08/2018,1740.75
30/08/2018,1732.35
29/08/2018,1734.75
28/08/2018,1728.42
27/08/2018,1728.41
24/08/2018,1725.67
23/08/2018,1717.05
22/08/2018,1722.54
21/08/2018,1718.05
20/08/2018,1698.69
17/08/2018,1692.95
16/08/2018,1685.75
15/08/2018,1670.67
14/08/2018,1692.58
13/08/2018,1675.32
10/08/2018,1686.8
09/08/2018,1690.89
08/08/2018,1686.88
07/08/2018,1688.3
06/08/2018,1684.31
03/08/2018,1673.37
02/08/2018,1682.1
01/08/2018,1669.26
31/07/2018,1670.8
30/07/2018,1653.13
27/07/2018,1663.34
26/07/2018,1695.36
25/07/2018,1685.2
24/07/2018,1680.2
23/07/2018,1698.41
20/07/2018,1696.81
19/07/2018,1701.31
18/07/2018,1691.87
17/07/2018,1687.26
16/07/2018,1678.54
13/07/2018,1687.08
12/07/2018,1690.28
11/07/2018,1683.66
10/07/2018,1695.62
09/07/2018,1704.6
06/07/2018,1694.05
05/07/2018,1679.48
03/07/2018,1660.42
02/07/2018,1655.09
29/06/2018,1643.07
28/06/2018,1645.02
27/06/2018,1640.45
26/06/2018,1668.53
25/06/2018,1657.51
22/06/2018,1685.58
21/06/2018,1688.95
20/06/2018,1706.99
19/06/2018,1693.45
18/06/2018,1692.46
15/06/2018,1683.91
14/06/2018,1684.72
13/06/2018,1676.54
12/06/2018,1682.3
11/06/2018,1674.68
08/06/2018,1672.49
07/06/2018,1667.77
06/06/2018,1675.95
05/06/2018,1664.63
04/06/2018,1653.37
01/06/2018,1647.98
31/05/2018,1633.61
30/05/2018,1647.99
29/05/2018,1623.65
25/05/2018,1626.93
24/05/2018,1628.22
23/05/2018,1627.61
22/05/2018,1625.24
21/05/2018,1637.44
18/05/2018,1626.63
17/05/2018,1625.29
16/05/2018,1616.37
15/05/2018,1600.34
14/05/2018,1600.34
11/05/2018,1606.79
10/05/2018,1603.71
09/05/2018,1596.05
08/05/2018,1586.39
07/05/2018,1578.95
04/05/2018,1565.6
03/05/2018,1546.56
02/05/2018,1554.91
01/05/2018,1550.33
30/04/2018,1541.88
27/04/2018,1556.24
26/04/2018,1557.89
25/04/2018,1550.47
24/04/2018,1553.28
23/04/2018,1562.12
20/04/2018,1564.12
19/04/2018,1573.82
18/04/2018,1583.56
17/04/2018,1579.8
16/04/2018,1563.03
13/04/2018,1549.51
12/04/2018,1557.33
11/04/2018,1546.8
10/04/2018,1543.43
09/04/2018,1514.46
06/04/2018,1513.3
05/04/2018,1542.93
04/04/2018,1531.66
03/04/2018,1512.15
02/04/2018,1492.53
29/03/2018,1529.43
28/03/2018,1513.03
27/03/2018,1513.57
26/03/2018,1543.72
23/03/2018,1510.08
22/03/2018,1543.87
21/03/2018,1579.3
20/03/2018,1570.41
19/03/2018,1570.56
16/03/2018,1586.05
15/03/2018,1576.62
14/03/2018,1584.31
13/03/2018,1592.05
12/03/2018,1601.06
09/03/2018,1597.14
08/03/2018,1571.97
07/03/2018,1574.53
06/03/2018,1562.2
05/03/2018,1546.05
02/03/2018,1533.17
01/03/2018,1507.39
28/02/2018,1512.45
27/02/2018,1536.47
26/02/2018,1559.33
23/02/2018,1549.19
22/02/2018,1529.99
21/02/2018,1531.84
20/02/2018,1529.99
16/02/2018,1543.55
15/02/2018,1537.2
14/02/2018,1522.1
13/02/2018,1494.95
12/02/2018,1490.98
09/02/2018,1477.84
08/02/2018,1463.79
07/02/2018,1507.97
06/02/2018,1507.17
05/02/2018,1491.09
02/02/2018,1547.27
01/02/2018,1579.87
31/01/2018,1574.98
30/01/2018,1582.82
29/01/2018,1598.11
26/01/2018,1608.06
25/01/2018,1601.67
24/01/2018,1601.77
23/01/2018,1610.71
22/01/2018,1605.17
19/01/2018,1597.63
18/01/2018,1576.73
17/01/2018,1586.66
16/01/2018,1572.97
12/01/2018,1591.97
11/01/2018,1586.79
10/01/2018,1559.8
09/01/2018,1560.1
08/01/2018,1561.81
05/01/2018,1560.01
04/01/2018,1555.72
03/01/2018,1552.58
02/01/2018,1550.01
29/12/2017,1535.51
28/12/2017,1548.93
27/12/2017,1543.94
26/12/2017,1544.23
22/12/2017,1542.93
21/12/2017,1547.11
20/12/2017,1540.08
19/12/2017,1536.75
18/12/2017,1548.92
15/12/2017,1530.42
14/12/2017,1506.95
13/12/2017,1524.45
12/12/2017,1516.12
11/12/2017,1519.84
08/12/2017,1521.72
07/12/2017,1520.47
06/12/2017,1508.88
05/12/2017,1516.76
04/12/2017,1532.41
01/12/2017,1537.02
30/11/2017,1544.14
29/11/2017,1542.3
28/11/2017,1536.43
27/11/2017,1513.31
24/11/2017,1519.16
22/11/2017,1516.76
21/11/2017,1518.89
20/11/2017,1503.4
17/11/2017,1492.82
16/11/2017,1486.88
15/11/2017,1464.09
14/11/2017,1471.26
13/11/2017,1475.07
10/11/2017,1475.27
09/11/2017,1475.02
08/11/2017,1481.73
07/11/2017,1479.09
06/11/2017,1497.96
03/11/2017,1494.91
02/11/2017,1496.55
01/11/2017,1492.78
31/10/2017,1502.53
30/10/2017,1490.9
27/10/2017,1508.32
26/10/2017,1497.46
25/10/2017,1493.48
24/10/2017,1500.42
23/10/2017,1497.49
20/10/2017,1509.25
19/10/2017,1502.04
18/10/2017,1505.14
17/10/2017,1497.5
16/10/2017,1502.68
13/10/2017,1502.66
12/10/2017,1505.16
11/10/2017,1506.92
10/10/2017,1508.01
09/10/2017,1503.56
06/10/2017,1510.22
05/10/2017,1512.09
04/10/2017,1507.76
03/10/2017,1511.97
02/10/2017,1509.47
29/09/2017,1490.86
28/09/2017,1488.79
27/09/2017,1484.81
26/09/2017,1456.86
25/09/2017,1451.96
22/09/2017,1450.78
21/09/2017,1444.18
20/09/2017,1445.42
19/09/2017,1440.4
18/09/2017,1441.08
15/09/2017,1431.71
14/09/2017,1425.02
13/09/2017,1426.89
12/09/2017,1423.46
11/09/2017,1414.83
08/09/2017,1399.43
07/09/2017,1398.67
06/09/2017,1402.2
05/09/2017,1399.66
01/09/2017,1413.57
31/08/2017,1405.28
30/08/2017,1391.32
29/08/2017,1383.68
28/08/2017,1382.23
25/08/2017,1377.45
24/08/2017,1373.88
23/08/2017,1369.74
22/08/2017,1371.54
21/08/2017,1356.9
18/08/2017,1357.79
17/08/2017,1358.94
16/08/2017,1383.53
15/08/2017,1383.24
14/08/2017,1394.31
11/08/2017,1374.23
10/08/2017,1372.54
09/08/2017,1396.95
08/08/2017,1410.15
07/08/2017,1414.17
04/08/2017,1412.32
03/08/2017,1405.23
02/08/2017,1412.9
01/08/2017,1428.33
31/07/2017,1425.14
28/07/2017,1429.26
27/07/2017,1433.62
26/07/2017,1442.28
25/07/2017,1450.39
24/07/2017,1438.05
21/07/2017,1435.84
20/07/2017,1442.35
19/07/2017,1441.77
18/07/2017,1427.61
17/07/2017,1431.6
14/07/2017,1428.82
13/07/2017,1425.66
12/07/2017,1424.32
11/07/2017,1413.05
10/07/2017,1408.47
07/07/2017,1415.84
06/07/2017,1400.81
05/07/2017,1420.15
03/07/2017,1426.68
30/06/2017,1415.36
29/06/2017,1416.2
28/06/2017,1425.27
27/06/2017,1403.52
26/06/2017,1416.64
23/06/2017,1414.78
22/06/2017,1404.54
21/06/2017,1399.25
20/06/2017,1402.97
19/06/2017,1418.08
16/06/2017,1406.73
15/06/2017,1410.08
14/06/2017,1417.57
13/06/2017,1425.99
12/06/2017,1419.21
09/06/2017,1421.71
08/06/2017,1415.61
07/06/2017,1396.67
06/06/2017,1394.9
05/06/2017,1396.45
02/06/2017,1405.39
01/06/2017,1396.06
31/05/2017,1370.21
30/05/2017,1371.19
26/05/2017,1382.24
25/05/2017,1383.39
24/05/2017,1382.51
23/05/2017,1380.98
22/05/2017,1377.14
19/05/2017,1367.33
18/05/2017,1361.08
17/05/2017,1355.89
16/05/2017,1394.68
15/05/2017,1393.92
12/05/2017,1382.77
11/05/2017,1390.2
10/05/2017,1399.59
09/05/2017,1391.86
08/05/2017,1391.64
05/05/2017,1397.0
04/05/2017,1388.85
03/05/2017,1390.92
02/05/2017,1399.36
01/05/2017,1407.36
28/04/2017,1400.43
27/04/2017,1417.13
26/04/2017,1419.43
25/04/2017,1411.08
24/04/2017,1397.94
21/04/2017,1379.85
20/04/2017,1384.15
19/04/2017,1367.13
18/04/2017,1361.89
17/04/2017,1361.18
13/04/2017,1345.24
12/04/2017,1359.2
11/04/2017,1376.95
10/04/2017,1367.09
07/04/2017,1364.56
06/04/2017,1364.43
05/04/2017,1352.14
04/04/2017,1368.18
03/04/2017,1369.67
31/03/2017,1385.92
30/03/2017,1382.35
29/03/2017,1371.64
28/03/2017,1367.26
27/03/2017,1357.32
24/03/2017,1354.64
23/03/2017,1353.43
22/03/2017,1345.6
21/03/2017,1346.55
20/03/2017,1384.1
17/03/2017,1391.52
16/03/2017,1386.03
15/03/2017,1382.83
14/03/2017,1362.38
13/03/2017,1370.28
10/03/2017,1365.26
09/03/2017,1360.12
08/03/2017,1366.04
07/03/2017,1374.88
06/03/2017,1384.25
03/03/2017,1394.13
02/03/2017,1395.67
01/03/2017,1413.64
28/02/2017,1386.68
27/02/2017,1407.97
24/02/2017,1394.52
23/02/2017,1394.62
22/02/2017,1403.86
21/02/2017,1410.34
17/02/2017,1399.86
16/02/2017,1399.13
15/02/2017,1404.21
14/02/2017,1396.65
13/02/2017,1392.38
10/02/2017,1388.84
09/02/2017,1378.53
08/02/2017,1358.74
07/02/2017,1361.06
06/02/2017,1366.66
03/02/2017,1377.84
02/02/2017,1357.43
01/02/2017,1361.23
31/01/2017,1361.82
30/01/2017,1352.33
27/01/2017,1370.7
26/01/2017,1375.6
25/01/2017,1382.44
24/01/2017,1369.21
23/01/2017,1347.84
20/01/2017,1351.85
19/01/2017,1345.74
18/01/2017,1358.56
17/01/2017,1352.32
13/01/2017,1372.05
12/01/2017,1361.07
11/01/2017,1373.3
10/01/2017,1370.9
09/01/2017,1357.49
06/01/2017,1367.28
05/01/2017,1371.94
04/01/2017,1387.95
03/01/2017,1365.49
30/12/2016,1357.13
29/12/2016,1363.18
28/12/2016,1360.83
27/12/2016,1377.71
23/12/2016,1371.51
22/12/2016,1362.66
21/12/2016,1375.19
20/12/2016,1383.96
19/12/2016,1371.68
16/12/2016,1364.19
15/12/2016,1366.41
14/12/2016,1356.02
13/12/2016,1373.53
12/12/2016,1373.14
09/12/2016,1388.07
08/12/2016,1386.37
07/12/2016,1364.51
06/12/2016,1352.67
05/12/2016,1337.79
02/12/2016,1314.25
01/12/2016,1313.8
30/11/2016,1322.34
29/11/2016,1328.22
28/11/2016,1329.83
25/11/2016,1347.2
23/11/2016,1342.09
22/11/2016,1334.34
21/11/2016,1322.23
18/11/2016,1315.64
17/11/2016,1309.48
16/11/2016,1302.2
15/11/2016,1302.14
14/11/2016,1298.6
11/11/2016,1282.38
10/11/2016,1251.61
09/11/2016,1232.16
08/11/2016,1195.14
07/11/2016,1192.25
04/11/2016,1163.44
03/11/2016,1156.89
02/11/2016,1162.52
01/11/2016,1177.94
31/10/2016,1191.39
28/10/2016,1187.61
27/10/2016,1189.95
26/10/2016,1204.75
25/10/2016,1216.1
24/10/2016,1226.45
21/10/2016,1218.1
20/10/2016,1219.79
19/10/2016,1222.64
18/10/2016,1217.3
17/10/2016,1210.14
14/10/2016,1212.41
13/10/2016,1215.75
12/10/2016,1227.23
11/10/2016,1227.62
10/10/2016,1250.76
07/10/2016,1236.56
06/10/2016,1246.24
05/10/2016,1248.37
04/10/2016,1239.78
03/10/2016,1245.78
30/09/2016,1251.65
29/09/2016,1237.75
28/09/2016,1255.67
27/09/2016,1246.38
26/09/2016,1240.94
23/09/2016,1254.62
22/09/2016,1263.44
21/09/2016,1245.04
20/09/2016,1228.33
19/09/2016,1232.53
16/09/2016,1224.78
15/09/2016,1227.02
14/09/2016,1211.59
13/09/2016,1212.32
12/09/2016,1235.87
09/09/2016,1219.21
08/09/2016,1258.36
07/09/2016,1261.01
06/09/2016,1253.37
02/09/2016,1251.83
01/09/2016,1239.8
31/08/2016,1239.91
30/08/2016,1246.03
29/08/2016,1244.94
26/08/2016,1238.03
25/08/2016,1240.0
24/08/2016,1237.25
23/08/2016,1248.58
22/08/2016,1239.74
19/08/2016,1236.77
18/08/2016,1236.85
17/08/2016,1227.68
16/08/2016,1231.13
15/08/2016,1241.86
12/08/2016,1229.82
11/08/2016,1229.12
10/08/2016,1223.27
09/08/2016,1231.74
08/08/2016,1230.42
05/08/2016,1231.3
04/08/2016,1213.76
03/08/2016,1212.73
02/08/2016,1202.35
01/08/2016,1219.12
29/07/2016,1219.94
28/07/2016,1217.33
27/07/2016,1218.93
26/07/2016,1216.86
25/07/2016,1209.82
22/07/2016,1212.89
21/07/2016,1203.86
20/07/2016,1209.74
19/07/2016,1200.45
18/07/2016,1207.91
15/07/2016,1205.31
14/07/2016,1202.17
13/07/2016,1201.16
12/07/2016,1205.89
11/07/2016,1190.03
08/07/2016,1177.36
07/07/2016,1149.76
06/07/2016,1147.33
05/07/2016,1139.45
01/07/2016,1156.77
30/06/2016,1151.92
29/06/2016,1131.62
28/06/2016,1107.3
27/06/2016,1089.65
24/06/2016,1127.54
23/06/2016,1172.22
22/06/2016,1148.97
21/06/2016,1153.87
20/06/2016,1157.7
17/06/2016,1144.7
16/06/2016,1148.19
15/06/2016,1149.3
14/06/2016,1147.82
13/06/2016,1150.7
10/06/2016,1163.93
09/06/2016,1181.2
08/06/2016,1188.95
07/06/2016,1179.97
06/06/2016,1176.87
03/06/2016,1164.13
02/06/2016,1170.58
01/06/2016,1163.04
31/05/2016,1154.79
27/05/2016,1150.45
26/05/2016,1139.75
25/05/2016,1141.02
24/05/2016,1135.31
23/05/2016,1111.37
20/05/2016,1112.28
19/05/2016,1094.78
18/05/2016,1102.95
17/05/2016,1097.68
16/05/2016,1116.21
13/05/2016,1102.44
12/05/2016,1108.6
11/05/2016,1114.74
10/05/2016,1128.83
09/05/2016,1118.25
06/05/2016,1114.72
05/05/2016,1107.95
04/05/2016,1113.13
03/05/2016,1121.76
02/05/2016,1140.92
29/04/2016,1130.85
28/04/2016,1140.4
27/04/2016,1154.15
26/04/2016,1150.73
25/04/2016,1138.1
22/04/2016,1146.69
21/04/2016,1135.77
20/04/2016,1142.29
19/04/2016,1140.23
18/04/2016,1139.28
15/04/2016,1130.92
14/04/2016,1128.59
13/04/2016,1129.93
12/04/2016,1105.71
11/04/2016,1094.34
08/04/2016,1097.31
07/04/2016,1092.79
06/04/2016,1108.81
05/04/2016,1095.85
04/04/2016,1108.54
01/04/2016,1117.68
31/03/2016,1114.03
30/03/2016,1110.44
29/03/2016,1109.08
28/03/2016,1080.23
24/03/2016,1079.54
23/03/2016,1075.7
22/03/2016,1097.34
21/03/2016,1098.58
18/03/2016,1101.67
17/03/2016,1091.25
16/03/2016,1074.51
15/03/2016,1066.67
14/03/2016,1084.25
11/03/2016,1087.56
10/03/2016,1063.99
09/03/2016,1072.77
08/03/2016,1067.88
07/03/2016,1094.15
04/03/2016,1081.93
03/03/2016,1076.05
02/03/2016,1065.67
01/03/2016,1054.49
29/02/2016,1033.9
26/02/2016,1037.18
25/02/2016,1031.58
24/02/2016,1022.08
23/02/2016,1012.15
22/02/2016,1021.74
19/02/2016,1010.01
18/02/2016,1004.71
17/02/2016,1011.13
16/02/2016,995.8
12/02/2016,971.99
11/02/2016,953.72
10/02/2016,963.48
09/02/2016,963.9
08/02/2016,969.34
05/02/2016,985.62
04/02/2016,1014.79
03/02/2016,1010.3
02/02/2016,1008.84
01/02/2016,1032.39
29/01/2016,1035.38
28/01/2016,1003.27
27/01/2016,1002.75
26/01/2016,1017.97
25/01/2016,997.37
22/01/2016,1020.66
21/01/2016,997.34
20/01/2016,999.31
19/01/2016,994.87
15/01/2016,1007.72
14/01/2016,1025.67
13/01/2016,1010.19
12/01/2016,1044.7
11/01/2016,1041.9
08/01/2016,1046.2
07/01/2016,1064.57
06/01/2016,1094.37
05/01/2016,1110.44
04/01/2016,1108.62
31/12/2015,1135.89
30/12/2015,1149.64
29/12/2015,1160.52
28/12/2015,1148.21
24/12/2015,1154.76
23/12/2015,1152.82
22/12/2015,1137.69
21/12/2015,1127.74
18/12/2015,1121.02
17/12/2015,1135.36
16/12/2015,1148.97
15/12/2015,1131.55
14/12/2015,1115.86
11/12/2015,1123.61
10/12/2015,1149.02
09/12/2015,1145.87
08/12/2015,1159.4
07/12/2015,1164.3
04/12/2015,1183.4
03/12/2015,1170.57
02/12/2015,1191.69
01/12/2015,1204.16
30/11/2015,1198.11
27/11/2015,1202.38
25/11/2015,1198.02
24/11/2015,1188.81
23/11/2015,1180.36
20/11/2015,1175.15
19/11/2015,1166.73
18/11/2015,1171.75
17/11/2015,1153.21
16/11/2015,1156.08
13/11/2015,1146.55
12/11/2015,1154.81
11/11/2015,1178.07
10/11/2015,1187.7
09/11/2015,1184.43
06/11/2015,1199.75
05/11/2015,1190.69
04/11/2015,1190.38
03/11/2015,1191.58
02/11/2015,1186.09
30/10/2015,1161.86
29/10/2015,1165.63
28/10/2015,1178.72
27/10/2015,1145.29
26/10/2015,1159.5
23/10/2015,1166.06
22/10/2015,1154.52
21/10/2015,1144.95
20/10/2015,1163.27
19/10/2015,1164.3
16/10/2015,1162.31
15/10/2015,1162.77
14/10/2015,1136.97
13/10/2015,1147.84
12/10/2015,1164.4
09/10/2015,1165.36
08/10/2015,1163.24
07/10/2015,1152.6
06/10/2015,1133.69
05/10/2015,1141.64
02/10/2015,1114.12
01/10/2015,1097.55
30/09/2015,1100.69
29/09/2015,1083.91
28/09/2015,1090.57
25/09/2015,1122.79
24/09/2015,1137.54
23/09/2015,1140.05
22/09/2015,1143.03
21/09/2015,1161.09
18/09/2015,1163.35
17/09/2015,1180.69
16/09/2015,1175.2
15/09/2015,1166.0
14/09/2015,1153.5
11/09/2015,1157.79
10/09/2015,1153.03
09/09/2015,1148.23
08/09/2015,1161.76
04/09/2015,1136.17
03/09/2015,1145.15
02/09/2015,1146.03
01/09/2015,1128.05
31/08/2015,1159.45
28/08/2015,1162.91
27/08/2015,1153.61
26/08/2015,1132.19
25/08/2015,1104.1
24/08/2015,1111.69
21/08/2015,1156.79
20/08/2015,1172.52
19/08/2015,1202.98
18/08/2015,1214.89
17/08/2015,1225.09
14/08/2015,1212.69
13/08/2015,1204.74
12/08/2015,1208.98
11/08/2015,1211.14
10/08/2015,1222.67
07/08/2015,1206.9
06/08/2015,1215.85
05/08/2015,1231.75
04/08/2015,1228.85
03/08/2015,1231.79
31/07/2015,1238.68
30/07/2015,1232.07
29/07/2015,1229.6
28/07/2015,1224.6
27/07/2015,1214.61
24/07/2015,1225.99
23/07/2015,1244.97
22/07/2015,1258.35
21/07/2015,1254.57
20/07/2015,1260.22
17/07/2015,1267.09
16/07/2015,1272.83
15/07/2015,1264.52
14/07/2015,1273.33
13/07/2015,1265.35
10/07/2015,1252.02
09/07/2015,1234.15
08/07/2015,1228.96
07/07/2015,1248.05
06/07/2015,1246.96
02/07/2015,1248.26
01/07/2015,1256.4
30/06/2015,1253.95
29/06/2015,1246.75
26/06/2015,1279.8
25/06/2015,1283.28
24/06/2015,1283.92
23/06/2015,1295.8
22/06/2015,1292.39
19/06/2015,1284.66
18/06/2015,1284.68
17/06/2015,1268.33
16/06/2015,1269.53
15/06/2015,1261.04
12/06/2015,1265.02
11/06/2015,1268.92
10/06/2015,1266.93
09/06/2015,1249.66
08/06/2015,1253.7
05/06/2015,1261.01
04/06/2015,1251.29
03/06/2015,1264.58
02/06/2015,1251.8
01/06/2015,1249.62
29/05/2015,1246.53
28/05/2015,1253.1
27/05/2015,1254.36
26/05/2015,1238.76
22/05/2015,1252.22
21/05/2015,1256.74
20/05/2015,1257.74
19/05/2015,1255.66
18/05/2015,1257.52
15/05/2015,1243.95
14/05/2015,1245.11
13/05/2015,1232.28
12/05/2015,1233.13
11/05/2015,1235.83
08/05/2015,1234.93
07/05/2015,1225.54
06/05/2015,1219.36
05/05/2015,1215.42
04/05/2015,1233.22
01/05/2015,1228.11
30/04/2015,1220.13
29/04/2015,1246.95
28/04/2015,1259.36
27/04/2015,1252.7
24/04/2015,1267.54
23/04/2015,1271.54
22/04/2015,1265.48
21/04/2015,1264.15
20/04/2015,1264.92
17/04/2015,1251.86
16/04/2015,1272.9
15/04/2015,1275.35
14/04/2015,1265.35
13/04/2015,1265.59
10/04/2015,1264.77
09/04/2015,1259.11
08/04/2015,1262.71
07/04/2015,1253.36
06/04/2015,1260.54
02/04/2015,1255.66
01/04/2015,1251.71
31/03/2015,1252.77
30/03/2015,1257.8
27/03/2015,1240.41
26/03/2015,1231.99
25/03/2015,1233.85
24/03/2015,1263.46
23/03/2015,1264.71
20/03/2015,1266.37
19/03/2015,1254.86
18/03/2015,1252.14
17/03/2015,1242.23
16/03/2015,1239.78
13/03/2015,1232.14
12/03/2015,1236.64
11/03/2015,1215.78
10/03/2015,1208.47
09/03/2015,1223.59
06/03/2015,1217.52
05/03/2015,1234.31
04/03/2015,1230.73
03/03/2015,1234.76
02/03/2015,1242.62
27/02/2015,1233.37
26/02/2015,1239.11
25/02/2015,1235.1
24/02/2015,1233.98
23/02/2015,1231.83
20/02/2015,1231.79
19/02/2015,1227.91
18/02/2015,1227.95
17/02/2015,1225.01
13/02/2015,1223.13
12/02/2015,1216.27
11/02/2015,1201.55
10/02/2015,1203.18
09/02/2015,1195.83
06/02/2015,1205.46
05/02/2015,1208.71
04/02/2015,1191.44
03/02/2015,1196.99
02/02/2015,1175.51
30/01/2015,1165.39
29/01/2015,1190.18
28/01/2015,1175.12
27/01/2015,1194.66
26/01/2015,1200.74
23/01/2015,1188.93
22/01/2015,1190.37
21/01/2015,1166.25
20/01/2015,1170.25
16/01/2015,1176.65
15/01/2015,1154.71
14/01/2015,1177.06
13/01/2015,1180.64
12/01/2015,1180.09
09/01/2015,1185.68
08/01/2015,1196.13
07/01/2015,1175.97
06/01/2015,1161.31
05/01/2015,1181.35
02/01/2015,1198.8
31/12/2014,1204.7
30/12/2014,1213.05
29/12/2014,1219.11
26/12/2014,1215.21
24/12/2014,1206.78
23/12/2014,1202.44
22/12/2014,1201.86
19/12/2014,1195.96
18/12/2014,1192.16
17/12/2014,1174.84
16/12/2014,1139.37
15/12/2014,1140.3
12/12/2014,1152.44
11/12/2014,1166.96
10/12/2014,1161.86
09/12/2014,1188.06
08/12/2014,1167.21
05/12/2014,1182.43
04/12/2014,1173.01
03/12/2014,1179.01
02/12/2014,1168.45
01/12/2014,1154.05
28/11/2014,1173.23
26/11/2014,1190.62
25/11/2014,1186.33
24/11/2014,1186.94
21/11/2014,1172.42
20/11/2014,1170.75
19/11/2014,1157.69
18/11/2014,1170.28
17/11/2014,1164.23
14/11/2014,1173.81
13/11/2014,1175.42
12/11/2014,1186.47
11/11/2014,1179.96
10/11/2014,1179.57
07/11/2014,1173.32
06/11/2014,1171.86
05/11/2014,1167.07
04/11/2014,1165.42
03/11/2014,1170.2
31/10/2014,1173.51
30/10/2014,1155.77
29/10/2014,1146.37
28/10/2014,1149.45
27/10/2014,1117.48
24/10/2014,1118.82
23/10/2014,1116.49
22/10/2014,1096.87
21/10/2014,1112.85
20/10/2014,1094.97
17/10/2014,1082.33
16/10/2014,1086.11
15/10/2014,1072.45
14/10/2014,1061.6
13/10/2014,1049.3
10/10/2014,1053.32
09/10/2014,1067.99
08/10/2014,1097.12
07/10/2014,1076.31
06/10/2014,1094.65
03/10/2014,1104.74
02/10/2014,1096.38
01/10/2014,1085.41
30/09/2014,1101.68
29/09/2014,1117.91
26/09/2014,1119.33
25/09/2014,1110.24
24/09/2014,1128.31
23/09/2014,1118.72
22/09/2014,1129.36
19/09/2014,1146.92
18/09/2014,1159.27
17/09/2014,1153.89
16/09/2014,1150.97
15/09/2014,1146.52
12/09/2014,1160.61
11/09/2014,1172.34
10/09/2014,1164.99
09/09/2014,1158.5
08/09/2014,1172.31
05/09/2014,1170.13
04/09/2014,1167.21
03/09/2014,1172.2
02/09/2014,1179.47
29/08/2014,1174.35
28/08/2014,1165.95
27/08/2014,1172.71
26/08/2014,1175.17
25/08/2014,1165.22
22/08/2014,1160.34
21/08/2014,1160.03
20/08/2014,1157.51
19/08/2014,1162.47
18/08/2014,1158.4
15/08/2014,1141.65
14/08/2014,1143.34
13/08/2014,1141.78
12/08/2014,1133.03
11/08/2014,1141.93
08/08/2014,1131.35
07/08/2014,1119.76
06/08/2014,1125.55
05/08/2014,1121.56
04/08/2014,1124.82
01/08/2014,1114.86
31/07/2014,1120.07
30/07/2014,1146.57
29/07/2014,1141.64
28/07/2014,1139.5
25/07/2014,1144.72
24/07/2014,1156.26
23/07/2014,1158.11
22/07/2014,1156.15
21/07/2014,1146.66
18/07/2014,1151.61
17/07/2014,1133.6
16/07/2014,1151.55
15/07/2014,1153.81
14/07/2014,1167.21
11/07/2014,1159.93
10/07/2014,1161.86
09/07/2014,1173.81
08/07/2014,1172.15
07/07/2014,1186.74
03/07/2014,1208.15
02/07/2014,1199.5
01/07/2014,1205.95
30/06/2014,1192.96
27/06/2014,1189.5
26/06/2014,1180.71
25/06/2014,1182.68
24/06/2014,1173.24
23/06/2014,1184.95
20/06/2014,1188.43
19/06/2014,1184.03
18/06/2014,1183.13
17/06/2014,1176.62
16/06/2014,1166.82
13/06/2014,1162.68
12/06/2014,1159.4
11/06/2014,1166.71
10/06/2014,1172.71
09/06/2014,1175.88
06/06/2014,1165.21
05/06/2014,1153.94
04/06/2014,1131.22
03/06/2014,1126.15
02/06/2014,1128.9
30/05/2014,1134.5
29/05/2014,1140.07
28/05/2014,1136.68
27/05/2014,1142.2
23/05/2014,1126.19
22/05/2014,1113.87
21/05/2014,1103.63
20/05/2014,1097.9
19/05/2014,1114.43
16/05/2014,1102.91
15/05/2014,1095.99
14/05/2014,1103.14
13/05/2014,1121.16
12/05/2014,1133.65
09/05/2014,1107.22
08/05/2014,1097.43
07/05/2014,1108.55
06/05/2014,1108.01
05/05/2014,1126.3
02/05/2014,1128.8
01/05/2014,1125.97
30/04/2014,1126.86
29/04/2014,1120.83
28/04/2014,1117.06
25/04/2014,1123.03
24/04/2014,1144.35
23/04/2014,1147.08
22/04/2014,1155.61
21/04/2014,1142.31
17/04/2014,1137.9
16/04/2014,1131.77
15/04/2014,1119.49
14/04/2014,1115.35
11/04/2014,1111.44
10/04/2014,1127.66
09/04/2014,1159.96
08/04/2014,1144.24
07/04/2014,1135.78
04/04/2014,1153.38
03/04/2014,1181.12
02/04/2014,1192.81
01/04/2014,1188.7
31/03/2014,1173.04
28/03/2014,1151.81
27/03/2014,1151.44
26/03/2014,1155.49
25/03/2014,1178.05
24/03/2014,1178.23
21/03/2014,1193.73
20/03/2014,1198.97
19/03/2014,1195.66
18/03/2014,1205.04
17/03/2014,1188.23
14/03/2014,1181.41
13/03/2014,1176.74
12/03/2014,1191.37
11/03/2014,1187.05
10/03/2014,1200.54
07/03/2014,1203.32
06/03/2014,1204.54
05/03/2014,1205.91
04/03/2014,1208.65
03/03/2014,1176.36
28/02/2014,1183.03
27/02/2014,1187.94
26/02/2014,1181.72
25/02/2014,1173.95
24/02/2014,1174.55
21/02/2014,1164.63
20/02/2014,1162.12
19/02/2014,1149.07
18/02/2014,1161.48
14/02/2014,1149.21
13/02/2014,1147.79
12/02/2014,1132.54
11/02/2014,1129.16
10/02/2014,1118.73
07/02/2014,1116.55
06/02/2014,1103.93
05/02/2014,1093.59
04/02/2014,1102.84
03/02/2014,1094.58
31/01/2014,1130.88
30/01/2014,1139.36
29/01/2014,1122.45
28/01/2014,1138.24
27/01/2014,1127.73
24/01/2014,1144.13
23/01/2014,1172.4
22/01/2014,1181.29
21/01/2014,1175.72
17/01/2014,1168.43
16/01/2014,1173.13
15/01/2014,1171.35
14/01/2014,1163.43
13/01/2014,1148.09
10/01/2014,1164.53
09/01/2014,1158.35
08/01/2014,1157.46
07/01/2014,1157.63
06/01/2014,1147.16
03/01/2014,1156.09
02/01/2014,1150.72
31/12/2013,1163.64
30/12/2013,1160.59
27/12/2013,1161.09
26/12/2013,1162.65
24/12/2013,1161.8
23/12/2013,1157.22
20/12/2013,1146.47
19/12/2013,1125.45
18/12/2013,1133.72
17/12/2013,1118.89
16/12/2013,1119.85
13/12/2013,1107.05
12/12/2013,1103.27
11/12/2013,1101.5
10/12/2013,1119.69
09/12/2013,1129.46
06/12/2013,1131.38
05/12/2013,1122.47
04/12/2013,1121.38
03/12/2013,1123.78
02/12/2013,1129.12
29/11/2013,1142.89
27/11/2013,1141.33
26/11/2013,1134.53
25/11/2013,1124.72
22/11/2013,1124.92
21/11/2013,1119.62
20/11/2013,1099.79
19/11/2013,1101.38
18/11/2013,1107.29
15/11/2013,1116.2
14/11/2013,1111.44
13/11/2013,1112.18
12/11/2013,1101.47
11/11/2013,1101.5
08/11/2013,1099.97
07/11/2013,1079.09
06/11/2013,1098.63
05/11/2013,1103.59
04/11/2013,1108.28
01/11/2013,1095.67
31/10/2013,1100.15
30/10/2013,1105.5
29/10/2013,1121.07
28/10/2013,1117.97
25/10/2013,1118.34
24/10/2013,1118.85
23/10/2013,1110.93
22/10/2013,1115.63
21/10/2013,1112.48
18/10/2013,1114.77
17/10/2013,1102.27
16/10/2013,1092.42
15/10/2013,1079.62
14/10/2013,1090.3
11/10/2013,1084.31
10/10/2013,1069.5
09/10/2013,1043.46
08/10/2013,1047.26
07/10/2013,1065.79
04/10/2013,1078.25
03/10/2013,1070.9
02/10/2013,1082.55
01/10/2013,1087.43
30/09/2013,1073.79
27/09/2013,1074.19
26/09/2013,1078.41
25/09/2013,1073.51
24/09/2013,1074.68
23/09/2013,1072.13
20/09/2013,1072.83
19/09/2013,1075.27
18/09/2013,1076.97
17/09/2013,1066.39
16/09/2013,1056.25
13/09/2013,1053.98
12/09/2013,1048.48
11/09/2013,1055.34
10/09/2013,1055.72
09/09/2013,1046.08
06/09/2013,1029.55
05/09/2013,1028.69
04/09/2013,1025.58
03/09/2013,1016.26
30/08/2013,1010.9
29/08/2013,1026.94
28/08/2013,1016.5
27/08/2013,1013.49
26/08/2013,1038.47
23/08/2013,1038.24
22/08/2013,1036.2
21/08/2013,1021.58
20/08/2013,1028.57
19/08/2013,1013.25
16/08/2013,1024.3
15/08/2013,1027.61
14/08/2013,1047.8
13/08/2013,1051.99
12/08/2013,1053.67
09/08/2013,1048.4
08/08/2013,1049.47
07/08/2013,1044.34
06/08/2013,1052.14
05/08/2013,1063.01
02/08/2013,1059.86
01/08/2013,1059.88
31/07/2013,1045.26
30/07/2013,1043.51
29/07/2013,1040.66
26/07/2013,1048.51
25/07/2013,1054.18
24/07/2013,1043.83
23/07/2013,1052.2
22/07/2013,1053.41
19/07/2013,1050.48
18/07/2013,1050.27
17/07/2013,1042.53
16/07/2013,1038.75
15/07/2013,1043.3
12/07/2013,1036.52
11/07/2013,1033.18
10/07/2013,1020.42
09/07/2013,1018.05
08/07/2013,1009.25
05/07/2013,1005.39
03/07/2013,991.13
02/07/2013,989.47
01/07/2013,989.84
28/06/2013,977.48
27/06/2013,979.92
26/06/2013,963.83
25/06/2013,961.26
24/06/2013,951.05
21/06/2013,963.68
20/06/2013,960.52
19/06/2013,986.5
18/06/2013,999.99
17/06/2013,987.84
14/06/2013,981.38
13/06/2013,989.69
12/06/2013,972.31
11/06/2013,981.45
10/06/2013,992.67
07/06/2013,987.62
06/06/2013,979.46
05/06/2013,968.16
04/06/2013,981.97
03/06/2013,990.53
31/05/2013,984.15
30/05/2013,994.43
29/05/2013,986.96
28/05/2013,997.35
24/05/2013,984.28
23/05/2013,984.28
22/05/2013,982.26
21/05/2013,998.78
20/05/2013,997.98
17/05/2013,996.28
16/05/2013,985.34
15/05/2013,988.54
14/05/2013,985.96
13/05/2013,973.79
10/05/2013,975.16
09/05/2013,966.26
08/05/2013,970.41
07/05/2013,967.82
06/05/2013,959.8
03/05/2013,954.42
02/05/2013,939.85
01/05/2013,924.21
30/04/2013,947.46
29/04/2013,942.43
26/04/2013,935.25
25/04/2013,940.28
24/04/2013,934.11
23/04/2013,929.36
22/04/2013,914.8
19/04/2013,912.5
18/04/2013,901.51
17/04/2013,906.8
16/04/2013,923.3
15/04/2013,907.18
12/04/2013,942.85
11/04/2013,947.05
10/04/2013,946.09
09/04/2013,929.34
08/04/2013,931.49
05/04/2013,923.28
04/04/2013,925.66
03/04/2013,918.71
02/04/2013,934.3
01/04/2013,938.79
28/03/2013,951.54
27/03/2013,950.24
26/03/2013,949.82
25/03/2013,945.85
22/03/2013,946.27
21/03/2013,943.92
20/03/2013,951.95
19/03/2013,942.85
18/03/2013,947.2
15/03/2013,952.48
14/03/2013,953.07
13/03/2013,943.9
12/03/2013,940.26
11/03/2013,942.51
08/03/2013,942.5
07/03/2013,934.57
06/03/2013,929.96
05/03/2013,927.4
04/03/2013,916.68
01/03/2013,914.73
28/02/2013,911.11
27/02/2013,909.92
26/02/2013,900.05
25/02/2013,895.84
22/02/2013,916.15
21/02/2013,905.4
20/02/2013,913.5
19/02/2013,932.0
15/02/2013,923.15
14/02/2013,923.76
13/02/2013,920.58
12/02/2013,917.52
11/02/2013,913.03
08/02/2013,913.67
07/02/2013,908.1
06/02/2013,911.29
05/02/2013,908.22
04/02/2013,899.28
01/02/2013,911.2
31/01/2013,902.09
30/01/2013,896.91
29/01/2013,907.31
28/01/2013,906.71
25/01/2013,905.24
24/01/2013,900.19
23/01/2013,896.7
22/01/2013,899.24
18/01/2013,892.8
17/01/2013,890.36
16/01/2013,882.31
15/01/2013,884.6
14/01/2013,880.1
11/01/2013,880.77
10/01/2013,881.24
09/01/2013,879.51
08/01/2013,874.7
07/01/2013,875.8
04/01/2013,879.15
03/01/2013,872.6
02/01/2013,873.42
31/12/2012,849.35
28/12/2012,832.1
27/12/2012,837.4
26/12/2012,838.89
24/12/2012,844.74
21/12/2012,847.92
20/12/2012,852.49
19/12/2012,847.89
18/12/2012,847.69
17/12/2012,835.0
14/12/2012,823.75
13/12/2012,824.2
12/12/2012,829.39
11/12/2012,834.99
10/12/2012,826.26
07/12/2012,822.27
06/12/2012,821.79
05/12/2012,820.6
04/12/2012,822.12
03/12/2012,820.8
30/11/2012,821.92
29/11/2012,823.2
28/11/2012,813.5
27/11/2012,807.74
26/11/2012,809.02
23/11/2012,807.18
21/11/2012,798.38
20/11/2012,793.81
19/11/2012,793.06
16/11/2012,776.28
15/11/2012,769.48
14/11/2012,773.2
13/11/2012,789.01
12/11/2012,793.76
09/11/2012,795.02
08/11/2012,793.65
07/11/2012,804.52
06/11/2012,825.64
05/11/2012,819.54
02/11/2012,814.37
01/11/2012,827.85
31/10/2012,818.73
26/10/2012,813.25
25/10/2012,816.82
24/10/2012,813.65
23/10/2012,816.2
22/10/2012,820.52
19/10/2012,821.0
18/10/2012,837.12
17/10/2012,842.52
16/10/2012,835.44
15/10/2012,828.28
12/10/2012,823.09
11/10/2012,829.78
10/10/2012,826.75
09/10/2012,827.92
08/10/2012,838.41
05/10/2012,842.86
04/10/2012,844.65
03/10/2012,838.78
02/10/2012,840.51
01/10/2012,840.31
28/09/2012,837.45
27/09/2012,843.54
26/09/2012,833.93
25/09/2012,839.12
24/09/2012,851.76
21/09/2012,855.51
20/09/2012,851.51
19/09/2012,856.08
18/09/2012,856.93
17/09/2012,858.9
14/09/2012,864.7
13/09/2012,856.12
12/09/2012,845.12
11/09/2012,841.92
10/09/2012,839.37
07/09/2012,842.27
06/09/2012,837.95
05/09/2012,821.23
04/09/2012,822.14
31/08/2012,812.09
30/08/2012,808.64
29/08/2012,817.84
28/08/2012,814.28
27/08/2012,810.4
24/08/2012,809.19
23/08/2012,806.0
22/08/2012,812.56
21/08/2012,815.36
20/08/2012,816.51
17/08/2012,819.89
16/08/2012,813.08
15/08/2012,804.26
14/08/2012,796.88
13/08/2012,799.49
10/08/2012,801.55
09/08/2012,802.9
08/08/2012,800.16
07/08/2012,801.34
06/08/2012,794.35
03/08/2012,788.48
02/08/2012,768.6
01/08/2012,771.13
31/07/2012,786.94
30/07/2012,791.58
27/07/2012,796.0
26/07/2012,777.11
25/07/2012,769.31
24/07/2012,767.75
23/07/2012,778.9
20/07/2012,791.54
19/07/2012,802.17
18/07/2012,805.06
17/07/2012,799.45
16/07/2012,796.66
13/07/2012,800.99
12/07/2012,789.62
11/07/2012,792.26
10/07/2012,795.17
09/07/2012,804.8
06/07/2012,807.14
05/07/2012,817.43
03/07/2012,818.49
02/07/2012,807.94
29/06/2012,798.49
28/06/2012,775.89
27/06/2012,776.24
26/06/2012,765.02
25/06/2012,761.9
22/06/2012,775.16
21/06/2012,764.83
20/06/2012,784.05
19/06/2012,786.43
18/06/2012,772.53
15/06/2012,771.32
14/06/2012,762.34
13/06/2012,752.38
12/06/2012,761.53
11/06/2012,751.01
08/06/2012,769.19
07/06/2012,760.34
06/06/2012,765.17
05/06/2012,746.09
04/06/2012,737.24
01/06/2012,737.42
31/05/2012,761.82
30/05/2012,762.0
29/05/2012,777.16
25/05/2012,766.41
24/05/2012,766.57
23/05/2012,765.17
22/05/2012,759.63
21/05/2012,764.64
18/05/2012,747.21
17/05/2012,754.33
16/05/2012,772.11
15/05/2012,777.36
14/05/2012,778.95
11/05/2012,790.06
10/05/2012,791.75
09/05/2012,788.92
08/05/2012,793.06
07/05/2012,793.81
04/05/2012,791.84
03/05/2012,806.59
02/05/2012,818.6
01/05/2012,815.89
30/04/2012,816.88
27/04/2012,825.47
26/04/2012,818.33
25/04/2012,812.12
24/04/2012,798.05
23/04/2012,791.85
20/04/2012,804.05
19/04/2012,798.9
18/04/2012,803.32
17/04/2012,810.63
16/04/2012,798.08
13/04/2012,796.29
12/04/2012,808.59
11/04/2012,796.59
10/04/2012,784.15
09/04/2012,803.46
05/04/2012,818.18
04/04/2012,820.38
03/04/2012,834.8
02/04/2012,840.63
30/03/2012,830.3
29/03/2012,832.22
28/03/2012,834.45
27/03/2012,839.98
26/03/2012,846.13
23/03/2012,830.03
22/03/2012,821.44
21/03/2012,829.92
20/03/2012,829.24
19/03/2012,837.77
16/03/2012,830.18
15/03/2012,831.46
14/03/2012,823.4
13/03/2012,831.23
12/03/2012,814.29
09/03/2012,817.0
08/03/2012,806.34
07/03/2012,795.95
06/03/2012,787.09
05/03/2012,803.65
02/03/2012,802.42
01/03/2012,815.22
29/02/2012,810.94
28/02/2012,823.8
27/02/2012,826.66
24/02/2012,826.92
23/02/2012,829.23
22/02/2012,816.5
21/02/2012,823.2
17/02/2012,828.68
16/02/2012,829.96
15/02/2012,813.98
14/02/2012,820.65
13/02/2012,824.81
10/02/2012,813.33
09/02/2012,824.99
08/02/2012,828.39
07/02/2012,827.37
06/02/2012,828.37
03/02/2012,831.11
02/02/2012,812.89
01/02/2012,809.66
31/01/2012,792.82
30/01/2012,792.38
27/01/2012,798.85
26/01/2012,792.91
25/01/2012,795.58
24/01/2012,788.27
23/01/2012,783.05
20/01/2012,784.62
19/01/2012,782.37
18/01/2012,779.26
17/01/2012,765.53
13/01/2012,764.2
12/01/2012,770.49
11/01/2012,767.24
10/01/2012,764.75
09/01/2012,753.51
06/01/2012,749.71
05/01/2012,752.29
04/01/2012,747.28
03/01/2012,752.28
30/12/2011,740.92
29/12/2011,744.98
28/12/2011,735.21
27/12/2011,751.31
23/12/2011,747.98
22/12/2011,745.51
21/12/2011,740.45
20/12/2011,738.22
19/12/2011,708.56
16/12/2011,722.05
15/12/2011,716.01
14/12/2011,708.46
13/12/2011,718.06
12/12/2011,733.15
09/12/2011,745.4
08/12/2011,722.68
07/12/2011,746.14
06/12/2011,746.78
05/12/2011,747.03
02/12/2011,735.02
01/12/2011,730.75
30/11/2011,737.42
29/11/2011,696.1
28/11/2011,697.9
25/11/2011,666.16
23/11/2011,674.34
22/11/2011,696.26
21/11/2011,701.9
18/11/2011,719.42
17/11/2011,718.75
16/11/2011,729.86
15/11/2011,743.08
14/11/2011,732.89
11/11/2011,744.64
10/11/2011,725.48
09/11/2011,718.86
08/11/2011,755.27
07/11/2011,745.27
04/11/2011,746.49
03/11/2011,751.53
02/11/2011,733.26
01/11/2011,713.89
31/10/2011,741.06
28/10/2011,761.0
27/10/2011,765.43
26/10/2011,727.15
25/10/2011,713.65
24/10/2011,736.03
21/10/2011,712.42
20/10/2011,696.42
19/10/2011,694.37
18/10/2011,709.34
17/10/2011,688.6
14/10/2011,712.46
13/10/2011,698.82
12/10/2011,700.38
11/10/2011,688.97
10/10/2011,684.9
07/10/2011,656.21
06/10/2011,673.8
05/10/2011,658.11
04/10/2011,648.64
03/10/2011,609.49
30/09/2011,644.16
29/09/2011,662.8
28/09/2011,651.97
27/09/2011,680.23
26/09/2011,665.62
23/09/2011,652.43
22/09/2011,643.42
21/09/2011,664.58
20/09/2011,689.95
19/09/2011,702.23
16/09/2011,714.31
15/09/2011,713.51
14/09/2011,704.12
13/09/2011,691.74
12/09/2011,679.76
09/09/2011,673.96
08/09/2011,694.92
07/09/2011,709.47
06/09/2011,680.87
02/09/2011,683.36
01/09/2011,708.92
31/08/2011,726.81
30/08/2011,728.08
29/08/2011,724.65
26/08/2011,691.79
25/08/2011,674.42
24/08/2011,692.57
23/08/2011,683.07
22/08/2011,651.34
19/08/2011,651.7
18/08/2011,662.51
17/08/2011,704.03
16/08/2011,704.76
15/08/2011,718.63
12/08/2011,697.5
11/08/2011,695.89
10/08/2011,660.21
09/08/2011,696.16
08/08/2011,650.96
05/08/2011,714.63
04/08/2011,726.8
03/08/2011,772.78
02/08/2011,767.01
01/08/2011,792.85
29/07/2011,797.03
28/07/2011,799.34
27/07/2011,800.53
26/07/2011,824.83
25/07/2011,831.4
22/07/2011,841.82
21/07/2011,841.26
20/07/2011,832.34
19/07/2011,834.62
18/07/2011,815.97
15/07/2011,828.78
14/07/2011,823.32
13/07/2011,836.98
12/07/2011,829.77
11/07/2011,833.54
08/07/2011,852.57
07/07/2011,858.11
06/07/2011,845.23
05/07/2011,841.62
01/07/2011,840.04
30/06/2011,827.43
29/06/2011,819.92
28/06/2011,817.31
27/06/2011,805.14
24/06/2011,797.79
23/06/2011,802.68
22/06/2011,799.87
21/06/2011,806.37
20/06/2011,788.48
17/06/2011,781.75
16/06/2011,781.54
15/06/2011,779.46
14/06/2011,793.99
13/06/2011,777.2
10/06/2011,779.54
09/06/2011,792.64
08/06/2011,788.04
07/06/2011,797.55
06/06/2011,795.32
03/06/2011,808.13
02/06/2011,820.69
01/06/2011,821.4
31/05/2011,848.3
27/05/2011,836.26
26/05/2011,830.87
25/05/2011,820.87
24/05/2011,810.33
23/05/2011,814.04
20/05/2011,829.06
19/05/2011,835.16
18/05/2011,833.45
17/05/2011,820.36
16/05/2011,822.91
13/05/2011,835.67
12/05/2011,847.53
11/05/2011,840.66
10/05/2011,855.91
09/05/2011,842.8
06/05/2011,833.34
05/05/2011,829.24
04/05/2011,832.9
03/05/2011,843.77
02/05/2011,854.77
29/04/2011,865.29
28/04/2011,861.55
27/04/2011,858.31
26/04/2011,853.04
25/04/2011,844.23
21/04/2011,845.64
20/04/2011,839.45
19/04/2011,823.01
18/04/2011,821.51
15/04/2011,834.98
14/04/2011,827.47
13/04/2011,823.92
12/04/2011,822.27
11/04/2011,833.86
08/04/2011,840.89
07/04/2011,849.44
06/04/2011,854.17
05/04/2011,853.31
04/04/2011,849.36
01/04/2011,846.77
31/03/2011,843.55
30/03/2011,840.37
29/03/2011,829.49
28/03/2011,821.77
25/03/2011,823.85
24/03/2011,817.1
23/03/2011,811.24
22/03/2011,808.66
21/03/2011,813.02
18/03/2011,794.66
17/03/2011,785.52
16/03/2011,781.9
15/03/2011,791.33
14/03/2011,798.17
11/03/2011,802.83
10/03/2011,799.53
09/03/2011,821.19
08/03/2011,824.66
07/03/2011,812.25
04/03/2011,824.99
03/03/2011,828.89
02/03/2011,810.9
01/03/2011,807.08
28/02/2011,823.45
25/02/2011,821.95
24/02/2011,804.18
23/02/2011,799.65
22/02/2011,812.96
18/02/2011,834.82
17/02/2011,834.02
16/02/2011,828.37
15/02/2011,820.03
14/02/2011,825.9
11/02/2011,822.11
10/02/2011,812.7
09/02/2011,809.27
08/02/2011,813.69
07/02/2011,808.32
04/02/2011,800.11
03/02/2011,798.63
02/02/2011,796.16
01/02/2011,798.89
31/01/2011,781.25
28/01/2011,775.4
27/01/2011,795.43
26/01/2011,793.72
25/01/2011,779.96
24/01/2011,779.28
21/01/2011,773.18
20/01/2011,778.08
19/01/2011,786.89
18/01/2011,807.56
14/01/2011,807.57
13/01/2011,800.65
12/01/2011,801.36
11/01/2011,794.76
10/01/2011,791.58
07/01/2011,787.83
06/01/2011,791.42
05/01/2011,795.09
04/01/2011,785.83
03/01/2011,798.56
31/12/2010,783.65
30/12/2010,789.74
29/12/2010,790.26
28/12/2010,789.46
27/12/2010,792.35
23/12/2010,788.96
22/12/2010,790.59
21/12/2010,790.52
20/12/2010,782.3
17/12/2010,779.51
16/12/2010,776.56
15/12/2010,768.36
14/12/2010,771.66
13/12/2010,772.1
10/12/2010,776.83
09/12/2010,767.63
08/12/2010,764.04
07/12/2010,764.42
06/12/2010,760.86
03/12/2010,756.42
02/12/2010,751.2
01/12/2010,743.14
30/11/2010,727.01
29/11/2010,731.95
26/11/2010,732.73
24/11/2010,736.53
23/11/2010,719.93
22/11/2010,727.33
19/11/2010,724.36
18/11/2010,720.84
17/11/2010,707.77
16/11/2010,705.34
15/11/2010,719.94
12/11/2010,719.27
11/11/2010,731.58
10/11/2010,734.87
09/11/2010,725.98
08/11/2010,736.77
05/11/2010,736.59
04/11/2010,733.46
03/11/2010,715.14
02/11/2010,712.89
01/11/2010,698.56
29/10/2010,703.35
28/10/2010,701.03
27/10/2010,704.23
26/10/2010,706.93
25/10/2010,707.89
22/10/2010,703.43
21/10/2010,698.12
20/10/2010,702.11
19/10/2010,694.15
18/10/2010,710.13
15/10/2010,703.16
14/10/2010,704.69
13/10/2010,706.47
12/10/2010,696.04
11/10/2010,693.48
08/10/2010,693.82
07/10/2010,684.23
06/10/2010,685.33
05/10/2010,689.35
04/10/2010,669.45
01/10/2010,679.29
30/09/2010,676.14
29/09/2010,677.64
28/09/2010,675.43
27/09/2010,668.29
24/09/2010,671.01
23/09/2010,648.84
22/09/2010,656.71
21/09/2010,664.66
20/09/2010,669.98
17/09/2010,651.44
16/09/2010,647.81
15/09/2010,652.51
14/09/2010,649.23
13/09/2010,652.28
10/09/2010,636.46
09/09/2010,634.62
08/09/2010,634.25
07/09/2010,629.29
03/09/2010,643.36
02/09/2010,632.26
01/09/2010,624.99
31/08/2010,602.06
30/08/2010,601.72
27/08/2010,616.76
26/08/2010,599.76
25/08/2010,604.87
24/08/2010,595.59
23/08/2010,602.67
20/08/2010,610.78
19/08/2010,610.96
18/08/2010,628.04
17/08/2010,626.3
16/08/2010,615.1
13/08/2010,609.49
12/08/2010,616.98
11/08/2010,620.39
10/08/2010,646.36
09/08/2010,659.52
06/08/2010,650.68
05/08/2010,655.07
04/08/2010,662.96
03/08/2010,655.66
02/08/2010,661.86
30/07/2010,650.89
29/07/2010,650.43
28/07/2010,650.76
27/07/2010,662.17
26/07/2010,665.22
23/07/2010,650.65
22/07/2010,635.48
21/07/2010,612.64
20/07/2010,624.24
19/07/2010,613.08
16/07/2010,610.39
15/07/2010,634.62
14/07/2010,640.16
13/07/2010,642.82
12/07/2010,621.61
09/07/2010,629.43
08/07/2010,620.27
07/07/2010,611.66
06/07/2010,590.03
02/07/2010,598.97
01/07/2010,604.76
30/06/2010,609.49
29/06/2010,615.96
28/06/2010,641.54
25/06/2010,645.11
24/06/2010,633.17
23/06/2010,644.25
22/06/2010,645.91
21/06/2010,660.03
18/06/2010,666.92
17/06/2010,665.85
16/06/2010,666.13
15/06/2010,668.77
14/06/2010,652.27
11/06/2010,649.0
10/06/2010,639.79
09/06/2010,618.29
08/06/2010,617.69
07/06/2010,618.49
04/06/2010,633.97
03/06/2010,667.37
02/06/2010,660.52
01/06/2010,640.96
28/05/2010,661.61
27/05/2010,670.51
26/05/2010,642.62
25/05/2010,640.02
24/05/2010,641.21
21/05/2010,649.29
20/05/2010,640.04
19/05/2010,674.4
18/05/2010,682.75
17/05/2010,695.71
14/05/2010,693.98
13/05/2010,709.85
12/05/2010,716.11
11/05/2010,695.48
10/05/2010,689.61
07/05/2010,653.0
06/05/2010,672.23
05/05/2010,698.58
04/05/2010,709.7
03/05/2010,732.82
30/04/2010,716.6
29/04/2010,737.74
28/04/2010,722.39
27/04/2010,721.27
26/04/2010,738.86
23/04/2010,741.92
22/04/2010,734.31
21/04/2010,726.19
20/04/2010,721.55
19/04/2010,711.4
16/04/2010,714.62
15/04/2010,724.21
14/04/2010,722.4
13/04/2010,707.03
12/04/2010,705.06
09/04/2010,702.95
08/04/2010,699.64
07/04/2010,699.46
06/04/2010,701.48
05/04/2010,697.65
01/04/2010,683.98
31/03/2010,678.64
30/03/2010,683.94
29/03/2010,682.25
26/03/2010,678.97
25/03/2010,679.1
24/03/2010,683.68
23/03/2010,690.3
22/03/2010,682.91
19/03/2010,673.89
18/03/2010,681.61
17/03/2010,683.98
16/03/2010,679.58
15/03/2010,674.41
12/03/2010,676.59
11/03/2010,677.22
10/03/2010,674.93
09/03/2010,669.63
08/03/2010,667.11
05/03/2010,666.02
04/03/2010,652.47
03/03/2010,649.26
02/03/2010,648.31
01/03/2010,642.65
26/02/2010,628.56
25/02/2010,630.46
24/02/2010,630.43
23/02/2010,625.07
22/02/2010,632.25
19/02/2010,631.62
18/02/2010,629.32
17/02/2010,624.83
16/02/2010,620.84
12/02/2010,610.72
11/02/2010,605.46
10/02/2010,595.82
09/02/2010,595.17
08/02/2010,586.49
05/02/2010,592.98
04/02/2010,589.68
03/02/2010,610.66
02/02/2010,614.05
01/02/2010,609.25
29/01/2010,602.04
28/01/2010,607.93
27/01/2010,618.38
26/01/2010,612.16
25/01/2010,618.11
22/01/2010,617.12
21/01/2010,628.36
20/01/2010,639.61
19/01/2010,649.15
15/01/2010,637.96
14/01/2010,646.43
13/01/2010,643.56
12/01/2010,635.5
11/01/2010,643.99
08/01/2010,644.56
07/01/2010,641.97
06/01/2010,637.95
05/01/2010,638.49
04/01/2010,640.1
