date,DXY
24/11/2023,103.4
22/11/2023,103.92
21/11/2023,103.57
20/11/2023,103.47
19/11/2023,NaN
17/11/2023,103.82
16/11/2023,104.37
15/11/2023,104.39
14/11/2023,104.11
13/11/2023,105.66
12/11/2023,NaN
10/11/2023,105.86
09/11/2023,105.91
08/11/2023,105.59
07/11/2023,105.54
06/11/2023,105.22
04/11/2023,NaN
02/11/2023,105.02
01/11/2023,106.12
31/10/2023,106.88
30/10/2023,106.66
29/10/2023,106.12
28/10/2023,NaN
26/10/2023,106.56
25/10/2023,106.6
24/10/2023,106.53
23/10/2023,106.27
22/10/2023,105.54
21/10/2023,NaN
19/10/2023,106.16
18/10/2023,106.25
17/10/2023,106.57
16/10/2023,106.25
15/10/2023,106.24
14/10/2023,NaN
12/10/2023,106.65
11/10/2023,106.57
10/10/2023,105.82
09/10/2023,105.83
08/10/2023,106.08
07/10/2023,NaN
05/10/2023,106.04
04/10/2023,106.33
03/10/2023,106.8
02/10/2023,107.0
01/10/2023,106.9
30/09/2023,NaN
28/09/2023,106.17
27/09/2023,106.22
26/09/2023,106.67
25/09/2023,106.23
24/09/2023,106.0
23/09/2023,NaN
21/09/2023,105.58
20/09/2023,105.36
19/09/2023,105.16
18/09/2023,105.2
17/09/2023,105.2
16/09/2023,NaN
14/09/2023,105.32
13/09/2023,105.41
12/09/2023,104.77
11/09/2023,104.71
10/09/2023,104.57
09/09/2023,NaN
07/09/2023,105.09
06/09/2023,105.06
05/09/2023,104.86
04/09/2023,104.81
02/09/2023,NaN
31/08/2023,104.24
30/08/2023,103.62
29/08/2023,103.16
28/08/2023,103.55
27/08/2023,104.06
26/08/2023,NaN
24/08/2023,104.08
23/08/2023,103.98
22/08/2023,103.36
21/08/2023,103.56
20/08/2023,103.33
19/08/2023,NaN
17/08/2023,103.38
16/08/2023,103.44
15/08/2023,103.42
14/08/2023,103.21
13/08/2023,103.19
12/08/2023,NaN
10/08/2023,102.84
09/08/2023,102.52
08/08/2023,102.49
07/08/2023,102.53
06/08/2023,102.05
05/08/2023,NaN
03/08/2023,102.02
02/08/2023,102.54
01/08/2023,102.59
31/07/2023,102.3
30/07/2023,101.86
29/07/2023,NaN
27/07/2023,101.62
26/07/2023,101.77
25/07/2023,100.89
24/07/2023,101.35
23/07/2023,101.35
22/07/2023,NaN
20/07/2023,101.07
19/07/2023,100.88
18/07/2023,100.28
17/07/2023,99.94
16/07/2023,99.84
15/07/2023,NaN
13/07/2023,99.91
12/07/2023,99.77
11/07/2023,100.52
10/07/2023,101.73
09/07/2023,101.97
08/07/2023,NaN
06/07/2023,102.27
05/07/2023,103.17
04/07/2023,103.37
03/07/2023,102.99
01/07/2023,NaN
29/06/2023,102.91
28/06/2023,103.34
27/06/2023,102.91
26/06/2023,102.49
25/06/2023,102.69
24/06/2023,NaN
22/06/2023,102.9
21/06/2023,102.39
20/06/2023,102.07
19/06/2023,102.54
17/06/2023,NaN
15/06/2023,102.3
14/06/2023,102.12
13/06/2023,103.01
12/06/2023,103.34
11/06/2023,103.63
10/06/2023,NaN
08/06/2023,103.56
07/06/2023,103.34
06/06/2023,104.1
05/06/2023,104.13
04/06/2023,104.0
03/06/2023,NaN
01/06/2023,104.02
31/05/2023,103.56
30/05/2023,104.32
29/05/2023,104.17
27/05/2023,NaN
25/05/2023,104.21
24/05/2023,104.21
23/05/2023,103.89
22/05/2023,103.49
21/05/2023,103.2
20/05/2023,NaN
18/05/2023,103.2
17/05/2023,103.58
16/05/2023,102.88
15/05/2023,102.56
14/05/2023,102.43
13/05/2023,NaN
11/05/2023,102.68
10/05/2023,102.06
09/05/2023,101.48
08/05/2023,101.61
07/05/2023,101.37
06/05/2023,NaN
04/05/2023,101.21
03/05/2023,101.4
02/05/2023,101.34
01/05/2023,101.96
30/04/2023,102.15
29/04/2023,NaN
27/04/2023,101.67
26/04/2023,101.5
25/04/2023,101.47
24/04/2023,101.86
23/04/2023,101.35
22/04/2023,NaN
20/04/2023,101.82
19/04/2023,101.84
18/04/2023,101.97
17/04/2023,101.75
16/04/2023,102.1
15/04/2023,NaN
13/04/2023,101.55
12/04/2023,101.01
11/04/2023,101.5
10/04/2023,102.2
09/04/2023,102.58
08/04/2023,NaN
05/04/2023,101.82
04/04/2023,101.85
03/04/2023,101.59
02/04/2023,102.09
01/04/2023,NaN
30/03/2023,102.51
29/03/2023,102.14
28/03/2023,102.64
27/03/2023,102.43
26/03/2023,102.86
25/03/2023,NaN
23/03/2023,103.12
22/03/2023,102.53
21/03/2023,102.35
20/03/2023,103.26
19/03/2023,103.28
18/03/2023,NaN
16/03/2023,103.71
15/03/2023,104.42
14/03/2023,104.65
13/03/2023,103.6
12/03/2023,103.6
12/03/2023,NaN
10/03/2023,104.58
09/03/2023,105.31
08/03/2023,105.66
07/03/2023,105.62
06/03/2023,104.35
05/03/2023,NaN
03/03/2023,104.52
02/03/2023,105.03
01/03/2023,104.48
28/02/2023,104.87
27/02/2023,104.67
26/02/2023,NaN
24/02/2023,105.21
23/02/2023,104.6
22/02/2023,104.59
21/02/2023,104.18
19/02/2023,NaN
17/02/2023,103.86
16/02/2023,103.86
15/02/2023,103.92
14/02/2023,103.23
13/02/2023,103.35
12/02/2023,NaN
10/02/2023,103.63
09/02/2023,103.22
08/02/2023,103.41
07/02/2023,103.43
06/02/2023,103.62
05/02/2023,NaN
03/02/2023,102.92
02/02/2023,101.75
01/02/2023,101.22
31/01/2023,102.1
30/01/2023,102.28
29/01/2023,NaN
27/01/2023,101.93
26/01/2023,101.84
25/01/2023,101.64
24/01/2023,101.92
23/01/2023,102.14
22/01/2023,NaN
20/01/2023,102.01
19/01/2023,102.06
18/01/2023,102.36
17/01/2023,102.39
15/01/2023,NaN
13/01/2023,102.2
12/01/2023,102.25
11/01/2023,103.19
10/01/2023,103.24
09/01/2023,103.0
08/01/2023,NaN
06/01/2023,103.88
05/01/2023,105.04
04/01/2023,104.25
03/01/2023,104.52
01/01/2023,NaN
30/12/2022,103.52
29/12/2022,103.84
28/12/2022,104.46
27/12/2022,104.18
25/12/2022,NaN
23/12/2022,104.31
22/12/2022,104.43
21/12/2022,104.16
20/12/2022,103.97
19/12/2022,104.72
18/12/2022,NaN
16/12/2022,104.7
15/12/2022,104.56
14/12/2022,103.77
13/12/2022,103.98
12/12/2022,105.13
11/12/2022,NaN
09/12/2022,104.81
08/12/2022,104.77
07/12/2022,105.1
06/12/2022,105.58
05/12/2022,105.29
04/12/2022,NaN
02/12/2022,104.55
01/12/2022,104.73
30/11/2022,105.95
29/11/2022,106.82
28/11/2022,106.68
27/11/2022,NaN
25/11/2022,105.96
23/11/2022,106.08
22/11/2022,107.22
21/11/2022,107.84
20/11/2022,NaN
18/11/2022,106.93
17/11/2022,106.69
16/11/2022,106.28
15/11/2022,106.4
14/11/2022,106.66
13/11/2022,NaN
11/11/2022,106.29
10/11/2022,108.21
09/11/2022,110.55
08/11/2022,109.62
07/11/2022,110.12
05/11/2022,NaN
03/11/2022,110.88
02/11/2022,112.93
01/11/2022,111.35
31/10/2022,111.48
30/10/2022,111.53
29/10/2022,NaN
27/10/2022,110.67
26/10/2022,110.59
25/10/2022,109.7
24/10/2022,110.95
23/10/2022,111.99
22/10/2022,NaN
20/10/2022,112.01
19/10/2022,112.88
18/10/2022,112.98
17/10/2022,112.13
16/10/2022,112.04
15/10/2022,NaN
13/10/2022,113.31
12/10/2022,112.36
11/10/2022,113.32
10/10/2022,113.22
09/10/2022,113.14
08/10/2022,NaN
06/10/2022,112.8
05/10/2022,112.26
04/10/2022,111.07
03/10/2022,110.07
02/10/2022,111.75
01/10/2022,NaN
29/09/2022,112.12
28/09/2022,112.25
27/09/2022,112.6
26/09/2022,114.11
25/09/2022,114.1
24/09/2022,NaN
22/09/2022,113.19
21/09/2022,111.35
20/09/2022,110.64
19/09/2022,110.22
18/09/2022,109.74
17/09/2022,NaN
15/09/2022,109.76
14/09/2022,109.74
13/09/2022,109.66
12/09/2022,109.82
11/09/2022,108.33
10/09/2022,NaN
08/09/2022,109.0
07/09/2022,109.71
06/09/2022,109.84
05/09/2022,110.21
03/09/2022,NaN
01/09/2022,109.53
31/08/2022,109.69
30/08/2022,108.7
29/08/2022,108.77
28/08/2022,108.84
27/08/2022,NaN
25/08/2022,108.8
24/08/2022,108.47
23/08/2022,108.68
22/08/2022,108.62
21/08/2022,109.05
20/08/2022,NaN
18/08/2022,108.17
17/08/2022,107.48
16/08/2022,106.57
15/08/2022,106.5
14/08/2022,106.55
13/08/2022,NaN
11/08/2022,105.63
10/08/2022,105.09
09/08/2022,105.2
08/08/2022,106.37
07/08/2022,106.44
06/08/2022,NaN
04/08/2022,106.62
03/08/2022,105.69
02/08/2022,106.51
01/08/2022,106.24
31/07/2022,105.45
30/07/2022,NaN
28/07/2022,105.9
27/07/2022,106.35
26/07/2022,106.45
25/07/2022,107.19
24/07/2022,106.48
23/07/2022,NaN
21/07/2022,106.73
20/07/2022,106.91
19/07/2022,107.08
18/07/2022,106.68
17/07/2022,107.37
16/07/2022,NaN
14/07/2022,108.06
13/07/2022,108.54
12/07/2022,107.96
11/07/2022,108.07
10/07/2022,108.02
09/07/2022,NaN
07/07/2022,107.01
06/07/2022,107.13
05/07/2022,107.1
04/07/2022,106.5
02/07/2022,NaN
30/06/2022,105.14
29/06/2022,104.69
28/06/2022,105.11
27/06/2022,104.51
26/06/2022,103.94
25/06/2022,NaN
23/06/2022,104.19
22/06/2022,104.43
21/06/2022,104.2
20/06/2022,104.44
18/06/2022,NaN
16/06/2022,104.7
15/06/2022,103.63
14/06/2022,105.16
13/06/2022,105.52
12/06/2022,105.08
11/06/2022,NaN
09/06/2022,104.15
08/06/2022,103.22
07/06/2022,102.54
06/06/2022,102.32
05/06/2022,102.44
04/06/2022,NaN
02/06/2022,102.14
01/06/2022,101.77
31/05/2022,102.55
30/05/2022,101.75
28/05/2022,NaN
26/05/2022,101.67
25/05/2022,101.83
24/05/2022,102.06
23/05/2022,101.86
22/05/2022,102.08
21/05/2022,NaN
19/05/2022,103.15
18/05/2022,102.72
17/05/2022,103.81
16/05/2022,103.36
15/05/2022,104.19
14/05/2022,NaN
12/05/2022,104.56
11/05/2022,104.85
10/05/2022,103.85
09/05/2022,103.92
08/05/2022,103.65
07/05/2022,NaN
05/05/2022,103.66
04/05/2022,103.75
03/05/2022,102.59
02/05/2022,103.47
01/05/2022,103.74
30/04/2022,NaN
28/04/2022,102.96
27/04/2022,103.62
26/04/2022,102.95
25/04/2022,102.3
24/04/2022,101.75
23/04/2022,NaN
21/04/2022,101.22
20/04/2022,100.58
19/04/2022,100.39
18/04/2022,100.96
17/04/2022,100.78
16/04/2022,NaN
13/04/2022,100.32
12/04/2022,99.88
11/04/2022,100.29
10/04/2022,99.93
09/04/2022,NaN
07/04/2022,99.8
06/04/2022,99.75
05/04/2022,99.6
04/04/2022,99.47
03/04/2022,98.99
02/04/2022,NaN
31/03/2022,98.63
30/03/2022,98.31
29/03/2022,97.79
28/03/2022,98.4
27/03/2022,99.09
26/03/2022,NaN
24/03/2022,98.81
23/03/2022,98.79
22/03/2022,98.62
21/03/2022,98.49
20/03/2022,98.5
19/03/2022,NaN
17/03/2022,98.23
16/03/2022,98.01
15/03/2022,98.38
14/03/2022,99.07
13/03/2022,99.06
13/03/2022,NaN
11/03/2022,99.12
10/03/2022,98.51
09/03/2022,97.97
08/03/2022,99.06
07/03/2022,99.29
06/03/2022,NaN
04/03/2022,98.65
03/03/2022,97.79
02/03/2022,97.39
01/03/2022,97.41
28/02/2022,96.71
27/02/2022,NaN
25/02/2022,96.62
24/02/2022,97.14
23/02/2022,96.19
22/02/2022,96.03
20/02/2022,NaN
18/02/2022,96.04
17/02/2022,95.8
16/02/2022,95.7
15/02/2022,95.99
14/02/2022,96.37
13/02/2022,NaN
11/02/2022,96.08
10/02/2022,95.55
09/02/2022,95.49
08/02/2022,95.64
07/02/2022,95.4
06/02/2022,NaN
04/02/2022,95.48
03/02/2022,95.38
02/02/2022,95.94
01/02/2022,96.39
31/01/2022,96.54
30/01/2022,NaN
28/01/2022,97.27
27/01/2022,97.26
26/01/2022,96.49
25/01/2022,95.95
24/01/2022,95.92
23/01/2022,NaN
21/01/2022,95.64
20/01/2022,95.74
19/01/2022,95.51
18/01/2022,95.73
16/01/2022,NaN
14/01/2022,95.17
13/01/2022,94.79
12/01/2022,95.0
11/01/2022,95.62
10/01/2022,95.99
09/01/2022,NaN
07/01/2022,95.74
06/01/2022,96.25
05/01/2022,96.19
04/01/2022,96.29
03/01/2022,96.24
02/01/2022,NaN
31/12/2021,95.67
30/12/2021,95.97
29/12/2021,95.93
28/12/2021,96.2
27/12/2021,96.09
26/12/2021,NaN
23/12/2021,96.02
22/12/2021,96.08
21/12/2021,96.49
20/12/2021,96.55
19/12/2021,NaN
17/12/2021,96.57
16/12/2021,96.04
15/12/2021,96.51
14/12/2021,96.57
13/12/2021,96.32
12/12/2021,NaN
10/12/2021,96.05
09/12/2021,96.27
08/12/2021,95.89
07/12/2021,96.37
06/12/2021,96.29
05/12/2021,NaN
03/12/2021,96.12
02/12/2021,96.13
01/12/2021,96.05
30/11/2021,95.99
29/11/2021,96.34
28/11/2021,NaN
26/11/2021,96.09
24/11/2021,96.84
23/11/2021,96.49
22/11/2021,96.5
21/11/2021,NaN
19/11/2021,96.07
18/11/2021,95.54
17/11/2021,95.83
16/11/2021,95.92
15/11/2021,95.41
14/11/2021,NaN
12/11/2021,95.13
11/11/2021,95.18
10/11/2021,94.85
09/11/2021,93.96
08/11/2021,94.05
06/11/2021,NaN
04/11/2021,94.32
03/11/2021,94.35
02/11/2021,93.86
01/11/2021,94.09
31/10/2021,93.88
30/10/2021,NaN
28/10/2021,94.12
27/10/2021,93.35
26/10/2021,93.86
25/10/2021,93.95
24/10/2021,93.81
23/10/2021,NaN
21/10/2021,93.61
20/10/2021,93.77
19/10/2021,93.56
18/10/2021,93.79
17/10/2021,93.95
16/10/2021,NaN
14/10/2021,93.94
13/10/2021,93.96
12/10/2021,94.08
11/10/2021,94.52
10/10/2021,94.32
09/10/2021,NaN
07/10/2021,94.07
06/10/2021,94.22
05/10/2021,94.27
04/10/2021,93.98
03/10/2021,93.81
02/10/2021,NaN
30/09/2021,94.04
29/09/2021,94.25
28/09/2021,94.34
27/09/2021,93.77
26/09/2021,93.38
25/09/2021,NaN
23/09/2021,93.33
22/09/2021,93.1
21/09/2021,93.46
20/09/2021,93.2
19/09/2021,93.24
18/09/2021,NaN
16/09/2021,93.2
15/09/2021,92.86
14/09/2021,92.49
13/09/2021,92.65
12/09/2021,92.62
11/09/2021,NaN
09/09/2021,92.58
08/09/2021,92.48
07/09/2021,92.65
06/09/2021,92.52
04/09/2021,NaN
02/09/2021,92.04
01/09/2021,92.23
31/08/2021,92.45
30/08/2021,92.63
29/08/2021,92.65
28/08/2021,NaN
26/08/2021,92.69
25/08/2021,93.06
24/08/2021,92.83
23/08/2021,92.89
22/08/2021,92.96
21/08/2021,NaN
19/08/2021,93.5
18/08/2021,93.57
17/08/2021,93.14
16/08/2021,93.13
15/08/2021,92.63
14/08/2021,NaN
12/08/2021,92.52
11/08/2021,93.04
10/08/2021,92.91
09/08/2021,93.06
08/08/2021,92.95
07/08/2021,NaN
05/08/2021,92.8
04/08/2021,92.24
03/08/2021,92.27
02/08/2021,92.08
01/08/2021,92.05
31/07/2021,NaN
29/07/2021,92.17
28/07/2021,91.86
27/07/2021,92.32
26/07/2021,92.43
25/07/2021,92.65
24/07/2021,NaN
22/07/2021,92.91
21/07/2021,92.82
20/07/2021,92.75
19/07/2021,92.97
18/07/2021,92.89
17/07/2021,NaN
15/07/2021,92.69
14/07/2021,92.62
13/07/2021,92.41
12/07/2021,92.75
11/07/2021,92.23
10/07/2021,NaN
08/07/2021,92.13
07/07/2021,92.36
06/07/2021,92.64
05/07/2021,92.55
03/07/2021,NaN
01/07/2021,92.23
30/06/2021,92.6
29/06/2021,92.44
28/06/2021,92.05
27/06/2021,91.88
26/06/2021,NaN
24/06/2021,91.81
23/06/2021,91.82
22/06/2021,91.8
21/06/2021,91.73
20/06/2021,91.86
19/06/2021,NaN
17/06/2021,92.23
16/06/2021,91.89
15/06/2021,91.13
14/06/2021,90.54
13/06/2021,90.52
12/06/2021,NaN
10/06/2021,90.56
09/06/2021,90.08
08/06/2021,90.12
07/06/2021,90.08
06/06/2021,89.95
05/06/2021,NaN
03/06/2021,90.14
02/06/2021,90.5
01/06/2021,89.9
31/05/2021,89.83
29/05/2021,NaN
27/05/2021,90.03
26/05/2021,89.97
25/05/2021,90.04
24/05/2021,89.64
23/05/2021,89.83
22/05/2021,NaN
20/05/2021,90.02
19/05/2021,89.81
18/05/2021,90.19
17/05/2021,89.75
16/05/2021,90.22
15/05/2021,NaN
13/05/2021,90.32
12/05/2021,90.75
11/05/2021,90.71
10/05/2021,90.14
09/05/2021,90.21
08/05/2021,NaN
06/05/2021,90.23
05/05/2021,90.95
04/05/2021,91.31
03/05/2021,91.29
02/05/2021,90.95
01/05/2021,NaN
29/04/2021,91.28
28/04/2021,90.61
27/04/2021,90.61
26/04/2021,90.91
25/04/2021,90.81
24/04/2021,NaN
22/04/2021,90.86
21/04/2021,91.33
20/04/2021,91.16
19/04/2021,91.24
18/04/2021,91.07
17/04/2021,NaN
15/04/2021,91.56
14/04/2021,91.67
13/04/2021,91.69
12/04/2021,91.85
11/04/2021,92.14
10/04/2021,NaN
08/04/2021,92.16
07/04/2021,92.06
06/04/2021,92.46
05/04/2021,92.34
04/04/2021,92.6
03/04/2021,NaN
31/03/2021,92.93
30/03/2021,93.23
29/03/2021,93.3
28/03/2021,92.94
27/03/2021,NaN
25/03/2021,92.77
24/03/2021,92.88
23/03/2021,92.53
22/03/2021,92.34
21/03/2021,91.8
20/03/2021,NaN
18/03/2021,91.92
17/03/2021,91.85
16/03/2021,91.4
15/03/2021,91.87
14/03/2021,91.83
14/03/2021,NaN
12/03/2021,91.68
11/03/2021,91.42
10/03/2021,91.79
09/03/2021,91.96
08/03/2021,92.31
07/03/2021,NaN
05/03/2021,91.98
04/03/2021,91.63
03/03/2021,90.95
02/03/2021,90.79
01/03/2021,91.04
28/02/2021,NaN
26/02/2021,90.93
25/02/2021,90.13
24/02/2021,90.18
23/02/2021,90.17
22/02/2021,90.01
21/02/2021,NaN
19/02/2021,90.36
18/02/2021,90.59
17/02/2021,90.95
16/02/2021,90.51
14/02/2021,NaN
12/02/2021,90.48
11/02/2021,90.42
10/02/2021,90.37
09/02/2021,90.44
08/02/2021,90.93
07/02/2021,NaN
05/02/2021,91.04
04/02/2021,91.53
03/02/2021,91.12
02/02/2021,91.2
01/02/2021,91.02
31/01/2021,NaN
29/01/2021,90.58
28/01/2021,90.46
27/01/2021,90.65
26/01/2021,90.17
25/01/2021,90.39
24/01/2021,NaN
22/01/2021,90.24
21/01/2021,90.13
20/01/2021,90.47
19/01/2021,90.5
17/01/2021,NaN
15/01/2021,90.78
14/01/2021,90.24
13/01/2021,90.32
12/01/2021,90.05
11/01/2021,90.54
10/01/2021,NaN
08/01/2021,90.1
07/01/2021,89.83
06/01/2021,89.53
05/01/2021,89.44
04/01/2021,89.88
03/01/2021,NaN
31/12/2020,89.94
30/12/2020,89.63
29/12/2020,90.01
28/12/2020,90.34
27/12/2020,NaN
24/12/2020,90.33
23/12/2020,90.41
22/12/2020,90.65
21/12/2020,90.04
20/12/2020,NaN
18/12/2020,90.02
17/12/2020,89.82
16/12/2020,90.45
15/12/2020,90.47
14/12/2020,90.71
13/12/2020,NaN
11/12/2020,90.98
10/12/2020,90.79
09/12/2020,91.09
08/12/2020,90.97
07/12/2020,90.79
06/12/2020,NaN
04/12/2020,90.7
03/12/2020,90.71
02/12/2020,91.12
01/12/2020,91.31
30/11/2020,91.87
29/11/2020,NaN
27/11/2020,91.79
25/11/2020,91.99
24/11/2020,92.23
23/11/2020,92.51
22/11/2020,NaN
20/11/2020,92.39
19/11/2020,92.29
18/11/2020,92.32
17/11/2020,92.42
16/11/2020,92.57
15/11/2020,NaN
13/11/2020,92.76
12/11/2020,92.96
11/11/2020,93.04
10/11/2020,92.75
09/11/2020,92.73
08/11/2020,NaN
06/11/2020,92.23
05/11/2020,92.53
04/11/2020,93.41
03/11/2020,93.55
02/11/2020,94.05
31/10/2020,NaN
29/10/2020,94.04
28/10/2020,93.96
27/10/2020,93.41
26/10/2020,92.94
25/10/2020,93.05
24/10/2020,NaN
22/10/2020,92.77
21/10/2020,92.95
20/10/2020,92.61
19/10/2020,93.07
18/10/2020,93.43
17/10/2020,NaN
15/10/2020,93.68
14/10/2020,93.86
13/10/2020,93.38
12/10/2020,93.53
11/10/2020,93.07
10/10/2020,NaN
08/10/2020,93.06
07/10/2020,93.61
06/10/2020,93.63
05/10/2020,93.83
04/10/2020,93.51
03/10/2020,NaN
01/10/2020,93.84
30/09/2020,93.71
29/09/2020,93.89
28/09/2020,93.89
27/09/2020,94.26
26/09/2020,NaN
24/09/2020,94.58
23/09/2020,94.35
22/09/2020,94.39
21/09/2020,93.99
20/09/2020,93.54
19/09/2020,NaN
17/09/2020,92.93
16/09/2020,92.97
15/09/2020,93.21
14/09/2020,93.05
13/09/2020,93.07
12/09/2020,NaN
10/09/2020,93.33
09/09/2020,93.34
08/09/2020,93.26
07/09/2020,93.48
05/09/2020,NaN
03/09/2020,92.72
02/09/2020,92.74
01/09/2020,92.85
31/08/2020,92.34
30/08/2020,92.14
29/08/2020,NaN
27/08/2020,92.37
26/08/2020,93.01
25/08/2020,93.01
24/08/2020,93.02
23/08/2020,93.3
22/08/2020,NaN
20/08/2020,93.25
19/08/2020,92.79
18/08/2020,92.89
17/08/2020,92.27
16/08/2020,92.85
15/08/2020,NaN
13/08/2020,93.1
12/08/2020,93.34
11/08/2020,93.44
10/08/2020,93.63
09/08/2020,93.58
08/08/2020,NaN
06/08/2020,93.44
05/08/2020,92.79
04/08/2020,92.83
03/08/2020,93.38
02/08/2020,93.5
01/08/2020,NaN
30/07/2020,93.49
29/07/2020,93.02
28/07/2020,93.26
27/07/2020,93.76
26/07/2020,93.67
25/07/2020,NaN
23/07/2020,94.44
22/07/2020,94.69
21/07/2020,94.97
20/07/2020,95.12
19/07/2020,95.83
18/07/2020,NaN
16/07/2020,95.94
15/07/2020,96.35
14/07/2020,96.08
13/07/2020,96.26
12/07/2020,96.46
11/07/2020,NaN
09/07/2020,96.65
08/07/2020,96.7
07/07/2020,96.43
06/07/2020,96.88
05/07/2020,96.79
04/07/2020,NaN
01/07/2020,97.32
30/06/2020,97.2
29/06/2020,97.39
28/06/2020,97.54
27/06/2020,NaN
25/06/2020,97.5
24/06/2020,97.43
23/06/2020,97.15
22/06/2020,96.69
21/06/2020,97.04
20/06/2020,NaN
18/06/2020,97.62
17/06/2020,97.42
16/06/2020,97.16
15/06/2020,96.96
14/06/2020,96.68
13/06/2020,NaN
11/06/2020,97.32
10/06/2020,96.73
09/06/2020,95.96
08/06/2020,96.32
07/06/2020,96.62
06/06/2020,NaN
04/06/2020,96.94
03/06/2020,96.68
02/06/2020,97.28
01/06/2020,97.67
31/05/2020,97.83
30/05/2020,NaN
28/05/2020,98.34
27/05/2020,98.38
26/05/2020,99.06
25/05/2020,98.91
23/05/2020,NaN
21/05/2020,99.86
20/05/2020,99.37
19/05/2020,99.12
18/05/2020,99.37
17/05/2020,99.67
16/05/2020,NaN
14/05/2020,100.4
13/05/2020,100.47
12/05/2020,100.24
11/05/2020,99.93
10/05/2020,100.24
09/05/2020,NaN
07/05/2020,99.73
06/05/2020,99.89
05/05/2020,100.09
04/05/2020,99.71
03/05/2020,99.48
02/05/2020,NaN
30/04/2020,98.8
29/04/2020,99.02
28/04/2020,99.57
27/04/2020,99.87
26/04/2020,100.04
25/04/2020,NaN
23/04/2020,100.38
22/04/2020,100.43
21/04/2020,100.39
20/04/2020,100.26
19/04/2020,99.96
18/04/2020,NaN
16/04/2020,99.78
15/04/2020,100.03
14/04/2020,99.46
13/04/2020,98.89
12/04/2020,99.35
11/04/2020,NaN
08/04/2020,99.52
07/04/2020,100.12
06/04/2020,99.98
05/04/2020,100.69
04/04/2020,NaN
02/04/2020,100.58
01/04/2020,100.18
31/03/2020,99.67
30/03/2020,99.05
29/03/2020,99.18
28/03/2020,NaN
26/03/2020,98.37
25/03/2020,99.42
24/03/2020,101.05
23/03/2020,101.74
22/03/2020,102.49
21/03/2020,NaN
19/03/2020,102.82
18/03/2020,102.76
17/03/2020,101.16
16/03/2020,99.58
15/03/2020,98.09
14/03/2020,NaN
12/03/2020,98.75
11/03/2020,97.47
10/03/2020,96.51
09/03/2020,96.41
08/03/2020,94.9
08/03/2020,NaN
06/03/2020,95.95
05/03/2020,96.82
04/03/2020,97.34
03/03/2020,97.15
02/03/2020,97.36
01/03/2020,NaN
28/02/2020,98.13
27/02/2020,98.44
26/02/2020,99.0
25/02/2020,98.97
24/02/2020,99.29
23/02/2020,NaN
21/02/2020,99.26
20/02/2020,99.87
19/02/2020,99.6
18/02/2020,99.46
16/02/2020,NaN
14/02/2020,99.12
13/02/2020,99.07
12/02/2020,99.05
11/02/2020,98.72
10/02/2020,98.83
09/02/2020,NaN
07/02/2020,98.68
06/02/2020,98.5
05/02/2020,98.27
04/02/2020,97.96
03/02/2020,97.8
02/02/2020,NaN
31/01/2020,97.39
30/01/2020,97.87
29/01/2020,97.99
28/01/2020,98.02
27/01/2020,97.96
26/01/2020,NaN
24/01/2020,97.85
23/01/2020,97.69
22/01/2020,97.53
21/01/2020,97.53
19/01/2020,NaN
17/01/2020,97.61
16/01/2020,97.32
15/01/2020,97.23
14/01/2020,97.37
13/01/2020,97.35
12/01/2020,NaN
10/01/2020,97.36
09/01/2020,97.45
08/01/2020,97.3
07/01/2020,96.98
06/01/2020,96.67
05/01/2020,NaN
03/01/2020,96.84
02/01/2020,96.85
31/12/2019,96.39
30/12/2019,96.74
29/12/2019,NaN
27/12/2019,96.92
26/12/2019,97.59
24/12/2019,97.65
23/12/2019,97.66
22/12/2019,NaN
20/12/2019,97.71
19/12/2019,97.42
18/12/2019,97.41
17/12/2019,97.21
16/12/2019,97.07
15/12/2019,NaN
13/12/2019,97.17
12/12/2019,97.4
11/12/2019,97.16
10/12/2019,97.41
09/12/2019,97.64
08/12/2019,NaN
06/12/2019,97.7
05/12/2019,97.41
04/12/2019,97.65
03/12/2019,97.74
02/12/2019,97.86
01/12/2019,NaN
29/11/2019,98.27
27/11/2019,98.41
26/11/2019,98.25
25/11/2019,98.32
24/11/2019,NaN
22/11/2019,98.27
21/11/2019,97.99
20/11/2019,97.93
19/11/2019,97.86
18/11/2019,97.79
17/11/2019,NaN
15/11/2019,98.0
14/11/2019,98.16
13/11/2019,98.37
12/11/2019,98.31
11/11/2019,98.2
10/11/2019,NaN
08/11/2019,98.35
07/11/2019,98.14
06/11/2019,97.95
05/11/2019,97.98
04/11/2019,97.51
02/11/2019,NaN
31/10/2019,97.24
30/10/2019,97.35
29/10/2019,97.65
28/10/2019,97.69
27/10/2019,97.76
26/10/2019,NaN
24/10/2019,97.83
23/10/2019,97.63
22/10/2019,97.47
21/10/2019,97.53
20/10/2019,97.33
19/10/2019,NaN
17/10/2019,97.28
16/10/2019,97.61
15/10/2019,98.01
14/10/2019,98.29
13/10/2019,98.45
12/10/2019,NaN
10/10/2019,98.3
09/10/2019,98.71
08/10/2019,99.12
07/10/2019,99.14
06/10/2019,98.99
05/10/2019,NaN
03/10/2019,98.81
02/10/2019,98.86
01/10/2019,99.04
30/09/2019,99.13
29/09/2019,99.38
28/09/2019,NaN
26/09/2019,99.11
25/09/2019,99.21
24/09/2019,99.04
23/09/2019,98.34
22/09/2019,98.6
21/09/2019,NaN
19/09/2019,98.51
18/09/2019,98.27
17/09/2019,98.6
16/09/2019,98.26
15/09/2019,98.65
14/09/2019,NaN
12/09/2019,98.26
11/09/2019,98.31
10/09/2019,98.65
09/09/2019,98.33
08/09/2019,98.28
07/09/2019,NaN
05/09/2019,98.39
04/09/2019,98.41
03/09/2019,98.45
02/09/2019,98.95
31/08/2019,NaN
29/08/2019,98.92
28/08/2019,98.51
27/08/2019,98.21
26/08/2019,98.0
25/08/2019,98.08
24/08/2019,NaN
22/08/2019,97.64
21/08/2019,98.17
20/08/2019,98.3
19/08/2019,98.19
18/08/2019,98.35
17/08/2019,NaN
15/08/2019,98.14
14/08/2019,98.14
13/08/2019,97.99
12/08/2019,97.81
11/08/2019,97.38
10/08/2019,NaN
08/08/2019,97.49
07/08/2019,97.62
06/08/2019,97.54
05/08/2019,97.63
04/08/2019,97.5
03/08/2019,NaN
01/08/2019,98.1
31/07/2019,98.39
30/07/2019,98.52
29/07/2019,98.05
28/07/2019,98.04
27/07/2019,NaN
25/07/2019,98.01
24/07/2019,97.82
23/07/2019,97.73
22/07/2019,97.71
21/07/2019,97.26
20/07/2019,NaN
18/07/2019,97.15
17/07/2019,96.79
16/07/2019,97.22
15/07/2019,97.4
14/07/2019,96.93
13/07/2019,NaN
11/07/2019,96.81
10/07/2019,97.05
09/07/2019,97.1
08/07/2019,97.49
07/07/2019,97.38
06/07/2019,NaN
04/07/2019,97.25
03/07/2019,96.77
01/07/2019,96.73
30/06/2019,96.84
29/06/2019,NaN
27/06/2019,96.13
26/06/2019,96.19
25/06/2019,96.21
24/06/2019,96.16
23/06/2019,95.98
22/06/2019,NaN
20/06/2019,96.22
19/06/2019,96.63
18/06/2019,97.12
17/06/2019,97.64
16/06/2019,97.56
15/06/2019,NaN
13/06/2019,97.57
12/06/2019,97.01
11/06/2019,97.0
10/06/2019,96.69
09/06/2019,96.76
08/06/2019,NaN
06/06/2019,96.61
05/06/2019,97.03
04/06/2019,97.37
03/06/2019,97.07
02/06/2019,97.14
01/06/2019,NaN
30/05/2019,97.75
29/05/2019,98.14
28/05/2019,98.14
27/05/2019,97.96
25/05/2019,NaN
23/05/2019,97.61
22/05/2019,97.85
21/05/2019,98.11
20/05/2019,98.06
19/05/2019,97.93
18/05/2019,NaN
16/05/2019,98.0
15/05/2019,97.84
14/05/2019,97.57
13/05/2019,97.53
12/05/2019,97.32
11/05/2019,NaN
09/05/2019,97.33
08/05/2019,97.37
07/05/2019,97.62
06/05/2019,97.63
05/05/2019,97.52
04/05/2019,NaN
02/05/2019,97.52
01/05/2019,97.83
30/04/2019,97.69
29/04/2019,97.48
28/04/2019,97.86
27/04/2019,NaN
25/04/2019,98.01
24/04/2019,98.2
23/04/2019,98.1
22/04/2019,97.57
21/04/2019,97.28
20/04/2019,NaN
17/04/2019,97.47
16/04/2019,97.01
15/04/2019,97.04
14/04/2019,96.94
13/04/2019,NaN
11/04/2019,96.97
10/04/2019,97.18
09/04/2019,96.95
08/04/2019,97.01
07/04/2019,97.05
06/04/2019,NaN
04/04/2019,97.4
03/04/2019,97.31
02/04/2019,97.09
01/04/2019,97.36
31/03/2019,97.25
30/03/2019,NaN
28/03/2019,97.28
27/03/2019,97.2
26/03/2019,96.77
25/03/2019,96.74
24/03/2019,96.57
23/03/2019,NaN
21/03/2019,96.65
20/03/2019,96.5
19/03/2019,95.76
18/03/2019,96.38
17/03/2019,96.52
16/03/2019,NaN
14/03/2019,96.6
13/03/2019,96.79
12/03/2019,96.55
11/03/2019,96.94
10/03/2019,97.22
10/03/2019,NaN
08/03/2019,97.37
07/03/2019,97.67
06/03/2019,96.87
05/03/2019,96.85
04/03/2019,96.68
03/03/2019,NaN
01/03/2019,96.53
28/02/2019,96.16
27/02/2019,96.15
26/02/2019,96.0
25/02/2019,96.41
24/02/2019,NaN
22/02/2019,96.51
21/02/2019,96.61
20/02/2019,96.45
19/02/2019,96.52
17/02/2019,NaN
15/02/2019,96.92
14/02/2019,96.98
13/02/2019,97.13
12/02/2019,96.71
11/02/2019,97.06
10/02/2019,NaN
08/02/2019,96.64
07/02/2019,96.51
06/02/2019,96.42
05/02/2019,96.1
04/02/2019,95.85
03/02/2019,NaN
01/02/2019,95.58
31/01/2019,95.58
30/01/2019,95.34
29/01/2019,95.82
28/01/2019,95.75
27/01/2019,NaN
25/01/2019,95.79
24/01/2019,96.6
23/01/2019,96.12
22/01/2019,96.3
20/01/2019,NaN
18/01/2019,96.34
17/01/2019,96.07
16/01/2019,96.06
15/01/2019,95.97
14/01/2019,95.59
13/01/2019,NaN
11/01/2019,95.67
10/01/2019,95.54
09/01/2019,95.22
08/01/2019,95.9
07/01/2019,95.71
06/01/2019,NaN
04/01/2019,96.19
03/01/2019,96.31
02/01/2019,96.82
31/12/2018,96.17
30/12/2018,NaN
28/12/2018,96.39
27/12/2018,96.48
26/12/2018,97.05
24/12/2018,96.55
23/12/2018,NaN
21/12/2018,96.96
20/12/2018,96.28
19/12/2018,97.04
18/12/2018,97.14
17/12/2018,97.1
16/12/2018,NaN
14/12/2018,97.44
13/12/2018,97.06
12/12/2018,97.04
11/12/2018,97.39
10/12/2018,97.22
09/12/2018,NaN
07/12/2018,96.51
06/12/2018,96.81
04/12/2018,96.97
03/12/2018,97.04
02/12/2018,NaN
30/11/2018,97.27
29/11/2018,96.78
28/11/2018,96.79
27/11/2018,97.37
26/11/2018,97.07
25/11/2018,NaN
23/11/2018,96.92
21/11/2018,96.71
20/11/2018,96.81
19/11/2018,96.19
18/11/2018,NaN
16/11/2018,96.47
15/11/2018,96.93
14/11/2018,96.8
13/11/2018,97.3
12/11/2018,97.54
11/11/2018,NaN
09/11/2018,96.91
08/11/2018,96.64
07/11/2018,96.0
06/11/2018,96.32
05/11/2018,96.35
03/11/2018,NaN
01/11/2018,96.54
31/10/2018,96.28
30/10/2018,97.13
29/10/2018,97.01
28/10/2018,96.58
27/10/2018,NaN
25/10/2018,96.36
24/10/2018,96.68
23/10/2018,96.43
22/10/2018,95.96
21/10/2018,96.01
20/10/2018,NaN
18/10/2018,95.71
17/10/2018,95.9
16/10/2018,95.58
15/10/2018,95.05
14/10/2018,95.07
13/10/2018,NaN
11/10/2018,95.22
10/10/2018,95.02
09/10/2018,95.51
08/10/2018,95.68
07/10/2018,95.77
06/10/2018,NaN
04/10/2018,95.62
03/10/2018,95.75
02/10/2018,95.76
01/10/2018,95.51
30/09/2018,95.3
29/09/2018,NaN
27/09/2018,95.19
26/09/2018,95.0
25/09/2018,94.19
24/09/2018,94.13
23/09/2018,94.26
22/09/2018,NaN
20/09/2018,94.22
19/09/2018,93.91
18/09/2018,94.55
17/09/2018,94.62
16/09/2018,94.51
15/09/2018,NaN
13/09/2018,94.98
12/09/2018,94.54
11/09/2018,94.8
10/09/2018,95.06
09/09/2018,95.15
08/09/2018,NaN
06/09/2018,95.37
05/09/2018,95.02
04/09/2018,95.13
03/09/2018,95.42
01/09/2018,NaN
30/08/2018,95.14
29/08/2018,94.72
28/08/2018,94.6
27/08/2018,94.72
26/08/2018,94.78
25/08/2018,NaN
23/08/2018,95.15
22/08/2018,95.62
21/08/2018,95.15
20/08/2018,95.26
19/08/2018,95.9
18/08/2018,NaN
16/08/2018,96.1
15/08/2018,96.65
14/08/2018,96.7
13/08/2018,96.73
12/08/2018,96.39
11/08/2018,NaN
09/08/2018,96.36
08/08/2018,95.5
07/08/2018,95.1
06/08/2018,95.22
05/08/2018,95.36
04/08/2018,NaN
02/08/2018,95.14
01/08/2018,95.17
31/07/2018,94.62
30/07/2018,94.49
29/07/2018,94.36
28/07/2018,NaN
26/07/2018,94.68
25/07/2018,94.75
24/07/2018,94.36
23/07/2018,94.61
22/07/2018,94.67
21/07/2018,NaN
19/07/2018,94.46
18/07/2018,95.17
17/07/2018,95.08
16/07/2018,94.97
15/07/2018,94.51
14/07/2018,NaN
12/07/2018,94.75
11/07/2018,94.81
10/07/2018,94.72
09/07/2018,94.11
08/07/2018,94.08
07/07/2018,NaN
05/07/2018,94.04
04/07/2018,94.47
03/07/2018,94.59
01/07/2018,94.87
30/06/2018,NaN
28/06/2018,94.63
27/06/2018,95.39
26/06/2018,95.29
25/06/2018,94.68
24/06/2018,94.28
23/06/2018,NaN
21/06/2018,94.52
20/06/2018,94.87
19/06/2018,95.06
18/06/2018,95.09
17/06/2018,94.75
16/06/2018,NaN
14/06/2018,94.79
13/06/2018,94.77
12/06/2018,93.71
11/06/2018,93.8
10/06/2018,93.58
09/06/2018,NaN
07/06/2018,93.55
06/06/2018,93.4
05/06/2018,93.66
04/06/2018,93.89
03/06/2018,94.02
02/06/2018,NaN
31/05/2018,94.19
30/05/2018,93.99
29/05/2018,94.15
28/05/2018,94.83
26/05/2018,NaN
24/05/2018,94.19
23/05/2018,93.78
22/05/2018,94.01
21/05/2018,93.61
20/05/2018,93.68
19/05/2018,NaN
17/05/2018,93.64
16/05/2018,93.47
15/05/2018,93.39
14/05/2018,93.22
13/05/2018,92.59
12/05/2018,NaN
10/05/2018,92.54
09/05/2018,92.65
08/05/2018,93.04
07/05/2018,93.12
06/05/2018,92.75
05/05/2018,NaN
03/05/2018,92.57
02/05/2018,92.41
01/05/2018,92.51
30/04/2018,92.45
29/04/2018,91.84
28/04/2018,NaN
26/04/2018,91.54
25/04/2018,91.56
24/04/2018,91.17
23/04/2018,90.77
22/04/2018,90.94
21/04/2018,NaN
19/04/2018,90.32
18/04/2018,89.94
17/04/2018,89.62
16/04/2018,89.52
15/04/2018,89.43
14/04/2018,NaN
12/04/2018,89.8
11/04/2018,89.75
10/04/2018,89.57
09/04/2018,89.59
08/04/2018,89.84
07/04/2018,NaN
05/04/2018,90.11
04/04/2018,90.46
03/04/2018,90.14
02/04/2018,90.2
01/04/2018,90.05
31/03/2018,NaN
28/03/2018,90.15
27/03/2018,90.06
26/03/2018,89.37
25/03/2018,89.03
24/03/2018,NaN
22/03/2018,89.44
21/03/2018,89.86
20/03/2018,89.78
19/03/2018,90.37
18/03/2018,89.9
17/03/2018,NaN
15/03/2018,90.23
14/03/2018,90.14
13/03/2018,89.7
12/03/2018,89.66
11/03/2018,89.9
11/03/2018,NaN
09/03/2018,90.09
08/03/2018,90.12
07/03/2018,89.64
06/03/2018,89.62
05/03/2018,90.08
04/03/2018,NaN
02/03/2018,89.94
01/03/2018,90.32
28/02/2018,90.61
27/02/2018,90.36
26/02/2018,89.82
25/02/2018,NaN
23/02/2018,89.88
22/02/2018,89.75
21/02/2018,90.08
20/02/2018,89.72
18/02/2018,NaN
16/02/2018,89.1
15/02/2018,88.59
14/02/2018,89.12
13/02/2018,89.7
12/02/2018,90.21
11/02/2018,NaN
09/02/2018,90.44
08/02/2018,90.23
07/02/2018,90.26
06/02/2018,89.59
05/02/2018,89.55
04/02/2018,NaN
02/02/2018,89.2
01/02/2018,88.67
31/01/2018,89.13
30/01/2018,89.19
29/01/2018,89.31
28/01/2018,NaN
26/01/2018,89.07
25/01/2018,89.39
24/01/2018,89.21
23/01/2018,90.12
22/01/2018,90.4
21/01/2018,NaN
19/01/2018,90.57
18/01/2018,90.5
17/01/2018,90.54
16/01/2018,90.39
14/01/2018,NaN
12/01/2018,90.97
11/01/2018,91.85
10/01/2018,92.33
09/01/2018,92.53
08/01/2018,92.33
07/01/2018,NaN
05/01/2018,91.95
04/01/2018,91.85
03/01/2018,92.16
02/01/2018,91.85
31/12/2017,NaN
29/12/2017,92.12
28/12/2017,92.6
27/12/2017,93.03
26/12/2017,93.26
24/12/2017,NaN
22/12/2017,93.35
21/12/2017,93.28
20/12/2017,93.35
19/12/2017,93.47
18/12/2017,93.7
17/12/2017,NaN
15/12/2017,93.93
14/12/2017,93.49
13/12/2017,93.43
12/12/2017,94.1
11/12/2017,93.87
10/12/2017,NaN
08/12/2017,93.9
07/12/2017,93.8
06/12/2017,93.61
05/12/2017,93.38
04/12/2017,93.19
03/12/2017,NaN
01/12/2017,92.9
30/11/2017,93.01
29/11/2017,93.26
28/11/2017,93.26
27/11/2017,92.9
26/11/2017,NaN
24/11/2017,92.76
22/11/2017,93.22
21/11/2017,93.95
20/11/2017,94.08
19/11/2017,NaN
17/11/2017,93.66
16/11/2017,93.93
15/11/2017,93.81
14/11/2017,93.83
13/11/2017,94.49
12/11/2017,NaN
10/11/2017,94.39
09/11/2017,94.44
08/11/2017,94.87
07/11/2017,94.91
06/11/2017,94.72
04/11/2017,NaN
02/11/2017,94.94
01/11/2017,94.69
31/10/2017,94.82
30/10/2017,94.55
29/10/2017,94.49
28/10/2017,NaN
26/10/2017,94.92
25/10/2017,94.61
24/10/2017,93.71
23/10/2017,93.96
22/10/2017,93.94
21/10/2017,NaN
19/10/2017,93.7
18/10/2017,93.27
17/10/2017,93.36
16/10/2017,93.49
15/10/2017,93.28
14/10/2017,NaN
12/10/2017,93.09
11/10/2017,93.12
10/10/2017,92.96
09/10/2017,93.29
08/10/2017,93.74
07/10/2017,NaN
05/10/2017,93.8
04/10/2017,93.96
03/10/2017,93.46
02/10/2017,93.57
01/10/2017,93.56
30/09/2017,NaN
28/09/2017,93.08
27/09/2017,93.09
26/09/2017,93.36
25/09/2017,92.97
24/09/2017,92.65
23/09/2017,NaN
21/09/2017,92.17
20/09/2017,92.26
19/09/2017,92.51
18/09/2017,91.79
17/09/2017,92.05
16/09/2017,NaN
14/09/2017,91.87
13/09/2017,92.12
12/09/2017,92.52
11/09/2017,91.91
10/09/2017,91.86
09/09/2017,NaN
07/09/2017,91.33
06/09/2017,91.53
05/09/2017,92.29
04/09/2017,92.31
02/09/2017,NaN
31/08/2017,92.81
30/08/2017,92.67
29/08/2017,92.88
28/08/2017,92.35
27/08/2017,92.21
26/08/2017,NaN
24/08/2017,92.74
23/08/2017,93.28
22/08/2017,93.15
21/08/2017,93.55
20/08/2017,93.1
19/08/2017,NaN
17/08/2017,93.43
16/08/2017,93.62
15/08/2017,93.49
14/08/2017,93.85
13/08/2017,93.46
12/08/2017,NaN
10/08/2017,93.07
09/08/2017,93.4
08/08/2017,93.52
07/08/2017,93.64
06/08/2017,93.43
05/08/2017,NaN
03/08/2017,93.54
02/08/2017,92.81
01/08/2017,92.83
31/07/2017,93.03
30/07/2017,92.86
29/07/2017,NaN
27/07/2017,93.26
26/07/2017,93.86
25/07/2017,93.67
24/07/2017,94.05
23/07/2017,93.98
22/07/2017,NaN
20/07/2017,93.94
19/07/2017,94.27
18/07/2017,94.8
17/07/2017,94.66
16/07/2017,95.13
15/07/2017,NaN
13/07/2017,95.11
12/07/2017,95.73
11/07/2017,95.79
10/07/2017,95.74
09/07/2017,96.05
08/07/2017,NaN
06/07/2017,96.01
05/07/2017,95.82
04/07/2017,96.29
03/07/2017,96.2
01/07/2017,NaN
29/06/2017,95.66
28/06/2017,95.63
27/06/2017,96.05
26/06/2017,96.47
25/06/2017,97.43
24/06/2017,NaN
22/06/2017,97.3
21/06/2017,97.54
20/06/2017,97.56
19/06/2017,97.75
18/06/2017,97.53
17/06/2017,NaN
15/06/2017,97.16
14/06/2017,97.43
13/06/2017,96.94
12/06/2017,96.98
11/06/2017,97.14
10/06/2017,NaN
08/06/2017,97.27
07/06/2017,96.92
06/06/2017,96.75
05/06/2017,96.64
04/06/2017,96.8
03/06/2017,NaN
01/06/2017,96.72
31/05/2017,97.2
30/05/2017,96.92
29/05/2017,97.28
27/05/2017,NaN
25/05/2017,97.4
24/05/2017,97.25
23/05/2017,97.24
22/05/2017,97.35
21/05/2017,96.98
20/05/2017,NaN
18/05/2017,97.15
17/05/2017,97.88
16/05/2017,97.42
15/05/2017,98.11
14/05/2017,98.91
13/05/2017,NaN
11/05/2017,99.25
10/05/2017,99.62
09/05/2017,99.67
08/05/2017,99.59
07/05/2017,99.15
06/05/2017,NaN
04/05/2017,98.65
03/05/2017,98.76
02/05/2017,99.21
01/05/2017,98.98
30/04/2017,99.14
29/04/2017,NaN
27/04/2017,99.05
26/04/2017,99.08
25/04/2017,98.96
24/04/2017,98.82
23/04/2017,99.09
22/04/2017,NaN
20/04/2017,99.98
19/04/2017,99.78
18/04/2017,99.74
17/04/2017,99.5
16/04/2017,100.3
15/04/2017,NaN
12/04/2017,100.56
11/04/2017,100.78
10/04/2017,100.71
09/04/2017,101.02
08/04/2017,NaN
06/04/2017,101.18
05/04/2017,100.67
04/04/2017,100.56
03/04/2017,100.54
02/04/2017,100.54
01/04/2017,NaN
30/03/2017,100.35
29/03/2017,100.41
28/03/2017,100.0
27/03/2017,99.71
26/03/2017,99.17
25/03/2017,NaN
23/03/2017,99.63
22/03/2017,99.76
21/03/2017,99.68
20/03/2017,99.81
19/03/2017,100.41
18/03/2017,NaN
16/03/2017,100.3
15/03/2017,100.27
14/03/2017,100.74
13/03/2017,101.7
12/03/2017,101.38
12/03/2017,NaN
10/03/2017,101.25
09/03/2017,101.85
08/03/2017,102.07
07/03/2017,101.81
06/03/2017,101.64
05/03/2017,NaN
03/03/2017,101.54
02/03/2017,102.2
01/03/2017,101.78
28/02/2017,101.12
27/02/2017,101.13
26/02/2017,NaN
24/02/2017,101.09
23/02/2017,101.05
22/02/2017,101.33
21/02/2017,101.37
19/02/2017,NaN
17/02/2017,100.95
16/02/2017,100.44
15/02/2017,101.18
14/02/2017,101.25
13/02/2017,100.96
12/02/2017,NaN
10/02/2017,100.8
09/02/2017,100.65
08/02/2017,100.28
07/02/2017,100.26
06/02/2017,99.91
05/02/2017,NaN
03/02/2017,99.87
02/02/2017,99.85
01/02/2017,99.64
31/01/2017,99.51
30/01/2017,100.43
29/01/2017,NaN
27/01/2017,100.53
26/01/2017,100.38
25/01/2017,100.03
24/01/2017,100.35
23/01/2017,100.16
22/01/2017,NaN
20/01/2017,100.74
19/01/2017,101.15
18/01/2017,100.93
17/01/2017,100.33
15/01/2017,NaN
13/01/2017,101.18
12/01/2017,101.35
11/01/2017,101.78
10/01/2017,102.01
09/01/2017,101.93
08/01/2017,NaN
06/01/2017,102.22
05/01/2017,101.52
04/01/2017,102.7
03/01/2017,103.21
01/01/2017,NaN
30/12/2016,102.39
29/12/2016,102.68
28/12/2016,103.26
27/12/2016,103.02
25/12/2016,NaN
23/12/2016,103.01
22/12/2016,103.09
21/12/2016,103.02
20/12/2016,103.29
19/12/2016,103.14
18/12/2016,NaN
16/12/2016,102.95
15/12/2016,103.13
14/12/2016,102.0
13/12/2016,101.03
12/12/2016,100.96
11/12/2016,NaN
09/12/2016,101.57
08/12/2016,101.07
07/12/2016,100.23
06/12/2016,100.49
05/12/2016,100.14
04/12/2016,NaN
02/12/2016,100.77
01/12/2016,101.04
30/11/2016,101.5
29/11/2016,100.93
28/11/2016,101.33
27/11/2016,NaN
25/11/2016,101.49
23/11/2016,101.7
22/11/2016,101.04
21/11/2016,101.05
20/11/2016,NaN
18/11/2016,101.21
17/11/2016,100.89
16/11/2016,100.41
15/11/2016,100.19
14/11/2016,100.11
13/11/2016,NaN
10/11/2016,98.79
09/11/2016,98.5
08/11/2016,97.86
07/11/2016,97.78
05/11/2016,NaN
03/11/2016,97.07
02/11/2016,97.16
01/11/2016,97.4
31/10/2016,97.7
30/10/2016,98.45
29/10/2016,NaN
27/10/2016,98.35
26/10/2016,98.89
25/10/2016,98.63
24/10/2016,98.72
23/10/2016,98.67
22/10/2016,NaN
20/10/2016,98.7
19/10/2016,98.32
18/10/2016,97.87
17/10/2016,97.9
16/10/2016,97.89
15/10/2016,NaN
13/10/2016,98.02
12/10/2016,97.52
11/10/2016,97.97
10/10/2016,97.7
08/10/2016,NaN
06/10/2016,96.52
05/10/2016,96.66
04/10/2016,96.13
03/10/2016,96.12
02/10/2016,95.75
01/10/2016,NaN
29/09/2016,95.46
28/09/2016,95.54
27/09/2016,95.43
26/09/2016,95.44
25/09/2016,95.31
24/09/2016,NaN
22/09/2016,95.48
21/09/2016,95.45
20/09/2016,95.66
19/09/2016,96.02
18/09/2016,95.84
17/09/2016,NaN
15/09/2016,96.11
14/09/2016,95.29
13/09/2016,95.33
12/09/2016,95.63
11/09/2016,95.1
10/09/2016,NaN
08/09/2016,95.34
07/09/2016,95.03
06/09/2016,94.96
05/09/2016,94.82
03/09/2016,NaN
01/09/2016,95.88
31/08/2016,95.65
30/08/2016,96.02
29/08/2016,96.05
28/08/2016,95.58
27/08/2016,NaN
25/08/2016,95.57
24/08/2016,94.77
23/08/2016,94.79
22/08/2016,94.54
21/08/2016,94.52
20/08/2016,NaN
18/08/2016,94.51
17/08/2016,94.16
16/08/2016,94.72
15/08/2016,94.79
14/08/2016,95.63
13/08/2016,NaN
11/08/2016,95.72
10/08/2016,95.86
09/08/2016,95.65
08/08/2016,96.18
07/08/2016,96.4
06/08/2016,NaN
04/08/2016,96.19
03/08/2016,95.76
02/08/2016,95.56
01/08/2016,95.06
31/07/2016,95.71
30/07/2016,NaN
28/07/2016,95.53
27/07/2016,96.74
26/07/2016,97.05
25/07/2016,97.16
24/07/2016,97.29
23/07/2016,NaN
21/07/2016,97.47
20/07/2016,97.0
19/07/2016,97.2
18/07/2016,97.05
17/07/2016,96.56
16/07/2016,NaN
14/07/2016,96.58
13/07/2016,96.08
12/07/2016,96.22
11/07/2016,96.44
10/07/2016,96.57
09/07/2016,NaN
07/07/2016,96.3
06/07/2016,96.33
05/07/2016,96.06
04/07/2016,96.17
02/07/2016,NaN
30/06/2016,95.65
29/06/2016,96.14
28/06/2016,95.77
27/06/2016,96.25
26/06/2016,96.54
25/06/2016,NaN
23/06/2016,95.45
22/06/2016,93.53
21/06/2016,93.72
20/06/2016,94.02
19/06/2016,93.61
18/06/2016,NaN
16/06/2016,94.21
15/06/2016,94.57
14/06/2016,94.61
13/06/2016,94.93
12/06/2016,94.37
11/06/2016,NaN
09/06/2016,94.6
08/06/2016,94.1
07/06/2016,93.59
06/06/2016,93.83
05/06/2016,93.9
04/06/2016,NaN
02/06/2016,94.03
01/06/2016,95.56
31/05/2016,95.46
30/05/2016,95.89
28/05/2016,NaN
26/05/2016,95.52
25/05/2016,95.17
24/05/2016,95.35
23/05/2016,95.57
22/05/2016,95.23
21/05/2016,NaN
19/05/2016,95.31
18/05/2016,95.29
17/05/2016,95.08
16/05/2016,94.55
15/05/2016,94.57
14/05/2016,NaN
12/05/2016,94.61
11/05/2016,94.14
10/05/2016,93.82
09/05/2016,94.29
08/05/2016,94.15
07/05/2016,NaN
05/05/2016,93.89
04/05/2016,93.78
03/05/2016,93.18
02/05/2016,92.94
01/05/2016,92.63
30/04/2016,NaN
28/04/2016,93.08
27/04/2016,93.76
26/04/2016,94.39
25/04/2016,94.57
24/04/2016,94.84
23/04/2016,NaN
21/04/2016,95.12
20/04/2016,94.6
19/04/2016,94.49
18/04/2016,93.98
17/04/2016,94.49
16/04/2016,NaN
14/04/2016,94.7
13/04/2016,94.9
12/04/2016,94.74
11/04/2016,93.96
10/04/2016,93.95
09/04/2016,NaN
07/04/2016,94.24
06/04/2016,94.48
05/04/2016,94.43
04/04/2016,94.63
03/04/2016,94.51
02/04/2016,NaN
31/03/2016,94.62
30/03/2016,94.59
29/03/2016,94.84
28/03/2016,95.16
27/03/2016,95.94
26/03/2016,NaN
23/03/2016,96.14
22/03/2016,96.05
21/03/2016,95.65
20/03/2016,95.29
19/03/2016,NaN
17/03/2016,94.99
16/03/2016,94.76
15/03/2016,95.89
14/03/2016,96.63
13/03/2016,96.62
13/03/2016,NaN
11/03/2016,96.17
10/03/2016,96.07
09/03/2016,97.17
08/03/2016,97.21
07/03/2016,97.07
06/03/2016,NaN
04/03/2016,97.34
03/03/2016,97.57
02/03/2016,98.21
01/03/2016,98.35
29/02/2016,98.21
28/02/2016,NaN
26/02/2016,98.15
25/02/2016,97.29
24/02/2016,97.46
23/02/2016,97.48
22/02/2016,97.38
21/02/2016,NaN
19/02/2016,96.6
18/02/2016,96.95
17/02/2016,96.79
16/02/2016,96.87
15/02/2016,NaN
14/02/2016,NaN
12/02/2016,95.98
11/02/2016,95.56
10/02/2016,95.89
09/02/2016,96.07
08/02/2016,96.57
07/02/2016,NaN
05/02/2016,97.03
04/02/2016,96.47
03/02/2016,97.29
02/02/2016,98.87
01/02/2016,99.0
31/01/2016,NaN
29/01/2016,99.61
28/01/2016,98.51
27/01/2016,98.9
26/01/2016,99.36
25/01/2016,99.36
24/01/2016,NaN
22/01/2016,99.57
21/01/2016,99.06
20/01/2016,99.09
19/01/2016,98.99
18/01/2016,99.12
17/01/2016,NaN
15/01/2016,98.96
14/01/2016,99.09
13/01/2016,98.93
12/01/2016,98.97
11/01/2016,98.73
10/01/2016,NaN
08/01/2016,98.54
07/01/2016,98.22
06/01/2016,99.18
05/01/2016,99.4
04/01/2016,98.87
03/01/2016,NaN
31/12/2015,98.63
30/12/2015,98.27
29/12/2015,98.1
28/12/2015,97.92
27/12/2015,NaN
24/12/2015,97.98
23/12/2015,98.34
22/12/2015,98.24
21/12/2015,98.46
20/12/2015,NaN
18/12/2015,98.7
17/12/2015,99.27
16/12/2015,97.87
15/12/2015,98.22
14/12/2015,97.6
13/12/2015,NaN
11/12/2015,97.57
10/12/2015,97.94
09/12/2015,97.35
08/12/2015,98.47
07/12/2015,98.66
06/12/2015,NaN
04/12/2015,98.35
03/12/2015,97.62
02/12/2015,99.99
01/12/2015,99.8
30/11/2015,100.17
29/11/2015,NaN
27/11/2015,100.02
25/11/2015,99.8
24/11/2015,99.53
23/11/2015,99.8
22/11/2015,NaN
20/11/2015,99.57
19/11/2015,98.99
18/11/2015,99.65
17/11/2015,99.63
16/11/2015,99.44
15/11/2015,NaN
13/11/2015,98.99
12/11/2015,98.65
11/11/2015,99.01
10/11/2015,99.29
09/11/2015,98.98
08/11/2015,NaN
06/11/2015,99.16
05/11/2015,97.94
04/11/2015,97.95
03/11/2015,97.16
02/11/2015,96.93
31/10/2015,NaN
29/10/2015,96.95
28/10/2015,97.28
27/10/2015,97.78
26/10/2015,96.91
25/10/2015,96.86
24/10/2015,NaN
22/10/2015,97.07
21/10/2015,96.34
20/10/2015,95.05
19/10/2015,94.85
18/10/2015,94.96
17/10/2015,NaN
15/10/2015,94.54
14/10/2015,94.37
13/10/2015,93.93
12/10/2015,94.76
11/10/2015,94.84
10/10/2015,NaN
08/10/2015,94.81
07/10/2015,95.32
06/10/2015,95.5
05/10/2015,95.46
04/10/2015,96.11
03/10/2015,NaN
01/10/2015,95.83
30/09/2015,96.19
29/09/2015,96.35
28/09/2015,95.89
27/09/2015,96.03
26/09/2015,NaN
24/09/2015,96.27
23/09/2015,95.99
22/09/2015,96.07
21/09/2015,96.28
20/09/2015,95.89
19/09/2015,NaN
17/09/2015,94.86
16/09/2015,94.55
15/09/2015,95.42
14/09/2015,95.61
13/09/2015,95.25
12/09/2015,NaN
10/09/2015,95.19
09/09/2015,95.46
08/09/2015,96.01
07/09/2015,95.88
05/09/2015,NaN
03/09/2015,96.23
02/09/2015,96.41
01/09/2015,95.83
31/08/2015,95.45
30/08/2015,95.95
29/08/2015,NaN
27/08/2015,96.11
26/08/2015,95.61
25/08/2015,95.1
24/08/2015,94.53
23/08/2015,93.31
22/08/2015,NaN
20/08/2015,94.83
19/08/2015,95.75
18/08/2015,96.46
17/08/2015,96.97
16/08/2015,96.82
15/08/2015,NaN
13/08/2015,96.57
12/08/2015,96.45
11/08/2015,96.26
10/08/2015,97.29
09/08/2015,97.16
08/08/2015,NaN
06/08/2015,97.56
05/08/2015,97.83
04/08/2015,97.96
03/08/2015,97.93
02/08/2015,97.49
01/08/2015,NaN
30/07/2015,97.37
29/07/2015,97.56
28/07/2015,96.98
27/07/2015,96.77
26/07/2015,96.5
25/07/2015,NaN
23/07/2015,97.24
22/07/2015,97.12
21/07/2015,97.6
20/07/2015,97.33
19/07/2015,98.03
18/07/2015,NaN
16/07/2015,97.86
15/07/2015,97.66
14/07/2015,97.13
13/07/2015,96.64
12/07/2015,96.86
11/07/2015,NaN
09/07/2015,96.03
08/07/2015,96.61
07/07/2015,96.29
06/07/2015,96.87
05/07/2015,96.3
04/07/2015,NaN
01/07/2015,96.11
30/06/2015,96.31
29/06/2015,95.49
28/06/2015,94.79
27/06/2015,NaN
25/06/2015,95.47
24/06/2015,95.19
23/06/2015,95.26
22/06/2015,95.43
21/06/2015,94.33
20/06/2015,NaN
18/06/2015,94.09
17/06/2015,94.04
16/06/2015,94.3
15/06/2015,95.0
14/06/2015,94.81
13/06/2015,NaN
11/06/2015,94.97
10/06/2015,94.98
09/06/2015,94.65
08/06/2015,95.17
07/06/2015,95.3
06/06/2015,NaN
04/06/2015,96.31
03/06/2015,95.46
02/06/2015,95.47
01/06/2015,95.84
31/05/2015,97.39
30/05/2015,NaN
28/05/2015,96.91
27/05/2015,96.97
26/05/2015,97.37
25/05/2015,97.3
23/05/2015,NaN
21/05/2015,96.01
20/05/2015,95.26
19/05/2015,95.45
18/05/2015,95.27
17/05/2015,94.19
16/05/2015,NaN
14/05/2015,93.14
13/05/2015,93.36
12/05/2015,93.62
11/05/2015,94.53
10/05/2015,95.01
09/05/2015,NaN
07/05/2015,94.79
06/05/2015,94.62
05/05/2015,94.13
04/05/2015,95.13
03/05/2015,95.48
02/05/2015,NaN
30/04/2015,95.3
29/04/2015,94.6
28/04/2015,95.12
27/04/2015,96.09
26/04/2015,96.77
25/04/2015,NaN
23/04/2015,96.92
22/04/2015,97.28
21/04/2015,98.02
20/04/2015,97.98
19/04/2015,97.94
18/04/2015,NaN
16/04/2015,97.52
15/04/2015,97.42
14/04/2015,98.33
13/04/2015,98.76
12/04/2015,99.49
11/04/2015,NaN
09/04/2015,99.39
08/04/2015,99.16
07/04/2015,98.07
06/04/2015,97.83
05/04/2015,97.11
04/04/2015,NaN
01/04/2015,97.44
31/03/2015,98.19
30/03/2015,98.36
29/03/2015,97.98
28/03/2015,NaN
26/03/2015,97.29
25/03/2015,97.44
24/03/2015,96.98
23/03/2015,97.19
22/03/2015,97.03
21/03/2015,NaN
19/03/2015,97.91
18/03/2015,99.1
17/03/2015,98.55
16/03/2015,99.59
15/03/2015,99.6
14/03/2015,NaN
12/03/2015,100.33
11/03/2015,99.15
10/03/2015,99.8
09/03/2015,98.62
08/03/2015,97.59
08/03/2015,NaN
06/03/2015,97.62
05/03/2015,96.38
04/03/2015,95.97
03/03/2015,95.38
02/03/2015,95.46
01/03/2015,NaN
27/02/2015,95.25
26/02/2015,95.29
25/02/2015,94.21
24/02/2015,94.49
23/02/2015,94.57
22/02/2015,NaN
20/02/2015,94.25
19/02/2015,94.4
18/02/2015,94.2
17/02/2015,94.06
15/02/2015,NaN
13/02/2015,94.2
12/02/2015,94.09
11/02/2015,94.99
10/02/2015,94.76
09/02/2015,94.45
08/02/2015,NaN
06/02/2015,94.7
05/02/2015,94.7
04/02/2015,93.99
03/02/2015,93.6
02/02/2015,94.5
01/02/2015,NaN
30/01/2015,94.8
29/01/2015,94.78
28/01/2015,94.47
27/01/2015,94.02
26/01/2015,94.8
25/01/2015,NaN
23/01/2015,95.0
22/01/2015,94.24
21/01/2015,92.9
20/01/2015,93.05
18/01/2015,NaN
16/01/2015,92.52
15/01/2015,92.35
14/01/2015,92.16
13/01/2015,92.31
12/01/2015,91.98
11/01/2015,NaN
09/01/2015,91.94
08/01/2015,92.37
07/01/2015,91.89
06/01/2015,91.5
05/01/2015,91.38
04/01/2015,NaN
02/01/2015,91.08
31/12/2014,90.27
30/12/2014,89.99
29/12/2014,90.19
28/12/2014,NaN
26/12/2014,90.03
24/12/2014,89.97
23/12/2014,90.06
22/12/2014,89.77
21/12/2014,NaN
19/12/2014,89.6
18/12/2014,89.24
17/12/2014,89.13
16/12/2014,88.13
15/12/2014,88.46
14/12/2014,NaN
12/12/2014,88.36
11/12/2014,88.66
10/12/2014,88.27
09/12/2014,88.69
08/12/2014,89.04
07/12/2014,NaN
05/12/2014,89.33
04/12/2014,88.7
03/12/2014,88.96
02/12/2014,88.65
01/12/2014,87.95
30/11/2014,NaN
28/11/2014,88.36
26/11/2014,87.61
25/11/2014,87.92
24/11/2014,88.15
23/11/2014,NaN
21/11/2014,88.31
20/11/2014,87.59
19/11/2014,87.65
18/11/2014,87.58
17/11/2014,87.93
16/11/2014,NaN
14/11/2014,87.53
13/11/2014,87.67
12/11/2014,87.82
11/11/2014,87.53
10/11/2014,87.81
09/11/2014,NaN
07/11/2014,87.64
06/11/2014,88.01
05/11/2014,87.44
04/11/2014,86.98
03/11/2014,87.31
01/11/2014,NaN
30/10/2014,86.88
29/10/2014,86.15
28/10/2014,85.95
27/10/2014,85.41
26/10/2014,85.5
25/10/2014,NaN
23/10/2014,85.73
22/10/2014,85.84
21/10/2014,85.74
20/10/2014,85.31
19/10/2014,84.95
18/10/2014,NaN
16/10/2014,85.19
15/10/2014,85.0
14/10/2014,85.15
13/10/2014,85.82
12/10/2014,85.43
11/10/2014,NaN
09/10/2014,85.91
08/10/2014,85.52
07/10/2014,85.3
06/10/2014,85.67
05/10/2014,85.71
04/10/2014,NaN
02/10/2014,86.69
01/10/2014,85.6
30/09/2014,85.97
29/09/2014,85.94
28/09/2014,85.59
27/09/2014,NaN
25/09/2014,85.64
24/09/2014,85.2
23/09/2014,85.05
22/09/2014,84.66
21/09/2014,84.67
20/09/2014,NaN
18/09/2014,84.8
17/09/2014,84.32
16/09/2014,84.7
15/09/2014,84.07
14/09/2014,84.26
13/09/2014,NaN
11/09/2014,84.24
10/09/2014,84.3
09/09/2014,84.25
08/09/2014,84.28
07/09/2014,84.23
06/09/2014,NaN
04/09/2014,83.76
03/09/2014,83.82
02/09/2014,82.87
01/09/2014,82.99
30/08/2014,NaN
28/08/2014,82.75
27/08/2014,82.48
26/08/2014,82.43
25/08/2014,82.65
24/08/2014,82.55
23/08/2014,NaN
21/08/2014,82.34
20/08/2014,82.15
19/08/2014,82.25
18/08/2014,81.88
17/08/2014,81.58
16/08/2014,NaN
14/08/2014,81.42
13/08/2014,81.59
12/08/2014,81.6
11/08/2014,81.5
10/08/2014,81.47
09/08/2014,NaN
07/08/2014,81.39
06/08/2014,81.52
05/08/2014,81.44
04/08/2014,81.52
03/08/2014,81.33
02/08/2014,NaN
31/07/2014,81.3
30/07/2014,81.46
29/07/2014,81.42
28/07/2014,81.21
27/07/2014,81.03
26/07/2014,NaN
24/07/2014,81.03
23/07/2014,80.87
22/07/2014,80.81
21/07/2014,80.78
20/07/2014,80.56
19/07/2014,NaN
17/07/2014,80.52
16/07/2014,80.52
15/07/2014,80.56
14/07/2014,80.39
13/07/2014,80.19
12/07/2014,NaN
10/07/2014,80.19
09/07/2014,80.13
08/07/2014,79.99
07/07/2014,80.18
06/07/2014,80.22
05/07/2014,NaN
03/07/2014,80.21
01/07/2014,79.96
30/06/2014,79.82
29/06/2014,79.78
28/06/2014,NaN
26/06/2014,80.04
25/06/2014,80.23
24/06/2014,80.22
23/06/2014,80.33
22/06/2014,80.26
21/06/2014,NaN
19/06/2014,80.37
18/06/2014,80.32
17/06/2014,80.58
16/06/2014,80.63
15/06/2014,80.47
14/06/2014,NaN
12/06/2014,80.58
11/06/2014,80.58
10/06/2014,80.79
09/06/2014,80.82
08/06/2014,80.65
07/06/2014,NaN
05/06/2014,80.41
04/06/2014,80.37
03/06/2014,80.67
02/06/2014,80.55
01/06/2014,80.64
31/05/2014,NaN
29/05/2014,80.37
28/05/2014,80.49
27/05/2014,80.57
26/05/2014,80.35
24/05/2014,NaN
22/05/2014,80.39
21/05/2014,80.25
20/05/2014,80.1
19/05/2014,80.04
18/05/2014,79.99
17/05/2014,NaN
15/05/2014,80.04
14/05/2014,80.0
13/05/2014,80.07
12/05/2014,80.14
11/05/2014,79.9
10/05/2014,NaN
08/05/2014,79.9
07/05/2014,79.43
06/05/2014,79.22
05/05/2014,79.14
04/05/2014,79.49
03/05/2014,NaN
01/05/2014,79.52
30/04/2014,79.53
29/04/2014,79.49
28/04/2014,79.81
27/04/2014,79.68
26/04/2014,NaN
24/04/2014,79.77
23/04/2014,79.8
22/04/2014,79.86
21/04/2014,79.91
20/04/2014,79.95
19/04/2014,NaN
16/04/2014,79.83
15/04/2014,79.82
14/04/2014,79.8
13/04/2014,79.73
12/04/2014,NaN
10/04/2014,79.45
09/04/2014,79.38
08/04/2014,79.48
07/04/2014,79.75
06/04/2014,80.22
05/04/2014,NaN
03/04/2014,80.42
02/04/2014,80.47
01/04/2014,80.22
31/03/2014,80.08
30/03/2014,80.1
29/03/2014,NaN
27/03/2014,80.18
26/03/2014,80.11
25/03/2014,79.98
24/03/2014,79.94
23/03/2014,79.93
22/03/2014,NaN
20/03/2014,80.11
19/03/2014,80.21
18/03/2014,79.99
17/03/2014,79.41
16/03/2014,79.39
15/03/2014,NaN
13/03/2014,79.44
12/03/2014,79.62
11/03/2014,79.61
10/03/2014,79.77
09/03/2014,79.75
09/03/2014,NaN
07/03/2014,79.72
06/03/2014,79.68
05/03/2014,80.11
04/03/2014,80.16
03/03/2014,80.07
02/03/2014,NaN
28/02/2014,79.78
27/02/2014,80.29
26/02/2014,80.41
25/02/2014,80.15
24/02/2014,80.21
23/02/2014,NaN
21/02/2014,80.24
20/02/2014,80.29
19/02/2014,80.17
18/02/2014,80.01
16/02/2014,NaN
14/02/2014,80.13
13/02/2014,80.29
12/02/2014,80.68
11/02/2014,80.63
10/02/2014,80.67
09/02/2014,NaN
07/02/2014,80.69
06/02/2014,80.89
05/02/2014,81.03
04/02/2014,81.12
03/02/2014,81.01
02/02/2014,NaN
31/01/2014,81.27
30/01/2014,81.09
29/01/2014,80.51
28/01/2014,80.57
27/01/2014,80.5
26/01/2014,NaN
24/01/2014,80.46
23/01/2014,80.44
22/01/2014,81.17
21/01/2014,81.1
19/01/2014,NaN
17/01/2014,81.26
16/01/2014,80.9
15/01/2014,81.0
14/01/2014,80.61
13/01/2014,80.51
12/01/2014,NaN
10/01/2014,80.66
09/01/2014,81.01
08/01/2014,81.04
07/01/2014,80.83
06/01/2014,80.65
05/01/2014,NaN
03/01/2014,80.79
02/01/2014,80.63
31/12/2013,80.04
30/12/2013,80.0
29/12/2013,NaN
27/12/2013,80.39
26/12/2013,80.48
24/12/2013,80.53
23/12/2013,80.45
22/12/2013,NaN
20/12/2013,80.58
19/12/2013,80.63
18/12/2013,80.11
17/12/2013,80.06
16/12/2013,80.07
15/12/2013,NaN
13/12/2013,80.21
12/12/2013,80.2
11/12/2013,79.89
10/12/2013,79.97
09/12/2013,80.13
08/12/2013,NaN
06/12/2013,80.27
05/12/2013,80.27
04/12/2013,80.63
03/12/2013,80.62
02/12/2013,80.91
01/12/2013,NaN
29/11/2013,80.68
27/11/2013,80.74
26/11/2013,80.61
25/11/2013,80.92
24/11/2013,NaN
22/11/2013,80.71
21/11/2013,81.05
20/11/2013,81.11
19/11/2013,80.7
18/11/2013,80.83
17/11/2013,NaN
15/11/2013,80.84
14/11/2013,80.98
13/11/2013,80.93
12/11/2013,81.19
11/11/2013,81.09
10/11/2013,NaN
08/11/2013,81.21
07/11/2013,80.82
06/11/2013,80.48
05/11/2013,80.71
04/11/2013,80.55
02/11/2013,NaN
31/10/2013,80.73
30/10/2013,80.2
29/10/2013,79.75
28/10/2013,79.63
27/10/2013,79.25
26/10/2013,NaN
24/10/2013,79.18
23/10/2013,79.19
22/10/2013,79.26
21/10/2013,79.24
20/10/2013,79.68
19/10/2013,NaN
17/10/2013,79.64
16/10/2013,79.65
15/10/2013,80.5
14/10/2013,80.48
13/10/2013,80.26
12/10/2013,NaN
10/10/2013,80.36
09/10/2013,80.42
08/10/2013,80.37
07/10/2013,80.06
06/10/2013,79.94
05/10/2013,NaN
03/10/2013,80.12
02/10/2013,79.77
01/10/2013,79.88
30/09/2013,80.1
29/09/2013,80.22
28/09/2013,NaN
26/09/2013,80.27
25/09/2013,80.52
24/09/2013,80.33
23/09/2013,80.56
22/09/2013,80.45
21/09/2013,NaN
19/09/2013,80.44
18/09/2013,80.36
17/09/2013,80.24
16/09/2013,81.17
15/09/2013,81.25
14/09/2013,NaN
12/09/2013,81.45
11/09/2013,81.49
10/09/2013,81.52
09/09/2013,81.82
08/09/2013,81.79
07/09/2013,NaN
05/09/2013,82.15
04/09/2013,82.63
03/09/2013,82.17
02/09/2013,82.36
31/08/2013,NaN
29/08/2013,82.09
28/08/2013,81.95
27/08/2013,81.42
26/08/2013,81.17
25/08/2013,81.37
24/08/2013,NaN
22/08/2013,81.34
21/08/2013,81.49
20/08/2013,81.32
19/08/2013,80.91
18/08/2013,81.23
17/08/2013,NaN
15/08/2013,81.26
14/08/2013,81.13
13/08/2013,81.7
12/08/2013,81.73
11/08/2013,81.33
10/08/2013,NaN
08/08/2013,81.13
07/08/2013,81.01
06/08/2013,81.29
05/08/2013,81.6
04/08/2013,81.88
03/08/2013,NaN
01/08/2013,81.91
31/07/2013,82.34
30/07/2013,81.45
29/07/2013,81.83
28/07/2013,81.66
27/07/2013,NaN
25/07/2013,81.62
24/07/2013,81.97
23/07/2013,82.3
22/07/2013,82.01
21/07/2013,82.22
20/07/2013,NaN
18/07/2013,82.58
17/07/2013,82.82
16/07/2013,82.71
15/07/2013,82.43
14/07/2013,83.04
13/07/2013,NaN
11/07/2013,82.99
10/07/2013,82.75
09/07/2013,84.04
08/07/2013,84.58
07/07/2013,84.2
06/07/2013,NaN
04/07/2013,84.42
03/07/2013,83.23
01/07/2013,83.54
30/06/2013,82.98
29/06/2013,NaN
27/06/2013,83.17
26/06/2013,82.91
25/06/2013,82.95
24/06/2013,82.58
23/06/2013,82.43
22/06/2013,NaN
20/06/2013,82.32
19/06/2013,81.84
18/06/2013,81.43
17/06/2013,80.62
16/06/2013,80.57
15/06/2013,NaN
13/06/2013,80.67
12/06/2013,80.62
11/06/2013,80.96
10/06/2013,81.06
09/06/2013,81.65
08/06/2013,NaN
06/06/2013,81.69
05/06/2013,81.52
04/06/2013,82.57
03/06/2013,82.77
02/06/2013,82.68
01/06/2013,NaN
30/05/2013,83.38
29/05/2013,83.01
28/05/2013,83.64
27/05/2013,84.14
25/05/2013,NaN
23/05/2013,83.7
22/05/2013,83.8
21/05/2013,84.25
20/05/2013,83.86
19/05/2013,83.81
18/05/2013,NaN
16/05/2013,84.28
15/05/2013,83.77
14/05/2013,83.83
13/05/2013,83.57
12/05/2013,83.26
11/05/2013,NaN
09/05/2013,83.14
08/05/2013,82.79
07/05/2013,81.9
06/05/2013,82.3
05/05/2013,82.32
04/05/2013,NaN
02/05/2013,82.1
01/05/2013,82.21
30/04/2013,81.64
29/04/2013,81.73
28/04/2013,82.15
27/04/2013,NaN
25/04/2013,82.48
24/04/2013,82.74
23/04/2013,82.93
22/04/2013,83.03
21/04/2013,82.68
20/04/2013,NaN
18/04/2013,82.71
17/04/2013,82.55
16/04/2013,82.66
15/04/2013,81.75
14/04/2013,82.42
13/04/2013,NaN
11/04/2013,82.31
10/04/2013,82.25
09/04/2013,82.53
08/04/2013,82.31
07/04/2013,82.75
06/04/2013,NaN
04/04/2013,82.5
03/04/2013,82.68
02/04/2013,82.72
01/04/2013,82.94
31/03/2013,82.73
30/03/2013,NaN
28/03/2013,NaN
27/03/2013,82.99
26/03/2013,83.21
25/03/2013,82.88
24/03/2013,82.87
23/03/2013,NaN
21/03/2013,82.53
20/03/2013,82.8
19/03/2013,82.78
18/03/2013,82.99
17/03/2013,82.69
16/03/2013,NaN
14/03/2013,82.26
13/03/2013,82.61
12/03/2013,82.89
11/03/2013,82.58
10/03/2013,82.57
10/03/2013,NaN
08/03/2013,82.7
07/03/2013,82.08
06/03/2013,82.46
05/03/2013,82.09
04/03/2013,82.22
03/03/2013,NaN
01/03/2013,82.31
28/02/2013,81.98
27/02/2013,81.6
26/02/2013,81.87
25/02/2013,81.67
24/02/2013,NaN
22/02/2013,81.48
21/02/2013,81.46
20/02/2013,81.09
19/02/2013,80.47
17/02/2013,NaN
15/02/2013,80.58
14/02/2013,80.46
13/02/2013,80.09
12/02/2013,80.11
11/02/2013,80.31
10/02/2013,NaN
08/02/2013,80.25
07/02/2013,80.19
06/02/2013,79.72
05/02/2013,79.49
04/02/2013,79.55
03/02/2013,NaN
01/02/2013,79.13
31/01/2013,79.21
30/01/2013,79.28
29/01/2013,79.56
28/01/2013,79.78
27/01/2013,NaN
25/01/2013,79.75
24/01/2013,79.95
23/01/2013,79.92
22/01/2013,79.87
20/01/2013,NaN
18/01/2013,80.05
17/01/2013,79.65
16/01/2013,79.8
15/01/2013,79.78
14/01/2013,79.49
13/01/2013,NaN
11/01/2013,79.56
10/01/2013,79.74
09/01/2013,80.56
08/01/2013,80.35
07/01/2013,80.26
06/01/2013,NaN
04/01/2013,80.5
03/01/2013,80.43
02/01/2013,79.85
31/12/2012,79.77
30/12/2012,NaN
28/12/2012,79.68
27/12/2012,79.62
26/12/2012,79.62
24/12/2012,79.64
23/12/2012,NaN
21/12/2012,79.62
20/12/2012,79.26
19/12/2012,79.25
18/12/2012,79.36
17/12/2012,79.57
16/12/2012,NaN
14/12/2012,79.6
13/12/2012,79.93
12/12/2012,79.89
11/12/2012,80.06
10/12/2012,80.33
09/12/2012,NaN
07/12/2012,80.42
06/12/2012,80.26
05/12/2012,79.77
04/12/2012,79.64
03/12/2012,79.88
02/12/2012,NaN
30/11/2012,80.15
29/11/2012,80.2
28/11/2012,80.34
27/11/2012,80.4
26/11/2012,80.25
25/11/2012,NaN
23/11/2012,80.19
21/11/2012,80.93
20/11/2012,80.96
19/11/2012,80.87
18/11/2012,NaN
16/11/2012,81.26
15/11/2012,81.08
14/11/2012,81.06
13/11/2012,81.08
12/11/2012,81.04
11/11/2012,NaN
09/11/2012,81.03
08/11/2012,80.79
07/11/2012,80.76
06/11/2012,80.61
05/11/2012,80.75
03/11/2012,NaN
01/11/2012,80.59
31/10/2012,80.05
30/10/2012,79.92
27/10/2012,NaN
25/10/2012,80.07
24/10/2012,80.04
23/10/2012,79.97
22/10/2012,79.98
21/10/2012,79.65
20/10/2012,NaN
18/10/2012,79.64
17/10/2012,79.37
16/10/2012,79.02
15/10/2012,79.37
14/10/2012,79.74
13/10/2012,NaN
11/10/2012,79.69
10/10/2012,79.78
09/10/2012,79.92
08/10/2012,79.95
07/10/2012,79.54
06/10/2012,NaN
04/10/2012,79.34
03/10/2012,79.35
02/10/2012,79.97
01/10/2012,79.74
30/09/2012,79.82
29/09/2012,NaN
27/09/2012,79.94
26/09/2012,79.55
25/09/2012,79.89
24/09/2012,79.55
23/09/2012,79.52
22/09/2012,NaN
20/09/2012,79.33
19/09/2012,79.41
18/09/2012,79.06
17/09/2012,79.25
16/09/2012,79.01
15/09/2012,NaN
13/09/2012,78.85
12/09/2012,79.26
11/09/2012,79.74
10/09/2012,79.86
09/09/2012,80.36
08/09/2012,NaN
06/09/2012,80.25
05/09/2012,81.08
04/09/2012,81.24
03/09/2012,81.32
01/09/2012,NaN
30/08/2012,81.25
29/08/2012,81.68
28/08/2012,81.55
27/08/2012,81.37
26/08/2012,81.66
25/08/2012,NaN
23/08/2012,81.59
22/08/2012,81.36
21/08/2012,81.49
20/08/2012,81.91
19/08/2012,82.46
18/08/2012,NaN
16/08/2012,82.6
15/08/2012,82.36
14/08/2012,82.65
13/08/2012,82.48
12/08/2012,82.44
11/08/2012,NaN
09/08/2012,82.55
08/08/2012,82.64
07/08/2012,82.39
06/08/2012,82.21
05/08/2012,82.27
04/08/2012,NaN
02/08/2012,82.38
01/08/2012,83.33
31/07/2012,83.06
30/07/2012,82.64
29/07/2012,82.79
28/07/2012,NaN
26/07/2012,82.71
25/07/2012,82.81
24/07/2012,83.52
23/07/2012,84.01
22/07/2012,83.71
21/07/2012,NaN
19/07/2012,83.47
18/07/2012,82.9
17/07/2012,82.95
16/07/2012,83.03
15/07/2012,83.09
14/07/2012,NaN
12/07/2012,83.3
11/07/2012,83.65
10/07/2012,83.57
09/07/2012,83.36
08/07/2012,83.16
07/07/2012,NaN
05/07/2012,83.29
04/07/2012,82.81
03/07/2012,81.78
01/07/2012,81.87
30/06/2012,NaN
28/06/2012,81.65
27/06/2012,82.67
26/06/2012,82.56
25/06/2012,82.37
24/06/2012,82.46
23/06/2012,NaN
21/06/2012,82.22
20/06/2012,82.32
19/06/2012,81.49
18/06/2012,81.37
17/06/2012,81.94
16/06/2012,NaN
14/06/2012,81.59
13/06/2012,81.9
12/06/2012,82.05
11/06/2012,82.41
10/06/2012,82.51
09/06/2012,NaN
07/06/2012,82.51
06/06/2012,82.05
05/06/2012,82.32
04/06/2012,82.8
03/06/2012,82.55
02/06/2012,NaN
31/05/2012,82.89
30/05/2012,83.04
29/05/2012,83.01
28/05/2012,82.44
26/05/2012,NaN
24/05/2012,82.4
23/05/2012,82.29
22/05/2012,82.09
21/05/2012,81.67
20/05/2012,81.08
19/05/2012,NaN
17/05/2012,81.29
16/05/2012,81.38
15/05/2012,81.37
14/05/2012,81.22
13/05/2012,80.6
12/05/2012,NaN
10/05/2012,80.28
09/05/2012,80.11
08/05/2012,80.08
07/05/2012,79.73
06/05/2012,79.6
05/05/2012,NaN
03/05/2012,79.47
02/05/2012,79.22
01/05/2012,79.13
30/04/2012,78.86
29/04/2012,78.79
28/04/2012,NaN
26/04/2012,78.7
25/04/2012,78.91
24/04/2012,79.01
23/04/2012,79.22
22/04/2012,79.42
21/04/2012,NaN
19/04/2012,79.18
18/04/2012,79.56
17/04/2012,79.53
16/04/2012,79.47
15/04/2012,79.55
14/04/2012,NaN
12/04/2012,79.88
11/04/2012,79.28
10/04/2012,79.78
09/04/2012,79.89
08/04/2012,79.73
07/04/2012,NaN
04/04/2012,80.07
03/04/2012,79.76
02/04/2012,79.48
01/04/2012,78.82
31/03/2012,NaN
29/03/2012,78.93
28/03/2012,79.18
27/03/2012,79.16
26/03/2012,79.04
25/03/2012,78.93
24/03/2012,NaN
22/03/2012,79.34
21/03/2012,79.74
20/03/2012,79.63
19/03/2012,79.59
18/03/2012,79.45
17/03/2012,NaN
15/03/2012,79.78
14/03/2012,80.15
13/03/2012,80.56
12/03/2012,80.19
11/03/2012,79.87
11/03/2012,NaN
09/03/2012,80.04
08/03/2012,79.16
07/03/2012,79.71
06/03/2012,79.86
05/03/2012,79.32
04/03/2012,NaN
02/03/2012,79.4
01/03/2012,78.78
29/02/2012,78.73
28/02/2012,78.27
27/02/2012,78.56
26/02/2012,NaN
24/02/2012,78.35
23/02/2012,78.81
22/02/2012,79.21
21/02/2012,79.04
19/02/2012,NaN
17/02/2012,79.33
16/02/2012,79.34
15/02/2012,79.67
14/02/2012,79.58
13/02/2012,78.94
12/02/2012,NaN
10/02/2012,79.11
09/02/2012,78.56
08/02/2012,78.64
07/02/2012,78.57
06/02/2012,79.09
05/02/2012,NaN
03/02/2012,78.94
02/02/2012,78.97
01/02/2012,78.92
31/01/2012,79.28
30/01/2012,79.16
29/01/2012,NaN
27/01/2012,78.9
26/01/2012,79.41
25/01/2012,79.57
24/01/2012,79.86
23/01/2012,79.69
22/01/2012,NaN
20/01/2012,80.22
19/01/2012,80.21
18/01/2012,80.6
17/01/2012,81.18
15/01/2012,NaN
13/01/2012,81.43
12/01/2012,80.77
11/01/2012,81.35
10/01/2012,80.8
09/01/2012,81.05
08/01/2012,NaN
06/01/2012,81.24
05/01/2012,80.94
04/01/2012,80.09
03/01/2012,79.61
01/01/2012,NaN
30/12/2011,80.17
29/12/2011,80.48
28/12/2011,80.49
27/12/2011,79.79
25/12/2011,NaN
23/12/2011,80.01
22/12/2011,79.92
21/12/2011,80.02
20/12/2011,79.88
19/12/2011,80.25
18/12/2011,NaN
16/12/2011,80.25
15/12/2011,80.24
14/12/2011,80.53
13/12/2011,80.25
12/12/2011,79.57
11/12/2011,NaN
09/12/2011,78.63
08/12/2011,78.81
07/12/2011,78.48
06/12/2011,78.51
05/12/2011,78.61
04/12/2011,NaN
02/12/2011,78.63
01/12/2011,78.32
30/11/2011,78.39
29/11/2011,79.0
28/11/2011,79.29
27/11/2011,NaN
25/11/2011,79.61
23/11/2011,79.0
22/11/2011,78.23
21/11/2011,78.3
20/11/2011,NaN
18/11/2011,78.02
17/11/2011,78.29
16/11/2011,78.16
15/11/2011,77.88
14/11/2011,77.56
13/11/2011,NaN
11/11/2011,76.94
10/11/2011,77.64
09/11/2011,77.93
08/11/2011,76.67
07/11/2011,76.96
05/11/2011,NaN
03/11/2011,76.91
02/11/2011,76.67
01/11/2011,77.01
31/10/2011,77.26
30/10/2011,76.17
29/10/2011,NaN
27/10/2011,75.09
26/10/2011,74.87
25/10/2011,76.2
24/10/2011,76.25
23/10/2011,76.02
22/10/2011,NaN
20/10/2011,76.3
19/10/2011,76.97
18/10/2011,77.11
17/10/2011,77.13
16/10/2011,77.14
15/10/2011,NaN
13/10/2011,76.62
12/10/2011,76.99
11/10/2011,76.99
10/10/2011,77.58
09/10/2011,77.6
08/10/2011,NaN
06/10/2011,78.72
05/10/2011,78.53
04/10/2011,78.91
03/10/2011,79.6
02/10/2011,79.45
01/10/2011,NaN
29/09/2011,78.55
28/09/2011,77.92
27/09/2011,77.85
26/09/2011,77.51
25/09/2011,78.36
24/09/2011,NaN
22/09/2011,78.3
21/09/2011,78.38
20/09/2011,77.34
19/09/2011,77.03
18/09/2011,77.39
17/09/2011,NaN
15/09/2011,76.58
14/09/2011,76.24
13/09/2011,76.83
12/09/2011,76.91
11/09/2011,77.57
10/09/2011,NaN
08/09/2011,77.19
07/09/2011,76.24
06/09/2011,75.46
05/09/2011,75.92
03/09/2011,NaN
01/09/2011,74.75
31/08/2011,74.48
30/08/2011,74.13
29/08/2011,73.94
28/08/2011,73.72
27/08/2011,NaN
25/08/2011,73.81
24/08/2011,74.28
23/08/2011,74.01
22/08/2011,73.87
21/08/2011,74.07
20/08/2011,NaN
18/08/2011,73.99
17/08/2011,74.24
16/08/2011,73.67
15/08/2011,74.01
14/08/2011,73.84
13/08/2011,NaN
11/08/2011,74.61
10/08/2011,74.68
09/08/2011,74.64
08/08/2011,74.61
07/08/2011,74.79
06/08/2011,NaN
04/08/2011,74.6
03/08/2011,75.12
02/08/2011,74.04
01/08/2011,74.51
31/07/2011,74.26
30/07/2011,NaN
28/07/2011,73.9
27/07/2011,74.22
26/07/2011,74.09
25/07/2011,73.47
24/07/2011,74.06
23/07/2011,NaN
21/07/2011,74.2
20/07/2011,74.02
19/07/2011,74.79
18/07/2011,75.22
17/07/2011,75.48
16/07/2011,NaN
14/07/2011,75.13
13/07/2011,75.25
12/07/2011,75.21
11/07/2011,75.81
10/07/2011,75.99
09/07/2011,NaN
07/07/2011,75.18
06/07/2011,74.96
05/07/2011,75.12
04/07/2011,74.69
02/07/2011,NaN
30/06/2011,74.35
29/06/2011,74.3
28/06/2011,74.69
27/06/2011,75.06
26/06/2011,75.39
25/06/2011,NaN
23/06/2011,75.67
22/06/2011,75.45
21/06/2011,74.78
20/06/2011,74.54
19/06/2011,75.03
18/06/2011,NaN
16/06/2011,74.99
15/06/2011,75.75
14/06/2011,75.6
13/06/2011,74.33
12/06/2011,74.51
11/06/2011,NaN
09/06/2011,74.79
08/06/2011,74.19
07/06/2011,73.93
06/06/2011,73.52
05/06/2011,73.95
04/06/2011,NaN
02/06/2011,73.78
01/06/2011,74.33
31/05/2011,74.68
30/05/2011,74.64
28/05/2011,NaN
26/05/2011,74.95
25/05/2011,75.55
24/05/2011,75.93
23/05/2011,75.88
22/05/2011,76.1
21/05/2011,NaN
19/05/2011,75.43
18/05/2011,75.12
17/05/2011,75.47
16/05/2011,75.4
15/05/2011,75.47
14/05/2011,NaN
12/05/2011,75.76
11/05/2011,75.24
10/05/2011,75.33
09/05/2011,74.61
08/05/2011,74.74
07/05/2011,NaN
05/05/2011,74.84
04/05/2011,74.19
03/05/2011,73.03
02/05/2011,73.14
01/05/2011,72.95
30/04/2011,NaN
28/04/2011,72.93
27/04/2011,73.12
26/04/2011,73.52
25/04/2011,73.84
24/04/2011,73.99
23/04/2011,NaN
20/04/2011,74.0
19/04/2011,74.37
18/04/2011,75.03
17/04/2011,75.5
16/04/2011,NaN
14/04/2011,74.83
13/04/2011,74.68
12/04/2011,74.98
11/04/2011,74.85
10/04/2011,75.06
09/04/2011,NaN
07/04/2011,75.07
06/04/2011,75.59
05/04/2011,75.51
04/04/2011,75.88
03/04/2011,75.91
02/04/2011,NaN
31/03/2011,75.83
30/03/2011,75.86
29/03/2011,76.12
28/03/2011,76.25
27/03/2011,76.13
26/03/2011,NaN
24/03/2011,76.22
23/03/2011,75.66
22/03/2011,75.79
21/03/2011,75.43
20/03/2011,75.4
19/03/2011,NaN
17/03/2011,75.72
16/03/2011,76.04
15/03/2011,76.68
14/03/2011,76.33
13/03/2011,76.35
13/03/2011,NaN
11/03/2011,76.78
10/03/2011,77.28
09/03/2011,76.72
08/03/2011,76.8
07/03/2011,76.5
06/03/2011,NaN
04/03/2011,76.4
03/03/2011,76.48
02/03/2011,76.67
01/03/2011,77.05
28/02/2011,76.89
27/02/2011,NaN
25/02/2011,77.28
24/02/2011,77.06
23/02/2011,77.41
22/02/2011,77.77
20/02/2011,NaN
18/02/2011,77.66
17/02/2011,78.0
16/02/2011,78.22
15/02/2011,78.57
14/02/2011,78.61
13/02/2011,NaN
11/02/2011,78.46
10/02/2011,78.25
09/02/2011,77.64
08/02/2011,78.0
07/02/2011,78.03
06/02/2011,NaN
04/02/2011,78.04
03/02/2011,77.75
02/02/2011,77.16
01/02/2011,77.07
31/01/2011,77.74
30/01/2011,NaN
28/01/2011,78.13
27/01/2011,77.73
26/01/2011,77.9
25/01/2011,78.0
24/01/2011,78.05
23/01/2011,NaN
21/01/2011,78.21
20/01/2011,78.82
19/01/2011,78.64
18/01/2011,78.96
16/01/2011,NaN
14/01/2011,79.16
13/01/2011,79.19
12/01/2011,80.03
11/01/2011,80.85
10/01/2011,80.88
09/01/2011,NaN
07/01/2011,81.01
06/01/2011,80.79
05/01/2011,80.26
04/01/2011,79.44
03/01/2011,79.13
02/01/2011,NaN
31/12/2010,79.03
30/12/2010,79.52
29/12/2010,79.8
28/12/2010,80.36
27/12/2010,80.37
26/12/2010,NaN
23/12/2010,80.5
22/12/2010,80.73
21/12/2010,80.72
20/12/2010,80.63
19/12/2010,NaN
17/12/2010,80.37
16/12/2010,80.18
15/12/2010,80.26
14/12/2010,79.37
13/12/2010,79.28
12/12/2010,NaN
10/12/2010,80.07
09/12/2010,80.07
08/12/2010,80.0
07/12/2010,79.86
06/12/2010,79.57
05/12/2010,NaN
03/12/2010,79.38
02/12/2010,80.3
01/12/2010,80.71
30/11/2010,81.2
29/11/2010,80.84
28/11/2010,NaN
26/11/2010,80.36
24/11/2010,79.87
23/11/2010,79.68
22/11/2010,78.68
21/11/2010,NaN
19/11/2010,78.5
18/11/2010,78.62
17/11/2010,79.08
16/11/2010,79.21
15/11/2010,78.52
14/11/2010,NaN
12/11/2010,78.08
11/11/2010,78.22
10/11/2010,77.63
09/11/2010,77.44
08/11/2010,77.03
06/11/2010,NaN
04/11/2010,76.55
03/11/2010,75.88
02/11/2010,76.48
01/11/2010,76.72
31/10/2010,77.3
30/10/2010,NaN
28/10/2010,77.27
27/10/2010,77.31
26/10/2010,78.15
25/10/2010,77.71
24/10/2010,77.1
23/10/2010,NaN
21/10/2010,77.47
20/10/2010,77.42
19/10/2010,77.17
18/10/2010,78.18
17/10/2010,76.93
16/10/2010,NaN
14/10/2010,77.04
13/10/2010,76.65
12/10/2010,77.07
11/10/2010,77.36
10/10/2010,77.44
09/10/2010,NaN
07/10/2010,77.32
06/10/2010,77.39
05/10/2010,77.39
04/10/2010,77.75
03/10/2010,78.45
02/10/2010,NaN
30/09/2010,78.09
29/09/2010,78.72
28/09/2010,78.69
27/09/2010,79.01
26/09/2010,79.34
25/09/2010,NaN
23/09/2010,79.39
22/09/2010,80.01
21/09/2010,79.83
20/09/2010,80.44
19/09/2010,81.34
18/09/2010,NaN
16/09/2010,81.4
15/09/2010,81.24
14/09/2010,81.49
13/09/2010,81.08
12/09/2010,81.91
11/09/2010,NaN
09/09/2010,82.7
08/09/2010,82.67
07/09/2010,82.59
06/09/2010,82.82
04/09/2010,NaN
02/09/2010,83.1
01/09/2010,82.46
31/08/2010,82.52
30/08/2010,83.2
29/08/2010,83.16
28/08/2010,NaN
26/08/2010,82.92
25/08/2010,82.93
24/08/2010,83.26
23/08/2010,83.15
22/08/2010,83.12
21/08/2010,NaN
19/08/2010,83.06
18/08/2010,82.45
17/08/2010,82.22
16/08/2010,82.23
15/08/2010,82.53
14/08/2010,NaN
12/08/2010,82.95
11/08/2010,82.64
10/08/2010,82.29
09/08/2010,80.8
08/08/2010,80.71
07/08/2010,NaN
05/08/2010,80.41
04/08/2010,80.82
03/08/2010,80.89
02/08/2010,80.6
01/08/2010,80.94
31/07/2010,NaN
29/07/2010,81.54
28/07/2010,81.64
27/07/2010,82.18
26/07/2010,82.18
25/07/2010,82.09
24/07/2010,NaN
22/07/2010,82.46
21/07/2010,82.6
20/07/2010,83.39
19/07/2010,82.75
18/07/2010,82.51
17/07/2010,NaN
15/07/2010,82.49
14/07/2010,82.56
13/07/2010,83.43
12/07/2010,83.64
11/07/2010,84.2
10/07/2010,NaN
08/07/2010,83.95
07/07/2010,83.82
06/07/2010,83.82
05/07/2010,84.08
03/07/2010,NaN
01/07/2010,84.43
30/06/2010,84.72
29/06/2010,86.02
28/06/2010,86.03
27/06/2010,85.65
26/06/2010,NaN
24/06/2010,85.31
23/06/2010,85.73
22/06/2010,85.74
21/06/2010,86.11
20/06/2010,85.93
19/06/2010,NaN
17/06/2010,85.7
16/06/2010,85.69
15/06/2010,86.08
14/06/2010,85.98
13/06/2010,86.51
12/06/2010,NaN
10/06/2010,87.51
09/06/2010,87.17
08/06/2010,87.9
07/06/2010,88.39
06/06/2010,88.4
05/06/2010,NaN
03/06/2010,88.23
02/06/2010,87.14
01/06/2010,86.79
31/05/2010,86.64
29/05/2010,NaN
27/05/2010,86.48
26/05/2010,86.18
25/05/2010,87.12
24/05/2010,86.78
23/05/2010,86.21
22/05/2010,NaN
20/05/2010,85.37
19/05/2010,85.57
18/05/2010,86.39
17/05/2010,87.16
16/05/2010,86.21
15/05/2010,NaN
13/05/2010,86.1
12/05/2010,85.21
11/05/2010,84.83
10/05/2010,84.47
09/05/2010,84.16
08/05/2010,NaN
06/05/2010,84.45
05/05/2010,84.89
04/05/2010,84.08
03/05/2010,83.3
02/05/2010,82.27
01/05/2010,NaN
29/04/2010,81.87
28/04/2010,82.0
27/04/2010,82.38
26/04/2010,82.15
25/04/2010,81.48
24/04/2010,NaN
22/04/2010,81.35
21/04/2010,81.57
20/04/2010,81.16
19/04/2010,81.05
18/04/2010,81.0
17/04/2010,NaN
15/04/2010,80.82
14/04/2010,80.48
13/04/2010,80.19
12/04/2010,80.51
11/04/2010,80.56
10/04/2010,NaN
08/04/2010,81.09
07/04/2010,81.53
06/04/2010,81.44
05/04/2010,81.39
04/04/2010,81.09
03/04/2010,NaN
31/03/2010,80.78
