date,rice
24/11/2023,1756.5
22/11/2023,1730.0
21/11/2023,1750.0
20/11/2023,1739.5
17/11/2023,1740.5
16/11/2023,1725.0
15/11/2023,1694.0
14/11/2023,1673.0
13/11/2023,1685.0
10/11/2023,1690.0
09/11/2023,1666.5
08/11/2023,1663.0
07/11/2023,1632.0
06/11/2023,1622.0
02/11/2023,1621.5
01/11/2023,1616.0
31/10/2023,1624.5
30/10/2023,1612.0
29/10/2023,1607.0
26/10/2023,1621.5
25/10/2023,1624.5
24/10/2023,1612.0
23/10/2023,1611.5
22/10/2023,1609.5
19/10/2023,1583.5
18/10/2023,1577.5
17/10/2023,1586.0
16/10/2023,1585.5
15/10/2023,1580.5
12/10/2023,1595.5
11/10/2023,1593.0
10/10/2023,1593.0
09/10/2023,1587.0
08/10/2023,1582.5
05/10/2023,1604.5
04/10/2023,1567.5
03/10/2023,1564.5
02/10/2023,1576.5
01/10/2023,1588.0
28/09/2023,1591.0
27/09/2023,1613.0
26/09/2023,1617.5
25/09/2023,1619.0
24/09/2023,1585.0
21/09/2023,1582.5
20/09/2023,1579.5
19/09/2023,1596.0
18/09/2023,1603.0
17/09/2023,1601.5
14/09/2023,1621.5
13/09/2023,1646.0
12/09/2023,1612.0
11/09/2023,1581.0
10/09/2023,1581.5
07/09/2023,1610.0
06/09/2023,1625.5
05/09/2023,1675.0
04/09/2023,1686.0
31/08/2023,1664.5
30/08/2023,1679.0
29/08/2023,1670.5
28/08/2023,1654.5
27/08/2023,1608.0
24/08/2023,1568.0
23/08/2023,1571.5
22/08/2023,1544.0
21/08/2023,1549.0
20/08/2023,1551.5
17/08/2023,1554.5
16/08/2023,1553.5
15/08/2023,1555.0
14/08/2023,1558.5
13/08/2023,1563.5
10/08/2023,1599.0
09/08/2023,1603.5
08/08/2023,1607.0
07/08/2023,1589.0
06/08/2023,1592.0
03/08/2023,1595.0
02/08/2023,1608.0
01/08/2023,1593.5
31/07/2023,1584.5
30/07/2023,1547.0
27/07/2023,1562.5
26/07/2023,1579.0
25/07/2023,1584.5
24/07/2023,1593.0
23/07/2023,1619.5
20/07/2023,1590.0
19/07/2023,1588.5
18/07/2023,1564.5
17/07/2023,1557.5
16/07/2023,1536.5
13/07/2023,1772.5
12/07/2023,1890.0
11/07/2023,1919.5
10/07/2023,1916.0
09/07/2023,1910.0
06/07/2023,1868.5
05/07/2023,1864.0
04/07/2023,1827.0
03/07/2023,1804.5
29/06/2023,1805.5
28/06/2023,1770.5
27/06/2023,1748.5
26/06/2023,1767.5
25/06/2023,1794.0
22/06/2023,1770.0
21/06/2023,1761.0
20/06/2023,1745.0
19/06/2023,1719.0
15/06/2023,1779.5
14/06/2023,1774.0
13/06/2023,1762.5
12/06/2023,1846.5
11/06/2023,1966.5
08/06/2023,1902.5
07/06/2023,1878.0
06/06/2023,1831.0
05/06/2023,1812.5
04/06/2023,1793.5
01/06/2023,1769.0
31/05/2023,1748.0
30/05/2023,1729.0
29/05/2023,1703.0
25/05/2023,1707.0
24/05/2023,1660.0
23/05/2023,1661.5
22/05/2023,1669.0
21/05/2023,1683.5
18/05/2023,1706.5
17/05/2023,1733.5
16/05/2023,1751.0
15/05/2023,1741.0
14/05/2023,1785.5
11/05/2023,1827.5
10/05/2023,1809.5
09/05/2023,1814.5
08/05/2023,1800.5
07/05/2023,1815.0
04/05/2023,1807.0
03/05/2023,1778.0
02/05/2023,1773.0
01/05/2023,1764.5
30/04/2023,1750.0
27/04/2023,1738.5
26/04/2023,1686.0
25/04/2023,1693.0
24/04/2023,1690.0
23/04/2023,1694.0
20/04/2023,1691.5
19/04/2023,1678.0
18/04/2023,1712.0
17/04/2023,1734.0
16/04/2023,1733.0
13/04/2023,1738.5
12/04/2023,1754.5
11/04/2023,1755.0
10/04/2023,1695.5
09/04/2023,1641.0
05/04/2023,1663.5
04/04/2023,1683.0
03/04/2023,1679.0
02/04/2023,1708.0
30/03/2023,1741.5
29/03/2023,1760.0
28/03/2023,1770.5
27/03/2023,1774.5
26/03/2023,1783.5
23/03/2023,1788.0
22/03/2023,1756.0
21/03/2023,1725.5
20/03/2023,1726.5
19/03/2023,1730.5
16/03/2023,1720.0
15/03/2023,1729.0
14/03/2023,1727.0
13/03/2023,1673.0
12/03/2023,1635.0
10/03/2023,1603.5
09/03/2023,1601.0
08/03/2023,1598.0
07/03/2023,1632.5
06/03/2023,1659.5
03/03/2023,1699.5
02/03/2023,1724.0
01/03/2023,1716.5
28/02/2023,1697.0
27/02/2023,1699.0
24/02/2023,1680.0
23/02/2023,1681.0
22/02/2023,1702.5
21/02/2023,1727.0
17/02/2023,1751.5
16/02/2023,1755.5
15/02/2023,1755.0
14/02/2023,1771.0
13/02/2023,1791.0
10/02/2023,1808.5
09/02/2023,1811.5
08/02/2023,1790.0
07/02/2023,1747.5
06/02/2023,1754.5
03/02/2023,1774.0
02/02/2023,1778.0
01/02/2023,1784.5
31/01/2023,1782.5
30/01/2023,1812.0
27/01/2023,1831.0
26/01/2023,1831.0
25/01/2023,1816.0
24/01/2023,1822.5
23/01/2023,1822.5
20/01/2023,1811.0
19/01/2023,1791.0
18/01/2023,1797.0
17/01/2023,1793.5
13/01/2023,1787.0
12/01/2023,1778.0
11/01/2023,1747.0
10/01/2023,1771.0
09/01/2023,1764.0
06/01/2023,1749.5
05/01/2023,1737.5
04/01/2023,1750.0
03/01/2023,1807.5
30/12/2022,1805.0
29/12/2022,1789.5
28/12/2022,1773.0
27/12/2022,1793.5
23/12/2022,1801.5
22/12/2022,1795.5
21/12/2022,1784.0
20/12/2022,1778.0
19/12/2022,1712.0
16/12/2022,1668.5
15/12/2022,1663.5
14/12/2022,1675.5
13/12/2022,1676.5
12/12/2022,1670.5
09/12/2022,1671.5
08/12/2022,1675.5
07/12/2022,1671.0
06/12/2022,1684.5
05/12/2022,1703.5
02/12/2022,1763.5
01/12/2022,1779.5
30/11/2022,1781.0
29/11/2022,1789.5
28/11/2022,1793.0
25/11/2022,1812.0
23/11/2022,1801.0
22/11/2022,1794.5
21/11/2022,1781.0
18/11/2022,1779.5
17/11/2022,1773.0
16/11/2022,1774.0
15/11/2022,1778.0
14/11/2022,1763.0
11/11/2022,1762.0
10/11/2022,1767.5
09/11/2022,1765.0
08/11/2022,1757.5
07/11/2022,1742.0
03/11/2022,1731.0
02/11/2022,1718.5
01/11/2022,1718.5
31/10/2022,1722.5
30/10/2022,1656.0
27/10/2022,1612.5
26/10/2022,1601.0
25/10/2022,1603.0
24/10/2022,1618.5
23/10/2022,1623.5
20/10/2022,1636.0
19/10/2022,1645.0
18/10/2022,1648.5
17/10/2022,1654.0
16/10/2022,1667.0
13/10/2022,1673.5
12/10/2022,1676.0
11/10/2022,1681.0
10/10/2022,1672.0
09/10/2022,1671.5
06/10/2022,1682.5
05/10/2022,1689.0
04/10/2022,1697.0
03/10/2022,1696.5
02/10/2022,1693.5
29/09/2022,1717.0
28/09/2022,1735.0
27/09/2022,1736.0
26/09/2022,1731.5
25/09/2022,1735.0
22/09/2022,1738.0
21/09/2022,1738.5
20/09/2022,1762.5
19/09/2022,1772.5
18/09/2022,1763.5
15/09/2022,1782.5
14/09/2022,1782.0
13/09/2022,1755.0
12/09/2022,1752.0
11/09/2022,1743.0
08/09/2022,1732.0
07/09/2022,1697.0
06/09/2022,1678.0
05/09/2022,1685.0
01/09/2022,1738.0
31/08/2022,1738.5
30/08/2022,1750.5
29/08/2022,1743.0
28/08/2022,1728.0
25/08/2022,1731.5
24/08/2022,1716.0
23/08/2022,1724.5
22/08/2022,1729.0
21/08/2022,1712.5
18/08/2022,1708.5
17/08/2022,1655.5
16/08/2022,1666.5
15/08/2022,1690.0
14/08/2022,1707.5
11/08/2022,1715.5
10/08/2022,1708.0
09/08/2022,1694.5
08/08/2022,1700.0
07/08/2022,1719.5
04/08/2022,1734.0
03/08/2022,1732.5
02/08/2022,1706.0
01/08/2022,1677.5
31/07/2022,1666.0
28/07/2022,1688.5
27/07/2022,1702.0
26/07/2022,1708.5
25/07/2022,1709.5
24/07/2022,1693.0
21/07/2022,1686.5
20/07/2022,1698.5
19/07/2022,1694.5
18/07/2022,1716.0
17/07/2022,1707.0
14/07/2022,1652.5
13/07/2022,1614.0
12/07/2022,1621.5
11/07/2022,1620.5
10/07/2022,1630.5
07/07/2022,1620.0
06/07/2022,1613.5
05/07/2022,1592.5
04/07/2022,1583.0
30/06/2022,1612.0
29/06/2022,1642.5
28/06/2022,1645.0
27/06/2022,1621.0
26/06/2022,1608.0
23/06/2022,1605.5
22/06/2022,1611.5
21/06/2022,1631.5
20/06/2022,1612.5
16/06/2022,1622.0
15/06/2022,1635.5
14/06/2022,1645.5
13/06/2022,1655.5
12/06/2022,1638.0
09/06/2022,1625.0
08/06/2022,1663.5
07/06/2022,1692.0
06/06/2022,1694.0
05/06/2022,1723.0
02/06/2022,1679.5
01/06/2022,1697.5
31/05/2022,1713.5
30/05/2022,1754.5
26/05/2022,1747.0
25/05/2022,1727.5
24/05/2022,1707.5
23/05/2022,1716.5
22/05/2022,1727.0
19/05/2022,1716.5
18/05/2022,1698.5
17/05/2022,1681.0
16/05/2022,1716.5
15/05/2022,1782.5
12/05/2022,1715.0
11/05/2022,1693.5
10/05/2022,1668.5
09/05/2022,1658.5
08/05/2022,1649.5
05/05/2022,1662.0
04/05/2022,1670.0
03/05/2022,1671.5
02/05/2022,1664.5
01/05/2022,1677.5
28/04/2022,1709.0
27/04/2022,1677.5
26/04/2022,1666.0
25/04/2022,1675.0
24/04/2022,1630.0
21/04/2022,1620.5
20/04/2022,1623.0
19/04/2022,1605.5
18/04/2022,1606.5
17/04/2022,1655.0
13/04/2022,1619.5
12/04/2022,1576.0
11/04/2022,1571.0
10/04/2022,1562.5
07/04/2022,1578.0
06/04/2022,1581.5
05/04/2022,1590.5
04/04/2022,1603.5
03/04/2022,1596.5
31/03/2022,1600.5
30/03/2022,1601.0
29/03/2022,1591.5
28/03/2022,1573.0
27/03/2022,1596.0
24/03/2022,1625.5
23/03/2022,1601.0
22/03/2022,1599.0
21/03/2022,1602.5
20/03/2022,1593.0
17/03/2022,1562.5
16/03/2022,1571.0
15/03/2022,1586.5
14/03/2022,1618.0
13/03/2022,1558.0
11/03/2022,1551.0
10/03/2022,1557.0
09/03/2022,1552.5
08/03/2022,1567.0
07/03/2022,1592.0
04/03/2022,1612.0
03/03/2022,1603.0
02/03/2022,1589.0
01/03/2022,1586.0
28/02/2022,1536.5
25/02/2022,1511.0
24/02/2022,1512.0
23/02/2022,1506.0
22/02/2022,1512.0
18/02/2022,1490.0
17/02/2022,1491.0
16/02/2022,1488.0
15/02/2022,1481.0
14/02/2022,1505.0
11/02/2022,1521.0
10/02/2022,1479.5
09/02/2022,1508.5
08/02/2022,1526.0
07/02/2022,1545.0
04/02/2022,1527.5
03/02/2022,1537.5
02/02/2022,1543.5
01/02/2022,1516.5
31/01/2022,1506.0
28/01/2022,1497.5
27/01/2022,1496.0
26/01/2022,1507.0
25/01/2022,1497.0
24/01/2022,1498.0
21/01/2022,1485.0
20/01/2022,1477.0
19/01/2022,1465.5
18/01/2022,1452.0
14/01/2022,1419.0
13/01/2022,1406.5
12/01/2022,1406.5
11/01/2022,1405.0
10/01/2022,1437.0
07/01/2022,1455.0
06/01/2022,1448.5
05/01/2022,1444.5
04/01/2022,1446.0
03/01/2022,1443.5
31/12/2021,1463.0
30/12/2021,1457.5
29/12/2021,1455.0
28/12/2021,1446.5
27/12/2021,1434.0
23/12/2021,1405.0
22/12/2021,1391.5
21/12/2021,1365.5
20/12/2021,1366.0
17/12/2021,1373.0
16/12/2021,1374.5
15/12/2021,1361.0
14/12/2021,1372.0
13/12/2021,1377.5
10/12/2021,1382.5
09/12/2021,1380.0
08/12/2021,1382.0
07/12/2021,1391.5
06/12/2021,1402.5
03/12/2021,1406.5
02/12/2021,1402.0
01/12/2021,1395.0
30/11/2021,1403.5
29/11/2021,1429.5
26/11/2021,1429.0
24/11/2021,1446.0
23/11/2021,1441.5
22/11/2021,1454.5
19/11/2021,1456.5
18/11/2021,1459.0
17/11/2021,1437.0
16/11/2021,1418.5
15/11/2021,1415.0
12/11/2021,1390.5
11/11/2021,1383.5
10/11/2021,1364.5
09/11/2021,1354.5
08/11/2021,1333.5
04/11/2021,1329.0
03/11/2021,1318.5
02/11/2021,1301.5
01/11/2021,1301.5
31/10/2021,1320.5
28/10/2021,1328.0
27/10/2021,1328.0
26/10/2021,1329.5
25/10/2021,1328.0
24/10/2021,1340.0
21/10/2021,1350.5
20/10/2021,1357.0
19/10/2021,1361.0
18/10/2021,1372.0
17/10/2021,1385.0
14/10/2021,1385.5
13/10/2021,1387.0
12/10/2021,1380.5
11/10/2021,1370.5
10/10/2021,1378.0
07/10/2021,1373.5
06/10/2021,1384.0
05/10/2021,1361.0
04/10/2021,1352.5
03/10/2021,1354.0
30/09/2021,1361.5
29/09/2021,1371.5
28/09/2021,1380.5
27/09/2021,1393.0
26/09/2021,1399.5
23/09/2021,1390.0
22/09/2021,1383.0
21/09/2021,1388.5
20/09/2021,1385.0
19/09/2021,1372.5
16/09/2021,1378.0
15/09/2021,1368.5
14/09/2021,1379.0
13/09/2021,1343.5
12/09/2021,1332.5
09/09/2021,1326.0
08/09/2021,1308.5
07/09/2021,1310.0
06/09/2021,1310.0
02/09/2021,1307.0
01/09/2021,1305.5
31/08/2021,1297.5
30/08/2021,1313.0
29/08/2021,1316.0
26/08/2021,1323.0
25/08/2021,1331.0
24/08/2021,1335.5
23/08/2021,1337.5
22/08/2021,1339.0
19/08/2021,1327.0
18/08/2021,1319.5
17/08/2021,1328.5
16/08/2021,1344.5
15/08/2021,1355.0
12/08/2021,1353.0
11/08/2021,1352.5
10/08/2021,1343.0
09/08/2021,1348.5
08/08/2021,1339.0
05/08/2021,1332.0
04/08/2021,1328.5
03/08/2021,1319.5
02/08/2021,1340.0
01/08/2021,1349.5
29/07/2021,1368.0
28/07/2021,1368.0
27/07/2021,1366.0
26/07/2021,1348.0
25/07/2021,1354.5
22/07/2021,1361.5
21/07/2021,1354.0
20/07/2021,1331.0
19/07/2021,1319.0
18/07/2021,1304.0
15/07/2021,1323.0
14/07/2021,1321.5
13/07/2021,1283.0
12/07/2021,1283.0
11/07/2021,1266.0
08/07/2021,1260.0
07/07/2021,1248.5
06/07/2021,1260.5
05/07/2021,1252.0
01/07/2021,1284.0
30/06/2021,1315.5
29/06/2021,1317.5
28/06/2021,1325.0
27/06/2021,1315.5
24/06/2021,1315.0
23/06/2021,1323.5
22/06/2021,1334.5
21/06/2021,1315.0
20/06/2021,1272.0
17/06/2021,1261.0
16/06/2021,1223.0
15/06/2021,1236.0
14/06/2021,1231.0
13/06/2021,1250.5
10/06/2021,1285.0
09/06/2021,1293.0
08/06/2021,1308.5
07/06/2021,1314.0
06/06/2021,1327.0
03/06/2021,1331.0
02/06/2021,1329.5
01/06/2021,1331.0
31/05/2021,1328.5
27/05/2021,1330.0
26/05/2021,1323.5
25/05/2021,1319.0
24/05/2021,1320.0
23/05/2021,1315.0
20/05/2021,1318.5
19/05/2021,1328.0
18/05/2021,1336.5
17/05/2021,1335.0
16/05/2021,1345.5
13/05/2021,1333.0
12/05/2021,1336.0
11/05/2021,1372.5
10/05/2021,1374.0
09/05/2021,1388.0
06/05/2021,1419.0
05/05/2021,1390.5
04/05/2021,1412.5
03/05/2021,1384.0
02/05/2021,1343.0
29/04/2021,1338.5
28/04/2021,1337.0
27/04/2021,1316.5
26/04/2021,1313.5
25/04/2021,1322.0
22/04/2021,1343.0
21/04/2021,1336.0
20/04/2021,1286.5
19/04/2021,1284.0
18/04/2021,1284.5
15/04/2021,1288.0
14/04/2021,1305.0
13/04/2021,1316.5
12/04/2021,1313.0
11/04/2021,1310.0
08/04/2021,1309.0
07/04/2021,1311.0
06/04/2021,1317.0
05/04/2021,1313.0
04/04/2021,1316.0
31/03/2021,1311.5
30/03/2021,1318.0
29/03/2021,1322.0
28/03/2021,1326.5
25/03/2021,1308.5
24/03/2021,1315.0
23/03/2021,1339.5
22/03/2021,1321.0
21/03/2021,1321.5
18/03/2021,1314.5
17/03/2021,1303.0
16/03/2021,1321.5
15/03/2021,1301.0
14/03/2021,1294.0
12/03/2021,1277.5
11/03/2021,1277.0
10/03/2021,1275.5
09/03/2021,1291.5
08/03/2021,1297.0
05/03/2021,1294.5
04/03/2021,1307.5
03/03/2021,1316.5
02/03/2021,1305.5
01/03/2021,1279.5
26/02/2021,1275.0
25/02/2021,1280.5
24/02/2021,1287.0
23/02/2021,1283.5
22/02/2021,1289.0
19/02/2021,1287.0
18/02/2021,1273.0
17/02/2021,1274.5
16/02/2021,1271.5
12/02/2021,1281.0
11/02/2021,1289.0
10/02/2021,1288.0
09/02/2021,1291.5
08/02/2021,1297.0
05/02/2021,1300.0
04/02/2021,1302.5
03/02/2021,1309.0
02/02/2021,1336.0
01/02/2021,1334.0
29/01/2021,1346.0
28/01/2021,1339.0
27/01/2021,1345.5
26/01/2021,1330.5
25/01/2021,1323.5
22/01/2021,1327.5
21/01/2021,1324.5
20/01/2021,1321.0
19/01/2021,1319.5
15/01/2021,1311.5
14/01/2021,1289.5
13/01/2021,1288.0
12/01/2021,1261.0
11/01/2021,1234.0
08/01/2021,1241.5
07/01/2021,1245.0
06/01/2021,1242.0
05/01/2021,1235.5
04/01/2021,1245.0
31/12/2020,1240.0
30/12/2020,1220.5
29/12/2020,1220.5
28/12/2020,1199.5
24/12/2020,1228.0
23/12/2020,1239.0
22/12/2020,1236.5
21/12/2020,1236.0
18/12/2020,1258.0
17/12/2020,1258.5
16/12/2020,1234.0
15/12/2020,1233.0
14/12/2020,1241.5
11/12/2020,1247.0
10/12/2020,1240.0
09/12/2020,1236.5
08/12/2020,1233.0
07/12/2020,1231.0
04/12/2020,1222.5
03/12/2020,1232.5
02/12/2020,1245.0
01/12/2020,1253.0
30/11/2020,1255.5
27/11/2020,1267.5
25/11/2020,1244.5
24/11/2020,1239.0
23/11/2020,1244.0
20/11/2020,1246.5
19/11/2020,1244.0
18/11/2020,1245.0
17/11/2020,1233.0
16/11/2020,1228.0
13/11/2020,1205.0
12/11/2020,1205.0
11/11/2020,1223.0
10/11/2020,1228.5
09/11/2020,1239.0
06/11/2020,1241.5
05/11/2020,1267.0
04/11/2020,1252.0
03/11/2020,1249.0
02/11/2020,1254.5
29/10/2020,1252.5
28/10/2020,1247.0
27/10/2020,1247.0
26/10/2020,1248.0
25/10/2020,1229.0
22/10/2020,1234.5
21/10/2020,1222.0
20/10/2020,1219.5
19/10/2020,1224.0
18/10/2020,1245.0
15/10/2020,1237.5
14/10/2020,1251.5
13/10/2020,1243.0
12/10/2020,1223.5
11/10/2020,1230.5
08/10/2020,1246.5
07/10/2020,1265.5
06/10/2020,1266.0
05/10/2020,1262.5
04/10/2020,1269.5
01/10/2020,1255.0
30/09/2020,1251.0
29/09/2020,1247.5
28/09/2020,1251.0
27/09/2020,1246.0
24/09/2020,1245.0
23/09/2020,1256.0
22/09/2020,1249.0
21/09/2020,1252.0
20/09/2020,1222.0
17/09/2020,1251.5
16/09/2020,1225.0
15/09/2020,1216.0
14/09/2020,1215.0
13/09/2020,1221.5
10/09/2020,1221.5
09/09/2020,1258.0
08/09/2020,1254.0
07/09/2020,1255.5
03/09/2020,1250.0
02/09/2020,1244.5
01/09/2020,1239.0
31/08/2020,1225.0
30/08/2020,1249.0
27/08/2020,1232.0
26/08/2020,1262.0
25/08/2020,1225.5
24/08/2020,1202.0
23/08/2020,1226.0
20/08/2020,1230.0
19/08/2020,1216.5
18/08/2020,1204.0
17/08/2020,1192.0
16/08/2020,1197.5
13/08/2020,1189.0
12/08/2020,1175.5
11/08/2020,1178.0
10/08/2020,1168.0
09/08/2020,1171.0
06/08/2020,1152.5
05/08/2020,1148.0
04/08/2020,1168.0
03/08/2020,1157.0
02/08/2020,1159.0
30/07/2020,1159.5
29/07/2020,1153.5
28/07/2020,1138.5
27/07/2020,1142.5
26/07/2020,1164.0
23/07/2020,1180.5
22/07/2020,1183.5
21/07/2020,1187.0
20/07/2020,1180.5
19/07/2020,1181.5
16/07/2020,1182.5
15/07/2020,1179.0
14/07/2020,1199.0
13/07/2020,1618.0
12/07/2020,1618.0
09/07/2020,1615.5
08/07/2020,1631.5
07/07/2020,1631.5
06/07/2020,1652.0
05/07/2020,1641.5
01/07/2020,1652.5
30/06/2020,1594.0
29/06/2020,1450.5
28/06/2020,1370.0
25/06/2020,1357.0
24/06/2020,1355.5
23/06/2020,1394.0
22/06/2020,1406.0
21/06/2020,1400.0
18/06/2020,1402.0
17/06/2020,1404.0
16/06/2020,1454.5
15/06/2020,1573.0
14/06/2020,1668.0
11/06/2020,1606.5
10/06/2020,1456.5
09/06/2020,1606.5
08/06/2020,1756.5
07/06/2020,1906.5
04/06/2020,2056.5
03/06/2020,2206.5
02/06/2020,2056.5
01/06/2020,1906.5
31/05/2020,1811.5
28/05/2020,1721.5
27/05/2020,1688.5
26/05/2020,1636.0
25/05/2020,1624.0
21/05/2020,1605.0
20/05/2020,1604.0
19/05/2020,1608.5
18/05/2020,1607.0
17/05/2020,1607.0
14/05/2020,1601.5
13/05/2020,1742.0
12/05/2020,1742.0
11/05/2020,1722.5
10/05/2020,1681.0
07/05/2020,1670.0
06/05/2020,1685.0
05/05/2020,1669.0
04/05/2020,1614.5
03/05/2020,1620.0
30/04/2020,1677.5
29/04/2020,1715.5
28/04/2020,1800.0
27/04/2020,1686.0
26/04/2020,1697.5
23/04/2020,1661.0
22/04/2020,1667.5
21/04/2020,1582.5
20/04/2020,1514.0
19/04/2020,1456.0
16/04/2020,1449.5
15/04/2020,1432.5
14/04/2020,1419.0
13/04/2020,1428.0
12/04/2020,1432.5
08/04/2020,1452.0
07/04/2020,1431.5
06/04/2020,1434.0
05/04/2020,1468.0
02/04/2020,1455.0
01/04/2020,1424.5
31/03/2020,1405.5
30/03/2020,1403.5
29/03/2020,1409.5
26/03/2020,1397.0
25/03/2020,1377.0
24/03/2020,1362.5
23/03/2020,1328.0
22/03/2020,1323.5
19/03/2020,1328.5
18/03/2020,1392.0
17/03/2020,1429.0
16/03/2020,1395.0
15/03/2020,1361.5
12/03/2020,1312.0
11/03/2020,1315.0
10/03/2020,1297.5
09/03/2020,1284.5
08/03/2020,1278.0
06/03/2020,1288.0
05/03/2020,1303.0
04/03/2020,1340.5
03/03/2020,1345.5
02/03/2020,1350.0
28/02/2020,1351.5
27/02/2020,1341.5
26/02/2020,1342.5
25/02/2020,1336.5
24/02/2020,1337.0
21/02/2020,1338.5
20/02/2020,1343.5
19/02/2020,1342.5
18/02/2020,1343.0
14/02/2020,1333.0
13/02/2020,1330.5
12/02/2020,1339.0
11/02/2020,1360.5
10/02/2020,1369.5
07/02/2020,1361.5
06/02/2020,1352.5
05/02/2020,1354.0
04/02/2020,1358.5
03/02/2020,1356.5
31/01/2020,1361.0
30/01/2020,1356.0
29/01/2020,1366.5
28/01/2020,1358.5
27/01/2020,1347.0
24/01/2020,1358.5
23/01/2020,1362.5
22/01/2020,1343.5
21/01/2020,1341.5
17/01/2020,1351.5
16/01/2020,1333.5
15/01/2020,1336.0
14/01/2020,1305.0
13/01/2020,1297.0
10/01/2020,1307.5
09/01/2020,1300.0
08/01/2020,1283.5
07/01/2020,1283.5
06/01/2020,1281.5
03/01/2020,1299.5
02/01/2020,1293.5
31/12/2019,1313.5
30/12/2019,1296.5
27/12/2019,1303.0
26/12/2019,1287.5
24/12/2019,1294.0
23/12/2019,1291.5
20/12/2019,1288.0
19/12/2019,1279.5
18/12/2019,1278.5
17/12/2019,1268.0
16/12/2019,1260.5
13/12/2019,1251.5
12/12/2019,1243.0
11/12/2019,1243.0
10/12/2019,1245.0
09/12/2019,1245.0
06/12/2019,1231.0
05/12/2019,1229.5
04/12/2019,1229.5
03/12/2019,1233.5
02/12/2019,1247.5
29/11/2019,1248.5
27/11/2019,1239.0
26/11/2019,1224.0
25/11/2019,1219.5
22/11/2019,1218.0
21/11/2019,1224.5
20/11/2019,1210.0
19/11/2019,1209.0
18/11/2019,1209.0
15/11/2019,1189.0
14/11/2019,1165.0
13/11/2019,1169.5
12/11/2019,1174.0
11/11/2019,1178.0
08/11/2019,1180.0
07/11/2019,1177.0
06/11/2019,1173.0
05/11/2019,1171.0
04/11/2019,1158.5
31/10/2019,1172.5
30/10/2019,1173.0
29/10/2019,1170.0
28/10/2019,1164.5
27/10/2019,1158.0
24/10/2019,1180.0
23/10/2019,1173.0
22/10/2019,1167.0
21/10/2019,1170.0
20/10/2019,1179.5
17/10/2019,1191.0
16/10/2019,1199.0
15/10/2019,1198.0
14/10/2019,1188.5
13/10/2019,1199.0
10/10/2019,1206.0
09/10/2019,1204.0
08/10/2019,1200.5
07/10/2019,1184.0
06/10/2019,1164.5
03/10/2019,1166.0
02/10/2019,1171.5
01/10/2019,1171.5
30/09/2019,1187.0
29/09/2019,1201.5
26/09/2019,1215.5
25/09/2019,1208.0
24/09/2019,1189.5
23/09/2019,1200.0
22/09/2019,1206.0
19/09/2019,1231.5
18/09/2019,1236.5
17/09/2019,1231.0
16/09/2019,1227.5
15/09/2019,1221.5
12/09/2019,1197.0
11/09/2019,1193.5
10/09/2019,1184.5
09/09/2019,1176.5
08/09/2019,1168.0
05/09/2019,1169.0
04/09/2019,1169.0
03/09/2019,1170.0
02/09/2019,1168.5
29/08/2019,1167.0
28/08/2019,1156.0
27/08/2019,1133.5
26/08/2019,1115.0
25/08/2019,1122.0
22/08/2019,1098.0
21/08/2019,1087.0
20/08/2019,1091.0
19/08/2019,1098.0
18/08/2019,1103.0
15/08/2019,1120.0
14/08/2019,1132.0
13/08/2019,1150.0
12/08/2019,1145.5
11/08/2019,1157.0
08/08/2019,1137.0
07/08/2019,1135.5
06/08/2019,1137.0
05/08/2019,1134.0
04/08/2019,1143.0
01/08/2019,1170.5
31/07/2019,1195.0
30/07/2019,1194.5
29/07/2019,1209.5
28/07/2019,1231.0
25/07/2019,1219.5
24/07/2019,1212.5
23/07/2019,1203.5
22/07/2019,1197.0
21/07/2019,1192.0
18/07/2019,1194.5
17/07/2019,1189.0
16/07/2019,1181.5
15/07/2019,1178.5
14/07/2019,1188.5
11/07/2019,1168.0
10/07/2019,1166.5
09/07/2019,1165.5
08/07/2019,1160.0
07/07/2019,1144.0
04/07/2019,1120.5
03/07/2019,1110.0
01/07/2019,1097.0
30/06/2019,1121.5
27/06/2019,1127.5
26/06/2019,1114.0
25/06/2019,1100.0
24/06/2019,1105.5
23/06/2019,1118.0
20/06/2019,1129.5
19/06/2019,1122.5
18/06/2019,1136.5
17/06/2019,1156.5
16/06/2019,1161.5
13/06/2019,1164.0
12/06/2019,1165.0
11/06/2019,1174.0
10/06/2019,1157.5
09/06/2019,1177.0
06/06/2019,1172.5
05/06/2019,1173.5
04/06/2019,1164.5
03/06/2019,1168.0
02/06/2019,1169.5
30/05/2019,NaN
29/05/2019,NaN
28/05/2019,NaN
27/05/2019,NaN
23/05/2019,NaN
22/05/2019,NaN
21/05/2019,NaN
20/05/2019,NaN
19/05/2019,NaN
16/05/2019,NaN
15/05/2019,NaN
14/05/2019,NaN
13/05/2019,1081.5
12/05/2019,1072.0
09/05/2019,1072.0
08/05/2019,1066.0
07/05/2019,1066.0
06/05/2019,1064.5
05/05/2019,1041.0
02/05/2019,1047.0
01/05/2019,1041.0
30/04/2019,1025.5
29/04/2019,1027.5
28/04/2019,1031.5
25/04/2019,1019.5
24/04/2019,1016.0
23/04/2019,1016.0
22/04/2019,1022.5
21/04/2019,1045.0
17/04/2019,1042.5
16/04/2019,1048.0
15/04/2019,1051.5
14/04/2019,1055.5
11/04/2019,1046.0
10/04/2019,1028.5
09/04/2019,1023.5
08/04/2019,1029.0
07/04/2019,1042.0
04/04/2019,1051.5
03/04/2019,1055.0
02/04/2019,1067.0
01/04/2019,1079.5
31/03/2019,1086.0
28/03/2019,1085.0
27/03/2019,1090.5
26/03/2019,1114.5
25/03/2019,1126.0
24/03/2019,1116.5
21/03/2019,1121.0
20/03/2019,1108.5
19/03/2019,1094.0
18/03/2019,1078.0
17/03/2019,1071.5
14/03/2019,1072.5
13/03/2019,1057.5
12/03/2019,1059.5
11/03/2019,1048.5
10/03/2019,1047.0
08/03/2019,1059.0
07/03/2019,1054.0
06/03/2019,1062.5
05/03/2019,1047.5
04/03/2019,1044.0
01/03/2019,1028.5
28/02/2019,1039.5
27/02/2019,1028.5
26/02/2019,1036.5
25/02/2019,1010.0
22/02/2019,1019.0
21/02/2019,1021.0
20/02/2019,1003.5
19/02/2019,986.5
15/02/2019,999.5
14/02/2019,1018.5
13/02/2019,1026.0
12/02/2019,1025.0
11/02/2019,1027.0
08/02/2019,1036.5
07/02/2019,1050.0
06/02/2019,1057.5
05/02/2019,1073.5
04/02/2019,1068.0
01/02/2019,1065.0
31/01/2019,1061.0
30/01/2019,1063.0
29/01/2019,1072.5
28/01/2019,1072.0
25/01/2019,1067.0
24/01/2019,1067.5
23/01/2019,1076.0
22/01/2019,1065.0
18/01/2019,1062.5
17/01/2019,1050.0
16/01/2019,1046.5
15/01/2019,1038.0
14/01/2019,1043.0
11/01/2019,1053.0
10/01/2019,1059.5
09/01/2019,1055.0
08/01/2019,1049.0
07/01/2019,1040.5
04/01/2019,1022.5
03/01/2019,1017.0
02/01/2019,1008.5
31/12/2018,1009.5
28/12/2018,1005.5
27/12/2018,1012.5
26/12/2018,1031.0
24/12/2018,1042.0
21/12/2018,1055.0
20/12/2018,1052.5
19/12/2018,1050.0
18/12/2018,1053.0
17/12/2018,1055.5
14/12/2018,1057.5
13/12/2018,1045.0
12/12/2018,1055.0
11/12/2018,1064.5
10/12/2018,1066.5
07/12/2018,1077.0
06/12/2018,1083.0
04/12/2018,1097.5
03/12/2018,1098.0
30/11/2018,1088.5
29/11/2018,1091.5
28/11/2018,1082.0
27/11/2018,1084.5
26/11/2018,1075.0
23/11/2018,1076.0
21/11/2018,1078.5
20/11/2018,1073.5
19/11/2018,1077.0
16/11/2018,1089.0
15/11/2018,1074.0
14/11/2018,1090.0
13/11/2018,1087.5
12/11/2018,1064.5
09/11/2018,1059.5
08/11/2018,1061.5
07/11/2018,1070.0
06/11/2018,1065.5
05/11/2018,1075.5
01/11/2018,1070.0
31/10/2018,1063.5
30/10/2018,1058.0
29/10/2018,1044.0
28/10/2018,1047.5
25/10/2018,1073.0
24/10/2018,1079.5
23/10/2018,1085.5
22/10/2018,1082.0
21/10/2018,1083.5
18/10/2018,1103.5
17/10/2018,1096.0
16/10/2018,1096.0
15/10/2018,1088.5
14/10/2018,1075.0
11/10/2018,1068.5
10/10/2018,1068.5
09/10/2018,1093.5
08/10/2018,1095.0
07/10/2018,1087.5
04/10/2018,1082.0
03/10/2018,1078.0
02/10/2018,1049.0
01/10/2018,1026.5
30/09/2018,1013.5
27/09/2018,978.0
26/09/2018,978.5
25/09/2018,978.5
24/09/2018,987.5
23/09/2018,983.0
20/09/2018,988.0
19/09/2018,987.5
18/09/2018,979.5
17/09/2018,1004.5
16/09/2018,1030.0
13/09/2018,1066.5
12/09/2018,1066.5
11/09/2018,1064.5
10/09/2018,1064.5
09/09/2018,1081.5
06/09/2018,1084.5
05/09/2018,1077.5
04/09/2018,1070.5
03/09/2018,1085.0
30/08/2018,1083.0
29/08/2018,1067.0
28/08/2018,1081.0
27/08/2018,1059.5
26/08/2018,1051.0
23/08/2018,1078.5
22/08/2018,1080.0
21/08/2018,1080.0
20/08/2018,1054.0
19/08/2018,1026.5
16/08/2018,1035.0
15/08/2018,1046.0
14/08/2018,1032.5
13/08/2018,1019.5
12/08/2018,1030.5
09/08/2018,1055.0
08/08/2018,1074.0
07/08/2018,1065.0
06/08/2018,1091.0
05/08/2018,1127.5
02/08/2018,1149.5
01/08/2018,1163.0
31/07/2018,1187.5
30/07/2018,1191.5
29/07/2018,1195.5
26/07/2018,1200.5
25/07/2018,1200.0
24/07/2018,1204.5
23/07/2018,1205.5
22/07/2018,1199.0
19/07/2018,1193.0
18/07/2018,1186.5
17/07/2018,1182.5
16/07/2018,1201.0
15/07/2018,1204.5
12/07/2018,1181.5
11/07/2018,1183.5
10/07/2018,1181.0
09/07/2018,1181.0
08/07/2018,1215.0
05/07/2018,1211.5
04/07/2018,1223.5
03/07/2018,1200.0
01/07/2018,1179.5
28/06/2018,1161.0
27/06/2018,1142.0
26/06/2018,1170.0
25/06/2018,1250.5
24/06/2018,1247.0
21/06/2018,1260.0
20/06/2018,1269.5
19/06/2018,1265.0
18/06/2018,1221.0
17/06/2018,1274.5
14/06/2018,1236.0
13/06/2018,1230.5
12/06/2018,1209.0
11/06/2018,1192.5
10/06/2018,1164.0
07/06/2018,1118.0
06/06/2018,1121.5
05/06/2018,1155.5
04/06/2018,1094.5
03/06/2018,1121.5
31/05/2018,1144.5
30/05/2018,1156.0
29/05/2018,1166.0
28/05/2018,1146.0
24/05/2018,1156.5
23/05/2018,1156.0
22/05/2018,1192.0
21/05/2018,1233.0
20/05/2018,1223.0
17/05/2018,1232.5
16/05/2018,1250.0
15/05/2018,1255.0
14/05/2018,1248.5
13/05/2018,1232.5
10/05/2018,1248.5
09/05/2018,1235.5
08/05/2018,1245.0
07/05/2018,1252.5
06/05/2018,1253.0
03/05/2018,1268.0
02/05/2018,1274.5
01/05/2018,1275.5
30/04/2018,1263.5
29/04/2018,1278.5
26/04/2018,1281.0
25/04/2018,1271.0
24/04/2018,1310.5
23/04/2018,1313.0
22/04/2018,1306.5
19/04/2018,1299.0
18/04/2018,1308.0
17/04/2018,1317.5
16/04/2018,1315.5
15/04/2018,1305.5
12/04/2018,1311.0
11/04/2018,1288.5
10/04/2018,1280.5
09/04/2018,1277.5
08/04/2018,1282.0
05/04/2018,1249.5
04/04/2018,1239.0
03/04/2018,1242.0
02/04/2018,1238.5
01/04/2018,1231.0
28/03/2018,1235.5
27/03/2018,1244.5
26/03/2018,1244.5
25/03/2018,1246.0
22/03/2018,1236.0
21/03/2018,1232.5
20/03/2018,1231.5
19/03/2018,1220.5
18/03/2018,1228.5
15/03/2018,1246.0
14/03/2018,1241.0
13/03/2018,1210.0
12/03/2018,1210.0
11/03/2018,1213.5
09/03/2018,1216.0
08/03/2018,1226.0
07/03/2018,1231.5
06/03/2018,1231.0
05/03/2018,1230.0
02/03/2018,1226.5
01/03/2018,1242.0
28/02/2018,1239.0
27/02/2018,1195.0
26/02/2018,1189.0
23/02/2018,1196.5
22/02/2018,1202.0
21/02/2018,1196.0
20/02/2018,1185.5
16/02/2018,1201.5
15/02/2018,1195.0
14/02/2018,1225.0
13/02/2018,1228.5
12/02/2018,1239.0
09/02/2018,1232.5
08/02/2018,1244.5
07/02/2018,1250.0
06/02/2018,1255.0
05/02/2018,1253.0
02/02/2018,1246.0
01/02/2018,1240.5
31/01/2018,1244.0
30/01/2018,1241.0
29/01/2018,1243.5
26/01/2018,1233.5
25/01/2018,1214.0
24/01/2018,1216.5
23/01/2018,1220.0
22/01/2018,1218.0
19/01/2018,1220.5
18/01/2018,1214.5
17/01/2018,1215.0
16/01/2018,1214.5
12/01/2018,1158.0
11/01/2018,1152.0
10/01/2018,1169.5
09/01/2018,1171.0
08/01/2018,1164.5
05/01/2018,1156.5
04/01/2018,1147.5
03/01/2018,1141.0
02/01/2018,1153.5
29/12/2017,1168.0
28/12/2017,1165.5
27/12/2017,1179.0
26/12/2017,1179.5
22/12/2017,1195.0
21/12/2017,1199.5
20/12/2017,1184.0
19/12/2017,1171.5
18/12/2017,1171.0
15/12/2017,1170.5
14/12/2017,1171.5
13/12/2017,1177.0
12/12/2017,1226.0
11/12/2017,1222.0
08/12/2017,1206.5
07/12/2017,1213.0
06/12/2017,1218.5
05/12/2017,1233.0
04/12/2017,1218.0
01/12/2017,1246.0
30/11/2017,1253.0
29/11/2017,1237.5
28/11/2017,1230.5
27/11/2017,1229.5
24/11/2017,1242.0
22/11/2017,1242.0
21/11/2017,1234.0
20/11/2017,1237.5
17/11/2017,1228.5
16/11/2017,1216.5
15/11/2017,1208.5
14/11/2017,1124.0
13/11/2017,1112.0
10/11/2017,1116.5
09/11/2017,1117.5
08/11/2017,1114.0
07/11/2017,1124.0
06/11/2017,1124.0
02/11/2017,1128.5
01/11/2017,1115.0
31/10/2017,1120.0
30/10/2017,1129.0
29/10/2017,1145.0
26/10/2017,1155.0
25/10/2017,1149.0
24/10/2017,1166.5
23/10/2017,1160.5
22/10/2017,1197.5
19/10/2017,1207.5
18/10/2017,1193.0
17/10/2017,1194.5
16/10/2017,1213.0
15/10/2017,1212.0
12/10/2017,1218.5
11/10/2017,1225.0
10/10/2017,1203.5
09/10/2017,1202.0
08/10/2017,1184.0
05/10/2017,1188.5
04/10/2017,1191.5
03/10/2017,1203.0
02/10/2017,1201.5
01/10/2017,1202.0
28/09/2017,1199.5
27/09/2017,1197.0
26/09/2017,1190.0
25/09/2017,1197.0
24/09/2017,1202.0
21/09/2017,1236.5
20/09/2017,1271.0
19/09/2017,1280.5
18/09/2017,1278.0
17/09/2017,1288.5
14/09/2017,1280.5
13/09/2017,1252.5
12/09/2017,1264.0
11/09/2017,1269.5
10/09/2017,1240.0
07/09/2017,1245.5
06/09/2017,1242.5
05/09/2017,1245.5
04/09/2017,1249.5
31/08/2017,1266.5
30/08/2017,1255.0
29/08/2017,1239.5
28/08/2017,1228.5
27/08/2017,1233.0
24/08/2017,1239.5
23/08/2017,1237.0
22/08/2017,1230.0
21/08/2017,1220.5
20/08/2017,1218.5
17/08/2017,1214.5
16/08/2017,1212.0
15/08/2017,1218.5
14/08/2017,1224.5
13/08/2017,1234.0
10/08/2017,1249.5
09/08/2017,1225.0
08/08/2017,1231.0
07/08/2017,1214.5
06/08/2017,1204.5
03/08/2017,1233.0
02/08/2017,1238.5
01/08/2017,1249.0
31/07/2017,1237.0
30/07/2017,1226.0
27/07/2017,1241.5
26/07/2017,1231.5
25/07/2017,1227.5
24/07/2017,1230.0
23/07/2017,1214.0
20/07/2017,1198.5
19/07/2017,1200.0
18/07/2017,1186.5
17/07/2017,1186.5
16/07/2017,1184.0
13/07/2017,1141.5
12/07/2017,1150.0
11/07/2017,1157.5
10/07/2017,1181.5
09/07/2017,1175.5
06/07/2017,1172.0
05/07/2017,1164.5
04/07/2017,1161.0
03/07/2017,1151.5
29/06/2017,1150.5
28/06/2017,1159.0
27/06/2017,1142.5
26/06/2017,1129.0
25/06/2017,1118.0
22/06/2017,1125.5
21/06/2017,1110.5
20/06/2017,1117.5
19/06/2017,1137.0
18/06/2017,1152.0
15/06/2017,1140.0
14/06/2017,1147.5
13/06/2017,1103.0
12/06/2017,1125.5
11/06/2017,1130.0
08/06/2017,1132.0
07/06/2017,1123.0
06/06/2017,1123.0
05/06/2017,1109.5
04/06/2017,1104.5
01/06/2017,1112.0
31/05/2017,1105.0
30/05/2017,1113.0
29/05/2017,1118.5
25/05/2017,1097.5
24/05/2017,1093.0
23/05/2017,1105.5
22/05/2017,1091.0
21/05/2017,1105.5
18/05/2017,1083.0
17/05/2017,1088.5
16/05/2017,1091.0
15/05/2017,1062.5
14/05/2017,1063.0
11/05/2017,1023.0
10/05/2017,1041.5
09/05/2017,1005.5
08/05/2017,964.5
07/05/2017,970.0
04/05/2017,962.0
03/05/2017,965.0
02/05/2017,963.5
01/05/2017,933.0
30/04/2017,935.5
27/04/2017,913.0
26/04/2017,913.5
25/04/2017,914.5
24/04/2017,929.5
23/04/2017,960.5
20/04/2017,977.0
19/04/2017,985.0
18/04/2017,1005.0
17/04/2017,1005.0
16/04/2017,1010.0
12/04/2017,1017.0
11/04/2017,1018.0
10/04/2017,1026.5
09/04/2017,1026.5
06/04/2017,1023.0
05/04/2017,1018.0
04/04/2017,1017.5
03/04/2017,1007.0
02/04/2017,1007.0
30/03/2017,989.5
29/03/2017,984.5
28/03/2017,986.5
27/03/2017,975.5
26/03/2017,980.5
23/03/2017,978.0
22/03/2017,985.0
21/03/2017,978.0
20/03/2017,977.0
19/03/2017,985.5
16/03/2017,991.5
15/03/2017,983.0
14/03/2017,967.5
13/03/2017,955.0
12/03/2017,962.0
10/03/2017,946.5
09/03/2017,946.5
08/03/2017,938.5
07/03/2017,927.5
06/03/2017,932.5
03/03/2017,932.5
02/03/2017,935.5
01/03/2017,938.0
28/02/2017,928.5
27/02/2017,935.5
24/02/2017,942.5
23/02/2017,947.0
22/02/2017,946.0
21/02/2017,943.0
17/02/2017,933.5
16/02/2017,934.0
15/02/2017,939.0
14/02/2017,943.5
13/02/2017,948.5
10/02/2017,956.5
09/02/2017,947.5
08/02/2017,955.5
07/02/2017,942.5
06/02/2017,948.5
03/02/2017,954.5
02/02/2017,953.5
01/02/2017,953.0
31/01/2017,953.5
30/01/2017,976.5
27/01/2017,981.0
26/01/2017,975.0
25/01/2017,984.0
24/01/2017,993.0
23/01/2017,980.0
20/01/2017,982.0
19/01/2017,983.5
18/01/2017,992.0
17/01/2017,995.0
13/01/2017,965.0
12/01/2017,977.0
11/01/2017,939.0
10/01/2017,945.5
09/01/2017,946.0
06/01/2017,944.0
05/01/2017,951.0
04/01/2017,949.5
03/01/2017,936.5
30/12/2016,935.5
29/12/2016,924.0
28/12/2016,925.0
27/12/2016,930.0
23/12/2016,921.0
22/12/2016,928.5
21/12/2016,936.5
20/12/2016,946.0
19/12/2016,947.5
16/12/2016,948.0
15/12/2016,946.5
14/12/2016,970.5
13/12/2016,978.5
12/12/2016,985.5
09/12/2016,992.0
08/12/2016,977.0
07/12/2016,993.0
06/12/2016,996.0
05/12/2016,998.5
02/12/2016,962.5
01/12/2016,972.0
30/11/2016,970.5
29/11/2016,953.5
28/11/2016,958.5
25/11/2016,962.5
23/11/2016,953.5
22/11/2016,956.0
21/11/2016,981.0
18/11/2016,963.5
17/11/2016,951.0
16/11/2016,969.5
15/11/2016,939.0
14/11/2016,912.5
10/11/2016,959.0
09/11/2016,947.0
08/11/2016,951.5
07/11/2016,958.0
03/11/2016,964.0
02/11/2016,954.5
01/11/2016,944.5
31/10/2016,960.5
30/10/2016,985.5
27/10/2016,987.0
26/10/2016,1014.5
25/10/2016,999.5
24/10/2016,983.5
23/10/2016,985.0
20/10/2016,1029.0
19/10/2016,1032.5
18/10/2016,1040.5
17/10/2016,1042.0
16/10/2016,1040.5
13/10/2016,1016.0
12/10/2016,1023.0
11/10/2016,1018.0
10/10/2016,1039.5
06/10/2016,1009.5
05/10/2016,1011.0
04/10/2016,1004.0
03/10/2016,1009.5
02/10/2016,1006.5
29/09/2016,988.5
28/09/2016,977.0
27/09/2016,974.0
26/09/2016,978.0
25/09/2016,967.5
22/09/2016,965.0
21/09/2016,966.0
20/09/2016,967.5
19/09/2016,989.5
18/09/2016,976.0
15/09/2016,981.5
14/09/2016,979.0
13/09/2016,958.0
12/09/2016,938.0
11/09/2016,950.5
08/09/2016,929.0
07/09/2016,930.5
06/09/2016,933.5
05/09/2016,938.5
01/09/2016,956.0
31/08/2016,920.5
30/08/2016,919.5
29/08/2016,928.0
28/08/2016,947.0
25/08/2016,973.0
24/08/2016,978.5
23/08/2016,1008.0
22/08/2016,1030.5
21/08/2016,1047.5
18/08/2016,1025.5
17/08/2016,1022.0
16/08/2016,1022.5
15/08/2016,1043.5
14/08/2016,1024.5
11/08/2016,965.5
10/08/2016,931.5
09/08/2016,952.0
08/08/2016,970.0
07/08/2016,966.0
04/08/2016,930.5
03/08/2016,932.5
02/08/2016,954.5
01/08/2016,956.5
31/07/2016,968.5
28/07/2016,994.0
27/07/2016,977.0
26/07/2016,982.5
25/07/2016,1002.5
24/07/2016,1036.0
21/07/2016,1040.5
20/07/2016,1061.0
19/07/2016,1081.0
18/07/2016,1078.5
17/07/2016,1076.0
14/07/2016,1052.0
13/07/2016,1037.5
12/07/2016,1048.5
11/07/2016,1073.5
10/07/2016,1075.0
07/07/2016,1069.0
06/07/2016,1097.0
05/07/2016,1056.5
04/07/2016,1028.5
30/06/2016,1036.5
29/06/2016,1050.5
28/06/2016,1064.5
27/06/2016,1067.5
26/06/2016,1084.5
23/06/2016,1076.0
22/06/2016,1081.0
21/06/2016,1098.5
20/06/2016,1103.0
19/06/2016,1110.5
16/06/2016,1129.5
15/06/2016,1131.0
14/06/2016,1161.5
13/06/2016,1129.5
12/06/2016,1131.5
09/06/2016,1135.5
08/06/2016,1132.0
07/06/2016,1153.0
06/06/2016,1174.0
05/06/2016,1170.5
02/06/2016,1137.0
01/06/2016,1137.0
31/05/2016,1099.5
30/05/2016,1094.0
26/05/2016,1076.5
25/05/2016,1106.0
24/05/2016,1123.5
23/05/2016,1157.0
22/05/2016,1161.5
19/05/2016,1177.0
18/05/2016,1184.5
17/05/2016,1214.5
16/05/2016,1211.0
15/05/2016,1193.0
12/05/2016,1148.5
11/05/2016,1159.5
10/05/2016,1126.5
09/05/2016,1117.0
08/05/2016,1099.0
05/05/2016,1121.0
04/05/2016,1112.0
03/05/2016,1117.5
02/05/2016,1117.0
01/05/2016,1106.0
28/04/2016,1084.0
27/04/2016,1073.5
26/04/2016,1083.5
25/04/2016,1095.0
24/04/2016,1083.5
21/04/2016,1049.0
20/04/2016,1066.5
19/04/2016,1065.0
18/04/2016,1036.0
17/04/2016,1026.0
14/04/2016,1031.5
13/04/2016,1022.0
12/04/2016,989.0
11/04/2016,978.5
10/04/2016,984.5
07/04/2016,995.0
06/04/2016,985.0
05/04/2016,974.5
04/04/2016,979.0
03/04/2016,980.0
31/03/2016,975.5
30/03/2016,969.0
29/03/2016,1003.0
28/03/2016,1006.5
27/03/2016,1019.0
23/03/2016,1026.5
22/03/2016,1030.5
21/03/2016,1040.5
20/03/2016,1037.5
17/03/2016,1045.0
16/03/2016,1054.5
15/03/2016,1048.5
14/03/2016,1037.0
13/03/2016,1010.5
11/03/2016,1009.5
10/03/2016,1010.5
09/03/2016,1014.0
08/03/2016,1029.5
07/03/2016,1045.5
04/03/2016,1026.5
03/03/2016,1026.0
02/03/2016,1024.0
01/03/2016,1037.0
29/02/2016,1049.5
26/02/2016,1039.0
25/02/2016,1043.5
24/02/2016,1066.0
23/02/2016,1059.5
22/02/2016,1070.5
19/02/2016,1102.0
18/02/2016,1086.0
17/02/2016,1104.0
16/02/2016,1084.0
15/02/2016,NaN
12/02/2016,1076.5
11/02/2016,1101.5
10/02/2016,1113.0
09/02/2016,1076.0
08/02/2016,1092.0
05/02/2016,1112.0
04/02/2016,1105.0
03/02/2016,1113.5
02/02/2016,1117.5
01/02/2016,1100.5
29/01/2016,1135.0
28/01/2016,1131.0
27/01/2016,1126.5
26/01/2016,1107.5
25/01/2016,1101.0
22/01/2016,1096.0
21/01/2016,1098.0
20/01/2016,1084.0
19/01/2016,1087.5
18/01/2016,NaN
15/01/2016,1066.5
14/01/2016,1085.5
13/01/2016,1107.5
12/01/2016,1149.0
11/01/2016,1154.0
08/01/2016,1161.5
07/01/2016,1138.5
06/01/2016,1157.5
05/01/2016,1167.0
04/01/2016,1151.0
31/12/2015,1156.5
30/12/2015,1154.0
29/12/2015,1166.5
28/12/2015,1106.0
24/12/2015,1082.0
23/12/2015,1090.0
22/12/2015,1083.5
21/12/2015,1095.0
18/12/2015,1108.0
17/12/2015,1111.0
16/12/2015,1095.5
15/12/2015,1090.0
14/12/2015,1098.5
11/12/2015,1105.5
10/12/2015,1111.0
09/12/2015,1100.5
08/12/2015,1097.0
07/12/2015,1087.5
04/12/2015,1118.0
03/12/2015,1123.5
02/12/2015,1139.5
01/12/2015,1171.5
30/11/2015,1190.5
27/11/2015,1195.5
25/11/2015,1213.0
24/11/2015,1219.0
23/11/2015,1210.5
20/11/2015,1213.0
19/11/2015,1184.5
18/11/2015,1184.0
17/11/2015,1206.5
16/11/2015,1184.0
13/11/2015,1196.0
12/11/2015,1211.0
11/11/2015,1163.5
10/11/2015,1163.5
09/11/2015,1179.5
06/11/2015,1218.5
05/11/2015,1219.0
04/11/2015,1217.0
03/11/2015,1189.5
02/11/2015,1188.5
29/10/2015,1161.0
28/10/2015,1153.5
27/10/2015,1140.0
26/10/2015,1160.0
25/10/2015,1165.5
22/10/2015,1185.5
21/10/2015,1213.5
20/10/2015,1226.0
19/10/2015,1217.5
18/10/2015,1210.5
15/10/2015,1211.0
14/10/2015,1228.0
13/10/2015,1214.5
12/10/2015,1259.5
11/10/2015,1288.5
08/10/2015,1299.5
07/10/2015,1299.0
06/10/2015,1332.5
05/10/2015,1336.5
04/10/2015,1340.0
01/10/2015,1325.0
30/09/2015,1330.0
29/09/2015,1320.0
28/09/2015,1332.5
27/09/2015,1334.0
24/09/2015,1327.0
23/09/2015,1301.5
22/09/2015,1291.0
21/09/2015,1274.5
20/09/2015,1280.5
17/09/2015,1295.0
16/09/2015,1289.5
15/09/2015,1286.5
14/09/2015,1297.0
13/09/2015,1278.5
10/09/2015,1260.0
09/09/2015,1243.5
08/09/2015,1221.5
07/09/2015,1201.0
03/09/2015,1185.0
02/09/2015,1179.5
01/09/2015,1169.0
31/08/2015,1159.5
30/08/2015,1188.0
27/08/2015,1159.0
26/08/2015,1130.0
25/08/2015,1131.0
24/08/2015,1134.5
23/08/2015,1139.5
20/08/2015,1165.0
19/08/2015,1163.5
18/08/2015,1190.0
17/08/2015,1184.0
16/08/2015,1199.5
13/08/2015,1182.0
12/08/2015,1190.0
11/08/2015,1171.0
10/08/2015,1179.0
09/08/2015,1186.0
06/08/2015,1143.0
05/08/2015,1144.0
04/08/2015,1154.0
03/08/2015,1145.5
02/08/2015,1139.5
30/07/2015,1151.5
29/07/2015,1143.5
28/07/2015,1120.0
27/07/2015,1098.0
26/07/2015,1096.0
23/07/2015,1104.5
22/07/2015,1111.0
21/07/2015,1112.0
20/07/2015,1100.5
19/07/2015,1089.0
16/07/2015,1092.0
15/07/2015,1096.0
14/07/2015,1106.0
13/07/2015,1090.5
12/07/2015,1070.5
09/07/2015,1085.5
08/07/2015,1081.5
07/07/2015,1076.5
06/07/2015,1064.5
05/07/2015,1056.5
01/07/2015,1038.0
30/06/2015,1035.5
29/06/2015,1016.5
28/06/2015,979.0
25/06/2015,996.0
24/06/2015,1004.5
23/06/2015,1012.5
22/06/2015,983.5
21/06/2015,984.5
18/06/2015,972.0
17/06/2015,981.5
16/06/2015,973.0
15/06/2015,980.0
14/06/2015,977.5
11/06/2015,968.0
10/06/2015,979.5
09/06/2015,987.0
08/06/2015,998.0
07/06/2015,994.5
04/06/2015,980.5
03/06/2015,992.5
02/06/2015,986.5
01/06/2015,977.5
31/05/2015,965.0
28/05/2015,951.0
27/05/2015,951.0
26/05/2015,943.0
25/05/2015,942.0
21/05/2015,943.0
20/05/2015,961.5
19/05/2015,957.0
18/05/2015,965.0
17/05/2015,979.5
14/05/2015,957.5
13/05/2015,936.5
12/05/2015,922.0
11/05/2015,922.0
10/05/2015,938.0
07/05/2015,950.5
06/05/2015,946.5
05/05/2015,954.5
04/05/2015,972.0
03/05/2015,985.0
30/04/2015,995.0
29/04/2015,1003.0
28/04/2015,1016.0
27/04/2015,996.5
26/04/2015,985.5
23/04/2015,998.0
22/04/2015,1006.0
21/04/2015,1015.5
20/04/2015,998.0
19/04/2015,977.5
16/04/2015,990.5
15/04/2015,996.5
14/04/2015,1009.5
13/04/2015,1021.0
12/04/2015,1010.5
09/04/2015,1026.0
08/04/2015,1040.0
07/04/2015,1057.5
06/04/2015,1068.0
05/04/2015,1082.5
01/04/2015,1086.5
31/03/2015,1078.0
30/03/2015,1087.5
29/03/2015,1112.0
26/03/2015,1099.0
25/03/2015,1111.0
24/03/2015,1096.0
23/03/2015,1112.5
22/03/2015,1103.0
19/03/2015,1092.0
18/03/2015,1092.5
17/03/2015,1104.5
16/03/2015,1062.5
15/03/2015,1052.5
12/03/2015,1043.5
11/03/2015,1047.0
10/03/2015,1050.5
09/03/2015,1029.0
08/03/2015,1030.5
06/03/2015,1023.5
05/03/2015,1035.0
04/03/2015,1046.5
03/03/2015,1036.0
02/03/2015,1053.5
27/02/2015,1047.0
26/02/2015,1038.5
25/02/2015,1049.5
24/02/2015,1044.5
23/02/2015,1046.5
20/02/2015,1079.0
19/02/2015,1080.0
18/02/2015,1087.0
17/02/2015,1068.0
13/02/2015,1052.5
12/02/2015,1033.0
11/02/2015,1038.0
10/02/2015,1023.5
09/02/2015,1043.5
06/02/2015,1074.0
05/02/2015,1045.0
04/02/2015,1025.0
03/02/2015,1038.5
02/02/2015,1030.5
30/01/2015,1057.0
29/01/2015,1086.0
28/01/2015,1073.5
27/01/2015,1097.0
26/01/2015,1088.5
23/01/2015,1101.0
22/01/2015,1116.0
21/01/2015,1137.0
20/01/2015,1126.5
16/01/2015,1132.5
15/01/2015,1133.0
14/01/2015,1098.5
13/01/2015,1124.0
12/01/2015,1124.5
09/01/2015,1132.5
08/01/2015,1129.5
07/01/2015,1141.0
06/01/2015,1136.0
05/01/2015,1133.0
02/01/2015,1129.0
31/12/2014,1149.0
30/12/2014,1164.0
29/12/2014,1182.0
26/12/2014,1216.5
24/12/2014,1212.5
23/12/2014,1218.5
22/12/2014,1216.0
19/12/2014,1231.0
18/12/2014,1211.0
17/12/2014,1211.5
16/12/2014,1208.0
15/12/2014,1243.0
12/12/2014,1235.0
11/12/2014,1208.5
10/12/2014,1226.0
09/12/2014,1229.0
08/12/2014,1204.5
05/12/2014,1206.5
04/12/2014,1212.0
03/12/2014,1214.0
02/12/2014,1218.5
01/12/2014,1214.0
28/11/2014,1233.5
26/11/2014,1228.0
25/11/2014,1237.0
24/11/2014,1244.5
21/11/2014,1259.5
20/11/2014,1258.0
19/11/2014,1240.5
18/11/2014,1200.0
17/11/2014,1191.0
14/11/2014,1173.0
13/11/2014,1171.5
12/11/2014,1178.5
11/11/2014,1162.0
10/11/2014,1172.5
07/11/2014,1187.0
06/11/2014,1184.0
05/11/2014,1215.5
04/11/2014,1216.5
03/11/2014,1205.5
30/10/2014,1200.5
29/10/2014,1191.0
28/10/2014,1213.0
27/10/2014,1205.5
26/10/2014,1223.5
23/10/2014,1240.5
22/10/2014,1236.5
21/10/2014,1253.0
20/10/2014,1255.5
19/10/2014,1250.0
16/10/2014,1254.5
15/10/2014,1251.0
14/10/2014,1259.0
13/10/2014,1272.0
12/10/2014,1263.0
09/10/2014,1258.5
08/10/2014,1259.5
07/10/2014,1262.5
06/10/2014,1274.0
05/10/2014,1270.5
02/10/2014,1258.5
01/10/2014,1255.5
30/09/2014,1264.0
29/09/2014,1274.5
28/09/2014,1273.5
25/09/2014,1281.5
24/09/2014,1270.5
23/09/2014,1273.0
22/09/2014,1266.0
21/09/2014,1255.0
18/09/2014,1270.0
17/09/2014,1262.0
16/09/2014,1251.0
15/09/2014,1271.5
14/09/2014,1276.0
11/09/2014,1255.0
10/09/2014,1232.5
09/09/2014,1222.0
08/09/2014,1225.0
07/09/2014,1232.0
04/09/2014,1237.5
03/09/2014,1240.0
02/09/2014,1242.5
01/09/2014,1252.5
28/08/2014,1258.5
27/08/2014,1268.5
26/08/2014,1279.5
25/08/2014,1285.5
24/08/2014,1297.0
21/08/2014,1282.5
20/08/2014,1282.5
19/08/2014,1311.0
18/08/2014,1312.0
17/08/2014,1314.5
14/08/2014,1290.5
13/08/2014,1285.5
12/08/2014,1265.5
11/08/2014,1265.0
10/08/2014,1262.5
07/08/2014,1266.0
06/08/2014,1273.5
05/08/2014,1262.5
04/08/2014,1267.5
03/08/2014,1282.5
31/07/2014,1279.0
30/07/2014,1298.5
29/07/2014,1297.0
28/07/2014,1313.0
27/07/2014,1292.5
24/07/2014,1294.0
23/07/2014,1308.5
22/07/2014,1312.0
21/07/2014,1316.5
20/07/2014,1298.0
17/07/2014,1312.5
16/07/2014,1328.0
15/07/2014,1299.0
14/07/2014,1287.0
13/07/2014,1438.0
10/07/2014,1450.0
09/07/2014,1460.0
08/07/2014,1460.0
07/07/2014,1484.5
06/07/2014,1461.5
03/07/2014,1455.0
01/07/2014,1466.0
30/06/2014,1450.0
29/06/2014,1454.0
26/06/2014,1459.0
25/06/2014,1473.0
24/06/2014,1484.0
23/06/2014,1479.0
22/06/2014,1462.5
19/06/2014,1463.5
18/06/2014,1469.0
17/06/2014,1478.5
16/06/2014,1465.0
15/06/2014,1466.5
12/06/2014,1451.0
11/06/2014,1442.0
10/06/2014,1412.5
09/06/2014,1403.5
08/06/2014,1414.5
05/06/2014,1417.5
04/06/2014,1408.0
03/06/2014,1422.5
02/06/2014,1455.0
01/06/2014,1486.5
29/05/2014,1498.5
28/05/2014,1502.5
27/05/2014,1505.0
26/05/2014,1509.0
22/05/2014,1524.5
21/05/2014,1532.0
20/05/2014,1527.0
19/05/2014,1530.0
18/05/2014,1532.5
15/05/2014,1540.0
14/05/2014,1538.0
13/05/2014,1520.5
12/05/2014,1523.0
11/05/2014,1528.0
08/05/2014,1530.0
07/05/2014,1531.0
06/05/2014,1540.5
05/05/2014,1556.5
04/05/2014,1552.5
01/05/2014,1550.0
30/04/2014,1564.5
29/04/2014,1561.5
28/04/2014,1562.5
27/04/2014,1545.0
24/04/2014,1542.0
23/04/2014,1540.5
22/04/2014,1524.0
21/04/2014,1519.0
20/04/2014,1519.0
16/04/2014,1536.0
15/04/2014,1538.5
14/04/2014,1541.0
13/04/2014,1542.0
10/04/2014,1565.5
09/04/2014,1563.5
08/04/2014,1550.5
07/04/2014,1557.5
06/04/2014,1559.0
03/04/2014,1576.0
02/04/2014,1570.0
01/04/2014,1565.5
31/03/2014,1569.0
30/03/2014,1560.0
27/03/2014,1551.0
26/03/2014,1547.0
25/03/2014,1539.0
24/03/2014,1533.5
23/03/2014,1552.0
20/03/2014,1542.5
19/03/2014,1555.5
18/03/2014,1552.0
17/03/2014,1540.0
16/03/2014,1550.5
13/03/2014,1512.0
12/03/2014,1515.5
11/03/2014,1518.5
10/03/2014,1522.0
09/03/2014,1505.0
07/03/2014,1524.0
06/03/2014,1521.0
05/03/2014,1507.0
04/03/2014,1526.0
03/03/2014,1511.0
28/02/2014,1537.5
27/02/2014,1541.5
26/02/2014,1561.0
25/02/2014,1575.0
24/02/2014,1604.5
21/02/2014,1571.5
20/02/2014,1576.0
19/02/2014,1579.5
18/02/2014,1585.5
14/02/2014,1558.5
13/02/2014,1571.0
12/02/2014,1562.5
11/02/2014,1553.0
10/02/2014,1554.5
07/02/2014,1534.0
06/02/2014,1538.5
05/02/2014,1532.0
04/02/2014,1536.0
03/02/2014,1530.0
31/01/2014,1540.0
30/01/2014,1542.5
29/01/2014,1545.0
28/01/2014,1552.0
27/01/2014,1548.0
24/01/2014,1542.5
23/01/2014,1543.0
22/01/2014,1550.5
21/01/2014,1545.0
17/01/2014,1560.0
16/01/2014,1558.0
15/01/2014,1564.0
14/01/2014,1557.5
13/01/2014,1553.5
10/01/2014,1557.0
09/01/2014,1561.0
08/01/2014,1564.0
07/01/2014,1557.5
06/01/2014,1578.5
03/01/2014,1576.0
02/01/2014,1577.5
31/12/2013,1551.0
30/12/2013,1544.0
27/12/2013,1545.0
26/12/2013,1544.0
24/12/2013,1550.0
23/12/2013,1540.0
20/12/2013,1550.0
19/12/2013,1536.0
18/12/2013,1526.5
17/12/2013,1548.5
16/12/2013,1555.0
13/12/2013,1554.5
12/12/2013,1546.0
11/12/2013,1547.5
10/12/2013,1556.0
09/12/2013,1551.0
06/12/2013,1554.5
05/12/2013,1565.5
04/12/2013,1590.5
03/12/2013,1593.0
02/12/2013,1590.0
29/11/2013,1596.0
27/11/2013,1583.5
26/11/2013,1574.0
25/11/2013,1580.5
22/11/2013,1571.5
21/11/2013,1581.0
20/11/2013,1568.5
19/11/2013,1584.0
18/11/2013,1584.5
15/11/2013,1576.5
14/11/2013,1597.5
13/11/2013,1575.0
12/11/2013,1568.0
11/11/2013,1578.0
08/11/2013,1584.5
07/11/2013,1568.0
06/11/2013,1554.5
05/11/2013,1535.5
04/11/2013,1523.0
31/10/2013,1519.5
30/10/2013,1502.5
29/10/2013,1525.5
28/10/2013,1558.0
27/10/2013,1536.0
24/10/2013,1554.0
23/10/2013,1553.5
22/10/2013,1546.0
21/10/2013,1528.5
20/10/2013,1526.0
17/10/2013,1529.0
16/10/2013,1545.0
15/10/2013,1544.5
14/10/2013,1548.0
13/10/2013,1515.5
10/10/2013,1511.5
09/10/2013,1523.0
08/10/2013,1512.5
07/10/2013,1475.5
06/10/2013,1482.5
03/10/2013,1487.0
02/10/2013,1490.0
01/10/2013,1497.5
30/09/2013,1497.5
29/09/2013,1513.0
26/09/2013,1540.0
25/09/2013,1532.0
24/09/2013,1548.0
23/09/2013,1548.5
22/09/2013,1553.5
19/09/2013,1554.5
18/09/2013,1568.0
17/09/2013,1561.0
16/09/2013,1553.0
15/09/2013,1556.5
12/09/2013,1614.5
11/09/2013,1560.5
10/09/2013,1566.0
09/09/2013,1542.5
08/09/2013,1533.0
05/09/2013,1545.0
04/09/2013,1569.5
03/09/2013,1568.5
02/09/2013,1579.0
29/08/2013,1580.5
28/08/2013,1565.0
27/08/2013,1661.0
26/08/2013,1643.5
25/08/2013,1624.0
22/08/2013,1577.5
21/08/2013,1560.5
20/08/2013,1560.0
19/08/2013,1578.0
18/08/2013,1550.5
15/08/2013,1556.0
14/08/2013,1540.0
13/08/2013,1526.0
12/08/2013,1506.0
11/08/2013,1501.5
08/08/2013,1519.0
07/08/2013,1528.0
06/08/2013,1534.5
05/08/2013,1569.5
04/08/2013,1576.0
01/08/2013,1580.0
31/07/2013,1585.5
30/07/2013,1582.5
29/07/2013,1589.5
28/07/2013,1584.0
25/07/2013,1588.5
24/07/2013,1574.5
23/07/2013,1592.5
22/07/2013,1577.0
21/07/2013,1540.5
18/07/2013,1555.5
17/07/2013,1539.0
16/07/2013,1528.0
15/07/2013,1526.0
14/07/2013,1517.0
11/07/2013,1550.0
10/07/2013,1560.0
09/07/2013,1551.0
08/07/2013,1541.5
07/07/2013,1502.5
04/07/2013,1517.5
03/07/2013,1539.0
01/07/2013,1546.0
30/06/2013,1575.0
27/06/2013,1574.0
26/06/2013,1550.0
25/06/2013,1564.5
24/06/2013,1557.0
23/06/2013,1561.5
20/06/2013,1591.0
19/06/2013,1597.5
18/06/2013,1628.0
17/06/2013,1628.5
16/06/2013,1632.5
13/06/2013,1650.5
12/06/2013,1656.5
11/06/2013,1628.5
10/06/2013,1614.0
09/06/2013,1600.0
06/06/2013,1585.5
05/06/2013,1585.5
04/06/2013,1578.0
03/06/2013,1552.0
02/06/2013,1546.0
30/05/2013,1529.5
29/05/2013,1516.5
28/05/2013,1546.0
27/05/2013,1532.0
23/05/2013,1571.5
22/05/2013,1555.5
21/05/2013,1534.0
20/05/2013,1518.0
19/05/2013,1517.5
16/05/2013,1523.5
15/05/2013,1528.0
14/05/2013,1523.0
13/05/2013,1526.0
12/05/2013,1535.5
09/05/2013,1519.5
08/05/2013,1528.5
07/05/2013,1507.5
06/05/2013,1525.0
05/05/2013,1531.5
02/05/2013,1520.0
01/05/2013,1502.5
30/04/2013,1502.0
29/04/2013,1485.5
28/04/2013,1466.0
25/04/2013,1480.0
24/04/2013,1485.5
23/04/2013,1490.5
22/04/2013,1506.5
21/04/2013,1510.5
18/04/2013,1523.0
17/04/2013,1537.5
16/04/2013,1553.0
15/04/2013,1560.5
14/04/2013,1544.0
11/04/2013,1582.0
10/04/2013,1576.5
09/04/2013,1567.5
08/04/2013,1570.5
07/04/2013,1558.0
04/04/2013,1549.5
03/04/2013,1566.5
02/04/2013,1565.0
01/04/2013,1576.5
31/03/2013,1526.5
28/03/2013,NaN
27/03/2013,1536.0
26/03/2013,1533.0
25/03/2013,1499.5
24/03/2013,1492.5
21/03/2013,1490.0
20/03/2013,1478.5
19/03/2013,1465.5
18/03/2013,1472.0
17/03/2013,1454.0
14/03/2013,1468.0
13/03/2013,1441.5
12/03/2013,1456.5
11/03/2013,1501.5
10/03/2013,1500.0
08/03/2013,1512.5
07/03/2013,1516.0
06/03/2013,1509.5
05/03/2013,1513.0
04/03/2013,1533.5
01/03/2013,1553.0
28/02/2013,1550.0
27/02/2013,1547.5
26/02/2013,1548.0
25/02/2013,1542.0
22/02/2013,1558.5
21/02/2013,1583.5
20/02/2013,1602.5
19/02/2013,1592.0
15/02/2013,1583.5
14/02/2013,1572.0
13/02/2013,1585.5
12/02/2013,1566.0
11/02/2013,1584.5
08/02/2013,1634.5
07/02/2013,1612.0
06/02/2013,1620.0
05/02/2013,1615.0
04/02/2013,1591.0
01/02/2013,1556.0
31/01/2013,1550.5
30/01/2013,1540.0
29/01/2013,1552.5
28/01/2013,1535.0
25/01/2013,1548.0
24/01/2013,1528.5
23/01/2013,1530.5
22/01/2013,1540.0
18/01/2013,1516.0
17/01/2013,1524.0
16/01/2013,1515.0
15/01/2013,1506.0
14/01/2013,1485.0
11/01/2013,1503.5
10/01/2013,1487.0
09/01/2013,1500.0
08/01/2013,1496.0
07/01/2013,1497.5
04/01/2013,1503.0
03/01/2013,1478.0
02/01/2013,1475.5
31/12/2012,1486.0
28/12/2012,1495.5
27/12/2012,1499.5
26/12/2012,1515.0
24/12/2012,1534.5
21/12/2012,1520.5
20/12/2012,1527.5
19/12/2012,1519.5
18/12/2012,1515.5
17/12/2012,1520.5
14/12/2012,1542.0
13/12/2012,1550.0
12/12/2012,1534.5
11/12/2012,1552.0
10/12/2012,1545.0
07/12/2012,1526.5
06/12/2012,1531.0
05/12/2012,1555.5
04/12/2012,1541.0
03/12/2012,1537.5
30/11/2012,1527.0
29/11/2012,1511.0
28/11/2012,1519.0
27/11/2012,1508.5
26/11/2012,1492.0
23/11/2012,1503.5
21/11/2012,1483.0
20/11/2012,1492.5
19/11/2012,1484.5
16/11/2012,1484.5
15/11/2012,1486.5
14/11/2012,1438.0
13/11/2012,1451.5
12/11/2012,1462.5
09/11/2012,1494.0
08/11/2012,1477.0
07/11/2012,1493.5
06/11/2012,1503.5
05/11/2012,1486.0
01/11/2012,1471.0
31/10/2012,1476.5
30/10/2012,1483.0
25/10/2012,1479.5
24/10/2012,1491.5
23/10/2012,1505.5
22/10/2012,1498.0
21/10/2012,1490.0
18/10/2012,1502.0
17/10/2012,1492.5
16/10/2012,1513.5
15/10/2012,1487.0
14/10/2012,1501.0
11/10/2012,1502.5
10/10/2012,1497.5
09/10/2012,1502.5
08/10/2012,1523.0
07/10/2012,1536.5
04/10/2012,1510.5
03/10/2012,1537.0
02/10/2012,1524.0
01/10/2012,1537.0
30/09/2012,1524.0
27/09/2012,1547.5
26/09/2012,1516.5
25/09/2012,1500.0
24/09/2012,1488.5
23/09/2012,1518.5
20/09/2012,1524.0
19/09/2012,1519.0
18/09/2012,1512.0
17/09/2012,1494.5
16/09/2012,1529.0
13/09/2012,1510.0
12/09/2012,1487.0
11/09/2012,1472.0
10/09/2012,1449.0
09/09/2012,1453.5
06/09/2012,1471.5
05/09/2012,1438.0
04/09/2012,1467.5
03/09/2012,1492.0
30/08/2012,1501.0
29/08/2012,1503.5
28/08/2012,1522.5
27/08/2012,1538.5
26/08/2012,1531.0
23/08/2012,1541.0
22/08/2012,1542.0
21/08/2012,1558.5
20/08/2012,1572.0
19/08/2012,1559.5
16/08/2012,1542.0
15/08/2012,1532.0
14/08/2012,1516.5
13/08/2012,1529.0
12/08/2012,1565.5
09/08/2012,1594.5
08/08/2012,1592.0
07/08/2012,1568.5
06/08/2012,1574.5
05/08/2012,1595.0
02/08/2012,1597.5
01/08/2012,1587.5
31/07/2012,1558.5
30/07/2012,1561.5
29/07/2012,1583.5
26/07/2012,1560.0
25/07/2012,1538.0
24/07/2012,1556.5
23/07/2012,1518.0
22/07/2012,1545.0
19/07/2012,1553.5
18/07/2012,1549.5
17/07/2012,1553.5
16/07/2012,1555.5
15/07/2012,1564.0
12/07/2012,1486.0
11/07/2012,1472.0
10/07/2012,1482.5
09/07/2012,1515.0
08/07/2012,1495.5
05/07/2012,1476.5
04/07/2012,1486.0
03/07/2012,1471.5
01/07/2012,1439.0
28/06/2012,1419.0
27/06/2012,1456.5
26/06/2012,1474.0
25/06/2012,1477.0
24/06/2012,1468.5
21/06/2012,1447.0
20/06/2012,1433.5
19/06/2012,1449.5
18/06/2012,1449.5
17/06/2012,1405.0
14/06/2012,1392.0
13/06/2012,1397.0
12/06/2012,1389.5
11/06/2012,1410.0
10/06/2012,1405.5
07/06/2012,1405.0
06/06/2012,1422.5
05/06/2012,1406.5
04/06/2012,1380.0
03/06/2012,1376.0
31/05/2012,1404.0
30/05/2012,1422.5
29/05/2012,1426.5
28/05/2012,1425.0
24/05/2012,1450.5
23/05/2012,1489.5
22/05/2012,1507.0
21/05/2012,1524.5
20/05/2012,1543.0
17/05/2012,1517.5
16/05/2012,1526.5
15/05/2012,1511.5
14/05/2012,1547.5
13/05/2012,1548.5
10/05/2012,1548.5
09/05/2012,1555.5
08/05/2012,1516.0
07/05/2012,1506.5
06/05/2012,1496.5
03/05/2012,1495.5
02/05/2012,1493.5
01/05/2012,1459.5
30/04/2012,1475.5
29/04/2012,1486.5
26/04/2012,1498.5
25/04/2012,1542.0
24/04/2012,1574.5
23/04/2012,1566.5
22/04/2012,1567.0
19/04/2012,1550.5
18/04/2012,1534.0
17/04/2012,1548.0
16/04/2012,1557.0
15/04/2012,1543.0
12/04/2012,1531.0
11/04/2012,1536.5
10/04/2012,1493.5
09/04/2012,1486.5
08/04/2012,1487.5
04/04/2012,1504.5
03/04/2012,1490.5
02/04/2012,1493.0
01/04/2012,1488.5
29/03/2012,1476.5
28/03/2012,1490.0
27/03/2012,1474.0
26/03/2012,1509.5
25/03/2012,1480.5
22/03/2012,1460.0
21/03/2012,1440.5
20/03/2012,1434.5
19/03/2012,1436.5
18/03/2012,1460.5
15/03/2012,1453.5
14/03/2012,1432.0
13/03/2012,1395.5
12/03/2012,1412.5
11/03/2012,1413.0
09/03/2012,1393.0
08/03/2012,1371.5
07/03/2012,1400.0
06/03/2012,1401.5
05/03/2012,1410.5
02/03/2012,1426.5
01/03/2012,1400.0
29/02/2012,1420.5
28/02/2012,1417.0
27/02/2012,1420.0
24/02/2012,1420.5
23/02/2012,1396.5
22/02/2012,1392.0
21/02/2012,1383.0
17/02/2012,1413.5
16/02/2012,1430.0
15/02/2012,1434.5
14/02/2012,1438.5
13/02/2012,1413.5
10/02/2012,1371.5
09/02/2012,1408.0
08/02/2012,1420.5
07/02/2012,1410.5
06/02/2012,1394.0
03/02/2012,1387.5
02/02/2012,1364.0
01/02/2012,1374.0
31/01/2012,1400.0
30/01/2012,1445.5
27/01/2012,1463.5
26/01/2012,1469.0
25/01/2012,1459.0
24/01/2012,1461.5
23/01/2012,1468.0
20/01/2012,1453.5
19/01/2012,1452.5
18/01/2012,1458.0
17/01/2012,1480.5
13/01/2012,1438.5
12/01/2012,1436.5
11/01/2012,1458.0
10/01/2012,1455.5
09/01/2012,1460.0
06/01/2012,1446.0
05/01/2012,1432.0
04/01/2012,1441.0
03/01/2012,1439.5
30/12/2011,1460.5
29/12/2011,1425.0
28/12/2011,1375.0
27/12/2011,1380.0
23/12/2011,1390.5
22/12/2011,1405.0
21/12/2011,1415.0
20/12/2011,1399.0
19/12/2011,1387.5
16/12/2011,1368.5
15/12/2011,1366.5
14/12/2011,1365.0
13/12/2011,1385.0
12/12/2011,1379.5
09/12/2011,1401.0
08/12/2011,1422.0
07/12/2011,1438.5
06/12/2011,1459.5
05/12/2011,1438.5
02/12/2011,1445.5
01/12/2011,1477.5
30/11/2011,1483.5
29/11/2011,1437.0
28/11/2011,1414.5
25/11/2011,1423.5
23/11/2011,1455.0
22/11/2011,1431.0
21/11/2011,1445.5
18/11/2011,1468.0
17/11/2011,1471.5
16/11/2011,1495.5
15/11/2011,1522.5
14/11/2011,1505.0
11/11/2011,1500.5
10/11/2011,1503.5
09/11/2011,1528.5
08/11/2011,1571.0
07/11/2011,1590.0
03/11/2011,1589.5
02/11/2011,1592.0
01/11/2011,1614.0
31/10/2011,1654.0
30/10/2011,1664.0
27/10/2011,1674.0
26/10/2011,1694.0
25/10/2011,1688.5
24/10/2011,1710.0
23/10/2011,1690.5
20/10/2011,1640.5
19/10/2011,1631.5
18/10/2011,1645.0
17/10/2011,1626.0
16/10/2011,1652.5
13/10/2011,1662.5
12/10/2011,1640.5
11/10/2011,1635.5
10/10/2011,1598.0
09/10/2011,1551.5
06/10/2011,1562.5
05/10/2011,1593.0
04/10/2011,1601.5
03/10/2011,1584.5
02/10/2011,1599.0
29/09/2011,1595.0
28/09/2011,1608.0
27/09/2011,1628.0
26/09/2011,1635.0
25/09/2011,1612.5
22/09/2011,1648.5
21/09/2011,1666.5
20/09/2011,1714.0
19/09/2011,1719.5
18/09/2011,1739.0
15/09/2011,1789.0
14/09/2011,1792.5
13/09/2011,1759.0
12/09/2011,1789.0
11/09/2011,1817.0
08/09/2011,1806.0
07/09/2011,1761.0
06/09/2011,1791.0
05/09/2011,1775.5
01/09/2011,1796.0
31/08/2011,1768.5
30/08/2011,1768.0
29/08/2011,1740.0
28/08/2011,1723.0
25/08/2011,1699.0
24/08/2011,1675.0
23/08/2011,1685.5
22/08/2011,1696.5
21/08/2011,1697.0
18/08/2011,1674.5
17/08/2011,1688.5
16/08/2011,1717.5
15/08/2011,1706.0
14/08/2011,1705.0
11/08/2011,1681.0
10/08/2011,1686.5
09/08/2011,1694.5
08/08/2011,1677.0
07/08/2011,1627.0
04/08/2011,1629.5
03/08/2011,1625.0
02/08/2011,1634.5
01/08/2011,1637.0
31/07/2011,1624.5
28/07/2011,1611.5
27/07/2011,1639.0
26/07/2011,1679.5
25/07/2011,1721.0
24/07/2011,1715.5
21/07/2011,1674.0
20/07/2011,1685.5
19/07/2011,1677.5
18/07/2011,1655.5
17/07/2011,1682.0
14/07/2011,1699.5
13/07/2011,1593.5
12/07/2011,1575.5
11/07/2011,1535.0
10/07/2011,1481.5
07/07/2011,1532.0
06/07/2011,1525.0
05/07/2011,1472.0
04/07/2011,1438.5
30/06/2011,1399.0
29/06/2011,1388.5
28/06/2011,1326.5
27/06/2011,1332.0
26/06/2011,1323.5
23/06/2011,1345.0
22/06/2011,1370.0
21/06/2011,1360.5
20/06/2011,1381.5
19/06/2011,1381.0
16/06/2011,1396.5
15/06/2011,1400.5
14/06/2011,1420.5
13/06/2011,1433.5
12/06/2011,1461.0
09/06/2011,1489.5
08/06/2011,1494.0
07/06/2011,1477.5
06/06/2011,1477.0
05/06/2011,1474.5
02/06/2011,1447.5
01/06/2011,1457.0
31/05/2011,1456.0
30/05/2011,1506.0
26/05/2011,1518.5
25/05/2011,1513.5
24/05/2011,1517.5
23/05/2011,1513.0
22/05/2011,1508.0
19/05/2011,1510.0
18/05/2011,1501.5
17/05/2011,1489.0
16/05/2011,1439.0
15/05/2011,1410.5
12/05/2011,1380.0
11/05/2011,1378.5
10/05/2011,1375.0
09/05/2011,1398.0
08/05/2011,1394.5
05/05/2011,1409.5
04/05/2011,1392.5
03/05/2011,1460.0
02/05/2011,1514.5
01/05/2011,1497.5
28/04/2011,1480.5
27/04/2011,1412.0
26/04/2011,1418.0
25/04/2011,1435.0
24/04/2011,1448.0
20/04/2011,1399.5
19/04/2011,1390.5
18/04/2011,1368.5
17/04/2011,1364.5
14/04/2011,1363.5
13/04/2011,1366.5
12/04/2011,1362.5
11/04/2011,1337.0
10/04/2011,1372.0
07/04/2011,1368.5
06/04/2011,1362.5
05/04/2011,1408.0
04/04/2011,1411.0
03/04/2011,1391.5
31/03/2011,1381.0
30/03/2011,1398.5
29/03/2011,1378.0
28/03/2011,1385.5
27/03/2011,1389.0
24/03/2011,1429.5
23/03/2011,1419.0
22/03/2011,1404.5
21/03/2011,1385.5
20/03/2011,1383.5
17/03/2011,1363.5
16/03/2011,1326.0
15/03/2011,1276.0
14/03/2011,1287.5
13/03/2011,1319.0
11/03/2011,1279.0
10/03/2011,1269.0
09/03/2011,1329.5
08/03/2011,1352.5
07/03/2011,1368.5
04/03/2011,1391.0
03/03/2011,1381.5
02/03/2011,1371.0
01/03/2011,1385.0
28/02/2011,1385.0
25/02/2011,1395.5
24/02/2011,1348.0
23/02/2011,1350.0
22/02/2011,1425.0
18/02/2011,1475.0
17/02/2011,1509.5
16/02/2011,1467.5
15/02/2011,1523.0
14/02/2011,1573.0
11/02/2011,1588.5
10/02/2011,1616.0
09/02/2011,1629.5
08/02/2011,1591.5
07/02/2011,1554.5
04/02/2011,1580.0
03/02/2011,1628.5
02/02/2011,1596.0
01/02/2011,1593.5
31/01/2011,1551.0
28/01/2011,1501.0
27/01/2011,1508.5
26/01/2011,1519.5
25/01/2011,1475.0
24/01/2011,1514.5
21/01/2011,1486.5
20/01/2011,1470.5
19/01/2011,1466.5
18/01/2011,1451.0
14/01/2011,1369.5
13/01/2011,1364.0
12/01/2011,1348.5
11/01/2011,1336.5
10/01/2011,1361.0
07/01/2011,1339.0
06/01/2011,1365.5
05/01/2011,1382.5
04/01/2011,1388.5
03/01/2011,1418.5
31/12/2010,1399.5
30/12/2010,1363.0
29/12/2010,1359.5
28/12/2010,1309.5
27/12/2010,1325.5
23/12/2010,1339.5
22/12/2010,1343.0
21/12/2010,1363.5
20/12/2010,1375.0
17/12/2010,1369.5
16/12/2010,1374.5
15/12/2010,1402.5
14/12/2010,1397.5
13/12/2010,1423.5
10/12/2010,1392.5
09/12/2010,1389.0
08/12/2010,1395.5
07/12/2010,1416.5
06/12/2010,1455.0
03/12/2010,1467.0
02/12/2010,1444.0
01/12/2010,1437.5
30/11/2010,1388.0
29/11/2010,1342.5
26/11/2010,1340.5
24/11/2010,1356.5
23/11/2010,1340.0
22/11/2010,1374.0
19/11/2010,1389.5
18/11/2010,1382.0
17/11/2010,1345.0
16/11/2010,1327.5
15/11/2010,1377.5
12/11/2010,1376.5
11/11/2010,1427.0
10/11/2010,1451.0
09/11/2010,1501.5
08/11/2010,1496.0
04/11/2010,1470.0
03/11/2010,1456.5
02/11/2010,1424.5
01/11/2010,1401.0
31/10/2010,1394.0
28/10/2010,1442.5
27/10/2010,1477.0
26/10/2010,1487.5
25/10/2010,1476.5
24/10/2010,1467.0
21/10/2010,1423.5
20/10/2010,1414.0
19/10/2010,1410.5
18/10/2010,1363.0
17/10/2010,1370.5
14/10/2010,1359.0
13/10/2010,1358.5
12/10/2010,1340.0
11/10/2010,1338.5
10/10/2010,1300.5
07/10/2010,1325.0
06/10/2010,1279.5
05/10/2010,1270.5
04/10/2010,1250.0
03/10/2010,1221.5
30/09/2010,1237.0
29/09/2010,1256.5
28/09/2010,1242.0
27/09/2010,1256.0
26/09/2010,1256.5
23/09/2010,1236.0
22/09/2010,1208.5
21/09/2010,1221.5
20/09/2010,1214.0
19/09/2010,1225.5
16/09/2010,1208.0
15/09/2010,1187.5
14/09/2010,1215.0
13/09/2010,1184.0
12/09/2010,1165.5
09/09/2010,1158.0
08/09/2010,1167.5
07/09/2010,1158.0
06/09/2010,1168.5
02/09/2010,1150.5
01/09/2010,1122.5
31/08/2010,1109.0
30/08/2010,1108.5
29/08/2010,1122.0
26/08/2010,1121.5
25/08/2010,1134.5
24/08/2010,1126.0
23/08/2010,1125.5
22/08/2010,1135.5
19/08/2010,1091.0
18/08/2010,1079.5
17/08/2010,1075.0
16/08/2010,1090.5
15/08/2010,1085.0
12/08/2010,1100.0
11/08/2010,1079.0
10/08/2010,1044.5
09/08/2010,1057.0
08/08/2010,1035.5
05/08/2010,1061.0
04/08/2010,1093.0
03/08/2010,1103.0
02/08/2010,1076.0
01/08/2010,1069.0
29/07/2010,1055.5
28/07/2010,1014.0
27/07/2010,1014.5
26/07/2010,1001.0
25/07/2010,1017.0
22/07/2010,1027.5
21/07/2010,1013.5
20/07/2010,998.0
19/07/2010,988.0
18/07/2010,999.5
15/07/2010,985.5
14/07/2010,982.5
13/07/2010,964.5
12/07/2010,967.0
11/07/2010,961.0
08/07/2010,980.5
07/07/2010,981.0
06/07/2010,992.5
05/07/2010,966.5
01/07/2010,957.5
30/06/2010,963.5
29/06/2010,943.0
28/06/2010,975.0
27/06/2010,996.5
24/06/2010,1006.0
23/06/2010,1021.0
22/06/2010,1056.0
21/06/2010,1084.5
20/06/2010,1068.0
17/06/2010,1100.5
16/06/2010,1103.5
15/06/2010,1106.0
14/06/2010,1099.5
13/06/2010,1117.0
10/06/2010,1101.0
09/06/2010,1089.5
08/06/2010,1058.0
07/06/2010,1083.0
06/06/2010,1096.5
03/06/2010,1083.5
02/06/2010,1095.5
01/06/2010,1110.5
31/05/2010,1156.0
27/05/2010,1163.5
26/05/2010,1169.0
25/05/2010,1171.5
24/05/2010,1162.0
23/05/2010,1207.0
20/05/2010,1220.0
19/05/2010,1201.5
18/05/2010,1190.0
17/05/2010,1162.5
16/05/2010,1162.5
13/05/2010,1160.5
12/05/2010,1170.0
11/05/2010,1178.5
10/05/2010,1169.0
09/05/2010,1169.0
06/05/2010,1153.5
05/05/2010,1165.0
04/05/2010,1191.0
03/05/2010,1208.5
02/05/2010,1225.5
29/04/2010,1235.5
28/04/2010,1226.5
27/04/2010,1202.0
26/04/2010,1226.0
25/04/2010,1248.5
22/04/2010,1240.5
21/04/2010,1234.0
20/04/2010,1248.5
19/04/2010,1249.0
18/04/2010,1262.0
15/04/2010,1280.5
14/04/2010,1291.0
13/04/2010,1295.5
12/04/2010,1303.0
11/04/2010,1312.0
08/04/2010,1319.0
07/04/2010,1300.0
06/04/2010,1297.0
05/04/2010,1297.5
04/04/2010,1265.5
31/03/2010,1238.0
