date,MSCI_EM_EFT
03/11/2023,38.46
02/11/2023,37.69
01/11/2023,37.04
31/10/2023,36.70
30/10/2023,36.91
27/10/2023,36.53
26/10/2023,36.56
25/10/2023,36.74
24/10/2023,37.23
23/10/2023,36.76
20/10/2023,36.79
19/10/2023,37.24
18/10/2023,37.46
17/10/2023,38.04
16/10/2023,38.14
13/10/2023,37.86
12/10/2023,38.00
11/10/2023,38.43
10/10/2023,38.19
09/10/2023,37.65
06/10/2023,37.83
05/10/2023,37.29
04/10/2023,37.15
03/10/2023,37.26
02/10/2023,37.76
29/09/2023,37.95
28/09/2023,37.92
27/09/2023,37.82
26/09/2023,37.76
25/09/2023,38.30
22/09/2023,38.47
21/09/2023,38.02
20/09/2023,38.69
19/09/2023,38.85
18/09/2023,39.08
15/09/2023,39.13
14/09/2023,39.28
13/09/2023,39.02
12/09/2023,39.07
11/09/2023,39.19
08/09/2023,38.71
07/09/2023,38.63
06/09/2023,39.09
05/09/2023,39.31
01/09/2023,39.63
31/08/2023,39.17
30/08/2023,39.66
29/08/2023,39.79
28/08/2023,39.29
25/08/2023,38.91
24/08/2023,38.87
23/08/2023,39.02
22/08/2023,38.41
21/08/2023,38.49
18/08/2023,38.40
17/08/2023,38.66
16/08/2023,38.57
15/08/2023,38.92
14/08/2023,39.37
11/08/2023,39.56
10/08/2023,40.15
09/08/2023,40.09
08/08/2023,39.99
07/08/2023,40.48
04/08/2023,40.54
03/08/2023,40.59
02/08/2023,40.43
01/08/2023,41.42
31/07/2023,41.95
28/07/2023,41.93
27/07/2023,40.94
26/07/2023,41.45
25/07/2023,41.21
24/07/2023,40.87
21/07/2023,40.32
20/07/2023,40.38
19/07/2023,40.68
18/07/2023,40.76
17/07/2023,41.06
14/07/2023,41.01
13/07/2023,41.24
12/07/2023,40.71
11/07/2023,39.82
10/07/2023,39.42
07/07/2023,39.39
06/07/2023,38.95
05/07/2023,39.76
03/07/2023,40.00
30/06/2023,39.56
29/06/2023,39.25
28/06/2023,39.46
27/06/2023,39.70
26/06/2023,39.30
23/06/2023,39.17
22/06/2023,39.75
21/06/2023,39.89
20/06/2023,40.08
16/06/2023,40.88
15/06/2023,41.02
14/06/2023,40.64
13/06/2023,40.34
12/06/2023,39.94
09/06/2023,39.86
08/06/2023,39.68
07/06/2023,39.40
06/06/2023,39.88
05/06/2023,39.53
02/06/2023,39.54
01/06/2023,38.87
31/05/2023,38.19
30/05/2023,38.55
26/05/2023,39.00
25/05/2023,38.32
24/05/2023,38.40
23/05/2023,38.69
22/05/2023,39.30
19/05/2023,38.98
18/05/2023,38.95
17/05/2023,39.16
16/05/2023,38.98
15/05/2023,39.26
12/05/2023,38.55
11/05/2023,39.01
10/05/2023,39.15
09/05/2023,39.17
08/05/2023,39.41
05/05/2023,39.39
04/05/2023,38.87
03/05/2023,38.56
02/05/2023,38.62
01/05/2023,39.00
28/04/2023,39.13
27/04/2023,38.93
26/04/2023,38.41
25/04/2023,38.19
24/04/2023,38.92
21/04/2023,39.01
20/04/2023,39.38
19/04/2023,39.44
18/04/2023,39.84
17/04/2023,39.89
14/04/2023,39.72
13/04/2023,39.93
12/04/2023,39.39
11/04/2023,39.67
10/04/2023,39.43
06/04/2023,39.39
05/04/2023,39.23
04/04/2023,39.54
03/04/2023,39.54
31/03/2023,39.46
30/03/2023,39.51
29/03/2023,39.12
28/03/2023,39.01
27/03/2023,38.46
24/03/2023,38.67
23/03/2023,38.77
22/03/2023,38.24
21/03/2023,38.09
20/03/2023,37.75
17/03/2023,37.61
16/03/2023,37.84
15/03/2023,37.27
14/03/2023,37.92
13/03/2023,37.90
10/03/2023,37.84
09/03/2023,38.04
08/03/2023,38.90
07/03/2023,38.74
06/03/2023,39.40
03/03/2023,39.54
02/03/2023,39.19
01/03/2023,39.05
28/02/2023,38.23
27/02/2023,38.50
24/02/2023,38.30
23/02/2023,39.18
22/02/2023,38.99
21/02/2023,39.18
17/02/2023,39.68
16/02/2023,40.12
15/02/2023,40.11
14/02/2023,40.45
13/02/2023,40.52
10/02/2023,40.19
09/02/2023,40.58
08/02/2023,40.39
07/02/2023,40.44
06/02/2023,40.28
03/02/2023,40.88
02/02/2023,41.62
01/02/2023,41.87
31/01/2023,41.36
30/01/2023,41.45
27/01/2023,42.30
26/01/2023,42.50
25/01/2023,42.10
24/01/2023,42.06
23/01/2023,42.03
20/01/2023,41.73
19/01/2023,41.10
18/01/2023,40.79
17/01/2023,41.07
13/01/2023,41.30
12/01/2023,41.03
11/01/2023,40.83
10/01/2023,40.66
09/01/2023,40.37
06/01/2023,40.07
05/01/2023,39.25
04/01/2023,39.37
03/01/2023,38.22
30/12/2022,37.90
29/12/2022,38.43
28/12/2022,37.80
27/12/2022,38.36
23/12/2022,37.80
22/12/2022,37.85
21/12/2022,38.19
20/12/2022,37.85
19/12/2022,37.86
16/12/2022,37.83
15/12/2022,37.72
14/12/2022,38.61
13/12/2022,38.59
12/12/2022,38.90
09/12/2022,39.02
08/12/2022,39.28
07/12/2022,38.81
06/12/2022,39.04
05/12/2022,39.09
02/12/2022,39.54
01/12/2022,39.39
30/11/2022,39.52
29/11/2022,38.41
28/11/2022,37.60
25/11/2022,37.77
23/11/2022,37.95
22/11/2022,37.64
21/11/2022,37.55
18/11/2022,38.03
17/11/2022,38.25
16/11/2022,38.18
15/11/2022,38.80
14/11/2022,37.93
11/11/2022,38.16
10/11/2022,37.15
09/11/2022,35.85
08/11/2022,36.48
07/11/2022,36.22
04/11/2022,36.20
03/11/2022,34.73
02/11/2022,34.53
01/11/2022,34.82
31/10/2022,34.19
28/10/2022,34.29
27/10/2022,34.50
26/10/2022,34.77
25/10/2022,34.21
24/10/2022,33.93
21/10/2022,35.27
20/10/2022,34.74
19/10/2022,34.52
18/10/2022,35.16
17/10/2022,35.15
14/10/2022,34.21
13/10/2022,34.73
12/10/2022,34.63
11/10/2022,34.59
10/10/2022,35.15
07/10/2022,35.65
06/10/2022,36.41
05/10/2022,36.63
04/10/2022,36.61
03/10/2022,35.45
30/09/2022,34.88
29/09/2022,35.01
28/09/2022,35.81
27/09/2022,35.50
26/09/2022,35.54
23/09/2022,35.98
22/09/2022,36.89
21/09/2022,37.07
20/09/2022,37.70
19/09/2022,37.91
16/09/2022,37.79
15/09/2022,38.14
14/09/2022,38.55
13/09/2022,38.36
12/09/2022,39.58
09/09/2022,39.00
08/09/2022,38.43
07/09/2022,38.64
06/09/2022,38.30
02/09/2022,38.76
01/09/2022,39.12
31/08/2022,39.43
30/08/2022,39.29
29/08/2022,39.76
26/08/2022,40.01
25/08/2022,40.61
24/08/2022,39.75
23/08/2022,39.76
22/08/2022,39.55
19/08/2022,39.90
18/08/2022,40.45
17/08/2022,40.68
16/08/2022,40.85
15/08/2022,40.86
12/08/2022,41.05
11/08/2022,40.62
10/08/2022,40.46
09/08/2022,39.96
08/08/2022,40.11
05/08/2022,40.06
04/08/2022,40.02
03/08/2022,39.74
02/08/2022,39.43
01/08/2022,39.62
29/07/2022,39.96
28/07/2022,40.15
27/07/2022,39.98
26/07/2022,39.25
25/07/2022,39.56
22/07/2022,39.42
21/07/2022,39.82
20/07/2022,39.37
19/07/2022,39.54
18/07/2022,38.90
15/07/2022,38.63
14/07/2022,38.43
13/07/2022,38.78
12/07/2022,38.87
11/07/2022,39.02
08/07/2022,40.09
07/07/2022,40.09
06/07/2022,39.30
05/07/2022,39.54
01/07/2022,39.85
30/06/2022,40.10
29/06/2022,40.29
28/06/2022,40.45
27/06/2022,40.70
24/06/2022,40.65
23/06/2022,39.71
22/06/2022,39.59
21/06/2022,40.31
17/06/2022,39.67
16/06/2022,39.52
15/06/2022,40.77
14/06/2022,40.24
13/06/2022,39.69
10/06/2022,41.13
09/06/2022,41.59
08/06/2022,42.96
07/06/2022,42.73
06/06/2022,42.60
03/06/2022,42.37
02/06/2022,43.07
01/06/2022,42.34
31/05/2022,42.64
27/05/2022,42.05
26/05/2022,41.57
25/05/2022,40.93
24/05/2022,40.73
23/05/2022,41.45
20/05/2022,41.14
19/05/2022,40.97
18/05/2022,40.33
17/05/2022,41.32
16/05/2022,40.33
13/05/2022,40.49
12/05/2022,39.40
11/05/2022,39.66
10/05/2022,39.94
09/05/2022,39.75
06/05/2022,40.93
05/05/2022,41.50
04/05/2022,43.09
03/05/2022,42.63
02/05/2022,42.32
29/04/2022,42.38
28/04/2022,42.23
27/04/2022,41.63
26/04/2022,41.15
25/04/2022,42.07
22/04/2022,42.38
21/04/2022,42.76
20/04/2022,43.60
19/04/2022,43.86
18/04/2022,44.08
14/04/2022,44.23
13/04/2022,44.81
12/04/2022,44.23
11/04/2022,44.37
08/04/2022,44.93
07/04/2022,44.89
06/04/2022,45.25
05/04/2022,45.85
04/04/2022,46.71
01/04/2022,45.90
31/03/2022,45.15
30/03/2022,45.84
29/03/2022,45.97
28/03/2022,45.20
25/03/2022,45.05
24/03/2022,45.41
23/03/2022,45.17
22/03/2022,45.47
21/03/2022,44.66
18/03/2022,45.36
17/03/2022,44.72
16/03/2022,44.95
15/03/2022,41.60
14/03/2022,41.54
11/03/2022,42.57
10/03/2022,43.48
09/03/2022,44.31
08/03/2022,43.09
07/03/2022,42.95
04/03/2022,44.62
03/03/2022,45.54
02/03/2022,46.19
01/03/2022,46.11
28/02/2022,46.73
25/02/2022,47.35
24/02/2022,46.49
23/02/2022,47.47
22/02/2022,48.03
18/02/2022,48.72
17/02/2022,49.21
16/02/2022,49.79
15/02/2022,49.43
14/02/2022,48.38
11/02/2022,48.72
10/02/2022,49.47
09/02/2022,49.80
08/02/2022,49.03
07/02/2022,48.56
04/02/2022,48.66
03/02/2022,48.54
02/02/2022,49.06
01/02/2022,49.14
31/01/2022,48.84
28/01/2022,47.29
27/01/2022,47.06
26/01/2022,47.61
25/01/2022,48.22
24/01/2022,48.31
21/01/2022,49.00
20/01/2022,49.72
19/01/2022,49.43
18/01/2022,49.22
14/01/2022,50.11
13/01/2022,50.13
12/01/2022,50.85
11/01/2022,50.02
10/01/2022,48.89
07/01/2022,48.89
06/01/2022,48.45
05/01/2022,48.23
04/01/2022,49.03
03/01/2022,49.20
31/12/2021,48.85
30/12/2021,49.09
29/12/2021,48.56
28/12/2021,48.78
27/12/2021,48.94
23/12/2021,48.72
22/12/2021,48.47
21/12/2021,48.24
20/12/2021,47.44
17/12/2021,48.16
16/12/2021,48.40
15/12/2021,48.34
14/12/2021,48.48
13/12/2021,48.59
10/12/2021,50.08
09/12/2021,50.04
08/12/2021,50.28
07/12/2021,50.08
06/12/2021,49.30
03/12/2021,48.92
02/12/2021,49.62
01/12/2021,49.02
30/11/2021,48.84
29/11/2021,48.89
26/11/2021,48.70
24/11/2021,50.39
23/11/2021,50.46
22/11/2021,50.51
19/11/2021,50.92
18/11/2021,51.00
17/11/2021,51.63
16/11/2021,51.90
15/11/2021,51.83
12/11/2021,52.00
11/11/2021,51.86
10/11/2021,50.98
09/11/2021,51.19
08/11/2021,51.39
05/11/2021,50.92
04/11/2021,50.98
03/11/2021,51.10
02/11/2021,50.86
01/11/2021,51.32
29/10/2021,50.92
28/10/2021,51.67
27/10/2021,51.62
26/10/2021,52.04
25/10/2021,52.31
22/10/2021,52.04
21/10/2021,52.15
20/10/2021,52.49
19/10/2021,52.50
18/10/2021,51.81
15/10/2021,51.94
14/10/2021,51.32
13/10/2021,51.16
12/10/2021,50.46
11/10/2021,50.72
08/10/2021,50.82
07/10/2021,50.63
06/10/2021,49.66
05/10/2021,49.94
04/10/2021,49.59
01/10/2021,50.33
30/09/2021,50.38
29/09/2021,49.98
28/09/2021,50.45
27/09/2021,51.11
24/09/2021,50.78
23/09/2021,51.39
22/09/2021,50.99
21/09/2021,50.36
20/09/2021,49.99
17/09/2021,51.37
16/09/2021,51.59
15/09/2021,52.18
14/09/2021,52.19
13/09/2021,52.63
10/09/2021,52.49
09/09/2021,52.55
08/09/2021,52.65
07/09/2021,53.43
03/09/2021,53.12
02/09/2021,52.84
01/09/2021,53.08
31/08/2021,52.41
30/08/2021,51.70
27/08/2021,51.59
26/08/2021,50.96
25/08/2021,51.45
24/08/2021,51.39
23/08/2021,50.25
20/08/2021,49.50
19/08/2021,49.54
18/08/2021,50.40
17/08/2021,50.32
16/08/2021,51.26
13/08/2021,51.73
12/08/2021,51.86
11/08/2021,52.32
10/08/2021,52.18
09/08/2021,52.11
08/08/2021,51.94
07/08/2021,51.94
06/08/2021,51.94
05/08/2021,52.38
04/08/2021,52.46
03/08/2021,52.19
02/08/2021,51.97
30/07/2021,51.60
29/07/2021,52.10
28/07/2021,51.84
27/07/2021,50.47
26/07/2021,51.51
23/07/2021,52.51
22/07/2021,53.30
21/07/2021,53.20
20/07/2021,52.86
19/07/2021,52.69
16/07/2021,53.59
15/07/2021,54.01
14/07/2021,53.88
13/07/2021,53.65
12/07/2021,53.60
09/07/2021,53.55
08/07/2021,52.64
07/07/2021,53.76
06/07/2021,53.82
05/07/2021,54.78
04/07/2021,54.78
03/07/2021,54.78
02/07/2021,54.78
01/07/2021,54.84
30/06/2021,55.15
29/06/2021,55.51
28/06/2021,55.55
25/06/2021,55.50
24/06/2021,55.04
23/06/2021,54.54
22/06/2021,54.21
21/06/2021,54.46
18/06/2021,54.23
17/06/2021,54.61
16/06/2021,54.31
15/06/2021,55.06
14/06/2021,55.44
11/06/2021,55.29
10/06/2021,55.48
09/06/2021,55.28
08/06/2021,55.44
07/06/2021,55.71
04/06/2021,55.99
03/06/2021,55.49
02/06/2021,56.09
01/06/2021,56.00
28/05/2021,54.87
27/05/2021,54.52
26/05/2021,54.51
25/05/2021,54.11
24/05/2021,53.58
21/05/2021,53.14
20/05/2021,53.76
19/05/2021,53.45
18/05/2021,53.61
17/05/2021,52.90
14/05/2021,52.95
13/05/2021,52.01
12/05/2021,52.08
11/05/2021,53.56
10/05/2021,53.71
07/05/2021,54.69
06/05/2021,54.13
05/05/2021,53.62
04/05/2021,53.37
03/05/2021,53.98
30/04/2021,53.98
29/04/2021,54.95
28/04/2021,55.08
27/04/2021,54.67
26/04/2021,54.70
23/04/2021,54.63
22/04/2021,53.85
21/04/2021,54.04
20/04/2021,53.71
19/04/2021,54.15
16/04/2021,54.35
15/04/2021,54.21
14/04/2021,53.72
13/04/2021,53.45
12/04/2021,53.23
09/04/2021,53.55
08/04/2021,54.01
07/04/2021,53.57
06/04/2021,54.37
05/04/2021,54.07
01/04/2021,53.86
31/03/2021,53.34
30/03/2021,53.07
29/03/2021,52.90
26/03/2021,53.27
25/03/2021,51.92
24/03/2021,51.68
23/03/2021,52.89
22/03/2021,53.92
19/03/2021,54.08
18/03/2021,53.42
17/03/2021,54.42
16/03/2021,54.35
15/03/2021,54.12
12/03/2021,53.99
11/03/2021,54.97
10/03/2021,53.29
09/03/2021,53.53
08/03/2021,52.38
05/03/2021,53.83
04/03/2021,53.25
03/03/2021,54.52
02/03/2021,54.63
01/03/2021,55.17
26/02/2021,53.73
25/02/2021,54.46
24/02/2021,55.73
23/02/2021,56.09
22/02/2021,55.84
19/02/2021,57.53
18/02/2021,57.16
17/02/2021,57.96
16/02/2021,57.94
12/02/2021,57.80
11/02/2021,57.75
10/02/2021,57.14
09/02/2021,56.94
08/02/2021,56.34
05/02/2021,56.24
04/02/2021,55.76
03/02/2021,55.74
02/02/2021,55.46
01/02/2021,54.75
29/01/2021,53.31
28/01/2021,54.67
27/01/2021,54.29
26/01/2021,55.84
25/01/2021,56.25
22/01/2021,55.83
21/01/2021,56.32
20/01/2021,56.22
19/01/2021,55.25
15/01/2021,54.35
14/01/2021,55.13
13/01/2021,54.62
12/01/2021,54.50
11/01/2021,53.97
08/01/2021,54.71
07/01/2021,53.30
06/01/2021,52.80
05/01/2021,53.25
04/01/2021,52.00
31/12/2020,51.67
30/12/2020,51.70
29/12/2020,51.02
28/12/2020,50.27
24/12/2020,50.13
23/12/2020,50.35
22/12/2020,49.84
21/12/2020,50.24
18/12/2020,50.99
17/12/2020,51.05
16/12/2020,50.72
15/12/2020,50.48
14/12/2020,49.94
11/12/2020,50.72
10/12/2020,51.08
09/12/2020,50.43
08/12/2020,50.87
07/12/2020,50.85
04/12/2020,50.85
03/12/2020,50.33
02/12/2020,49.76
01/12/2020,49.69
30/11/2020,48.73
27/11/2020,50.04
25/11/2020,49.57
24/11/2020,49.85
23/11/2020,49.19
20/11/2020,49.06
19/11/2020,48.79
18/11/2020,48.71
17/11/2020,48.88
16/11/2020,48.93
13/11/2020,48.33
12/11/2020,47.66
11/11/2020,48.02
10/11/2020,47.71
09/11/2020,48.26
06/11/2020,47.93
05/11/2020,47.71
04/11/2020,46.91
03/11/2020,45.48
02/11/2020,45.28
30/10/2020,44.71
29/10/2020,45.22
28/10/2020,44.77
27/10/2020,45.92
26/10/2020,45.72
23/10/2020,46.32
22/10/2020,46.05
21/10/2020,46.06
20/10/2020,45.93
19/10/2020,45.43
16/10/2020,45.56
15/10/2020,45.40
14/10/2020,45.73
13/10/2020,46.04
12/10/2020,46.23
09/10/2020,45.83
08/10/2020,45.52
07/10/2020,45.15
06/10/2020,44.66
05/10/2020,44.58
04/10/2020,43.99
03/10/2020,43.99
02/10/2020,43.99
01/10/2020,44.50
30/09/2020,44.09
29/09/2020,43.39
28/09/2020,43.42
27/09/2020,42.94
26/09/2020,42.94
25/09/2020,42.94
24/09/2020,42.90
23/09/2020,43.10
22/09/2020,43.78
21/09/2020,44.11
18/09/2020,44.52
17/09/2020,44.87
16/09/2020,45.05
15/09/2020,45.11
14/09/2020,44.64
13/09/2020,43.93
11/09/2020,43.93
10/09/2020,43.51
09/09/2020,44.22
08/09/2020,43.57
04/09/2020,44.34
03/09/2020,44.32
02/09/2020,45.18
01/09/2020,45.30
31/08/2020,44.54
30/08/2020,45.55
28/08/2020,45.55
27/08/2020,44.96
26/08/2020,45.34
25/08/2020,45.22
24/08/2020,44.77
23/08/2020,44.28
22/08/2020,44.28
21/08/2020,44.28
20/08/2020,44.06
19/08/2020,44.20
18/08/2020,44.75
17/08/2020,44.80
14/08/2020,44.24
13/08/2020,44.32
12/08/2020,44.45
11/08/2020,43.86
10/08/2020,43.98
09/08/2020,43.87
08/08/2020,43.87
07/08/2020,43.87
06/08/2020,44.79
05/08/2020,44.65
04/08/2020,44.17
03/08/2020,43.59
02/08/2020,43.29
31/07/2020,43.29
30/07/2020,43.59
29/07/2020,44.15
28/07/2020,43.45
27/07/2020,43.81
26/07/2020,43.14
25/07/2020,43.14
24/07/2020,43.14
23/07/2020,43.18
22/07/2020,43.53
21/07/2020,43.72
20/07/2020,43.32
17/07/2020,42.77
16/07/2020,42.53
15/07/2020,43.14
14/07/2020,43.01
13/07/2020,42.95
12/07/2020,43.24
11/07/2020,43.24
10/07/2020,43.24
09/07/2020,43.52
08/07/2020,43.52
07/07/2020,42.42
06/07/2020,43.14
05/07/2020,41.36
04/07/2020,41.36
02/07/2020,41.36
01/07/2020,40.44
30/06/2020,39.99
29/06/2020,40.12
26/06/2020,39.94
25/06/2020,40.43
24/06/2020,40.26
23/06/2020,40.80
22/06/2020,40.41
19/06/2020,39.92
18/06/2020,39.93
17/06/2020,39.91
16/06/2020,39.53
15/06/2020,39.28
12/06/2020,39.87
11/06/2020,39.04
10/06/2020,41.19
09/06/2020,40.89
08/06/2020,41.17
07/06/2020,40.92
05/06/2020,40.92
04/06/2020,39.87
03/06/2020,40.44
02/06/2020,39.52
01/06/2020,38.60
29/05/2020,37.73
28/05/2020,37.09
27/05/2020,37.35
26/05/2020,37.23
22/05/2020,36.43
21/05/2020,37.20
20/05/2020,37.63
19/05/2020,37.14
18/05/2020,37.44
15/05/2020,36.03
14/05/2020,36.53
13/05/2020,36.39
12/05/2020,36.46
11/05/2020,36.60
10/05/2020,36.84
09/05/2020,36.84
08/05/2020,36.84
07/05/2020,36.08
06/05/2020,35.79
05/05/2020,35.90
04/05/2020,35.70
03/05/2020,35.32
02/05/2020,35.32
01/05/2020,35.32
30/04/2020,36.64
29/04/2020,37.43
28/04/2020,36.37
27/04/2020,36.30
24/04/2020,35.58
23/04/2020,35.63
22/04/2020,35.76
21/04/2020,34.81
20/04/2020,35.80
17/04/2020,36.26
16/04/2020,35.47
15/04/2020,35.28
14/04/2020,36.21
13/04/2020,35.40
09/04/2020,35.35
08/04/2020,35.48
07/04/2020,35.12
06/04/2020,34.94
03/04/2020,33.13
02/04/2020,33.77
01/04/2020,32.67
31/03/2020,34.13
30/03/2020,33.90
28/03/2020,33.35
27/03/2020,33.35
26/03/2020,35.36
25/03/2020,34.07
24/03/2020,32.91
23/03/2020,30.61
21/03/2020,31.36
20/03/2020,31.36
19/03/2020,31.13
18/03/2020,30.89
17/03/2020,33.81
16/03/2020,31.63
14/03/2020,36.14
13/03/2020,36.14
12/03/2020,33.71
11/03/2020,37.46
10/03/2020,39.29
09/03/2020,37.39
06/03/2020,40.13
05/03/2020,40.97
04/03/2020,41.85
03/03/2020,41.12
02/03/2020,41.40
28/02/2020,40.52
27/02/2020,40.67
26/02/2020,41.67
25/02/2020,41.34
24/02/2020,41.67
21/02/2020,43.29
20/02/2020,43.54
19/02/2020,44.23
18/02/2020,43.91
17/02/2020,44.20
14/02/2020,44.20
13/02/2020,44.18
12/02/2020,44.77
11/02/2020,44.17
10/02/2020,43.60
07/02/2020,43.36
06/02/2020,43.97
05/02/2020,43.93
04/02/2020,43.68
03/02/2020,42.58
31/01/2020,42.11
30/01/2020,42.98
29/01/2020,43.63
28/01/2020,43.42
27/01/2020,43.06
24/01/2020,44.60
23/01/2020,44.96
22/01/2020,45.43
21/01/2020,45.06
17/01/2020,46.23
16/01/2020,45.97
15/01/2020,45.68
14/01/2020,46.04
13/01/2020,46.30
10/01/2020,45.59
09/01/2020,45.35
08/01/2020,45.05
07/01/2020,44.79
06/01/2020,44.82
03/01/2020,44.93
02/01/2020,45.78
31/12/2019,44.87
30/12/2019,44.77
27/12/2019,45.07
26/12/2019,44.89
24/12/2019,44.57
23/12/2019,44.67
20/12/2019,44.61
19/12/2019,44.52
18/12/2019,44.50
17/12/2019,44.26
16/12/2019,43.86
13/12/2019,44.15
12/12/2019,44.17
11/12/2019,43.42
10/12/2019,42.79
09/12/2019,42.64
06/12/2019,42.81
05/12/2019,42.56
04/12/2019,42.37
03/12/2019,42.06
02/12/2019,42.27
29/11/2019,42.28
27/11/2019,42.96
26/11/2019,42.91
25/11/2019,43.04
22/11/2019,42.61
21/11/2019,42.61
20/11/2019,42.70
19/11/2019,42.89
18/11/2019,42.80
15/11/2019,42.87
14/11/2019,42.53
13/11/2019,42.50
12/11/2019,42.83
11/11/2019,43.11
08/11/2019,43.42
07/11/2019,43.82
06/11/2019,43.50
05/11/2019,43.64
04/11/2019,43.39
01/11/2019,42.96
31/10/2019,42.32
30/10/2019,42.66
29/10/2019,42.47
28/10/2019,42.69
25/10/2019,42.44
24/10/2019,42.15
23/10/2019,42.15
22/10/2019,42.14
21/10/2019,42.11
18/10/2019,41.73
17/10/2019,41.95
16/10/2019,41.79
15/10/2019,41.67
14/10/2019,41.30
11/10/2019,41.48
10/10/2019,40.82
09/10/2019,40.41
08/10/2019,40.10
07/10/2019,40.39
04/10/2019,40.72
03/10/2019,40.55
02/10/2019,40.03
01/10/2019,40.34
30/09/2019,40.62
27/09/2019,40.40
26/09/2019,40.92
25/09/2019,40.93
24/09/2019,40.96
23/09/2019,41.40
20/09/2019,41.36
19/09/2019,41.32
18/09/2019,41.49
17/09/2019,41.66
16/09/2019,41.66
13/09/2019,41.99
12/09/2019,41.75
11/09/2019,41.45
10/09/2019,41.16
09/09/2019,41.13
06/09/2019,41.00
05/09/2019,40.82
04/09/2019,40.37
03/09/2019,39.70
30/08/2019,39.95
29/08/2019,39.64
28/08/2019,39.20
27/08/2019,39.09
26/08/2019,39.02
23/08/2019,38.82
22/08/2019,39.40
21/08/2019,39.92
20/08/2019,39.54
19/08/2019,39.46
16/08/2019,39.30
15/08/2019,38.77
14/08/2019,38.51
13/08/2019,39.65
12/08/2019,39.15
09/08/2019,39.63
08/08/2019,40.04
07/08/2019,39.55
06/08/2019,39.37
05/08/2019,38.82
02/08/2019,40.31
01/08/2019,40.70
31/07/2019,41.52
30/07/2019,42.04
29/07/2019,42.36
26/07/2019,42.44
25/07/2019,42.35
24/07/2019,42.73
23/07/2019,42.66
22/07/2019,42.61
19/07/2019,42.60
18/07/2019,42.82
17/07/2019,42.56
16/07/2019,42.69
15/07/2019,42.75
12/07/2019,42.59
11/07/2019,42.56
10/07/2019,42.64
09/07/2019,42.28
08/07/2019,42.41
05/07/2019,42.67
03/07/2019,42.97
02/07/2019,43.05
01/07/2019,43.16
28/06/2019,42.65
27/06/2019,42.71
26/06/2019,42.41
25/06/2019,42.02
24/06/2019,42.45
21/06/2019,42.51
20/06/2019,42.65
19/06/2019,42.04
18/06/2019,41.69
17/06/2019,40.70
14/06/2019,40.85
13/06/2019,41.31
12/06/2019,41.38
11/06/2019,41.83
10/06/2019,41.36
07/06/2019,40.93
06/06/2019,40.62
05/06/2019,40.60
04/06/2019,40.92
03/06/2019,40.83
31/05/2019,40.47
30/05/2019,40.33
29/05/2019,40.11
28/05/2019,39.85
24/05/2019,39.71
23/05/2019,39.67
22/05/2019,40.19
21/05/2019,40.39
20/05/2019,39.88
17/05/2019,40.05
16/05/2019,40.78
15/05/2019,40.98
14/05/2019,40.90
13/05/2019,40.34
10/05/2019,41.73
09/05/2019,41.48
08/05/2019,42.15
07/05/2019,42.21
06/05/2019,43.05
03/05/2019,43.95
02/05/2019,43.44
01/05/2019,43.34
30/04/2019,43.67
29/04/2019,43.71
26/04/2019,43.62
25/04/2019,43.45
24/04/2019,43.51
23/04/2019,44.10
22/04/2019,44.00
18/04/2019,44.29
17/04/2019,44.32
16/04/2019,44.19
15/04/2019,43.87
12/04/2019,44.09
11/04/2019,43.78
10/04/2019,44.25
09/04/2019,44.04
08/04/2019,44.13
05/04/2019,44.13
04/04/2019,43.80
03/04/2019,43.53
02/04/2019,43.23
01/04/2019,43.37
29/03/2019,42.66
28/03/2019,42.23
27/03/2019,41.95
26/03/2019,42.40
25/03/2019,42.27
22/03/2019,42.18
21/03/2019,43.45
20/03/2019,43.39
19/03/2019,43.32
18/03/2019,43.30
15/03/2019,42.82
14/03/2019,42.21
13/03/2019,42.43
12/03/2019,42.38
11/03/2019,42.17
08/03/2019,41.39
07/03/2019,41.69
06/03/2019,42.47
05/03/2019,42.71
04/03/2019,42.29
01/03/2019,42.24
28/02/2019,42.19
27/02/2019,42.74
26/02/2019,43.11
25/02/2019,43.26
22/02/2019,42.78
21/02/2019,42.31
20/02/2019,42.40
19/02/2019,42.17
15/02/2019,41.84
14/02/2019,41.90
13/02/2019,41.82
12/02/2019,42.12
11/02/2019,41.77
08/02/2019,41.91
07/02/2019,42.15
06/02/2019,42.57
05/02/2019,43.16
04/02/2019,42.57
01/02/2019,42.50
31/01/2019,42.84
30/01/2019,42.48
29/01/2019,41.58
28/01/2019,41.51
25/01/2019,41.95
24/01/2019,41.40
23/01/2019,41.00
22/01/2019,40.59
18/01/2019,41.30
17/01/2019,41.10
16/01/2019,40.92
15/01/2019,40.43
14/01/2019,40.15
11/01/2019,40.49
10/01/2019,40.68
09/01/2019,40.40
08/01/2019,39.69
07/01/2019,39.54
04/01/2019,39.45
03/01/2019,38.22
02/01/2019,38.93
31/12/2018,38.83
28/12/2018,39.00
27/12/2018,38.64
26/12/2018,38.69
24/12/2018,37.93
21/12/2018,38.29
20/12/2018,38.56
19/12/2018,38.26
18/12/2018,38.91
17/12/2018,39.22
14/12/2018,39.59
13/12/2018,40.16
12/12/2018,40.17
11/12/2018,39.52
10/12/2018,39.22
07/12/2018,39.64
06/12/2018,40.40
04/12/2018,40.77
03/12/2018,41.66
30/11/2018,40.83
29/11/2018,40.87
28/11/2018,41.23
27/11/2018,40.27
26/11/2018,39.99
23/11/2018,39.50
21/11/2018,39.97
20/11/2018,39.24
19/11/2018,40.11
16/11/2018,40.65
15/11/2018,40.58
14/11/2018,39.69
13/11/2018,39.45
12/11/2018,39.00
09/11/2018,39.56
08/11/2018,40.31
07/11/2018,41.38
06/11/2018,40.62
05/11/2018,40.68
02/11/2018,40.58
01/11/2018,40.32
31/10/2018,38.93
30/10/2018,38.51
29/10/2018,37.77
26/10/2018,38.44
25/10/2018,38.89
24/10/2018,38.15
23/10/2018,39.42
22/10/2018,39.86
19/10/2018,39.43
18/10/2018,39.06
17/10/2018,40.12
16/10/2018,40.62
15/10/2018,39.62
12/10/2018,40.05
11/10/2018,38.91
10/10/2018,39.30
09/10/2018,40.51
08/10/2018,40.65
05/10/2018,40.60
04/10/2018,40.74
03/10/2018,41.79
02/10/2018,42.14
01/10/2018,42.67
28/09/2018,42.66
27/09/2018,42.95
26/09/2018,42.74
25/09/2018,42.65
24/09/2018,42.48
21/09/2018,42.97
20/09/2018,42.77
19/09/2018,42.30
18/09/2018,41.73
17/09/2018,41.33
14/09/2018,41.71
13/09/2018,41.75
12/09/2018,41.19
11/09/2018,40.98
10/09/2018,40.89
07/09/2018,41.30
06/09/2018,41.51
05/09/2018,41.47
04/09/2018,42.08
31/08/2018,42.91
30/08/2018,42.69
29/08/2018,43.84
28/08/2018,43.57
27/08/2018,43.73
24/08/2018,43.11
23/08/2018,42.32
22/08/2018,43.02
21/08/2018,42.68
20/08/2018,42.15
17/08/2018,41.96
16/08/2018,41.52
15/08/2018,41.26
14/08/2018,42.48
13/08/2018,42.23
10/08/2018,42.93
09/08/2018,43.87
08/08/2018,43.99
07/08/2018,44.05
06/08/2018,43.61
03/08/2018,43.94
02/08/2018,43.61
01/08/2018,44.19
31/07/2018,44.59
30/07/2018,44.35
27/07/2018,44.42
26/07/2018,44.26
25/07/2018,44.76
24/07/2018,44.04
23/07/2018,43.41
20/07/2018,43.70
19/07/2018,43.08
18/07/2018,43.62
17/07/2018,43.67
16/07/2018,43.35
13/07/2018,43.59
12/07/2018,43.56
11/07/2018,42.97
10/07/2018,43.83
09/07/2018,43.93
06/07/2018,43.15
05/07/2018,42.56
03/07/2018,42.67
02/07/2018,42.64
29/06/2018,43.07
28/06/2018,42.43
27/06/2018,42.08
26/06/2018,42.90
25/06/2018,43.07
22/06/2018,43.66
21/06/2018,43.21
20/06/2018,43.83
19/06/2018,43.64
18/06/2018,44.41
15/06/2018,44.96
14/06/2018,45.32
13/06/2018,45.62
12/06/2018,45.93
11/06/2018,46.05
08/06/2018,46.05
07/06/2018,46.14
06/06/2018,46.86
05/06/2018,46.16
04/06/2018,46.52
01/06/2018,46.05
31/05/2018,45.42
30/05/2018,45.44
29/05/2018,45.08
25/05/2018,46.15
24/05/2018,45.96
23/05/2018,46.21
22/05/2018,46.23
21/05/2018,46.07
18/05/2018,45.79
17/05/2018,46.18
16/05/2018,46.90
15/05/2018,46.20
14/05/2018,47.18
11/05/2018,47.12
10/05/2018,47.20
09/05/2018,46.23
08/05/2018,46.14
07/05/2018,45.88
04/05/2018,46.15
03/05/2018,45.94
02/05/2018,46.04
01/05/2018,46.41
30/04/2018,46.64
27/04/2018,46.98
26/04/2018,46.69
25/04/2018,46.02
24/04/2018,46.38
23/04/2018,46.60
20/04/2018,46.98
19/04/2018,47.57
18/04/2018,47.85
17/04/2018,47.44
16/04/2018,47.34
13/04/2018,47.28
12/04/2018,47.76
11/04/2018,47.78
10/04/2018,47.76
09/04/2018,46.85
06/04/2018,46.80
05/04/2018,47.73
04/04/2018,47.61
03/04/2018,47.59
02/04/2018,47.13
29/03/2018,47.99
28/03/2018,47.01
27/03/2018,47.25
26/03/2018,48.12
23/03/2018,46.61
22/03/2018,47.57
21/03/2018,49.21
20/03/2018,48.92
19/03/2018,48.39
16/03/2018,48.91
15/03/2018,49.02
14/03/2018,49.20
13/03/2018,49.12
12/03/2018,49.57
09/03/2018,49.45
08/03/2018,48.42
07/03/2018,48.41
06/03/2018,48.36
05/03/2018,47.91
02/03/2018,47.84
01/03/2018,47.64
28/02/2018,47.73
27/02/2018,48.43
26/02/2018,49.88
23/02/2018,49.42
22/02/2018,48.56
21/02/2018,48.53
20/02/2018,48.57
16/02/2018,49.24
15/02/2018,49.40
14/02/2018,48.41
13/02/2018,47.23
12/02/2018,46.87
09/02/2018,46.14
08/02/2018,45.42
07/02/2018,47.05
06/02/2018,48.58
05/02/2018,47.05
02/02/2018,48.76
01/02/2018,50.04
31/01/2018,50.72
30/01/2018,50.29
29/01/2018,50.98
26/01/2018,51.77
25/01/2018,51.06
24/01/2018,51.09
23/01/2018,50.66
22/01/2018,50.43
19/01/2018,50.14
18/01/2018,49.73
17/01/2018,49.67
16/01/2018,49.02
12/01/2018,49.21
11/01/2018,48.75
10/01/2018,48.45
09/01/2018,48.76
08/01/2018,48.84
05/01/2018,48.84
04/01/2018,48.42
03/01/2018,48.18
02/01/2018,47.72
29/12/2017,46.84
28/12/2017,46.62
27/12/2017,46.30
26/12/2017,46.18
22/12/2017,46.22
21/12/2017,45.83
20/12/2017,45.54
19/12/2017,45.48
18/12/2017,46.41
15/12/2017,45.89
14/12/2017,45.79
13/12/2017,46.13
12/12/2017,45.59
11/12/2017,45.89
08/12/2017,45.66
07/12/2017,45.14
06/12/2017,45.01
05/12/2017,45.62
04/12/2017,45.65
01/12/2017,45.57
30/11/2017,45.82
29/11/2017,46.33
28/11/2017,47.08
27/11/2017,46.73
24/11/2017,47.42
22/11/2017,47.52
21/11/2017,47.40
20/11/2017,46.78
17/11/2017,46.54
16/11/2017,46.31
15/11/2017,45.37
14/11/2017,45.60
13/11/2017,45.91
10/11/2017,46.01
09/11/2017,46.21
08/11/2017,46.50
07/11/2017,46.28
06/11/2017,46.58
03/11/2017,46.06
02/11/2017,46.30
01/11/2017,46.24
31/10/2017,46.00
30/10/2017,45.58
27/10/2017,45.86
26/10/2017,45.21
25/10/2017,45.52
24/10/2017,45.61
23/10/2017,45.61
20/10/2017,45.98
19/10/2017,45.81
18/10/2017,46.22
17/10/2017,46.11
16/10/2017,46.35
13/10/2017,46.38
12/10/2017,45.96
11/10/2017,45.98
10/10/2017,45.77
09/10/2017,45.33
06/10/2017,45.36
05/10/2017,45.59
04/10/2017,45.25
03/10/2017,45.26
02/10/2017,44.55
29/09/2017,44.54
28/09/2017,44.03
27/09/2017,44.06
26/09/2017,44.22
25/09/2017,44.34
22/09/2017,45.11
21/09/2017,45.37
20/09/2017,45.37
19/09/2017,45.58
18/09/2017,45.48
15/09/2017,45.32
14/09/2017,45.05
13/09/2017,44.93
12/09/2017,45.17
11/09/2017,45.22
08/09/2017,44.62
07/09/2017,44.92
06/09/2017,44.59
05/09/2017,44.30
01/09/2017,44.89
31/08/2017,44.56
30/08/2017,44.49
29/08/2017,44.42
28/08/2017,44.50
25/08/2017,44.66
24/08/2017,44.40
23/08/2017,44.26
22/08/2017,44.05
21/08/2017,43.57
18/08/2017,43.41
17/08/2017,43.04
16/08/2017,43.60
15/08/2017,43.15
14/08/2017,43.10
11/08/2017,42.66
10/08/2017,42.56
09/08/2017,43.60
08/08/2017,43.99
07/08/2017,43.98
04/08/2017,43.69
03/08/2017,43.53
02/08/2017,43.71
01/08/2017,43.67
31/07/2017,43.54
28/07/2017,43.49
27/07/2017,43.51
26/07/2017,43.75
25/07/2017,43.39
24/07/2017,43.50
21/07/2017,43.37
20/07/2017,43.40
19/07/2017,43.45
18/07/2017,43.09
17/07/2017,42.96
14/07/2017,43.16
13/07/2017,42.62
12/07/2017,42.41
11/07/2017,41.61
10/07/2017,41.27
07/07/2017,40.88
06/07/2017,40.80
05/07/2017,41.30
03/07/2017,41.38
30/06/2017,41.14
29/06/2017,40.95
28/06/2017,41.48
27/06/2017,41.16
26/06/2017,41.65
23/06/2017,41.25
22/06/2017,41.03
21/06/2017,40.82
20/06/2017,40.73
19/06/2017,41.38
16/06/2017,40.97
15/06/2017,40.90
14/06/2017,41.33
13/06/2017,41.34
12/06/2017,41.14
09/06/2017,41.36
08/06/2017,41.68
07/06/2017,41.43
06/06/2017,41.48
05/06/2017,41.46
02/06/2017,41.51
01/06/2017,41.30
31/05/2017,40.95
30/05/2017,41.27
26/05/2017,41.49
25/05/2017,41.34
24/05/2017,41.14
23/05/2017,40.98
22/05/2017,40.94
19/05/2017,40.90
18/05/2017,40.05
17/05/2017,40.72
16/05/2017,41.43
15/05/2017,41.39
12/05/2017,40.97
11/05/2017,40.80
10/05/2017,40.71
09/05/2017,40.45
08/05/2017,39.94
05/05/2017,39.95
04/05/2017,39.62
03/05/2017,40.07
02/05/2017,40.34
01/05/2017,40.05
28/04/2017,39.82
27/04/2017,39.76
26/04/2017,39.81
25/04/2017,39.96
24/04/2017,39.61
21/04/2017,39.05
20/04/2017,39.05
19/04/2017,38.58
18/04/2017,38.82
17/04/2017,39.31
13/04/2017,38.91
12/04/2017,39.07
11/04/2017,38.89
10/04/2017,38.97
07/04/2017,39.13
06/04/2017,39.20
05/04/2017,39.27
04/04/2017,39.39
03/04/2017,39.37
31/03/2017,39.15
30/03/2017,39.43
29/03/2017,39.64
28/03/2017,39.57
27/03/2017,39.46
24/03/2017,39.57
23/03/2017,39.47
22/03/2017,39.46
21/03/2017,39.27
20/03/2017,39.75
17/03/2017,39.25
16/03/2017,39.32
15/03/2017,39.08
14/03/2017,38.09
13/03/2017,38.31
10/03/2017,37.78
09/03/2017,37.36
08/03/2017,37.66
07/03/2017,38.02
06/03/2017,37.98
03/03/2017,37.96
02/03/2017,37.67
01/03/2017,38.35
28/02/2017,37.76
27/02/2017,38.13
24/02/2017,38.25
23/02/2017,38.71
22/02/2017,38.70
21/02/2017,38.58
17/02/2017,38.16
16/02/2017,38.32
15/02/2017,38.46
14/02/2017,38.15
13/02/2017,38.11
10/02/2017,37.99
09/02/2017,37.64
08/02/2017,37.47
07/02/2017,37.25
06/02/2017,37.43
03/02/2017,37.52
02/02/2017,37.30
01/02/2017,37.14
31/01/2017,37.12
30/01/2017,37.05
27/01/2017,37.25
26/01/2017,37.22
25/01/2017,37.37
24/01/2017,36.97
23/01/2017,36.74
20/01/2017,36.20
19/01/2017,36.13
18/01/2017,36.24
17/01/2017,36.44
13/01/2017,36.46
12/01/2017,36.49
11/01/2017,36.33
10/01/2017,35.90
09/01/2017,35.69
06/01/2017,35.72
05/01/2017,35.87
04/01/2017,35.49
03/01/2017,35.22
30/12/2016,34.80
29/12/2016,35.05
28/12/2016,34.48
27/12/2016,34.22
23/12/2016,34.07
22/12/2016,33.88
21/12/2016,34.28
20/12/2016,34.82
19/12/2016,34.70
16/12/2016,34.94
15/12/2016,35.10
14/12/2016,35.04
13/12/2016,36.11
12/12/2016,35.71
09/12/2016,35.95
08/12/2016,36.14
07/12/2016,35.98
06/12/2016,35.39
05/12/2016,35.20
02/12/2016,34.91
01/12/2016,34.87
30/11/2016,35.29
29/11/2016,35.23
28/11/2016,35.18
25/11/2016,35.04
23/11/2016,34.87
22/11/2016,35.25
21/11/2016,34.72
18/11/2016,34.38
17/11/2016,34.54
16/11/2016,34.49
15/11/2016,34.78
14/11/2016,34.09
11/11/2016,34.34
10/11/2016,35.01
09/11/2016,36.04
08/11/2016,37.25
07/11/2016,37.01
04/11/2016,35.71
03/11/2016,36.08
02/11/2016,36.18
01/11/2016,36.62
31/10/2016,36.92
28/10/2016,36.71
27/10/2016,36.86
26/10/2016,37.18
25/10/2016,37.57
24/10/2016,37.53
21/10/2016,37.37
20/10/2016,37.38
19/10/2016,37.49
18/10/2016,37.27
17/10/2016,36.62
14/10/2016,36.66
13/10/2016,36.60
12/10/2016,36.93
11/10/2016,37.00
10/10/2016,37.87
07/10/2016,37.46
06/10/2016,37.63
05/10/2016,37.60
04/10/2016,37.07
03/10/2016,37.48
30/09/2016,37.23
29/09/2016,37.07
28/09/2016,37.72
27/09/2016,37.38
26/09/2016,36.86
23/09/2016,37.40
22/09/2016,37.89
21/09/2016,37.62
20/09/2016,36.60
19/09/2016,36.58
16/09/2016,36.29
15/09/2016,36.54
14/09/2016,35.92
13/09/2016,35.81
12/09/2016,36.74
09/09/2016,36.49
08/09/2016,37.76
07/09/2016,37.86
06/09/2016,37.98
02/09/2016,37.19
01/09/2016,36.59
31/08/2016,36.31
30/08/2016,36.72
29/08/2016,36.82
26/08/2016,36.54
25/08/2016,36.86
24/08/2016,36.83
23/08/2016,36.73
22/08/2016,36.88
19/08/2016,37.37
18/08/2016,37.58
17/08/2016,37.24
16/08/2016,37.47
15/08/2016,37.64
12/08/2016,37.26
11/08/2016,37.39
10/08/2016,36.92
09/08/2016,36.91
08/08/2016,36.66
05/08/2016,36.40
04/08/2016,35.98
03/08/2016,35.78
02/08/2016,35.66
01/08/2016,35.92
29/07/2016,35.99
28/07/2016,35.80
27/07/2016,35.79
26/07/2016,35.67
25/07/2016,35.40
22/07/2016,35.75
21/07/2016,35.49
20/07/2016,35.61
19/07/2016,35.43
18/07/2016,35.79
15/07/2016,35.48
14/07/2016,35.56
13/07/2016,35.05
12/07/2016,35.11
11/07/2016,34.62
08/07/2016,34.29
07/07/2016,33.57
06/07/2016,33.66
05/07/2016,33.75
01/07/2016,34.48
30/06/2016,34.15
29/06/2016,33.82
28/06/2016,32.98
27/06/2016,32.04
24/06/2016,32.44
23/06/2016,34.55
22/06/2016,33.74
21/06/2016,33.92
20/06/2016,33.66
17/06/2016,33.07
16/06/2016,32.98
15/06/2016,33.10
14/06/2016,32.75
13/06/2016,32.86
10/06/2016,33.33
09/06/2016,34.19
08/06/2016,34.59
07/06/2016,34.34
06/06/2016,34.03
03/06/2016,33.68
02/06/2016,33.17
01/06/2016,32.90
31/05/2016,32.92
27/05/2016,32.88
26/05/2016,32.89
25/05/2016,32.67
24/05/2016,32.29
23/05/2016,31.96
20/05/2016,32.02
19/05/2016,31.70
18/05/2016,32.00
17/05/2016,32.32
16/05/2016,32.46
13/05/2016,32.08
12/05/2016,32.66
11/05/2016,32.75
10/05/2016,32.83
09/05/2016,32.22
06/05/2016,32.63
05/05/2016,32.58
04/05/2016,32.59
03/05/2016,33.13
02/05/2016,34.09
29/04/2016,34.18
28/04/2016,34.33
27/04/2016,34.69
26/04/2016,34.48
25/04/2016,34.11
22/04/2016,34.33
21/04/2016,34.54
20/04/2016,34.89
19/04/2016,35.05
18/04/2016,34.52
15/04/2016,34.36
14/04/2016,34.56
13/04/2016,34.73
12/04/2016,34.12
11/04/2016,33.61
08/04/2016,33.18
07/04/2016,32.61
06/04/2016,33.28
05/04/2016,32.88
04/04/2016,33.54
01/04/2016,33.95
31/03/2016,34.04
30/03/2016,34.07
29/03/2016,33.73
28/03/2016,33.27
24/03/2016,33.16
23/03/2016,33.24
22/03/2016,33.82
21/03/2016,33.90
18/03/2016,33.82
17/03/2016,33.65
16/03/2016,32.92
15/03/2016,32.28
14/03/2016,32.74
11/03/2016,32.94
10/03/2016,32.27
09/03/2016,32.22
08/03/2016,32.02
07/03/2016,32.57
04/03/2016,32.62
03/03/2016,31.99
02/03/2016,31.63
01/03/2016,31.21
29/02/2016,30.14
26/02/2016,29.88
25/02/2016,30.18
24/02/2016,30.08
23/02/2016,30.15
22/02/2016,30.80
19/02/2016,30.06
18/02/2016,30.20
17/02/2016,30.38
16/02/2016,29.79
12/02/2016,29.14
11/02/2016,28.65
10/02/2016,29.13
09/02/2016,29.01
08/02/2016,29.42
05/02/2016,29.83
04/02/2016,30.18
03/02/2016,29.95
02/02/2016,29.12
01/02/2016,30.10
29/01/2016,30.39
28/01/2016,29.43
27/01/2016,28.98
26/01/2016,29.07
25/01/2016,28.65
22/01/2016,29.15
21/01/2016,28.19
20/01/2016,28.08
19/01/2016,28.71
15/01/2016,28.28
14/01/2016,29.45
13/01/2016,29.07
12/01/2016,29.38
11/01/2016,29.32
08/01/2016,29.33
07/01/2016,29.65
06/01/2016,30.59
05/01/2016,31.19
04/01/2016,31.12
31/12/2015,32.00
30/12/2015,32.10
29/12/2015,32.60
28/12/2015,32.57
24/12/2015,32.80
23/12/2015,32.92
22/12/2015,32.46
21/12/2015,32.21
18/12/2015,32.45
17/12/2015,32.56
16/12/2015,32.99
15/12/2015,32.35
14/12/2015,31.87
11/12/2015,31.36
10/12/2015,32.26
09/12/2015,32.48
08/12/2015,32.75
07/12/2015,33.12
04/12/2015,33.68
03/12/2015,33.45
02/12/2015,33.64
01/12/2015,34.04
30/11/2015,33.79
27/11/2015,33.74
25/11/2015,34.49
24/11/2015,34.76
23/11/2015,34.58
20/11/2015,34.91
19/11/2015,34.56
18/11/2015,34.25
17/11/2015,33.89
16/11/2015,33.98
13/11/2015,33.34
12/11/2015,33.81
11/11/2015,34.13
10/11/2015,34.06
09/11/2015,34.21
06/11/2015,35.09
05/11/2015,35.59
04/11/2015,35.53
03/11/2015,35.81
02/11/2015,35.35
30/10/2015,34.66
29/10/2015,34.60
28/10/2015,34.93
27/10/2015,35.34
26/10/2015,35.74
23/10/2015,36.07
22/10/2015,35.86
21/10/2015,35.14
20/10/2015,35.65
19/10/2015,35.66
16/10/2015,36.03
15/10/2015,36.00
14/10/2015,35.15
13/10/2015,34.88
12/10/2015,35.46
09/10/2015,35.72
08/10/2015,35.60
07/10/2015,35.22
06/10/2015,34.30
05/10/2015,34.36
02/10/2015,33.64
01/10/2015,32.76
30/09/2015,32.58
29/09/2015,31.67
28/09/2015,31.52
25/09/2015,32.21
24/09/2015,32.28
23/09/2015,32.41
22/09/2015,32.94
21/09/2015,33.57
18/09/2015,33.63
17/09/2015,34.26
16/09/2015,34.34
15/09/2015,33.53
14/09/2015,33.21
11/09/2015,33.26
10/09/2015,33.13
09/09/2015,32.79
08/09/2015,32.96
04/09/2015,31.95
03/09/2015,32.93
02/09/2015,32.80
01/09/2015,32.33
31/08/2015,33.64
28/08/2015,33.58
27/08/2015,34.01
26/08/2015,32.57
25/08/2015,31.53
24/08/2015,31.13
21/08/2015,32.55
20/08/2015,33.59
19/08/2015,34.12
18/08/2015,34.55
17/08/2015,34.93
14/08/2015,35.32
13/08/2015,35.27
12/08/2015,35.33
11/08/2015,35.88
10/08/2015,36.69
07/08/2015,36.08
06/08/2015,36.10
05/08/2015,36.42
04/08/2015,36.41
03/08/2015,36.28
31/07/2015,36.90
30/07/2015,36.50
29/07/2015,36.87
28/07/2015,36.51
27/07/2015,36.14
24/07/2015,36.84
23/07/2015,37.37
22/07/2015,37.74
21/07/2015,38.29
20/07/2015,38.28
17/07/2015,38.53
16/07/2015,38.58
15/07/2015,38.10
14/07/2015,38.54
13/07/2015,38.47
10/07/2015,38.21
09/07/2015,37.27
08/07/2015,36.56
07/07/2015,37.86
06/07/2015,38.44
02/07/2015,39.54
01/07/2015,39.35
30/06/2015,39.38
29/06/2015,38.81
26/06/2015,39.69
25/06/2015,40.07
24/06/2015,40.51
23/06/2015,40.79
22/06/2015,40.40
19/06/2015,39.82
18/06/2015,40.17
17/06/2015,39.80
16/06/2015,39.56
15/06/2015,39.55
12/06/2015,40.00
11/06/2015,40.00
10/06/2015,40.20
09/06/2015,39.62
08/06/2015,39.86
05/06/2015,39.87
04/06/2015,40.05
03/06/2015,40.66
02/06/2015,40.87
01/06/2015,40.71
29/05/2015,40.87
28/05/2015,41.27
27/05/2015,41.82
26/05/2015,41.81
22/05/2015,42.48
21/05/2015,42.34
20/05/2015,42.49
19/05/2015,42.52
18/05/2015,42.45
15/05/2015,42.89
14/05/2015,42.56
13/05/2015,42.15
12/05/2015,42.07
11/05/2015,42.21
08/05/2015,42.61
07/05/2015,42.08
06/05/2015,42.14
05/05/2015,42.66
04/05/2015,43.13
01/05/2015,42.88
30/04/2015,42.62
29/04/2015,43.28
28/04/2015,43.83
27/04/2015,43.76
24/04/2015,43.58
23/04/2015,43.43
22/04/2015,43.11
21/04/2015,42.65
20/04/2015,42.40
17/04/2015,42.44
16/04/2015,43.20
15/04/2015,42.86
14/04/2015,42.56
13/04/2015,42.37
10/04/2015,42.62
09/04/2015,42.59
08/04/2015,42.18
07/04/2015,41.31
06/04/2015,41.52
02/04/2015,40.99
01/04/2015,40.39
31/03/2015,39.89
30/03/2015,39.98
27/03/2015,39.22
26/03/2015,39.11
25/03/2015,39.48
24/03/2015,40.12
23/03/2015,39.96
20/03/2015,39.84
19/03/2015,39.25
18/03/2015,39.93
17/03/2015,38.97
16/03/2015,38.53
13/03/2015,38.07
12/03/2015,38.54
11/03/2015,38.30
10/03/2015,38.01
09/03/2015,38.88
06/03/2015,39.02
05/03/2015,39.63
04/03/2015,39.69
03/03/2015,40.12
02/03/2015,40.44
27/02/2015,40.50
26/02/2015,40.53
25/02/2015,40.52
24/02/2015,40.60
23/02/2015,40.02
20/02/2015,40.43
19/02/2015,40.16
18/02/2015,40.33
17/02/2015,40.34
13/02/2015,40.43
12/02/2015,39.97
11/02/2015,39.13
10/02/2015,39.42
09/02/2015,39.52
06/02/2015,39.58
05/02/2015,40.27
04/02/2015,40.03
03/02/2015,40.23
02/02/2015,39.48
30/01/2015,38.79
29/01/2015,39.88
28/01/2015,39.88
27/01/2015,40.32
26/01/2015,40.54
23/01/2015,40.52
22/01/2015,40.82
21/01/2015,40.06
20/01/2015,39.19
16/01/2015,39.25
15/01/2015,38.93
14/01/2015,38.84
13/01/2015,39.05
12/01/2015,38.72
09/01/2015,39.03
08/01/2015,39.16
07/01/2015,38.51
06/01/2015,37.69
05/01/2015,37.85
02/01/2015,38.54
31/12/2014,39.05
30/12/2014,39.02
29/12/2014,38.95
26/12/2014,39.18
24/12/2014,38.88
23/12/2014,38.79
22/12/2014,39.14
19/12/2014,38.61
18/12/2014,38.34
17/12/2014,37.82
16/12/2014,37.50
15/12/2014,37.56
12/12/2014,38.11
11/12/2014,38.75
10/12/2014,39.07
09/12/2014,39.66
08/12/2014,40.04
05/12/2014,40.63
04/12/2014,40.71
03/12/2014,40.64
02/12/2014,40.54
01/12/2014,40.55
28/11/2014,41.25
26/11/2014,42.10
25/11/2014,41.57
24/11/2014,41.84
21/11/2014,42.19
20/11/2014,40.88
19/11/2014,40.95
18/11/2014,40.97
17/11/2014,40.75
14/11/2014,41.19
13/11/2014,40.85
12/11/2014,40.96
11/11/2014,41.04
10/11/2014,41.08
07/11/2014,40.97
06/11/2014,40.71
05/11/2014,41.22
04/11/2014,41.59
03/11/2014,41.55
31/10/2014,41.90
30/10/2014,41.72
29/10/2014,41.33
28/10/2014,41.27
27/10/2014,40.46
24/10/2014,40.77
23/10/2014,40.49
22/10/2014,40.50
21/10/2014,40.76
20/10/2014,40.60
17/10/2014,40.48
16/10/2014,40.03
15/10/2014,40.40
14/10/2014,40.91
13/10/2014,40.67
10/10/2014,40.27
09/10/2014,41.16
08/10/2014,41.82
07/10/2014,41.20
06/10/2014,41.57
03/10/2014,41.03
02/10/2014,40.68
01/10/2014,40.47
30/09/2014,41.31
29/09/2014,41.31
26/09/2014,42.17
25/09/2014,41.98
24/09/2014,42.91
23/09/2014,42.30
22/09/2014,42.54
19/09/2014,43.20
18/09/2014,43.53
17/09/2014,43.47
16/09/2014,43.88
15/09/2014,43.31
12/09/2014,43.53
11/09/2014,43.99
10/09/2014,44.29
09/09/2014,44.48
08/09/2014,45.04
05/09/2014,45.58
04/09/2014,45.19
03/09/2014,45.31
02/09/2014,44.72
29/08/2014,44.79
28/08/2014,44.86
27/08/2014,45.31
26/08/2014,45.08
25/08/2014,44.81
22/08/2014,44.48
21/08/2014,44.60
20/08/2014,44.79
19/08/2014,44.88
18/08/2014,44.67
15/08/2014,44.24
14/08/2014,44.36
13/08/2014,44.29
12/08/2014,44.05
11/08/2014,44.00
08/08/2014,43.45
07/08/2014,43.06
06/08/2014,43.22
05/08/2014,43.53
04/08/2014,44.20
01/08/2014,43.80
31/07/2014,43.56
30/07/2014,44.33
29/07/2014,44.55
28/07/2014,44.82
25/07/2014,44.51
24/07/2014,44.69
23/07/2014,44.49
22/07/2014,44.45
21/07/2014,44.04
18/07/2014,43.90
17/07/2014,43.22
16/07/2014,44.04
15/07/2014,43.93
14/07/2014,43.96
11/07/2014,43.63
10/07/2014,43.68
09/07/2014,43.92
08/07/2014,43.67
07/07/2014,43.87
03/07/2014,43.90
02/07/2014,43.64
01/07/2014,43.38
30/06/2014,42.97
27/06/2014,43.09
26/06/2014,42.99
25/06/2014,42.94
24/06/2014,43.19
23/06/2014,43.21
20/06/2014,43.30
19/06/2014,43.39
18/06/2014,43.64
17/06/2014,43.16
16/06/2014,43.15
13/06/2014,43.35
12/06/2014,43.33
11/06/2014,43.54
10/06/2014,43.69
09/06/2014,43.46
06/06/2014,43.30
05/06/2014,42.87
04/06/2014,42.42
03/06/2014,42.66
02/06/2014,42.42
30/05/2014,42.29
29/05/2014,42.88
28/05/2014,42.76
27/05/2014,42.51
23/05/2014,42.88
22/05/2014,42.96
21/05/2014,42.66
20/05/2014,42.33
19/05/2014,42.68
16/05/2014,42.68
15/05/2014,42.13
14/05/2014,42.52
13/05/2014,42.23
12/05/2014,42.07
09/05/2014,41.37
08/05/2014,41.44
07/05/2014,41.54
06/05/2014,41.32
05/05/2014,41.13
02/05/2014,41.36
01/05/2014,41.13
30/04/2014,41.08
29/04/2014,41.16
28/04/2014,40.77
25/04/2014,40.58
24/04/2014,41.13
23/04/2014,41.09
22/04/2014,41.39
21/04/2014,41.50
17/04/2014,41.76
16/04/2014,41.38
15/04/2014,40.86
14/04/2014,41.49
11/04/2014,41.58
10/04/2014,41.58
09/04/2014,42.03
08/04/2014,41.71
07/04/2014,41.23
04/04/2014,41.05
03/04/2014,41.16
02/04/2014,41.32
01/04/2014,41.24
31/03/2014,40.76
28/03/2014,40.50
27/03/2014,40.18
26/03/2014,39.66
25/03/2014,39.57
24/03/2014,39.12
21/03/2014,38.75
20/03/2014,38.51
19/03/2014,38.34
18/03/2014,39.17
17/03/2014,38.64
14/03/2014,38.17
13/03/2014,37.96
12/03/2014,38.66
11/03/2014,38.58
10/03/2014,39.01
07/03/2014,39.28
06/03/2014,39.79
05/03/2014,39.23
04/03/2014,39.20
03/03/2014,38.55
28/02/2014,39.24
27/02/2014,39.51
26/02/2014,38.78
25/02/2014,38.75
24/02/2014,39.19
21/02/2014,39.19
20/02/2014,38.93
19/02/2014,38.79
18/02/2014,39.05
14/02/2014,39.42
13/02/2014,38.95
12/02/2014,38.91
11/02/2014,38.90
10/02/2014,38.07
07/02/2014,38.50
06/02/2014,38.28
05/02/2014,37.49
04/02/2014,37.63
03/02/2014,36.89
31/01/2014,37.96
30/01/2014,37.90
29/01/2014,37.55
28/01/2014,38.10
27/01/2014,37.86
24/01/2014,38.01
23/01/2014,39.03
22/01/2014,40.02
21/01/2014,39.49
17/01/2014,39.55
16/01/2014,39.75
15/01/2014,39.97
14/01/2014,39.98
13/01/2014,39.55
10/01/2014,40.03
09/01/2014,39.33
08/01/2014,39.54
07/01/2014,39.67
06/01/2014,39.50
03/01/2014,39.88
02/01/2014,39.95
31/12/2013,41.54
30/12/2013,41.23
27/12/2013,41.05
26/12/2013,40.43
24/12/2013,40.77
23/12/2013,40.54
20/12/2013,40.24
19/12/2013,40.30
18/12/2013,41.05
17/12/2013,40.62
16/12/2013,40.97
13/12/2013,40.70
12/12/2013,40.61
11/12/2013,40.84
10/12/2013,41.77
09/12/2013,41.75
06/12/2013,41.69
05/12/2013,40.78
04/12/2013,41.02
03/12/2013,41.07
02/12/2013,41.21
29/11/2013,42.10
27/11/2013,41.67
26/11/2013,41.40
25/11/2013,41.26
22/11/2013,41.80
21/11/2013,41.50
20/11/2013,41.54
19/11/2013,42.12
18/11/2013,42.37
15/11/2013,41.99
14/11/2013,41.21
13/11/2013,40.56
12/11/2013,40.49
11/11/2013,40.70
08/11/2013,40.91
07/11/2013,41.00
06/11/2013,41.76
05/11/2013,41.63
04/11/2013,42.48
01/11/2013,42.22
31/10/2013,42.20
30/10/2013,42.64
29/10/2013,42.88
28/10/2013,42.74
25/10/2013,42.49
24/10/2013,42.29
23/10/2013,42.38
22/10/2013,43.39
21/10/2013,42.98
18/10/2013,43.05
17/10/2013,43.01
16/10/2013,42.74
15/10/2013,42.40
14/10/2013,42.82
11/10/2013,42.57
10/10/2013,42.38
09/10/2013,41.41
08/10/2013,41.10
07/10/2013,41.50
04/10/2013,41.86
03/10/2013,41.32
02/10/2013,41.47
01/10/2013,41.32
30/09/2013,40.51
27/09/2013,40.99
26/09/2013,41.47
25/09/2013,41.30
24/09/2013,41.62
23/09/2013,41.97
20/09/2013,41.82
19/09/2013,42.78
18/09/2013,43.02
17/09/2013,41.28
16/09/2013,41.37
13/09/2013,40.91
12/09/2013,40.64
11/09/2013,41.12
10/09/2013,41.10
09/09/2013,40.79
06/09/2013,39.74
05/09/2013,39.16
04/09/2013,38.70
03/09/2013,38.03
30/08/2013,37.79
29/08/2013,37.50
28/08/2013,37.21
27/08/2013,37.13
26/08/2013,38.00
23/08/2013,38.42
22/08/2013,37.97
21/08/2013,37.36
20/08/2013,38.26
19/08/2013,38.33
16/08/2013,39.06
15/08/2013,39.40
14/08/2013,39.86
13/08/2013,39.73
12/08/2013,39.49
09/08/2013,39.12
08/08/2013,39.04
07/08/2013,38.31
06/08/2013,38.73
05/08/2013,39.22
02/08/2013,39.47
01/08/2013,39.48
31/07/2013,38.78
30/07/2013,39.00
29/07/2013,39.09
26/07/2013,39.59
25/07/2013,39.68
24/07/2013,39.45
23/07/2013,39.86
22/07/2013,39.43
19/07/2013,39.04
18/07/2013,39.15
17/07/2013,39.62
16/07/2013,39.26
15/07/2013,39.10
12/07/2013,38.71
11/07/2013,39.12
10/07/2013,37.30
09/07/2013,37.65
08/07/2013,37.17
05/07/2013,37.12
03/07/2013,37.35
02/07/2013,37.70
01/07/2013,38.39
28/06/2013,38.27
27/06/2013,38.05
26/06/2013,37.79
25/06/2013,37.21
24/06/2013,36.43
21/06/2013,37.19
20/06/2013,36.66
19/06/2013,38.38
18/06/2013,39.60
17/06/2013,39.43
14/06/2013,39.07
13/06/2013,39.70
12/06/2013,38.88
11/06/2013,39.14
10/06/2013,39.90
07/06/2013,40.45
06/06/2013,40.65
05/06/2013,40.32
04/06/2013,41.05
03/06/2013,41.56
31/05/2013,40.95
30/05/2013,41.71
29/05/2013,41.71
28/05/2013,42.25
24/05/2013,42.01
23/05/2013,42.38
22/05/2013,42.70
21/05/2013,43.18
20/05/2013,43.27
17/05/2013,43.16
16/05/2013,42.97
15/05/2013,43.12
14/05/2013,43.11
13/05/2013,42.91
10/05/2013,43.31
09/05/2013,43.65
08/05/2013,43.96
07/05/2013,43.63
06/05/2013,43.32
03/05/2013,43.26
02/05/2013,42.90
01/05/2013,42.56
30/04/2013,43.03
29/04/2013,42.42
26/04/2013,41.99
25/04/2013,42.41
24/04/2013,42.04
23/04/2013,41.79
22/04/2013,41.59
19/04/2013,41.39
18/04/2013,40.80
17/04/2013,40.79
16/04/2013,41.45
15/04/2013,40.62
12/04/2013,41.62
11/04/2013,42.27
10/04/2013,42.24
09/04/2013,41.84
08/04/2013,41.43
05/04/2013,41.36
04/04/2013,41.46
03/04/2013,41.58
02/04/2013,42.07
01/04/2013,42.06
28/03/2013,42.51
27/03/2013,42.42
26/03/2013,42.27
25/03/2013,41.67
22/03/2013,41.71
21/03/2013,41.55
20/03/2013,41.98
19/03/2013,41.74
18/03/2013,42.03
15/03/2013,42.51
14/03/2013,42.90
13/03/2013,42.72
12/03/2013,43.13
11/03/2013,43.63
08/03/2013,43.87
07/03/2013,43.49
06/03/2013,43.37
05/03/2013,43.15
04/03/2013,42.65
01/03/2013,43.05
28/02/2013,42.95
27/02/2013,43.15
26/02/2013,42.68
25/02/2013,42.44
22/02/2013,43.02
21/02/2013,42.83
20/02/2013,43.42
19/02/2013,43.82
15/02/2013,43.73
14/02/2013,43.88
13/02/2013,43.91
12/02/2013,43.69
11/02/2013,43.57
08/02/2013,43.59
07/02/2013,43.27
06/02/2013,43.66
05/02/2013,43.71
04/02/2013,43.66
01/02/2013,44.24
31/01/2013,43.95
30/01/2013,43.87
29/01/2013,44.07
28/01/2013,43.59
25/01/2013,43.90
24/01/2013,44.04
23/01/2013,44.20
22/01/2013,44.44
18/01/2013,44.51
17/01/2013,44.41
16/01/2013,44.16
15/01/2013,44.20
14/01/2013,44.39
11/01/2013,44.20
10/01/2013,44.56
09/01/2013,44.17
08/01/2013,43.98
07/01/2013,44.38
04/01/2013,44.72
03/01/2013,44.63
02/01/2013,44.95
31/12/2012,44.08
28/12/2012,43.44
27/12/2012,43.28
26/12/2012,43.05
24/12/2012,42.92
21/12/2012,43.01
20/12/2012,43.51
19/12/2012,43.25
18/12/2012,43.27
17/12/2012,43.23
14/12/2012,43.12
13/12/2012,42.93
12/12/2012,43.12
11/12/2012,42.99
10/12/2012,42.77
07/12/2012,42.53
06/12/2012,42.40
05/12/2012,42.09
04/12/2012,41.64
03/12/2012,41.52
30/11/2012,41.53
29/11/2012,41.56
28/11/2012,41.26
27/11/2012,41.03
26/11/2012,41.39
23/11/2012,41.38
21/11/2012,40.71
20/11/2012,40.79
19/11/2012,40.87
16/11/2012,40.17
15/11/2012,40.05
14/11/2012,39.91
13/11/2012,40.54
12/11/2012,40.91
09/11/2012,40.75
08/11/2012,40.67
07/11/2012,41.19
06/11/2012,41.88
05/11/2012,41.55
02/11/2012,41.35
01/11/2012,41.57
31/10/2012,40.90
26/10/2012,40.96
25/10/2012,41.25
24/10/2012,40.83
23/10/2012,40.79
22/10/2012,41.65
19/10/2012,41.25
18/10/2012,41.90
17/10/2012,42.02
16/10/2012,41.69
15/10/2012,41.26
12/10/2012,41.02
11/10/2012,41.15
10/10/2012,40.77
09/10/2012,41.02
08/10/2012,41.33
05/10/2012,41.70
04/10/2012,41.69
03/10/2012,41.27
02/10/2012,41.55
01/10/2012,41.49
28/09/2012,41.08
27/09/2012,41.33
26/09/2012,40.68
25/09/2012,40.87
24/09/2012,41.49
21/09/2012,41.52
20/09/2012,41.43
19/09/2012,41.68
18/09/2012,41.67
17/09/2012,41.66
14/09/2012,42.12
13/09/2012,41.62
12/09/2012,40.54
11/09/2012,40.36
10/09/2012,39.88
07/09/2012,40.40
06/09/2012,39.49
05/09/2012,38.63
04/09/2012,38.83
31/08/2012,39.04
30/08/2012,38.68
29/08/2012,39.13
28/08/2012,39.32
27/08/2012,39.40
24/08/2012,39.81
23/08/2012,39.80
22/08/2012,40.17
21/08/2012,40.15
20/08/2012,40.21
17/08/2012,40.23
16/08/2012,40.43
15/08/2012,40.06
14/08/2012,40.12
13/08/2012,40.12
10/08/2012,40.49
09/08/2012,40.30
08/08/2012,40.13
07/08/2012,40.05
06/08/2012,39.94
03/08/2012,39.69
02/08/2012,38.50
01/08/2012,38.96
31/07/2012,38.89
30/07/2012,39.06
27/07/2012,39.29
26/07/2012,38.22
25/07/2012,37.37
24/07/2012,37.19
23/07/2012,37.35
20/07/2012,38.35
19/07/2012,38.93
18/07/2012,38.58
17/07/2012,38.68
16/07/2012,38.16
13/07/2012,38.25
12/07/2012,37.53
11/07/2012,38.17
10/07/2012,37.97
09/07/2012,38.40
06/07/2012,38.54
05/07/2012,39.25
03/07/2012,39.67
02/07/2012,38.89
29/06/2012,38.90
28/06/2012,37.25
27/06/2012,37.42
26/06/2012,37.19
25/06/2012,36.86
22/06/2012,37.56
21/06/2012,37.44
20/06/2012,39.33
19/06/2012,39.46
18/06/2012,38.84
15/06/2012,38.76
14/06/2012,38.06
13/06/2012,37.79
12/06/2012,37.93
11/06/2012,37.16
08/06/2012,37.70
07/06/2012,38.03
06/06/2012,37.80
05/06/2012,36.72
04/06/2012,36.63
01/06/2012,36.47
31/05/2012,37.47
30/05/2012,37.31
29/05/2012,37.97
25/05/2012,36.93
24/05/2012,37.11
23/05/2012,37.30
22/05/2012,37.55
21/05/2012,37.95
18/05/2012,37.07
17/05/2012,37.42
16/05/2012,37.94
15/05/2012,38.49
14/05/2012,38.83
11/05/2012,39.73
10/05/2012,40.25
09/05/2012,40.08
08/05/2012,40.61
07/05/2012,41.26
04/05/2012,41.11
03/05/2012,41.85
02/05/2012,42.16
01/05/2012,42.25
30/04/2012,41.96
27/04/2012,42.06
26/04/2012,42.00
25/04/2012,41.73
24/04/2012,41.36
23/04/2012,41.27
20/04/2012,42.07
19/04/2012,41.79
18/04/2012,41.98
17/04/2012,42.18
16/04/2012,41.69
13/04/2012,41.91
12/04/2012,42.55
11/04/2012,41.48
10/04/2012,41.05
09/04/2012,41.86
05/04/2012,42.48
04/04/2012,42.26
03/04/2012,43.03
02/04/2012,43.28
30/03/2012,42.69
29/03/2012,42.38
28/03/2012,42.43
27/03/2012,43.16
26/03/2012,43.39
23/03/2012,42.64
22/03/2012,42.32
21/03/2012,42.98
20/03/2012,42.90
19/03/2012,43.66
16/03/2012,43.83
15/03/2012,43.88
14/03/2012,43.53
13/03/2012,44.22
12/03/2012,43.05
09/03/2012,43.53
08/03/2012,43.55
07/03/2012,42.65
06/03/2012,42.15
05/03/2012,43.61
02/03/2012,44.37
01/03/2012,44.48
29/02/2012,44.06
28/02/2012,44.09
27/02/2012,43.49
24/02/2012,43.93
23/02/2012,43.49
22/02/2012,43.56
21/02/2012,43.49
17/02/2012,43.67
16/02/2012,43.58
15/02/2012,43.12
14/02/2012,43.00
13/02/2012,43.35
10/02/2012,42.66
09/02/2012,43.63
08/02/2012,43.65
07/02/2012,43.34
06/02/2012,43.24
03/02/2012,43.62
02/02/2012,42.90
01/02/2012,42.79
31/01/2012,41.86
30/01/2012,41.50
27/01/2012,42.11
26/01/2012,41.89
25/01/2012,42.06
24/01/2012,41.58
23/01/2012,41.53
20/01/2012,41.13
19/01/2012,41.16
18/01/2012,40.80
17/01/2012,39.80
13/01/2012,39.05
12/01/2012,39.41
11/01/2012,39.25
10/01/2012,39.22
09/01/2012,38.38
06/01/2012,38.00
05/01/2012,38.48
04/01/2012,38.65
03/01/2012,38.87
30/12/2011,37.71
29/12/2011,37.68
28/12/2011,37.26
27/12/2011,37.89
23/12/2011,38.25
22/12/2011,38.11
21/12/2011,37.61
20/12/2011,37.50
19/12/2011,36.33
16/12/2011,37.30
15/12/2011,37.02
14/12/2011,36.78
13/12/2011,37.31
12/12/2011,37.66
09/12/2011,39.13
08/12/2011,38.36
07/12/2011,39.79
06/12/2011,39.63
05/12/2011,40.18
02/12/2011,39.53
01/12/2011,39.65
30/11/2011,39.77
29/11/2011,37.43
28/11/2011,37.60
25/11/2011,35.88
23/11/2011,36.00
22/11/2011,37.21
21/11/2011,37.08
18/11/2011,38.31
17/11/2011,38.16
16/11/2011,39.15
15/11/2011,40.24
14/11/2011,39.99
11/11/2011,40.54
10/11/2011,39.59
09/11/2011,39.33
08/11/2011,41.78
07/11/2011,41.29
04/11/2011,40.94
03/11/2011,41.21
02/11/2011,40.79
01/11/2011,39.58
31/10/2011,40.57
28/10/2011,42.15
27/10/2011,42.50
26/10/2011,40.07
25/10/2011,39.34
24/10/2011,40.14
21/10/2011,38.62
20/10/2011,37.55
19/10/2011,38.29
18/10/2011,39.03
17/10/2011,38.02
14/10/2011,39.35
13/10/2011,38.58
12/10/2011,38.93
11/10/2011,37.86
10/10/2011,37.84
07/10/2011,36.22
06/10/2011,36.66
05/10/2011,35.49
04/10/2011,34.68
03/10/2011,34.15
30/09/2011,34.88
29/09/2011,36.73
28/09/2011,36.23
27/09/2011,37.35
26/09/2011,36.20
23/09/2011,35.66
22/09/2011,34.74
21/09/2011,37.36
20/09/2011,38.81
19/09/2011,39.09
16/09/2011,40.29
15/09/2011,40.22
14/09/2011,39.64
13/09/2011,39.75
12/09/2011,39.69
09/09/2011,39.77
08/09/2011,41.16
07/09/2011,42.10
06/09/2011,40.88
02/09/2011,41.31
01/09/2011,42.27
31/08/2011,42.49
30/08/2011,41.64
29/08/2011,41.58
26/08/2011,40.28
25/08/2011,39.60
24/08/2011,40.39
23/08/2011,40.78
22/08/2011,39.40
19/08/2011,39.44
18/08/2011,39.94
17/08/2011,41.92
16/08/2011,41.62
15/08/2011,41.98
12/08/2011,41.02
11/08/2011,41.04
10/08/2011,38.90
09/08/2011,41.07
08/08/2011,38.80
05/08/2011,42.32
04/08/2011,42.60
03/08/2011,45.19
02/08/2011,45.35
01/08/2011,46.79
29/07/2011,46.83
28/07/2011,46.63
27/07/2011,46.59
26/07/2011,47.42
25/07/2011,47.26
22/07/2011,47.36
21/07/2011,47.39
20/07/2011,46.65
19/07/2011,46.51
18/07/2011,45.84
15/07/2011,46.38
14/07/2011,46.09
13/07/2011,46.59
12/07/2011,45.84
11/07/2011,46.31
08/07/2011,47.64
07/07/2011,48.19
06/07/2011,47.53
05/07/2011,47.85
01/07/2011,47.87
30/06/2011,47.31
29/06/2011,46.81
28/06/2011,46.38
27/06/2011,45.75
24/06/2011,45.23
23/06/2011,45.31
22/06/2011,45.37
21/06/2011,46.28
20/06/2011,45.45
17/06/2011,45.52
16/06/2011,45.46
15/06/2011,45.80
14/06/2011,46.81
13/06/2011,46.11
10/06/2011,46.19
09/06/2011,47.22
08/06/2011,46.85
07/06/2011,47.19
06/06/2011,46.82
03/06/2011,47.58
02/06/2011,47.82
01/06/2011,47.37
31/05/2011,48.24
27/05/2011,47.46
26/05/2011,46.97
25/05/2011,46.37
24/05/2011,46.27
23/05/2011,45.81
20/05/2011,46.79
19/05/2011,47.17
18/05/2011,47.47
17/05/2011,46.72
16/05/2011,46.57
13/05/2011,46.64
12/05/2011,47.68
11/05/2011,47.54
10/05/2011,48.62
09/05/2011,48.05
06/05/2011,47.96
05/05/2011,47.34
04/05/2011,47.80
03/05/2011,48.60
02/05/2011,49.71
29/04/2011,49.70
28/04/2011,49.40
27/04/2011,49.81
26/04/2011,49.90
25/04/2011,49.47
21/04/2011,49.87
20/04/2011,49.44
19/04/2011,48.30
18/04/2011,47.61
15/04/2011,48.84
14/04/2011,48.78
13/04/2011,48.63
12/04/2011,48.23
11/04/2011,49.15
08/04/2011,49.74
07/04/2011,49.69
06/04/2011,49.74
05/04/2011,49.47
04/04/2011,49.57
01/04/2011,49.15
31/03/2011,48.38
30/03/2011,47.96
29/03/2011,47.35
28/03/2011,46.81
25/03/2011,47.06
24/03/2011,47.11
23/03/2011,46.57
22/03/2011,45.96
21/03/2011,45.82
18/03/2011,44.96
17/03/2011,44.88
16/03/2011,44.33
15/03/2011,45.26
14/03/2011,46.02
11/03/2011,45.75
10/03/2011,45.29
09/03/2011,46.67
08/03/2011,46.58
07/03/2011,45.96
04/03/2011,46.61
03/03/2011,46.57
02/03/2011,45.66
01/03/2011,45.05
28/02/2011,45.52
25/02/2011,45.25
24/02/2011,44.71
23/02/2011,44.60
22/02/2011,44.56
18/02/2011,46.03
17/02/2011,45.75
16/02/2011,45.59
15/02/2011,45.22
14/02/2011,45.13
11/02/2011,45.35
10/02/2011,44.81
09/02/2011,45.24
08/02/2011,46.30
07/02/2011,46.28
04/02/2011,46.22
03/02/2011,46.23
02/02/2011,46.29
01/02/2011,46.64
31/01/2011,45.54
28/01/2011,45.06
27/01/2011,46.53
26/01/2011,46.69
25/01/2011,46.28
24/01/2011,46.56
21/01/2011,46.20
20/01/2011,46.69
19/01/2011,47.21
18/01/2011,47.57
14/01/2011,47.64
13/01/2011,47.50
12/01/2011,47.92
11/01/2011,46.97
10/01/2011,46.48
07/01/2011,46.97
06/01/2011,47.40
05/01/2011,47.91
04/01/2011,48.03
03/01/2011,47.81
31/12/2010,47.36
30/12/2010,47.03
29/12/2010,46.79
28/12/2010,46.22
27/12/2010,46.18
23/12/2010,46.33
22/12/2010,46.38
21/12/2010,46.22
20/12/2010,45.91
17/12/2010,46.13
16/12/2010,46.05
15/12/2010,45.92
14/12/2010,46.68
13/12/2010,46.61
10/12/2010,46.31
09/12/2010,46.11
08/12/2010,46.26
07/12/2010,46.56
06/12/2010,46.78
03/12/2010,46.86
02/12/2010,46.69
01/12/2010,45.79
30/11/2010,44.51
29/11/2010,44.88
26/11/2010,44.68
24/11/2010,45.66
23/11/2010,44.63
22/11/2010,46.09
19/11/2010,46.23
18/11/2010,46.20
17/11/2010,45.13
16/11/2010,44.90
15/11/2010,46.11
12/11/2010,46.13
11/11/2010,47.27
10/11/2010,47.74
09/11/2010,47.39
08/11/2010,48.01
05/11/2010,48.20
04/11/2010,48.29
03/11/2010,47.22
02/11/2010,46.92
01/11/2010,46.35
29/10/2010,45.84
28/10/2010,45.71
27/10/2010,45.43
26/10/2010,46.21
25/10/2010,46.25
22/10/2010,45.75
21/10/2010,45.70
20/10/2010,45.70
19/10/2010,44.99
18/10/2010,46.46
15/10/2010,46.44
14/10/2010,46.49
13/10/2010,46.57
12/10/2010,45.73
11/10/2010,45.92
08/10/2010,45.95
07/10/2010,45.41
06/10/2010,45.81
05/10/2010,45.83
04/10/2010,45.02
01/10/2010,45.16
30/09/2010,44.50
29/09/2010,44.24
28/09/2010,44.09
27/09/2010,43.77
24/09/2010,43.86
23/09/2010,43.06
22/09/2010,43.34
21/09/2010,43.31
20/09/2010,43.44
17/09/2010,42.76
16/09/2010,42.83
15/09/2010,43.05
14/09/2010,42.99
13/09/2010,43.01
10/09/2010,42.01
09/09/2010,41.86
08/09/2010,41.62
07/09/2010,41.17
03/09/2010,41.78
02/09/2010,41.29
01/09/2010,41.22
31/08/2010,39.82
30/08/2010,39.58
27/08/2010,40.25
26/08/2010,39.38
25/08/2010,39.63
24/08/2010,39.89
23/08/2010,40.41
20/08/2010,40.77
19/08/2010,40.89
18/08/2010,41.21
17/08/2010,41.24
16/08/2010,40.81
13/08/2010,40.44
12/08/2010,40.22
11/08/2010,40.15
10/08/2010,41.47
09/08/2010,42.05
06/08/2010,41.83
05/08/2010,41.89
04/08/2010,42.08
03/08/2010,42.02
02/08/2010,42.22
30/07/2010,41.15
29/07/2010,40.95
28/07/2010,40.88
27/07/2010,41.11
26/07/2010,41.18
23/07/2010,40.90
22/07/2010,40.62
21/07/2010,39.43
20/07/2010,39.84
19/07/2010,38.93
16/07/2010,38.42
15/07/2010,39.60
14/07/2010,39.79
13/07/2010,39.87
12/07/2010,39.41
09/07/2010,39.74
08/07/2010,39.25
07/07/2010,39.06
06/07/2010,38.22
02/07/2010,37.52
01/07/2010,37.36
30/06/2010,37.10
29/06/2010,37.34
28/06/2010,38.93
25/06/2010,39.19
24/06/2010,38.74
23/06/2010,39.43
22/06/2010,39.59
21/06/2010,40.37
18/06/2010,39.68
17/06/2010,39.50
16/06/2010,39.70
15/06/2010,39.70
14/06/2010,38.54
11/06/2010,38.53
10/06/2010,38.33
09/06/2010,37.04
08/06/2010,37.24
07/06/2010,36.40
04/06/2010,36.98
03/06/2010,38.34
02/06/2010,38.48
01/06/2010,37.18
28/05/2010,37.87
27/05/2010,38.51
26/05/2010,36.31
25/05/2010,36.33
24/05/2010,36.73
21/05/2010,37.12
20/05/2010,35.95
19/05/2010,37.83
18/05/2010,38.20
17/05/2010,39.01
14/05/2010,39.25
13/05/2010,40.08
12/05/2010,40.46
11/05/2010,39.96
10/05/2010,40.69
07/05/2010,37.96
06/05/2010,37.76
05/05/2010,39.37
04/05/2010,40.10
03/05/2010,42.03
30/04/2010,41.80
29/04/2010,42.30
28/04/2010,41.62
27/04/2010,41.27
26/04/2010,42.80
23/04/2010,42.80
22/04/2010,42.57
21/04/2010,42.39
20/04/2010,42.53
19/04/2010,42.04
16/04/2010,42.21
15/04/2010,43.48
14/04/2010,43.72
13/04/2010,43.08
12/04/2010,43.17
09/04/2010,43.52
08/04/2010,43.25
07/04/2010,43.10
06/04/2010,43.48
05/04/2010,43.35
01/04/2010,42.96
31/03/2010,41.87
30/03/2010,41.75
29/03/2010,41.59
26/03/2010,40.85
25/03/2010,40.65
24/03/2010,40.76
23/03/2010,41.38
22/03/2010,41.09
19/03/2010,40.94
18/03/2010,41.48
17/03/2010,41.80
16/03/2010,41.35
15/03/2010,40.82
12/03/2010,41.12
11/03/2010,41.26
10/03/2010,41.25
09/03/2010,40.96
08/03/2010,40.73
05/03/2010,40.70
04/03/2010,39.67
03/03/2010,39.88
02/03/2010,39.83
01/03/2010,39.38
26/02/2010,38.73
25/02/2010,38.34
24/02/2010,38.66
23/02/2010,38.29
22/02/2010,39.19
19/02/2010,39.14
18/02/2010,39.48
17/02/2010,39.33
16/02/2010,39.19
12/02/2010,38.21
11/02/2010,38.70
10/02/2010,37.70
09/02/2010,37.80
08/02/2010,36.61
05/02/2010,36.98
04/02/2010,37.39
03/02/2010,39.16
02/02/2010,39.39
01/02/2010,39.07
29/01/2010,38.05
28/01/2010,38.47
27/01/2010,38.74
26/01/2010,38.84
25/01/2010,39.66
22/01/2010,39.37
21/01/2010,40.26
20/01/2010,41.52
19/01/2010,42.54
15/01/2010,41.70
14/01/2010,42.19
13/01/2010,42.29
12/01/2010,42.17
11/01/2010,42.85
08/01/2010,42.94
07/01/2010,42.60
06/01/2010,42.85
05/01/2010,42.76
04/01/2010,42.45
