time,close
03/11/2023,"4,358.34"
02/11/2023,"4,317.78"
01/11/2023,"4,237.86"
31/10/2023,"4,193.80"
30/10/2023,"4,166.82"
27/10/2023,"4,117.37"
26/10/2023,"4,137.23"
25/10/2023,"4,186.77"
24/10/2023,"4,247.68"
23/10/2023,"4,217.04"
20/10/2023,"4,224.16"
19/10/2023,"4,278.00"
18/10/2023,"4,314.60"
17/10/2023,"4,373.20"
16/10/2023,"4,373.63"
13/10/2023,"4,327.78"
12/10/2023,"4,349.61"
11/10/2023,"4,376.95"
10/10/2023,"4,358.24"
09/10/2023,"4,335.66"
06/10/2023,"4,308.50"
05/10/2023,"4,258.19"
04/10/2023,"4,263.75"
03/10/2023,"4,229.45"
02/10/2023,"4,288.39"
29/09/2023,"4,288.05"
28/09/2023,"4,299.70"
27/09/2023,"4,274.51"
26/09/2023,"4,273.53"
25/09/2023,"4,337.44"
22/09/2023,"4,320.06"
21/09/2023,"4,330.00"
20/09/2023,"4,402.20"
19/09/2023,"4,443.95"
18/09/2023,"4,453.53"
15/09/2023,"4,450.32"
14/09/2023,"4,505.10"
13/09/2023,"4,467.44"
12/09/2023,"4,461.90"
11/09/2023,"4,487.46"
08/09/2023,"4,457.49"
07/09/2023,"4,451.14"
06/09/2023,"4,465.48"
05/09/2023,"4,496.83"
01/09/2023,"4,515.77"
31/08/2023,"4,507.66"
30/08/2023,"4,514.87"
29/08/2023,"4,497.63"
28/08/2023,"4,433.31"
25/08/2023,"4,405.71"
24/08/2023,"4,376.31"
23/08/2023,"4,436.01"
22/08/2023,"4,387.55"
21/08/2023,"4,399.77"
18/08/2023,"4,369.71"
17/08/2023,"4,370.36"
16/08/2023,"4,404.33"
15/08/2023,"4,437.86"
14/08/2023,"4,489.72"
11/08/2023,"4,464.05"
10/08/2023,"4,468.83"
09/08/2023,"4,467.71"
08/08/2023,"4,499.38"
07/08/2023,"4,518.44"
04/08/2023,"4,478.03"
03/08/2023,"4,501.89"
02/08/2023,"4,513.39"
01/08/2023,"4,576.73"
31/07/2023,"4,588.96"
28/07/2023,"4,582.23"
27/07/2023,"4,537.41"
26/07/2023,"4,566.75"
25/07/2023,"4,567.46"
24/07/2023,"4,554.64"
21/07/2023,"4,536.34"
20/07/2023,"4,534.87"
19/07/2023,"4,565.72"
18/07/2023,"4,554.98"
17/07/2023,"4,522.79"
14/07/2023,"4,505.42"
13/07/2023,"4,510.04"
12/07/2023,"4,472.16"
11/07/2023,"4,439.26"
10/07/2023,"4,409.53"
07/07/2023,"4,398.95"
06/07/2023,"4,411.59"
05/07/2023,"4,446.82"
03/07/2023,"4,455.59"
30/06/2023,"4,450.38"
29/06/2023,"4,396.44"
28/06/2023,"4,376.86"
27/06/2023,"4,378.41"
26/06/2023,"4,328.82"
23/06/2023,"4,348.33"
22/06/2023,"4,381.89"
21/06/2023,"4,365.69"
20/06/2023,"4,388.71"
16/06/2023,"4,409.59"
15/06/2023,"4,425.84"
14/06/2023,"4,372.59"
13/06/2023,"4,369.01"
12/06/2023,"4,338.93"
09/06/2023,"4,298.86"
08/06/2023,"4,293.93"
07/06/2023,"4,267.52"
06/06/2023,"4,283.85"
05/06/2023,"4,273.79"
02/06/2023,"4,282.37"
01/06/2023,"4,221.02"
31/05/2023,"4,179.83"
30/05/2023,"4,205.52"
26/05/2023,"4,205.45"
25/05/2023,"4,151.28"
24/05/2023,"4,115.24"
23/05/2023,"4,145.58"
22/05/2023,"4,192.63"
19/05/2023,"4,191.98"
18/05/2023,"4,198.05"
17/05/2023,"4,158.77"
16/05/2023,"4,109.90"
15/05/2023,"4,136.28"
12/05/2023,"4,124.08"
11/05/2023,"4,130.62"
10/05/2023,"4,137.64"
09/05/2023,"4,119.17"
08/05/2023,"4,138.12"
05/05/2023,"4,136.25"
04/05/2023,"4,061.22"
03/05/2023,"4,090.75"
02/05/2023,"4,119.58"
01/05/2023,"4,167.87"
28/04/2023,"4,169.48"
27/04/2023,"4,135.35"
26/04/2023,"4,055.99"
25/04/2023,"4,071.63"
24/04/2023,"4,137.04"
21/04/2023,"4,133.52"
20/04/2023,"4,129.79"
19/04/2023,"4,154.52"
18/04/2023,"4,154.87"
17/04/2023,"4,151.32"
14/04/2023,"4,137.64"
13/04/2023,"4,146.22"
12/04/2023,"4,091.95"
11/04/2023,"4,108.94"
10/04/2023,"4,109.11"
06/04/2023,"4,105.02"
05/04/2023,"4,090.38"
04/04/2023,"4,100.60"
03/04/2023,"4,124.51"
31/03/2023,"4,109.31"
30/03/2023,"4,050.83"
29/03/2023,"4,027.81"
28/03/2023,"3,971.27"
27/03/2023,"3,977.53"
24/03/2023,"3,970.99"
23/03/2023,"3,948.72"
22/03/2023,"3,936.97"
21/03/2023,"4,002.87"
20/03/2023,"3,951.57"
17/03/2023,"3,916.64"
16/03/2023,"3,960.28"
15/03/2023,"3,891.93"
14/03/2023,"3,919.29"
13/03/2023,"3,855.76"
10/03/2023,"3,861.59"
09/03/2023,"3,918.32"
08/03/2023,"3,992.01"
07/03/2023,"3,986.37"
06/03/2023,"4,048.42"
03/03/2023,"4,045.64"
02/03/2023,"3,981.35"
01/03/2023,"3,951.39"
28/02/2023,"3,970.15"
27/02/2023,"3,982.24"
24/02/2023,"3,970.04"
23/02/2023,"4,012.32"
22/02/2023,"3,991.05"
21/02/2023,"3,997.34"
17/02/2023,"4,079.09"
16/02/2023,"4,090.41"
15/02/2023,"4,147.60"
14/02/2023,"4,136.13"
13/02/2023,"4,137.29"
10/02/2023,"4,090.46"
09/02/2023,"4,081.50"
08/02/2023,"4,117.86"
07/02/2023,"4,164.00"
06/02/2023,"4,111.08"
03/02/2023,"4,136.48"
02/02/2023,"4,179.76"
01/02/2023,"4,119.21"
31/01/2023,"4,076.60"
30/01/2023,"4,017.77"
27/01/2023,"4,070.56"
26/01/2023,"4,060.43"
25/01/2023,"4,016.22"
24/01/2023,"4,016.95"
23/01/2023,"4,019.81"
20/01/2023,"3,972.61"
19/01/2023,"3,898.85"
18/01/2023,"3,928.86"
17/01/2023,"3,990.97"
13/01/2023,"3,999.09"
12/01/2023,"3,983.17"
11/01/2023,"3,969.61"
10/01/2023,"3,919.25"
09/01/2023,"3,892.09"
06/01/2023,"3,895.08"
05/01/2023,"3,808.10"
04/01/2023,"3,852.97"
03/01/2023,"3,824.14"
30/12/2022,"3,839.50"
29/12/2022,"3,849.28"
28/12/2022,"3,783.22"
27/12/2022,"3,829.25"
23/12/2022,"3,844.82"
22/12/2022,"3,822.39"
21/12/2022,"3,878.44"
20/12/2022,"3,821.62"
19/12/2022,"3,817.66"
16/12/2022,"3,852.36"
15/12/2022,"3,895.75"
14/12/2022,"3,995.32"
13/12/2022,"4,019.65"
12/12/2022,"3,990.56"
09/12/2022,"3,934.38"
08/12/2022,"3,963.51"
07/12/2022,"3,933.92"
06/12/2022,"3,941.26"
05/12/2022,"3,998.84"
02/12/2022,"4,071.70"
01/12/2022,"4,076.57"
30/11/2022,"4,080.11"
29/11/2022,"3,957.63"
28/11/2022,"3,963.94"
25/11/2022,"4,026.12"
23/11/2022,"4,027.26"
22/11/2022,"4,003.58"
21/11/2022,"3,949.94"
18/11/2022,"3,965.34"
17/11/2022,"3,946.56"
16/11/2022,"3,958.79"
15/11/2022,"3,991.73"
14/11/2022,"3,957.25"
11/11/2022,"3,992.93"
10/11/2022,"3,956.37"
09/11/2022,"3,748.57"
08/11/2022,"3,828.11"
07/11/2022,"3,806.80"
04/11/2022,"3,770.55"
03/11/2022,"3,719.89"
02/11/2022,"3,759.69"
01/11/2022,"3,856.10"
31/10/2022,"3,871.98"
28/10/2022,"3,901.06"
27/10/2022,"3,807.30"
26/10/2022,"3,830.60"
25/10/2022,"3,859.11"
24/10/2022,"3,797.34"
21/10/2022,"3,752.75"
20/10/2022,"3,665.78"
19/10/2022,"3,695.16"
18/10/2022,"3,719.98"
17/10/2022,"3,677.95"
14/10/2022,"3,583.07"
13/10/2022,"3,669.91"
12/10/2022,"3,577.03"
11/10/2022,"3,588.84"
10/10/2022,"3,612.39"
07/10/2022,"3,639.66"
06/10/2022,"3,744.52"
05/10/2022,"3,783.28"
04/10/2022,"3,790.93"
03/10/2022,"3,678.43"
30/09/2022,"3,585.62"
29/09/2022,"3,640.47"
28/09/2022,"3,719.04"
27/09/2022,"3,647.29"
26/09/2022,"3,655.04"
23/09/2022,"3,693.23"
22/09/2022,"3,757.99"
21/09/2022,"3,789.93"
20/09/2022,"3,855.93"
19/09/2022,"3,899.89"
16/09/2022,"3,873.33"
15/09/2022,"3,901.35"
14/09/2022,"3,946.01"
13/09/2022,"3,932.69"
12/09/2022,"4,110.41"
09/09/2022,"4,067.36"
08/09/2022,"4,006.18"
07/09/2022,"3,979.87"
06/09/2022,"3,908.19"
02/09/2022,"3,924.26"
01/09/2022,"3,966.85"
31/08/2022,"3,955.00"
30/08/2022,"3,986.16"
29/08/2022,"4,030.61"
26/08/2022,"4,057.66"
25/08/2022,"4,199.12"
24/08/2022,"4,140.77"
23/08/2022,"4,128.73"
22/08/2022,"4,137.99"
19/08/2022,"4,228.48"
18/08/2022,"4,283.74"
17/08/2022,"4,274.04"
16/08/2022,"4,305.20"
15/08/2022,"4,297.14"
12/08/2022,"4,280.15"
11/08/2022,"4,207.27"
10/08/2022,"4,210.24"
09/08/2022,"4,122.47"
08/08/2022,"4,140.06"
05/08/2022,"4,145.19"
04/08/2022,"4,151.94"
03/08/2022,"4,155.17"
02/08/2022,"4,091.19"
01/08/2022,"4,118.63"
29/07/2022,"4,130.29"
28/07/2022,"4,072.43"
27/07/2022,"4,023.61"
26/07/2022,"3,921.05"
25/07/2022,"3,966.84"
22/07/2022,"3,961.63"
21/07/2022,"3,998.95"
20/07/2022,"3,959.90"
19/07/2022,"3,936.69"
18/07/2022,"3,830.85"
15/07/2022,"3,863.16"
14/07/2022,"3,790.38"
13/07/2022,"3,801.78"
12/07/2022,"3,818.80"
11/07/2022,"3,854.43"
08/07/2022,"3,899.38"
07/07/2022,"3,902.62"
06/07/2022,"3,845.08"
05/07/2022,"3,831.39"
01/07/2022,"3,825.33"
30/06/2022,"3,785.38"
29/06/2022,"3,818.83"
28/06/2022,"3,821.55"
27/06/2022,"3,900.11"
24/06/2022,"3,911.74"
23/06/2022,"3,795.73"
22/06/2022,"3,759.89"
21/06/2022,"3,764.79"
17/06/2022,"3,674.84"
16/06/2022,"3,666.77"
15/06/2022,"3,789.99"
14/06/2022,"3,735.48"
13/06/2022,"3,749.63"
10/06/2022,"3,900.86"
09/06/2022,"4,017.82"
08/06/2022,"4,115.77"
07/06/2022,"4,160.68"
06/06/2022,"4,121.43"
03/06/2022,"4,108.54"
02/06/2022,"4,176.82"
01/06/2022,"4,101.23"
31/05/2022,"4,132.15"
27/05/2022,"4,158.24"
26/05/2022,"4,057.84"
25/05/2022,"3,978.73"
24/05/2022,"3,941.48"
23/05/2022,"3,973.75"
20/05/2022,"3,901.36"
19/05/2022,"3,900.79"
18/05/2022,"3,923.68"
17/05/2022,"4,088.85"
16/05/2022,"4,008.01"
13/05/2022,"4,023.89"
12/05/2022,"3,930.08"
11/05/2022,"3,935.18"
10/05/2022,"4,001.05"
09/05/2022,"3,991.24"
06/05/2022,"4,123.34"
05/05/2022,"4,146.87"
04/05/2022,"4,300.17"
03/05/2022,"4,175.48"
02/05/2022,"4,155.38"
29/04/2022,"4,131.93"
28/04/2022,"4,287.50"
27/04/2022,"4,183.96"
26/04/2022,"4,175.20"
25/04/2022,"4,296.12"
22/04/2022,"4,271.78"
21/04/2022,"4,393.66"
20/04/2022,"4,459.45"
19/04/2022,"4,462.21"
18/04/2022,"4,391.69"
14/04/2022,"4,392.59"
13/04/2022,"4,446.59"
12/04/2022,"4,397.45"
11/04/2022,"4,412.53"
08/04/2022,"4,488.28"
07/04/2022,"4,500.21"
06/04/2022,"4,481.15"
05/04/2022,"4,525.12"
04/04/2022,"4,582.64"
01/04/2022,"4,545.86"
31/03/2022,"4,530.41"
30/03/2022,"4,602.45"
29/03/2022,"4,631.60"
28/03/2022,"4,575.52"
25/03/2022,"4,543.06"
24/03/2022,"4,520.16"
23/03/2022,"4,456.24"
22/03/2022,"4,511.61"
21/03/2022,"4,461.18"
18/03/2022,"4,463.12"
17/03/2022,"4,411.67"
16/03/2022,"4,357.86"
15/03/2022,"4,262.45"
14/03/2022,"4,173.11"
11/03/2022,"4,204.31"
10/03/2022,"4,259.52"
09/03/2022,"4,277.88"
08/03/2022,"4,170.70"
07/03/2022,"4,201.09"
04/03/2022,"4,328.87"
03/03/2022,"4,363.49"
02/03/2022,"4,386.54"
01/03/2022,"4,306.26"
28/02/2022,"4,373.94"
25/02/2022,"4,384.65"
24/02/2022,"4,288.70"
23/02/2022,"4,225.50"
22/02/2022,"4,304.76"
18/02/2022,"4,348.87"
17/02/2022,"4,380.26"
16/02/2022,"4,475.01"
15/02/2022,"4,471.07"
14/02/2022,"4,401.67"
11/02/2022,"4,418.64"
10/02/2022,"4,504.08"
09/02/2022,"4,587.18"
08/02/2022,"4,521.54"
07/02/2022,"4,483.87"
04/02/2022,"4,500.53"
03/02/2022,"4,477.44"
02/02/2022,"4,589.38"
01/02/2022,"4,546.54"
31/01/2022,"4,515.55"
28/01/2022,"4,431.85"
27/01/2022,"4,326.51"
26/01/2022,"4,349.93"
25/01/2022,"4,356.45"
24/01/2022,"4,410.13"
21/01/2022,"4,397.94"
20/01/2022,"4,482.73"
19/01/2022,"4,532.76"
18/01/2022,"4,577.11"
14/01/2022,"4,662.85"
13/01/2022,"4,659.03"
12/01/2022,"4,726.35"
11/01/2022,"4,713.07"
10/01/2022,"4,670.29"
07/01/2022,"4,677.03"
06/01/2022,"4,696.05"
05/01/2022,"4,700.58"
04/01/2022,"4,793.54"
03/01/2022,"4,796.56"
31/12/2021,"4,766.18"
30/12/2021,"4,778.73"
29/12/2021,"4,793.06"
28/12/2021,"4,786.35"
27/12/2021,"4,791.19"
23/12/2021,"4,725.79"
22/12/2021,"4,696.56"
21/12/2021,"4,649.23"
20/12/2021,"4,568.02"
17/12/2021,"4,620.64"
16/12/2021,"4,668.67"
15/12/2021,"4,709.85"
14/12/2021,"4,634.09"
13/12/2021,"4,668.97"
10/12/2021,"4,712.02"
09/12/2021,"4,667.45"
08/12/2021,"4,701.21"
07/12/2021,"4,686.75"
06/12/2021,"4,591.67"
03/12/2021,"4,538.43"
02/12/2021,"4,577.10"
01/12/2021,"4,513.04"
30/11/2021,"4,567.00"
29/11/2021,"4,655.27"
26/11/2021,"4,594.62"
24/11/2021,"4,701.46"
23/11/2021,"4,690.70"
22/11/2021,"4,682.94"
19/11/2021,"4,697.96"
18/11/2021,"4,704.54"
17/11/2021,"4,688.67"
16/11/2021,"4,700.90"
15/11/2021,"4,682.80"
12/11/2021,"4,682.85"
11/11/2021,"4,649.27"
10/11/2021,"4,646.71"
09/11/2021,"4,685.25"
08/11/2021,"4,701.70"
05/11/2021,"4,697.53"
04/11/2021,"4,680.06"
03/11/2021,"4,660.57"
02/11/2021,"4,630.65"
01/11/2021,"4,613.67"
29/10/2021,"4,605.38"
28/10/2021,"4,596.42"
27/10/2021,"4,551.68"
26/10/2021,"4,574.79"
25/10/2021,"4,566.48"
22/10/2021,"4,544.90"
21/10/2021,"4,549.78"
20/10/2021,"4,536.19"
19/10/2021,"4,519.63"
18/10/2021,"4,486.46"
15/10/2021,"4,471.37"
14/10/2021,"4,438.26"
13/10/2021,"4,363.80"
12/10/2021,"4,350.65"
11/10/2021,"4,361.19"
08/10/2021,"4,391.34"
07/10/2021,"4,399.76"
06/10/2021,"4,363.55"
05/10/2021,"4,345.72"
04/10/2021,"4,300.46"
01/10/2021,"4,357.04"
30/09/2021,"4,307.54"
29/09/2021,"4,359.46"
28/09/2021,"4,352.63"
27/09/2021,"4,443.11"
24/09/2021,"4,455.48"
23/09/2021,"4,448.98"
22/09/2021,"4,395.64"
21/09/2021,"4,354.19"
20/09/2021,"4,357.73"
17/09/2021,"4,432.99"
16/09/2021,"4,473.75"
15/09/2021,"4,480.70"
14/09/2021,"4,443.05"
13/09/2021,"4,468.73"
10/09/2021,"4,458.58"
09/09/2021,"4,493.28"
08/09/2021,"4,514.07"
07/09/2021,"4,520.03"
03/09/2021,"4,535.43"
02/09/2021,"4,536.95"
01/09/2021,"4,524.09"
31/08/2021,"4,522.68"
30/08/2021,"4,528.79"
27/08/2021,"4,509.37"
26/08/2021,"4,470.00"
25/08/2021,"4,496.19"
24/08/2021,"4,486.23"
23/08/2021,"4,479.53"
20/08/2021,"4,441.67"
19/08/2021,"4,405.80"
18/08/2021,"4,400.27"
17/08/2021,"4,448.08"
16/08/2021,"4,479.71"
13/08/2021,"4,468.00"
12/08/2021,"4,460.83"
11/08/2021,"4,442.41"
10/08/2021,"4,436.75"
09/08/2021,"4,432.35"
06/08/2021,"4,436.52"
05/08/2021,"4,429.10"
04/08/2021,"4,402.66"
03/08/2021,"4,423.15"
02/08/2021,"4,387.16"
30/07/2021,"4,395.26"
29/07/2021,"4,419.15"
28/07/2021,"4,400.64"
27/07/2021,"4,401.46"
26/07/2021,"4,422.30"
23/07/2021,"4,411.79"
22/07/2021,"4,367.48"
21/07/2021,"4,358.69"
20/07/2021,"4,323.06"
19/07/2021,"4,258.49"
16/07/2021,"4,327.16"
15/07/2021,"4,360.03"
14/07/2021,"4,374.30"
13/07/2021,"4,369.21"
12/07/2021,"4,384.63"
09/07/2021,"4,369.55"
08/07/2021,"4,320.82"
07/07/2021,"4,358.13"
06/07/2021,"4,343.54"
02/07/2021,"4,352.34"
01/07/2021,"4,319.94"
30/06/2021,"4,297.50"
29/06/2021,"4,291.80"
28/06/2021,"4,290.61"
25/06/2021,"4,280.70"
24/06/2021,"4,266.49"
23/06/2021,"4,241.84"
22/06/2021,"4,246.44"
21/06/2021,"4,224.79"
18/06/2021,"4,166.45"
17/06/2021,"4,221.86"
16/06/2021,"4,223.70"
15/06/2021,"4,246.59"
14/06/2021,"4,255.15"
11/06/2021,"4,247.44"
10/06/2021,"4,239.18"
09/06/2021,"4,219.55"
08/06/2021,"4,227.26"
07/06/2021,"4,226.52"
04/06/2021,"4,229.89"
03/06/2021,"4,192.85"
02/06/2021,"4,208.12"
01/06/2021,"4,202.04"
28/05/2021,"4,204.11"
27/05/2021,"4,200.88"
26/05/2021,"4,195.99"
25/05/2021,"4,188.13"
24/05/2021,"4,197.05"
21/05/2021,"4,155.86"
20/05/2021,"4,159.12"
19/05/2021,"4,115.68"
18/05/2021,"4,127.83"
17/05/2021,"4,163.29"
14/05/2021,"4,173.85"
13/05/2021,"4,112.50"
12/05/2021,"4,063.04"
11/05/2021,"4,152.10"
10/05/2021,"4,188.43"
07/05/2021,"4,232.60"
06/05/2021,"4,201.62"
05/05/2021,"4,167.59"
04/05/2021,"4,164.66"
03/05/2021,"4,192.66"
30/04/2021,"4,181.17"
29/04/2021,"4,211.47"
28/04/2021,"4,183.18"
27/04/2021,"4,186.72"
26/04/2021,"4,187.62"
23/04/2021,"4,180.17"
22/04/2021,"4,134.98"
21/04/2021,"4,173.42"
20/04/2021,"4,134.94"
19/04/2021,"4,163.26"
16/04/2021,"4,185.47"
15/04/2021,"4,170.42"
14/04/2021,"4,124.66"
13/04/2021,"4,141.59"
12/04/2021,"4,127.99"
09/04/2021,"4,128.80"
08/04/2021,"4,097.17"
07/04/2021,"4,079.95"
06/04/2021,"4,073.94"
05/04/2021,"4,077.91"
01/04/2021,"4,019.87"
31/03/2021,"3,972.89"
30/03/2021,"3,958.55"
29/03/2021,"3,971.09"
26/03/2021,"3,974.54"
25/03/2021,"3,909.52"
24/03/2021,"3,889.14"
23/03/2021,"3,910.52"
22/03/2021,"3,940.59"
19/03/2021,"3,913.10"
18/03/2021,"3,915.46"
17/03/2021,"3,974.12"
16/03/2021,"3,962.71"
15/03/2021,"3,968.94"
12/03/2021,"3,943.34"
11/03/2021,"3,939.34"
10/03/2021,"3,898.81"
09/03/2021,"3,875.44"
08/03/2021,"3,821.35"
05/03/2021,"3,841.94"
04/03/2021,"3,768.47"
03/03/2021,"3,819.72"
02/03/2021,"3,870.29"
01/03/2021,"3,901.82"
26/02/2021,"3,811.15"
25/02/2021,"3,829.34"
24/02/2021,"3,925.43"
23/02/2021,"3,881.37"
22/02/2021,"3,876.50"
19/02/2021,"3,906.71"
18/02/2021,"3,913.97"
17/02/2021,"3,931.33"
16/02/2021,"3,932.59"
12/02/2021,"3,934.83"
11/02/2021,"3,916.38"
10/02/2021,"3,909.88"
09/02/2021,"3,911.23"
08/02/2021,"3,915.59"
05/02/2021,"3,886.83"
04/02/2021,"3,871.74"
03/02/2021,"3,830.17"
02/02/2021,"3,826.31"
01/02/2021,"3,773.86"
29/01/2021,"3,714.24"
28/01/2021,"3,787.38"
27/01/2021,"3,750.77"
26/01/2021,"3,849.62"
25/01/2021,"3,855.36"
22/01/2021,"3,841.47"
21/01/2021,"3,853.07"
20/01/2021,"3,851.85"
19/01/2021,"3,798.91"
15/01/2021,"3,768.25"
14/01/2021,"3,795.54"
13/01/2021,"3,809.84"
12/01/2021,"3,801.19"
11/01/2021,"3,799.61"
08/01/2021,"3,824.68"
07/01/2021,"3,803.79"
06/01/2021,"3,748.14"
05/01/2021,"3,726.86"
04/01/2021,"3,700.65"
31/12/2020,"3,756.07"
30/12/2020,"3,732.04"
29/12/2020,"3,727.04"
28/12/2020,"3,735.36"
24/12/2020,"3,703.06"
23/12/2020,"3,690.01"
22/12/2020,"3,687.26"
21/12/2020,"3,694.92"
18/12/2020,"3,709.41"
17/12/2020,"3,722.48"
16/12/2020,"3,701.17"
15/12/2020,"3,694.62"
14/12/2020,"3,647.49"
11/12/2020,"3,663.46"
10/12/2020,"3,668.10"
09/12/2020,"3,672.82"
08/12/2020,"3,702.25"
07/12/2020,"3,691.96"
04/12/2020,"3,699.12"
03/12/2020,"3,666.72"
02/12/2020,"3,669.01"
01/12/2020,"3,662.45"
30/11/2020,"3,621.63"
27/11/2020,"3,638.35"
25/11/2020,"3,629.65"
24/11/2020,"3,635.41"
23/11/2020,"3,577.59"
20/11/2020,"3,557.54"
19/11/2020,"3,581.87"
18/11/2020,"3,567.79"
17/11/2020,"3,609.53"
16/11/2020,"3,626.91"
13/11/2020,"3,585.15"
12/11/2020,"3,537.01"
11/11/2020,"3,572.66"
10/11/2020,"3,545.53"
09/11/2020,"3,550.50"
06/11/2020,"3,509.44"
05/11/2020,"3,510.45"
04/11/2020,"3,443.44"
03/11/2020,"3,369.16"
02/11/2020,"3,310.24"
30/10/2020,"3,269.96"
29/10/2020,"3,310.11"
28/10/2020,"3,271.03"
27/10/2020,"3,390.68"
26/10/2020,"3,400.97"
23/10/2020,"3,465.39"
22/10/2020,"3,453.49"
21/10/2020,"3,435.56"
20/10/2020,"3,443.12"
19/10/2020,"3,426.92"
16/10/2020,"3,483.81"
15/10/2020,"3,483.34"
14/10/2020,"3,488.67"
13/10/2020,"3,511.93"
12/10/2020,"3,534.22"
09/10/2020,"3,477.14"
08/10/2020,"3,446.83"
07/10/2020,"3,419.44"
06/10/2020,"3,360.97"
05/10/2020,"3,408.60"
02/10/2020,"3,348.42"
01/10/2020,"3,380.80"
30/09/2020,"3,363.00"
29/09/2020,"3,335.47"
28/09/2020,"3,351.60"
25/09/2020,"3,298.46"
24/09/2020,"3,246.59"
23/09/2020,"3,236.92"
22/09/2020,"3,315.57"
21/09/2020,"3,281.06"
18/09/2020,"3,319.47"
17/09/2020,"3,357.01"
16/09/2020,"3,385.49"
15/09/2020,"3,401.20"
14/09/2020,"3,383.54"
11/09/2020,"3,340.97"
10/09/2020,"3,339.19"
09/09/2020,"3,398.96"
08/09/2020,"3,331.84"
04/09/2020,"3,426.96"
03/09/2020,"3,455.06"
02/09/2020,"3,580.84"
01/09/2020,"3,526.65"
31/08/2020,"3,500.31"
28/08/2020,"3,508.01"
27/08/2020,"3,484.55"
26/08/2020,"3,478.73"
25/08/2020,"3,443.62"
24/08/2020,"3,431.28"
21/08/2020,"3,397.16"
20/08/2020,"3,385.51"
19/08/2020,"3,374.85"
18/08/2020,"3,389.78"
17/08/2020,"3,381.99"
14/08/2020,"3,372.85"
13/08/2020,"3,373.43"
12/08/2020,"3,380.35"
11/08/2020,"3,333.69"
10/08/2020,"3,360.47"
07/08/2020,"3,351.28"
06/08/2020,"3,349.16"
05/08/2020,"3,327.77"
04/08/2020,"3,306.51"
03/08/2020,"3,294.61"
31/07/2020,"3,271.12"
30/07/2020,"3,246.22"
29/07/2020,"3,258.44"
28/07/2020,"3,218.44"
27/07/2020,"3,239.41"
24/07/2020,"3,215.63"
23/07/2020,"3,235.66"
22/07/2020,"3,276.02"
21/07/2020,"3,257.30"
20/07/2020,"3,251.84"
17/07/2020,"3,224.73"
16/07/2020,"3,215.57"
15/07/2020,"3,226.56"
14/07/2020,"3,197.52"
13/07/2020,"3,155.22"
10/07/2020,"3,185.04"
09/07/2020,"3,152.05"
08/07/2020,"3,169.94"
07/07/2020,"3,145.32"
06/07/2020,"3,179.72"
02/07/2020,"3,130.01"
01/07/2020,"3,115.86"
30/06/2020,"3,100.29"
29/06/2020,"3,053.24"
26/06/2020,"3,009.05"
25/06/2020,"3,083.76"
24/06/2020,"3,050.33"
23/06/2020,"3,131.29"
22/06/2020,"3,117.86"
19/06/2020,"3,097.74"
18/06/2020,"3,115.34"
17/06/2020,"3,113.49"
16/06/2020,"3,124.74"
15/06/2020,"3,066.59"
12/06/2020,"3,041.31"
11/06/2020,"3,002.10"
10/06/2020,"3,190.14"
09/06/2020,"3,207.18"
08/06/2020,"3,232.39"
05/06/2020,"3,193.93"
04/06/2020,"3,112.35"
03/06/2020,"3,122.87"
02/06/2020,"3,080.82"
01/06/2020,"3,055.73"
29/05/2020,"3,044.31"
28/05/2020,"3,029.73"
27/05/2020,"3,036.13"
26/05/2020,"2,991.77"
22/05/2020,"2,955.45"
21/05/2020,"2,948.51"
20/05/2020,"2,971.61"
19/05/2020,"2,922.94"
18/05/2020,"2,953.91"
15/05/2020,"2,863.70"
14/05/2020,"2,852.50"
13/05/2020,"2,820.00"
12/05/2020,"2,870.12"
11/05/2020,"2,930.19"
08/05/2020,"2,929.80"
07/05/2020,"2,881.19"
06/05/2020,"2,848.42"
05/05/2020,"2,868.44"
04/05/2020,"2,842.74"
01/05/2020,"2,830.71"
30/04/2020,"2,912.43"
29/04/2020,"2,939.51"
28/04/2020,"2,863.39"
27/04/2020,"2,878.48"
24/04/2020,"2,836.74"
23/04/2020,"2,797.80"
22/04/2020,"2,799.31"
21/04/2020,"2,736.56"
20/04/2020,"2,823.16"
17/04/2020,"2,874.56"
16/04/2020,"2,799.55"
15/04/2020,"2,783.36"
14/04/2020,"2,846.06"
13/04/2020,"2,761.63"
09/04/2020,"2,789.82"
08/04/2020,"2,749.98"
07/04/2020,"2,659.41"
06/04/2020,"2,663.68"
03/04/2020,"2,488.65"
02/04/2020,"2,526.90"
01/04/2020,"2,470.50"
31/03/2020,"2,584.59"
30/03/2020,"2,626.65"
27/03/2020,"2,541.47"
26/03/2020,"2,630.07"
25/03/2020,"2,475.56"
24/03/2020,"2,447.33"
23/03/2020,"2,237.40"
20/03/2020,"2,304.92"
19/03/2020,"2,409.39"
18/03/2020,"2,398.10"
17/03/2020,"2,529.19"
16/03/2020,"2,386.13"
13/03/2020,"2,711.02"
12/03/2020,"2,480.64"
11/03/2020,"2,741.38"
10/03/2020,"2,882.23"
09/03/2020,"2,746.56"
06/03/2020,"2,972.37"
05/03/2020,"3,023.94"
04/03/2020,"3,130.12"
03/03/2020,"3,003.37"
02/03/2020,"3,090.23"
28/02/2020,"2,954.22"
27/02/2020,"2,978.76"
26/02/2020,"3,116.39"
25/02/2020,"3,128.21"
24/02/2020,"3,225.89"
21/02/2020,"3,337.75"
20/02/2020,"3,373.23"
19/02/2020,"3,386.15"
18/02/2020,"3,370.29"
14/02/2020,"3,380.16"
13/02/2020,"3,373.94"
12/02/2020,"3,379.45"
11/02/2020,"3,357.75"
10/02/2020,"3,352.09"
07/02/2020,"3,327.71"
06/02/2020,"3,345.78"
05/02/2020,"3,334.69"
04/02/2020,"3,297.59"
03/02/2020,"3,248.92"
31/01/2020,"3,225.52"
30/01/2020,"3,283.66"
29/01/2020,"3,273.40"
28/01/2020,"3,276.24"
27/01/2020,"3,243.63"
24/01/2020,"3,295.47"
23/01/2020,"3,325.54"
22/01/2020,"3,321.75"
21/01/2020,"3,320.79"
17/01/2020,"3,329.62"
16/01/2020,"3,316.81"
15/01/2020,"3,289.29"
14/01/2020,"3,283.15"
13/01/2020,"3,288.13"
10/01/2020,"3,265.35"
09/01/2020,"3,274.70"
08/01/2020,"3,253.05"
07/01/2020,"3,237.18"
06/01/2020,"3,246.28"
03/01/2020,"3,234.85"
02/01/2020,"3,257.85"
31/12/2019,"3,230.78"
30/12/2019,"3,221.29"
27/12/2019,"3,240.02"
26/12/2019,"3,239.91"
24/12/2019,"3,223.38"
23/12/2019,"3,224.01"
20/12/2019,"3,221.22"
19/12/2019,"3,205.37"
18/12/2019,"3,191.14"
17/12/2019,"3,192.52"
16/12/2019,"3,191.45"
13/12/2019,"3,168.80"
12/12/2019,"3,168.57"
11/12/2019,"3,141.63"
10/12/2019,"3,132.52"
09/12/2019,"3,135.96"
06/12/2019,"3,145.91"
05/12/2019,"3,117.43"
04/12/2019,"3,112.76"
03/12/2019,"3,093.20"
02/12/2019,"3,113.87"
29/11/2019,"3,140.98"
27/11/2019,"3,153.63"
26/11/2019,"3,140.52"
25/11/2019,"3,133.64"
22/11/2019,"3,110.29"
21/11/2019,"3,103.54"
20/11/2019,"3,108.46"
19/11/2019,"3,120.18"
18/11/2019,"3,122.03"
15/11/2019,"3,120.46"
14/11/2019,"3,096.63"
13/11/2019,"3,094.04"
12/11/2019,"3,091.84"
11/11/2019,"3,087.01"
08/11/2019,"3,093.08"
07/11/2019,"3,085.18"
06/11/2019,"3,076.78"
05/11/2019,"3,074.62"
04/11/2019,"3,078.27"
01/11/2019,"3,066.91"
31/10/2019,"3,037.56"
30/10/2019,"3,046.77"
29/10/2019,"3,036.89"
28/10/2019,"3,039.42"
25/10/2019,"3,022.55"
24/10/2019,"3,010.29"
23/10/2019,"3,004.52"
22/10/2019,"2,995.99"
21/10/2019,"3,006.72"
18/10/2019,"2,986.20"
17/10/2019,"2,997.95"
16/10/2019,"2,989.69"
15/10/2019,"2,995.68"
14/10/2019,"2,966.15"
11/10/2019,"2,970.27"
10/10/2019,"2,938.13"
09/10/2019,"2,919.40"
08/10/2019,"2,893.06"
07/10/2019,"2,938.79"
04/10/2019,"2,952.01"
03/10/2019,"2,910.63"
02/10/2019,"2,887.61"
01/10/2019,"2,940.25"
30/09/2019,"2,976.74"
27/09/2019,"2,961.79"
26/09/2019,"2,977.62"
25/09/2019,"2,984.87"
24/09/2019,"2,966.60"
23/09/2019,"2,991.78"
20/09/2019,"2,992.07"
19/09/2019,"3,006.79"
18/09/2019,"3,006.73"
17/09/2019,"3,005.70"
16/09/2019,"2,997.96"
13/09/2019,"3,007.39"
12/09/2019,"3,009.57"
11/09/2019,"3,000.93"
10/09/2019,"2,979.39"
09/09/2019,"2,978.43"
06/09/2019,"2,978.71"
05/09/2019,"2,976.00"
04/09/2019,"2,937.78"
03/09/2019,"2,906.27"
30/08/2019,"2,926.46"
29/08/2019,"2,924.58"
28/08/2019,"2,887.94"
27/08/2019,"2,869.16"
26/08/2019,"2,878.38"
23/08/2019,"2,847.11"
22/08/2019,"2,922.95"
21/08/2019,"2,924.43"
20/08/2019,"2,900.51"
19/08/2019,"2,923.65"
16/08/2019,"2,888.68"
15/08/2019,"2,847.60"
14/08/2019,"2,840.60"
13/08/2019,"2,926.32"
12/08/2019,"2,882.70"
09/08/2019,"2,918.65"
08/08/2019,"2,938.09"
07/08/2019,"2,883.98"
06/08/2019,"2,881.77"
05/08/2019,"2,844.74"
02/08/2019,"2,932.05"
01/08/2019,"2,953.56"
31/07/2019,"2,980.38"
30/07/2019,"3,013.18"
29/07/2019,"3,020.97"
26/07/2019,"3,025.86"
25/07/2019,"3,003.67"
24/07/2019,"3,019.56"
23/07/2019,"3,005.47"
22/07/2019,"2,985.03"
19/07/2019,"2,976.61"
18/07/2019,"2,995.11"
17/07/2019,"2,984.42"
16/07/2019,"3,004.04"
15/07/2019,"3,014.30"
12/07/2019,"3,013.77"
11/07/2019,"2,999.91"
10/07/2019,"2,993.07"
09/07/2019,"2,979.63"
08/07/2019,"2,975.95"
05/07/2019,"2,990.41"
03/07/2019,"2,995.82"
02/07/2019,"2,973.01"
01/07/2019,"2,964.33"
28/06/2019,"2,941.76"
27/06/2019,"2,924.92"
26/06/2019,"2,913.78"
25/06/2019,"2,917.38"
24/06/2019,"2,945.35"
21/06/2019,"2,950.46"
20/06/2019,"2,954.18"
19/06/2019,"2,926.46"
18/06/2019,"2,917.75"
17/06/2019,"2,889.67"
14/06/2019,"2,886.98"
13/06/2019,"2,891.64"
12/06/2019,"2,879.84"
11/06/2019,"2,885.72"
10/06/2019,"2,886.73"
07/06/2019,"2,873.34"
06/06/2019,"2,843.49"
05/06/2019,"2,826.15"
04/06/2019,"2,803.27"
03/06/2019,"2,744.45"
31/05/2019,"2,752.06"
30/05/2019,"2,788.86"
29/05/2019,"2,783.02"
28/05/2019,"2,802.39"
24/05/2019,"2,826.06"
23/05/2019,"2,822.24"
22/05/2019,"2,856.27"
21/05/2019,"2,864.36"
20/05/2019,"2,840.23"
17/05/2019,"2,859.53"
16/05/2019,"2,876.32"
15/05/2019,"2,850.96"
14/05/2019,"2,834.41"
13/05/2019,"2,811.87"
10/05/2019,"2,881.40"
09/05/2019,"2,870.72"
08/05/2019,"2,879.42"
07/05/2019,"2,884.05"
06/05/2019,"2,932.47"
03/05/2019,"2,945.64"
02/05/2019,"2,917.52"
01/05/2019,"2,923.73"
30/04/2019,"2,945.83"
29/04/2019,"2,943.03"
26/04/2019,"2,939.88"
25/04/2019,"2,926.17"
24/04/2019,"2,927.25"
23/04/2019,"2,933.68"
22/04/2019,"2,907.97"
18/04/2019,"2,905.03"
17/04/2019,"2,900.45"
16/04/2019,"2,907.06"
15/04/2019,"2,905.58"
12/04/2019,"2,907.41"
11/04/2019,"2,888.32"
10/04/2019,"2,888.21"
09/04/2019,"2,878.20"
08/04/2019,"2,895.77"
05/04/2019,"2,892.74"
04/04/2019,"2,879.39"
03/04/2019,"2,873.40"
02/04/2019,"2,867.24"
01/04/2019,"2,867.19"
29/03/2019,"2,834.40"
28/03/2019,"2,815.44"
27/03/2019,"2,805.37"
26/03/2019,"2,818.46"
25/03/2019,"2,798.36"
22/03/2019,"2,800.71"
21/03/2019,"2,854.88"
20/03/2019,"2,824.23"
19/03/2019,"2,832.57"
18/03/2019,"2,832.94"
15/03/2019,"2,822.48"
14/03/2019,"2,808.48"
13/03/2019,"2,810.92"
12/03/2019,"2,791.52"
11/03/2019,"2,783.30"
08/03/2019,"2,743.07"
07/03/2019,"2,748.93"
06/03/2019,"2,771.45"
05/03/2019,"2,789.65"
04/03/2019,"2,792.81"
01/03/2019,"2,803.69"
28/02/2019,"2,784.49"
27/02/2019,"2,792.38"
26/02/2019,"2,793.90"
25/02/2019,"2,796.11"
22/02/2019,"2,792.67"
21/02/2019,"2,774.88"
20/02/2019,"2,784.70"
19/02/2019,"2,779.76"
15/02/2019,"2,775.60"
14/02/2019,"2,745.73"
13/02/2019,"2,753.03"
12/02/2019,"2,744.73"
11/02/2019,"2,709.80"
08/02/2019,"2,707.88"
07/02/2019,"2,706.05"
06/02/2019,"2,731.61"
05/02/2019,"2,737.70"
04/02/2019,"2,724.87"
01/02/2019,"2,706.53"
31/01/2019,"2,704.10"
30/01/2019,"2,681.05"
29/01/2019,"2,640.00"
28/01/2019,"2,643.85"
25/01/2019,"2,664.76"
24/01/2019,"2,642.33"
23/01/2019,"2,638.70"
22/01/2019,"2,632.90"
18/01/2019,"2,670.71"
17/01/2019,"2,635.96"
16/01/2019,"2,616.10"
15/01/2019,"2,610.30"
14/01/2019,"2,582.61"
11/01/2019,"2,596.26"
10/01/2019,"2,596.64"
09/01/2019,"2,584.96"
08/01/2019,"2,574.41"
07/01/2019,"2,549.69"
04/01/2019,"2,531.94"
03/01/2019,"2,447.89"
02/01/2019,"2,510.03"
31/12/2018,"2,506.85"
28/12/2018,"2,485.74"
27/12/2018,"2,488.83"
26/12/2018,"2,467.70"
24/12/2018,"2,351.10"
21/12/2018,"2,416.62"
20/12/2018,"2,467.42"
19/12/2018,"2,506.96"
18/12/2018,"2,546.16"
17/12/2018,"2,545.94"
14/12/2018,"2,599.95"
13/12/2018,"2,650.54"
12/12/2018,"2,651.07"
11/12/2018,"2,636.78"
10/12/2018,"2,637.72"
07/12/2018,"2,633.08"
06/12/2018,"2,695.95"
04/12/2018,"2,700.06"
03/12/2018,"2,790.37"
30/11/2018,"2,760.17"
29/11/2018,"2,737.80"
28/11/2018,"2,743.79"
27/11/2018,"2,682.17"
26/11/2018,"2,673.45"
23/11/2018,"2,632.56"
21/11/2018,"2,649.93"
20/11/2018,"2,641.89"
19/11/2018,"2,690.73"
16/11/2018,"2,736.27"
15/11/2018,"2,730.20"
14/11/2018,"2,701.58"
13/11/2018,"2,722.18"
12/11/2018,"2,726.22"
09/11/2018,"2,781.01"
08/11/2018,"2,806.83"
07/11/2018,"2,813.89"
06/11/2018,"2,755.45"
05/11/2018,"2,738.31"
02/11/2018,"2,723.06"
01/11/2018,"2,740.37"
31/10/2018,"2,711.74"
30/10/2018,"2,682.63"
29/10/2018,"2,641.25"
26/10/2018,"2,658.69"
25/10/2018,"2,705.57"
24/10/2018,"2,656.10"
23/10/2018,"2,740.69"
22/10/2018,"2,755.88"
19/10/2018,"2,767.78"
18/10/2018,"2,768.78"
17/10/2018,"2,809.21"
16/10/2018,"2,809.92"
15/10/2018,"2,750.79"
12/10/2018,"2,767.13"
11/10/2018,"2,728.37"
10/10/2018,"2,785.68"
09/10/2018,"2,880.34"
08/10/2018,"2,884.43"
05/10/2018,"2,885.57"
04/10/2018,"2,901.61"
03/10/2018,"2,925.51"
02/10/2018,"2,923.43"
01/10/2018,"2,924.59"
28/09/2018,"2,913.98"
27/09/2018,"2,914.00"
26/09/2018,"2,905.97"
25/09/2018,"2,915.56"
24/09/2018,"2,919.37"
21/09/2018,"2,929.67"
20/09/2018,"2,930.75"
19/09/2018,"2,907.95"
18/09/2018,"2,904.31"
17/09/2018,"2,888.80"
14/09/2018,"2,904.98"
13/09/2018,"2,904.18"
12/09/2018,"2,888.92"
11/09/2018,"2,887.89"
10/09/2018,"2,877.13"
07/09/2018,"2,871.68"
06/09/2018,"2,878.05"
05/09/2018,"2,888.60"
04/09/2018,"2,896.72"
31/08/2018,"2,901.52"
30/08/2018,"2,901.13"
29/08/2018,"2,914.04"
28/08/2018,"2,897.52"
27/08/2018,"2,896.74"
24/08/2018,"2,874.69"
23/08/2018,"2,856.98"
22/08/2018,"2,861.82"
21/08/2018,"2,862.96"
20/08/2018,"2,857.05"
17/08/2018,"2,850.13"
16/08/2018,"2,840.69"
15/08/2018,"2,818.37"
14/08/2018,"2,839.96"
13/08/2018,"2,821.93"
10/08/2018,"2,833.28"
09/08/2018,"2,853.58"
08/08/2018,"2,857.70"
07/08/2018,"2,858.45"
06/08/2018,"2,850.40"
03/08/2018,"2,840.35"
02/08/2018,"2,827.22"
01/08/2018,"2,813.36"
31/07/2018,"2,816.29"
30/07/2018,"2,802.60"
27/07/2018,"2,818.82"
26/07/2018,"2,837.44"
25/07/2018,"2,846.07"
24/07/2018,"2,820.40"
23/07/2018,"2,806.98"
20/07/2018,"2,801.83"
19/07/2018,"2,804.49"
18/07/2018,"2,815.62"
17/07/2018,"2,809.55"
16/07/2018,"2,798.43"
13/07/2018,"2,801.31"
12/07/2018,"2,798.29"
11/07/2018,"2,774.02"
10/07/2018,"2,793.84"
09/07/2018,"2,784.17"
06/07/2018,"2,759.82"
05/07/2018,"2,736.61"
03/07/2018,"2,713.22"
02/07/2018,"2,726.71"
29/06/2018,"2,718.37"
28/06/2018,"2,716.31"
27/06/2018,"2,699.63"
26/06/2018,"2,723.06"
25/06/2018,"2,717.07"
22/06/2018,"2,754.88"
21/06/2018,"2,749.76"
20/06/2018,"2,767.32"
19/06/2018,"2,762.59"
18/06/2018,"2,773.75"
15/06/2018,"2,779.66"
14/06/2018,"2,782.49"
13/06/2018,"2,775.63"
12/06/2018,"2,786.85"
11/06/2018,"2,782.00"
08/06/2018,"2,779.03"
07/06/2018,"2,770.37"
06/06/2018,"2,772.35"
05/06/2018,"2,748.80"
04/06/2018,"2,746.87"
01/06/2018,"2,734.62"
31/05/2018,"2,705.27"
30/05/2018,"2,724.01"
29/05/2018,"2,689.86"
25/05/2018,"2,721.33"
24/05/2018,"2,727.76"
23/05/2018,"2,733.29"
22/05/2018,"2,724.44"
21/05/2018,"2,733.01"
18/05/2018,"2,712.97"
17/05/2018,"2,720.13"
16/05/2018,"2,722.46"
15/05/2018,"2,711.45"
14/05/2018,"2,730.13"
11/05/2018,"2,727.72"
10/05/2018,"2,723.07"
09/05/2018,"2,697.79"
08/05/2018,"2,671.92"
07/05/2018,"2,672.63"
04/05/2018,"2,663.42"
03/05/2018,"2,629.73"
02/05/2018,"2,635.67"
01/05/2018,"2,654.80"
30/04/2018,"2,648.05"
27/04/2018,"2,669.91"
26/04/2018,"2,666.94"
25/04/2018,"2,639.40"
24/04/2018,"2,634.56"
23/04/2018,"2,670.29"
20/04/2018,"2,670.14"
19/04/2018,"2,693.13"
18/04/2018,"2,708.64"
17/04/2018,"2,706.39"
16/04/2018,"2,677.84"
13/04/2018,"2,656.30"
12/04/2018,"2,663.99"
11/04/2018,"2,642.19"
10/04/2018,"2,656.87"
09/04/2018,"2,613.16"
06/04/2018,"2,604.47"
05/04/2018,"2,662.84"
04/04/2018,"2,644.69"
03/04/2018,"2,614.45"
02/04/2018,"2,581.88"
29/03/2018,"2,640.87"
28/03/2018,"2,605.00"
27/03/2018,"2,612.62"
26/03/2018,"2,658.55"
23/03/2018,"2,588.26"
22/03/2018,"2,643.69"
21/03/2018,"2,711.93"
20/03/2018,"2,716.94"
19/03/2018,"2,712.92"
16/03/2018,"2,752.01"
15/03/2018,"2,747.33"
14/03/2018,"2,749.48"
13/03/2018,"2,765.31"
12/03/2018,"2,783.02"
09/03/2018,"2,786.57"
08/03/2018,"2,738.97"
07/03/2018,"2,726.80"
06/03/2018,"2,728.12"
05/03/2018,"2,720.94"
02/03/2018,"2,691.25"
01/03/2018,"2,677.67"
28/02/2018,"2,713.83"
27/02/2018,"2,744.28"
26/02/2018,"2,779.60"
23/02/2018,"2,747.30"
22/02/2018,"2,703.96"
21/02/2018,"2,701.33"
20/02/2018,"2,716.26"
16/02/2018,"2,732.22"
15/02/2018,"2,731.20"
14/02/2018,"2,698.63"
13/02/2018,"2,662.94"
12/02/2018,"2,656.00"
09/02/2018,"2,619.55"
08/02/2018,"2,581.00"
07/02/2018,"2,681.66"
06/02/2018,"2,695.14"
05/02/2018,"2,648.94"
02/02/2018,"2,762.13"
01/02/2018,"2,821.98"
31/01/2018,"2,823.81"
30/01/2018,"2,822.43"
29/01/2018,"2,853.53"
26/01/2018,"2,872.87"
25/01/2018,"2,839.25"
24/01/2018,"2,837.54"
23/01/2018,"2,839.13"
22/01/2018,"2,832.97"
19/01/2018,"2,810.30"
18/01/2018,"2,798.03"
17/01/2018,"2,802.56"
16/01/2018,"2,776.42"
12/01/2018,"2,786.24"
11/01/2018,"2,767.56"
10/01/2018,"2,748.23"
09/01/2018,"2,751.29"
08/01/2018,"2,747.71"
05/01/2018,"2,743.15"
04/01/2018,"2,723.99"
03/01/2018,"2,713.06"
02/01/2018,"2,695.81"
29/12/2017,"2,673.61"
28/12/2017,"2,687.54"
27/12/2017,"2,682.62"
26/12/2017,"2,680.50"
22/12/2017,"2,683.34"
21/12/2017,"2,684.57"
20/12/2017,"2,679.25"
19/12/2017,"2,681.47"
18/12/2017,"2,690.16"
15/12/2017,"2,675.81"
14/12/2017,"2,652.01"
13/12/2017,"2,662.85"
12/12/2017,"2,664.11"
11/12/2017,"2,659.99"
08/12/2017,"2,651.50"
07/12/2017,"2,636.98"
06/12/2017,"2,629.27"
05/12/2017,"2,629.57"
04/12/2017,"2,639.44"
01/12/2017,"2,642.22"
30/11/2017,"2,647.58"
29/11/2017,"2,626.07"
28/11/2017,"2,627.04"
27/11/2017,"2,601.42"
24/11/2017,"2,602.42"
22/11/2017,"2,597.08"
21/11/2017,"2,599.03"
20/11/2017,"2,582.14"
17/11/2017,"2,578.85"
16/11/2017,"2,585.64"
15/11/2017,"2,564.62"
14/11/2017,"2,578.87"
13/11/2017,"2,584.84"
10/11/2017,"2,582.30"
09/11/2017,"2,584.62"
08/11/2017,"2,594.38"
07/11/2017,"2,590.64"
06/11/2017,"2,591.13"
03/11/2017,"2,587.84"
02/11/2017,"2,579.85"
01/11/2017,"2,579.36"
31/10/2017,"2,575.26"
30/10/2017,"2,572.83"
27/10/2017,"2,581.07"
26/10/2017,"2,560.40"
25/10/2017,"2,557.15"
24/10/2017,"2,569.13"
23/10/2017,"2,564.98"
20/10/2017,"2,575.21"
19/10/2017,"2,562.10"
18/10/2017,"2,561.26"
17/10/2017,"2,559.36"
16/10/2017,"2,557.64"
13/10/2017,"2,553.17"
12/10/2017,"2,550.93"
11/10/2017,"2,555.24"
10/10/2017,"2,550.64"
09/10/2017,"2,544.73"
06/10/2017,"2,549.33"
05/10/2017,"2,552.07"
04/10/2017,"2,537.74"
03/10/2017,"2,534.58"
02/10/2017,"2,529.12"
29/09/2017,"2,519.36"
28/09/2017,"2,510.06"
27/09/2017,"2,507.04"
26/09/2017,"2,496.84"
25/09/2017,"2,496.66"
22/09/2017,"2,502.22"
21/09/2017,"2,500.60"
20/09/2017,"2,508.24"
19/09/2017,"2,506.65"
18/09/2017,"2,503.87"
15/09/2017,"2,500.23"
14/09/2017,"2,495.62"
13/09/2017,"2,498.37"
12/09/2017,"2,496.48"
11/09/2017,"2,488.11"
08/09/2017,"2,461.43"
07/09/2017,"2,465.10"
06/09/2017,"2,465.54"
05/09/2017,"2,457.85"
01/09/2017,"2,476.55"
31/08/2017,"2,471.65"
30/08/2017,"2,457.59"
29/08/2017,"2,446.30"
28/08/2017,"2,444.24"
25/08/2017,"2,443.05"
24/08/2017,"2,438.97"
23/08/2017,"2,444.04"
22/08/2017,"2,452.51"
21/08/2017,"2,428.37"
18/08/2017,"2,425.55"
17/08/2017,"2,430.01"
16/08/2017,"2,468.11"
15/08/2017,"2,464.61"
14/08/2017,"2,465.84"
11/08/2017,"2,441.32"
10/08/2017,"2,438.21"
09/08/2017,"2,474.02"
08/08/2017,"2,474.92"
07/08/2017,"2,480.91"
04/08/2017,"2,476.83"
03/08/2017,"2,472.16"
02/08/2017,"2,477.57"
01/08/2017,"2,476.35"
31/07/2017,"2,470.30"
28/07/2017,"2,472.10"
27/07/2017,"2,475.42"
26/07/2017,"2,477.83"
25/07/2017,"2,477.13"
24/07/2017,"2,469.91"
21/07/2017,"2,472.54"
20/07/2017,"2,473.45"
19/07/2017,"2,473.83"
18/07/2017,"2,460.61"
17/07/2017,"2,459.14"
14/07/2017,"2,459.27"
13/07/2017,"2,447.83"
12/07/2017,"2,443.25"
11/07/2017,"2,425.53"
10/07/2017,"2,427.43"
07/07/2017,"2,425.18"
06/07/2017,"2,409.75"
05/07/2017,"2,432.54"
03/07/2017,"2,429.01"
30/06/2017,"2,423.41"
29/06/2017,"2,419.70"
28/06/2017,"2,440.69"
27/06/2017,"2,419.38"
26/06/2017,"2,439.07"
23/06/2017,"2,438.30"
22/06/2017,"2,434.50"
21/06/2017,"2,435.61"
20/06/2017,"2,437.03"
19/06/2017,"2,453.46"
16/06/2017,"2,433.15"
15/06/2017,"2,432.46"
14/06/2017,"2,437.92"
13/06/2017,"2,440.35"
12/06/2017,"2,429.39"
09/06/2017,"2,431.77"
08/06/2017,"2,433.79"
07/06/2017,"2,433.14"
06/06/2017,"2,429.33"
05/06/2017,"2,436.10"
02/06/2017,"2,439.07"
01/06/2017,"2,430.06"
31/05/2017,"2,411.80"
30/05/2017,"2,412.91"
26/05/2017,"2,415.82"
25/05/2017,"2,415.07"
24/05/2017,"2,404.39"
23/05/2017,"2,398.42"
22/05/2017,"2,394.02"
19/05/2017,"2,381.73"
18/05/2017,"2,365.72"
17/05/2017,"2,357.03"
16/05/2017,"2,400.67"
15/05/2017,"2,402.32"
12/05/2017,"2,390.90"
11/05/2017,"2,394.44"
10/05/2017,"2,399.63"
09/05/2017,"2,396.92"
08/05/2017,"2,399.38"
05/05/2017,"2,399.29"
04/05/2017,"2,389.52"
03/05/2017,"2,388.13"
02/05/2017,"2,391.17"
01/05/2017,"2,388.33"
28/04/2017,"2,384.20"
27/04/2017,"2,388.77"
26/04/2017,"2,387.45"
25/04/2017,"2,388.61"
24/04/2017,"2,374.15"
21/04/2017,"2,348.69"
20/04/2017,"2,355.84"
19/04/2017,"2,338.17"
18/04/2017,"2,342.19"
17/04/2017,"2,349.01"
13/04/2017,"2,328.95"
12/04/2017,"2,344.93"
11/04/2017,"2,353.78"
10/04/2017,"2,357.16"
07/04/2017,"2,355.54"
06/04/2017,"2,357.49"
05/04/2017,"2,352.95"
04/04/2017,"2,360.16"
03/04/2017,"2,358.84"
31/03/2017,"2,362.72"
30/03/2017,"2,368.06"
29/03/2017,"2,361.13"
28/03/2017,"2,358.57"
27/03/2017,"2,341.59"
24/03/2017,"2,343.98"
23/03/2017,"2,345.96"
22/03/2017,"2,348.45"
21/03/2017,"2,344.02"
20/03/2017,"2,373.47"
17/03/2017,"2,378.25"
16/03/2017,"2,381.38"
15/03/2017,"2,385.26"
14/03/2017,"2,365.45"
13/03/2017,"2,373.47"
10/03/2017,"2,372.60"
09/03/2017,"2,364.87"
08/03/2017,"2,362.98"
07/03/2017,"2,368.39"
06/03/2017,"2,375.31"
03/03/2017,"2,383.12"
02/03/2017,"2,381.92"
01/03/2017,"2,395.96"
28/02/2017,"2,363.64"
27/02/2017,"2,369.75"
24/02/2017,"2,367.34"
23/02/2017,"2,363.81"
22/02/2017,"2,362.82"
21/02/2017,"2,365.38"
17/02/2017,"2,351.16"
16/02/2017,"2,347.22"
15/02/2017,"2,349.25"
14/02/2017,"2,337.58"
13/02/2017,"2,328.25"
10/02/2017,"2,316.10"
09/02/2017,"2,307.87"
08/02/2017,"2,294.67"
07/02/2017,"2,293.08"
06/02/2017,"2,292.56"
03/02/2017,"2,297.42"
02/02/2017,"2,280.85"
01/02/2017,"2,279.55"
31/01/2017,"2,278.87"
30/01/2017,"2,280.90"
27/01/2017,"2,294.69"
26/01/2017,"2,296.68"
25/01/2017,"2,298.37"
24/01/2017,"2,280.07"
23/01/2017,"2,265.20"
20/01/2017,"2,271.31"
19/01/2017,"2,263.69"
18/01/2017,"2,271.89"
17/01/2017,"2,267.89"
13/01/2017,"2,274.64"
12/01/2017,"2,270.44"
11/01/2017,"2,275.32"
10/01/2017,"2,268.90"
09/01/2017,"2,268.90"
06/01/2017,"2,276.98"
05/01/2017,"2,269.00"
04/01/2017,"2,270.75"
03/01/2017,"2,257.83"
30/12/2016,"2,238.83"
29/12/2016,"2,249.26"
28/12/2016,"2,249.92"
27/12/2016,"2,268.88"
23/12/2016,"2,263.79"
22/12/2016,"2,260.96"
21/12/2016,"2,265.18"
20/12/2016,"2,270.76"
19/12/2016,"2,262.53"
16/12/2016,"2,258.07"
15/12/2016,"2,262.03"
14/12/2016,"2,253.28"
13/12/2016,"2,271.72"
12/12/2016,"2,256.96"
09/12/2016,"2,259.53"
08/12/2016,"2,246.19"
07/12/2016,"2,241.35"
06/12/2016,"2,212.23"
05/12/2016,"2,204.71"
02/12/2016,"2,191.95"
01/12/2016,"2,191.08"
30/11/2016,"2,198.81"
29/11/2016,"2,204.66"
28/11/2016,"2,201.72"
25/11/2016,"2,213.35"
23/11/2016,"2,204.72"
22/11/2016,"2,202.94"
21/11/2016,"2,198.18"
18/11/2016,"2,181.90"
17/11/2016,"2,187.12"
16/11/2016,"2,176.94"
15/11/2016,"2,180.39"
14/11/2016,"2,164.20"
11/11/2016,"2,164.45"
10/11/2016,"2,167.48"
09/11/2016,"2,163.26"
08/11/2016,"2,139.56"
07/11/2016,"2,131.52"
04/11/2016,"2,085.18"
03/11/2016,"2,088.66"
02/11/2016,"2,097.94"
01/11/2016,"2,111.72"
31/10/2016,"2,126.15"
28/10/2016,"2,126.41"
27/10/2016,"2,133.04"
26/10/2016,"2,139.43"
25/10/2016,"2,143.16"
24/10/2016,"2,151.33"
21/10/2016,"2,141.16"
20/10/2016,"2,141.34"
19/10/2016,"2,144.29"
18/10/2016,"2,139.60"
17/10/2016,"2,126.50"
14/10/2016,"2,132.98"
13/10/2016,"2,132.55"
12/10/2016,"2,139.18"
11/10/2016,"2,136.73"
10/10/2016,"2,163.66"
07/10/2016,"2,153.74"
06/10/2016,"2,160.77"
05/10/2016,"2,159.73"
04/10/2016,"2,150.49"
03/10/2016,"2,161.20"
30/09/2016,"2,168.27"
29/09/2016,"2,151.13"
28/09/2016,"2,171.37"
27/09/2016,"2,159.93"
26/09/2016,"2,146.10"
23/09/2016,"2,164.69"
22/09/2016,"2,177.18"
21/09/2016,"2,163.12"
20/09/2016,"2,139.76"
19/09/2016,"2,139.12"
16/09/2016,"2,139.16"
15/09/2016,"2,147.26"
14/09/2016,"2,125.77"
13/09/2016,"2,127.02"
12/09/2016,"2,159.04"
09/09/2016,"2,127.81"
08/09/2016,"2,181.30"
07/09/2016,"2,186.16"
06/09/2016,"2,186.48"
02/09/2016,"2,179.98"
01/09/2016,"2,170.86"
31/08/2016,"2,170.95"
30/08/2016,"2,176.12"
29/08/2016,"2,180.38"
26/08/2016,"2,169.04"
25/08/2016,"2,172.47"
24/08/2016,"2,175.44"
23/08/2016,"2,186.90"
22/08/2016,"2,182.64"
19/08/2016,"2,183.87"
18/08/2016,"2,187.02"
17/08/2016,"2,182.22"
16/08/2016,"2,178.15"
15/08/2016,"2,190.15"
12/08/2016,"2,184.05"
11/08/2016,"2,185.79"
10/08/2016,"2,175.49"
09/08/2016,"2,181.74"
08/08/2016,"2,180.89"
05/08/2016,"2,182.87"
04/08/2016,"2,164.25"
03/08/2016,"2,163.79"
02/08/2016,"2,157.03"
01/08/2016,"2,170.84"
29/07/2016,"2,173.60"
28/07/2016,"2,170.06"
27/07/2016,"2,166.58"
26/07/2016,"2,169.18"
25/07/2016,"2,168.48"
22/07/2016,"2,175.03"
21/07/2016,"2,165.17"
20/07/2016,"2,173.02"
19/07/2016,"2,163.78"
18/07/2016,"2,166.89"
15/07/2016,"2,161.74"
14/07/2016,"2,163.75"
13/07/2016,"2,152.43"
12/07/2016,"2,152.14"
11/07/2016,"2,137.16"
08/07/2016,"2,129.90"
07/07/2016,"2,097.90"
06/07/2016,"2,099.73"
05/07/2016,"2,088.55"
01/07/2016,"2,102.95"
30/06/2016,"2,098.86"
29/06/2016,"2,070.77"
28/06/2016,"2,036.09"
27/06/2016,"2,000.54"
24/06/2016,"2,037.41"
23/06/2016,"2,113.32"
22/06/2016,"2,085.45"
21/06/2016,"2,088.90"
20/06/2016,"2,083.25"
17/06/2016,"2,071.22"
16/06/2016,"2,077.99"
15/06/2016,"2,071.50"
14/06/2016,"2,075.32"
13/06/2016,"2,079.06"
10/06/2016,"2,096.07"
09/06/2016,"2,115.48"
08/06/2016,"2,119.12"
07/06/2016,"2,112.13"
06/06/2016,"2,109.41"
03/06/2016,"2,099.13"
02/06/2016,"2,105.26"
01/06/2016,"2,099.33"
31/05/2016,"2,096.95"
27/05/2016,"2,099.06"
26/05/2016,"2,090.10"
25/05/2016,"2,090.54"
24/05/2016,"2,076.06"
23/05/2016,"2,048.04"
20/05/2016,"2,052.32"
19/05/2016,"2,040.04"
18/05/2016,"2,047.63"
17/05/2016,"2,047.21"
16/05/2016,"2,066.66"
13/05/2016,"2,046.61"
12/05/2016,"2,064.11"
11/05/2016,"2,064.46"
10/05/2016,"2,084.39"
09/05/2016,"2,058.69"
06/05/2016,"2,057.14"
05/05/2016,"2,050.63"
04/05/2016,"2,051.12"
03/05/2016,"2,063.37"
02/05/2016,"2,081.43"
29/04/2016,"2,065.30"
28/04/2016,"2,075.81"
27/04/2016,"2,095.15"
26/04/2016,"2,091.70"
25/04/2016,"2,087.79"
22/04/2016,"2,091.58"
21/04/2016,"2,091.48"
20/04/2016,"2,102.40"
19/04/2016,"2,100.80"
18/04/2016,"2,094.34"
15/04/2016,"2,080.73"
14/04/2016,"2,082.78"
13/04/2016,"2,082.42"
12/04/2016,"2,061.72"
11/04/2016,"2,041.99"
08/04/2016,"2,047.60"
07/04/2016,"2,041.91"
06/04/2016,"2,066.66"
05/04/2016,"2,045.17"
04/04/2016,"2,066.13"
01/04/2016,"2,072.78"
31/03/2016,"2,059.74"
30/03/2016,"2,063.95"
29/03/2016,"2,055.01"
28/03/2016,"2,037.05"
24/03/2016,"2,035.94"
23/03/2016,"2,036.71"
22/03/2016,"2,049.80"
21/03/2016,"2,051.60"
18/03/2016,"2,049.58"
17/03/2016,"2,040.59"
16/03/2016,"2,027.22"
15/03/2016,"2,015.93"
14/03/2016,"2,019.64"
11/03/2016,"2,022.19"
10/03/2016,"1,989.57"
09/03/2016,"1,989.26"
08/03/2016,"1,979.26"
07/03/2016,"2,001.76"
04/03/2016,"1,999.99"
03/03/2016,"1,993.40"
02/03/2016,"1,986.45"
01/03/2016,"1,978.35"
29/02/2016,"1,932.23"
26/02/2016,"1,948.05"
25/02/2016,"1,951.70"
24/02/2016,"1,929.80"
23/02/2016,"1,921.27"
22/02/2016,"1,945.50"
19/02/2016,"1,917.78"
18/02/2016,"1,917.83"
17/02/2016,"1,926.82"
16/02/2016,"1,895.58"
12/02/2016,"1,864.78"
11/02/2016,"1,829.08"
10/02/2016,"1,851.86"
09/02/2016,"1,852.21"
08/02/2016,"1,853.44"
05/02/2016,"1,880.05"
04/02/2016,"1,915.45"
03/02/2016,"1,912.53"
02/02/2016,"1,903.03"
01/02/2016,"1,939.38"
29/01/2016,"1,940.24"
28/01/2016,"1,893.36"
27/01/2016,"1,882.95"
26/01/2016,"1,903.63"
25/01/2016,"1,877.08"
22/01/2016,"1,906.90"
21/01/2016,"1,868.99"
20/01/2016,"1,859.33"
19/01/2016,"1,881.33"
15/01/2016,"1,880.33"
14/01/2016,"1,921.84"
13/01/2016,"1,890.28"
12/01/2016,"1,938.68"
11/01/2016,"1,923.67"
08/01/2016,"1,922.03"
07/01/2016,"1,943.09"
06/01/2016,"1,990.26"
05/01/2016,"2,016.71"
04/01/2016,"2,012.66"
31/12/2015,"2,043.94"
30/12/2015,"2,063.36"
29/12/2015,"2,078.36"
28/12/2015,"2,056.50"
24/12/2015,"2,060.99"
23/12/2015,"2,064.29"
22/12/2015,"2,038.97"
21/12/2015,"2,021.15"
18/12/2015,"2,005.55"
17/12/2015,"2,041.89"
16/12/2015,"2,073.07"
15/12/2015,"2,043.41"
14/12/2015,"2,021.94"
11/12/2015,"2,012.37"
10/12/2015,"2,052.23"
09/12/2015,"2,047.62"
08/12/2015,"2,063.59"
07/12/2015,"2,077.07"
04/12/2015,"2,091.69"
03/12/2015,"2,049.62"
02/12/2015,"2,079.51"
01/12/2015,"2,102.63"
30/11/2015,"2,080.41"
27/11/2015,"2,090.11"
25/11/2015,"2,088.87"
24/11/2015,"2,089.14"
23/11/2015,"2,086.59"
20/11/2015,"2,089.17"
19/11/2015,"2,081.24"
18/11/2015,"2,083.58"
17/11/2015,"2,050.44"
16/11/2015,"2,053.19"
13/11/2015,"2,023.04"
12/11/2015,"2,045.97"
11/11/2015,"2,075.00"
10/11/2015,"2,081.72"
09/11/2015,"2,078.58"
06/11/2015,"2,099.20"
05/11/2015,"2,099.93"
04/11/2015,"2,102.31"
03/11/2015,"2,109.79"
02/11/2015,"2,104.05"
30/10/2015,"2,079.36"
29/10/2015,"2,089.41"
28/10/2015,"2,090.35"
27/10/2015,"2,065.89"
26/10/2015,"2,071.18"
23/10/2015,"2,075.15"
22/10/2015,"2,052.51"
21/10/2015,"2,018.94"
20/10/2015,"2,030.77"
19/10/2015,"2,033.66"
16/10/2015,"2,033.11"
15/10/2015,"2,023.86"
14/10/2015,"1,994.24"
13/10/2015,"2,003.69"
12/10/2015,"2,017.46"
09/10/2015,"2,014.89"
08/10/2015,"2,013.43"
07/10/2015,"1,995.83"
06/10/2015,"1,979.92"
05/10/2015,"1,987.05"
02/10/2015,"1,951.36"
01/10/2015,"1,923.82"
30/09/2015,"1,920.03"
29/09/2015,"1,884.09"
28/09/2015,"1,881.77"
25/09/2015,"1,931.34"
24/09/2015,"1,932.24"
23/09/2015,"1,938.76"
22/09/2015,"1,942.74"
21/09/2015,"1,966.97"
18/09/2015,"1,958.03"
17/09/2015,"1,990.20"
16/09/2015,"1,995.31"
15/09/2015,"1,978.09"
14/09/2015,"1,953.03"
11/09/2015,"1,961.05"
10/09/2015,"1,952.29"
09/09/2015,"1,942.04"
08/09/2015,"1,969.41"
04/09/2015,"1,921.22"
03/09/2015,"1,951.13"
02/09/2015,"1,948.86"
01/09/2015,"1,913.85"
31/08/2015,"1,972.18"
28/08/2015,"1,988.87"
27/08/2015,"1,987.66"
26/08/2015,"1,940.51"
25/08/2015,"1,867.61"
24/08/2015,"1,893.21"
21/08/2015,"1,970.89"
20/08/2015,"2,035.73"
19/08/2015,"2,079.61"
18/08/2015,"2,096.92"
17/08/2015,"2,102.44"
14/08/2015,"2,091.54"
13/08/2015,"2,083.39"
12/08/2015,"2,086.05"
11/08/2015,"2,084.07"
10/08/2015,"2,104.18"
07/08/2015,"2,077.57"
06/08/2015,"2,083.56"
05/08/2015,"2,099.84"
04/08/2015,"2,093.32"
03/08/2015,"2,098.04"
31/07/2015,"2,103.84"
30/07/2015,"2,108.63"
29/07/2015,"2,108.57"
28/07/2015,"2,093.25"
27/07/2015,"2,067.64"
24/07/2015,"2,079.65"
23/07/2015,"2,102.15"
22/07/2015,"2,114.15"
21/07/2015,"2,119.21"
20/07/2015,"2,128.28"
17/07/2015,"2,126.64"
16/07/2015,"2,124.29"
15/07/2015,"2,107.40"
14/07/2015,"2,108.95"
13/07/2015,"2,099.60"
10/07/2015,"2,076.62"
09/07/2015,"2,051.31"
08/07/2015,"2,046.68"
07/07/2015,"2,081.34"
06/07/2015,"2,068.76"
02/07/2015,"2,076.78"
01/07/2015,"2,077.42"
30/06/2015,"2,063.11"
29/06/2015,"2,057.64"
26/06/2015,"2,101.49"
25/06/2015,"2,102.31"
24/06/2015,"2,108.58"
23/06/2015,"2,124.20"
22/06/2015,"2,122.85"
19/06/2015,"2,109.99"
18/06/2015,"2,121.24"
17/06/2015,"2,100.44"
16/06/2015,"2,096.29"
15/06/2015,"2,084.43"
12/06/2015,"2,094.11"
11/06/2015,"2,108.86"
10/06/2015,"2,105.20"
09/06/2015,"2,080.15"
08/06/2015,"2,079.28"
05/06/2015,"2,092.83"
04/06/2015,"2,095.84"
03/06/2015,"2,114.07"
02/06/2015,"2,109.60"
01/06/2015,"2,111.73"
29/05/2015,"2,107.39"
28/05/2015,"2,120.79"
27/05/2015,"2,123.48"
26/05/2015,"2,104.20"
22/05/2015,"2,126.06"
21/05/2015,"2,130.82"
20/05/2015,"2,125.85"
19/05/2015,"2,127.83"
18/05/2015,"2,129.20"
15/05/2015,"2,122.73"
14/05/2015,"2,121.10"
13/05/2015,"2,098.48"
12/05/2015,"2,099.12"
11/05/2015,"2,105.33"
08/05/2015,"2,116.10"
07/05/2015,"2,088.00"
06/05/2015,"2,080.15"
05/05/2015,"2,089.46"
04/05/2015,"2,114.49"
01/05/2015,"2,108.29"
30/04/2015,"2,085.51"
29/04/2015,"2,106.85"
28/04/2015,"2,114.76"
27/04/2015,"2,108.92"
24/04/2015,"2,117.69"
23/04/2015,"2,112.93"
22/04/2015,"2,107.96"
21/04/2015,"2,097.29"
20/04/2015,"2,100.40"
17/04/2015,"2,081.18"
16/04/2015,"2,104.99"
15/04/2015,"2,106.63"
14/04/2015,"2,095.84"
13/04/2015,"2,092.43"
10/04/2015,"2,102.06"
09/04/2015,"2,091.18"
08/04/2015,"2,081.90"
07/04/2015,"2,076.33"
06/04/2015,"2,080.62"
02/04/2015,"2,066.96"
01/04/2015,"2,059.69"
31/03/2015,"2,067.89"
30/03/2015,"2,086.24"
27/03/2015,"2,061.02"
26/03/2015,"2,056.15"
25/03/2015,"2,061.05"
24/03/2015,"2,091.50"
23/03/2015,"2,104.42"
20/03/2015,"2,108.10"
19/03/2015,"2,089.27"
18/03/2015,"2,099.50"
17/03/2015,"2,074.28"
16/03/2015,"2,081.19"
13/03/2015,"2,053.40"
12/03/2015,"2,065.95"
11/03/2015,"2,040.24"
10/03/2015,"2,044.16"
09/03/2015,"2,079.43"
06/03/2015,"2,071.26"
05/03/2015,"2,101.04"
04/03/2015,"2,098.53"
03/03/2015,"2,107.78"
02/03/2015,"2,117.39"
27/02/2015,"2,104.50"
26/02/2015,"2,110.74"
25/02/2015,"2,113.86"
24/02/2015,"2,115.48"
23/02/2015,"2,109.66"
20/02/2015,"2,110.30"
19/02/2015,"2,097.45"
18/02/2015,"2,099.68"
17/02/2015,"2,100.34"
13/02/2015,"2,096.99"
12/02/2015,"2,088.48"
11/02/2015,"2,068.53"
10/02/2015,"2,068.59"
09/02/2015,"2,046.74"
06/02/2015,"2,055.47"
05/02/2015,"2,062.52"
04/02/2015,"2,041.51"
03/02/2015,"2,050.03"
02/02/2015,"2,020.85"
30/01/2015,"1,994.99"
29/01/2015,"2,021.25"
28/01/2015,"2,002.16"
27/01/2015,"2,029.55"
26/01/2015,"2,057.09"
23/01/2015,"2,051.82"
22/01/2015,"2,063.15"
21/01/2015,"2,032.12"
20/01/2015,"2,022.55"
16/01/2015,"2,019.42"
15/01/2015,"1,992.67"
14/01/2015,"2,011.27"
13/01/2015,"2,023.03"
12/01/2015,"2,028.26"
09/01/2015,"2,044.81"
08/01/2015,"2,062.14"
07/01/2015,"2,025.90"
06/01/2015,"2,002.61"
05/01/2015,"2,020.58"
02/01/2015,"2,058.20"
31/12/2014,"2,058.90"
30/12/2014,"2,080.35"
29/12/2014,"2,090.57"
26/12/2014,"2,088.77"
24/12/2014,"2,081.88"
23/12/2014,"2,082.17"
22/12/2014,"2,078.54"
19/12/2014,"2,070.65"
18/12/2014,"2,061.23"
17/12/2014,"2,012.89"
16/12/2014,"1,972.74"
15/12/2014,"1,989.63"
12/12/2014,"2,002.33"
11/12/2014,"2,035.33"
10/12/2014,"2,026.14"
09/12/2014,"2,059.82"
08/12/2014,"2,060.31"
05/12/2014,"2,075.37"
04/12/2014,"2,071.92"
03/12/2014,"2,074.33"
02/12/2014,"2,066.55"
01/12/2014,"2,053.44"
28/11/2014,"2,067.56"
26/11/2014,"2,072.83"
25/11/2014,"2,067.03"
24/11/2014,"2,069.41"
21/11/2014,"2,063.50"
20/11/2014,"2,052.75"
19/11/2014,"2,048.72"
18/11/2014,"2,051.80"
17/11/2014,"2,041.32"
14/11/2014,"2,039.82"
13/11/2014,"2,039.33"
12/11/2014,"2,038.25"
11/11/2014,"2,039.68"
10/11/2014,"2,038.26"
07/11/2014,"2,031.92"
06/11/2014,"2,031.21"
05/11/2014,"2,023.57"
04/11/2014,"2,012.10"
03/11/2014,"2,017.81"
31/10/2014,"2,018.05"
30/10/2014,"1,994.65"
29/10/2014,"1,982.30"
28/10/2014,"1,985.05"
27/10/2014,"1,961.63"
24/10/2014,"1,964.58"
23/10/2014,"1,950.82"
22/10/2014,"1,927.11"
21/10/2014,"1,941.28"
20/10/2014,"1,904.01"
17/10/2014,"1,886.76"
16/10/2014,"1,862.76"
15/10/2014,"1,862.49"
14/10/2014,"1,877.70"
13/10/2014,"1,874.74"
10/10/2014,"1,906.13"
09/10/2014,"1,928.21"
08/10/2014,"1,968.89"
07/10/2014,"1,935.10"
06/10/2014,"1,964.82"
03/10/2014,"1,967.90"
02/10/2014,"1,946.17"
01/10/2014,"1,946.16"
30/09/2014,"1,972.29"
29/09/2014,"1,977.80"
26/09/2014,"1,982.85"
25/09/2014,"1,965.99"
24/09/2014,"1,998.30"
23/09/2014,"1,982.77"
22/09/2014,"1,994.29"
19/09/2014,"2,010.40"
18/09/2014,"2,011.36"
17/09/2014,"2,001.57"
16/09/2014,"1,998.98"
15/09/2014,"1,984.13"
12/09/2014,"1,985.54"
11/09/2014,"1,997.45"
10/09/2014,"1,995.69"
09/09/2014,"1,988.44"
08/09/2014,"2,001.54"
05/09/2014,"2,007.71"
04/09/2014,"1,997.65"
03/09/2014,"2,000.72"
02/09/2014,"2,002.28"
29/08/2014,"2,003.37"
28/08/2014,"1,996.74"
27/08/2014,"2,000.12"
26/08/2014,"2,000.02"
25/08/2014,"1,997.92"
22/08/2014,"1,988.40"
21/08/2014,"1,992.37"
20/08/2014,"1,986.51"
19/08/2014,"1,981.60"
18/08/2014,"1,971.74"
15/08/2014,"1,955.06"
14/08/2014,"1,955.18"
13/08/2014,"1,946.72"
12/08/2014,"1,933.75"
11/08/2014,"1,936.92"
08/08/2014,"1,931.59"
07/08/2014,"1,909.57"
06/08/2014,"1,920.24"
05/08/2014,"1,920.21"
04/08/2014,"1,938.99"
01/08/2014,"1,925.15"
31/07/2014,"1,930.67"
30/07/2014,"1,970.07"
29/07/2014,"1,969.95"
28/07/2014,"1,978.91"
25/07/2014,"1,978.34"
24/07/2014,"1,987.98"
23/07/2014,"1,987.01"
22/07/2014,"1,983.53"
21/07/2014,"1,973.63"
18/07/2014,"1,978.22"
17/07/2014,"1,958.12"
16/07/2014,"1,981.57"
15/07/2014,"1,973.28"
14/07/2014,"1,977.10"
11/07/2014,"1,967.57"
10/07/2014,"1,964.68"
09/07/2014,"1,972.83"
08/07/2014,"1,963.71"
07/07/2014,"1,977.65"
03/07/2014,"1,985.44"
02/07/2014,"1,974.62"
01/07/2014,"1,973.32"
30/06/2014,"1,960.23"
27/06/2014,"1,960.96"
26/06/2014,"1,957.22"
25/06/2014,"1,959.53"
24/06/2014,"1,949.98"
23/06/2014,"1,962.61"
20/06/2014,"1,962.87"
19/06/2014,"1,959.48"
18/06/2014,"1,956.98"
17/06/2014,"1,941.99"
16/06/2014,"1,937.78"
13/06/2014,"1,936.16"
12/06/2014,"1,930.11"
11/06/2014,"1,943.89"
10/06/2014,"1,950.79"
09/06/2014,"1,951.27"
06/06/2014,"1,949.44"
05/06/2014,"1,940.46"
04/06/2014,"1,927.88"
03/06/2014,"1,924.24"
02/06/2014,"1,924.97"
30/05/2014,"1,923.57"
29/05/2014,"1,920.03"
28/05/2014,"1,909.78"
27/05/2014,"1,911.91"
23/05/2014,"1,900.53"
22/05/2014,"1,892.49"
21/05/2014,"1,888.03"
20/05/2014,"1,872.83"
19/05/2014,"1,885.08"
16/05/2014,"1,877.86"
15/05/2014,"1,870.85"
14/05/2014,"1,888.53"
13/05/2014,"1,897.45"
12/05/2014,"1,896.65"
09/05/2014,"1,878.48"
08/05/2014,"1,875.63"
07/05/2014,"1,878.21"
06/05/2014,"1,867.72"
05/05/2014,"1,884.66"
02/05/2014,"1,881.14"
01/05/2014,"1,883.68"
30/04/2014,"1,883.95"
29/04/2014,"1,878.33"
28/04/2014,"1,869.43"
25/04/2014,"1,863.40"
24/04/2014,"1,878.61"
23/04/2014,"1,875.39"
22/04/2014,"1,879.55"
21/04/2014,"1,871.89"
17/04/2014,"1,864.85"
16/04/2014,"1,862.31"
15/04/2014,"1,842.98"
14/04/2014,"1,830.61"
11/04/2014,"1,815.69"
10/04/2014,"1,833.08"
09/04/2014,"1,872.18"
08/04/2014,"1,851.96"
07/04/2014,"1,845.04"
04/04/2014,"1,865.09"
03/04/2014,"1,888.77"
02/04/2014,"1,890.90"
01/04/2014,"1,885.52"
31/03/2014,"1,872.34"
28/03/2014,"1,857.62"
27/03/2014,"1,849.04"
26/03/2014,"1,852.56"
25/03/2014,"1,865.62"
24/03/2014,"1,857.44"
21/03/2014,"1,866.52"
20/03/2014,"1,872.01"
19/03/2014,"1,860.77"
18/03/2014,"1,872.25"
17/03/2014,"1,858.83"
14/03/2014,"1,841.13"
13/03/2014,"1,846.34"
12/03/2014,"1,868.20"
11/03/2014,"1,867.63"
10/03/2014,"1,877.17"
07/03/2014,"1,878.04"
06/03/2014,"1,877.03"
05/03/2014,"1,873.81"
04/03/2014,"1,873.91"
03/03/2014,"1,845.73"
28/02/2014,"1,859.45"
27/02/2014,"1,854.29"
26/02/2014,"1,845.16"
25/02/2014,"1,845.12"
24/02/2014,"1,847.61"
21/02/2014,"1,836.25"
20/02/2014,"1,839.78"
19/02/2014,"1,828.75"
18/02/2014,"1,840.76"
14/02/2014,"1,838.63"
13/02/2014,"1,829.83"
12/02/2014,"1,819.26"
11/02/2014,"1,819.75"
10/02/2014,"1,799.84"
07/02/2014,"1,797.02"
06/02/2014,"1,773.43"
05/02/2014,"1,751.64"
04/02/2014,"1,755.20"
03/02/2014,"1,741.89"
31/01/2014,"1,782.59"
30/01/2014,"1,794.19"
29/01/2014,"1,774.20"
28/01/2014,"1,792.50"
27/01/2014,"1,781.56"
24/01/2014,"1,790.29"
23/01/2014,"1,828.46"
22/01/2014,"1,844.86"
21/01/2014,"1,843.80"
17/01/2014,"1,838.70"
16/01/2014,"1,845.89"
15/01/2014,"1,848.38"
14/01/2014,"1,838.88"
13/01/2014,"1,819.20"
10/01/2014,"1,842.37"
09/01/2014,"1,838.13"
08/01/2014,"1,837.49"
07/01/2014,"1,837.88"
06/01/2014,"1,826.77"
03/01/2014,"1,831.37"
02/01/2014,"1,831.98"
31/12/2013,"1,848.36"
30/12/2013,"1,841.07"
27/12/2013,"1,841.40"
26/12/2013,"1,842.02"
24/12/2013,"1,833.32"
23/12/2013,"1,827.99"
20/12/2013,"1,818.32"
19/12/2013,"1,809.60"
18/12/2013,"1,810.65"
17/12/2013,"1,781.00"
16/12/2013,"1,786.54"
13/12/2013,"1,775.32"
12/12/2013,"1,775.50"
11/12/2013,"1,782.22"
10/12/2013,"1,802.62"
09/12/2013,"1,808.37"
06/12/2013,"1,805.09"
05/12/2013,"1,785.03"
04/12/2013,"1,792.81"
03/12/2013,"1,795.15"
02/12/2013,"1,800.90"
29/11/2013,"1,805.81"
27/11/2013,"1,807.23"
26/11/2013,"1,802.75"
25/11/2013,"1,802.48"
22/11/2013,"1,804.76"
21/11/2013,"1,795.85"
20/11/2013,"1,781.37"
19/11/2013,"1,787.87"
18/11/2013,"1,791.53"
15/11/2013,"1,798.18"
14/11/2013,"1,790.62"
13/11/2013,"1,782.00"
12/11/2013,"1,767.69"
11/11/2013,"1,771.89"
08/11/2013,"1,770.61"
07/11/2013,"1,747.15"
06/11/2013,"1,770.49"
05/11/2013,"1,762.97"
04/11/2013,"1,767.93"
01/11/2013,"1,761.64"
31/10/2013,"1,756.54"
30/10/2013,"1,763.31"
29/10/2013,"1,771.95"
28/10/2013,"1,762.11"
25/10/2013,"1,759.77"
24/10/2013,"1,752.07"
23/10/2013,"1,746.38"
22/10/2013,"1,754.67"
21/10/2013,"1,744.66"
18/10/2013,"1,744.50"
17/10/2013,"1,733.15"
16/10/2013,"1,721.54"
15/10/2013,"1,698.06"
14/10/2013,"1,710.14"
11/10/2013,"1,703.20"
10/10/2013,"1,692.56"
09/10/2013,"1,656.40"
08/10/2013,"1,655.45"
07/10/2013,"1,676.12"
04/10/2013,"1,690.50"
03/10/2013,"1,678.66"
02/10/2013,"1,693.87"
01/10/2013,"1,695.00"
30/09/2013,"1,681.55"
27/09/2013,"1,691.75"
26/09/2013,"1,698.67"
25/09/2013,"1,692.77"
24/09/2013,"1,697.42"
23/09/2013,"1,701.84"
20/09/2013,"1,709.91"
19/09/2013,"1,722.34"
18/09/2013,"1,725.52"
17/09/2013,"1,704.76"
16/09/2013,"1,697.60"
13/09/2013,"1,687.99"
12/09/2013,"1,683.42"
11/09/2013,"1,689.13"
10/09/2013,"1,683.99"
09/09/2013,"1,671.71"
06/09/2013,"1,655.17"
05/09/2013,"1,655.08"
04/09/2013,"1,653.08"
03/09/2013,"1,639.77"
30/08/2013,"1,632.97"
29/08/2013,"1,638.17"
28/08/2013,"1,634.96"
27/08/2013,"1,630.48"
26/08/2013,"1,656.78"
23/08/2013,"1,663.50"
22/08/2013,"1,656.96"
21/08/2013,"1,642.80"
20/08/2013,"1,652.35"
19/08/2013,"1,646.06"
16/08/2013,"1,655.83"
15/08/2013,"1,661.32"
14/08/2013,"1,685.39"
13/08/2013,"1,694.16"
12/08/2013,"1,689.47"
09/08/2013,"1,691.42"
08/08/2013,"1,697.48"
07/08/2013,"1,690.91"
06/08/2013,"1,697.37"
05/08/2013,"1,707.14"
02/08/2013,"1,709.67"
01/08/2013,"1,706.87"
31/07/2013,"1,685.73"
30/07/2013,"1,685.96"
29/07/2013,"1,685.33"
26/07/2013,"1,691.65"
25/07/2013,"1,690.25"
24/07/2013,"1,685.94"
23/07/2013,"1,692.39"
22/07/2013,"1,695.53"
19/07/2013,"1,692.09"
18/07/2013,"1,689.37"
17/07/2013,"1,680.91"
16/07/2013,"1,676.26"
15/07/2013,"1,682.50"
12/07/2013,"1,680.19"
11/07/2013,"1,675.02"
10/07/2013,"1,652.62"
09/07/2013,"1,652.32"
08/07/2013,"1,640.46"
05/07/2013,"1,631.89"
03/07/2013,"1,615.41"
02/07/2013,"1,614.08"
01/07/2013,"1,614.96"
28/06/2013,"1,606.28"
27/06/2013,"1,613.20"
26/06/2013,"1,603.26"
25/06/2013,"1,588.03"
24/06/2013,"1,573.09"
21/06/2013,"1,592.43"
20/06/2013,"1,588.19"
19/06/2013,"1,628.93"
18/06/2013,"1,651.81"
17/06/2013,"1,639.04"
14/06/2013,"1,626.73"
13/06/2013,"1,636.36"
12/06/2013,"1,612.52"
11/06/2013,"1,626.13"
10/06/2013,"1,642.81"
07/06/2013,"1,643.38"
06/06/2013,"1,622.56"
05/06/2013,"1,608.90"
04/06/2013,"1,631.38"
03/06/2013,"1,640.42"
31/05/2013,"1,630.74"
30/05/2013,"1,654.41"
29/05/2013,"1,648.36"
28/05/2013,"1,660.06"
24/05/2013,"1,649.60"
23/05/2013,"1,650.51"
22/05/2013,"1,655.35"
21/05/2013,"1,669.16"
20/05/2013,"1,666.29"
17/05/2013,"1,667.47"
16/05/2013,"1,650.47"
15/05/2013,"1,658.78"
14/05/2013,"1,650.34"
13/05/2013,"1,633.77"
10/05/2013,"1,633.70"
09/05/2013,"1,626.67"
08/05/2013,"1,632.69"
07/05/2013,"1,625.96"
06/05/2013,"1,617.50"
03/05/2013,"1,614.42"
02/05/2013,"1,597.59"
01/05/2013,"1,582.70"
30/04/2013,"1,597.57"
29/04/2013,"1,593.61"
26/04/2013,"1,582.24"
25/04/2013,"1,585.16"
24/04/2013,"1,578.79"
23/04/2013,"1,578.78"
22/04/2013,"1,562.50"
19/04/2013,"1,555.25"
18/04/2013,"1,541.61"
17/04/2013,"1,552.01"
16/04/2013,"1,574.57"
15/04/2013,"1,552.36"
12/04/2013,"1,588.85"
11/04/2013,"1,593.37"
10/04/2013,"1,587.73"
09/04/2013,"1,568.61"
08/04/2013,"1,563.07"
05/04/2013,"1,553.28"
04/04/2013,"1,559.98"
03/04/2013,"1,553.69"
02/04/2013,"1,570.25"
01/04/2013,"1,562.17"
28/03/2013,"1,569.19"
27/03/2013,"1,562.85"
26/03/2013,"1,563.77"
25/03/2013,"1,551.69"
22/03/2013,"1,556.89"
21/03/2013,"1,545.80"
20/03/2013,"1,558.71"
19/03/2013,"1,548.34"
18/03/2013,"1,552.10"
15/03/2013,"1,560.70"
14/03/2013,"1,563.23"
13/03/2013,"1,554.52"
12/03/2013,"1,552.48"
11/03/2013,"1,556.22"
08/03/2013,"1,551.18"
07/03/2013,"1,544.26"
06/03/2013,"1,541.46"
05/03/2013,"1,539.79"
04/03/2013,"1,525.20"
01/03/2013,"1,518.20"
28/02/2013,"1,514.68"
27/02/2013,"1,515.99"
26/02/2013,"1,496.94"
25/02/2013,"1,487.85"
22/02/2013,"1,515.60"
21/02/2013,"1,502.42"
20/02/2013,"1,511.95"
19/02/2013,"1,530.94"
15/02/2013,"1,519.79"
14/02/2013,"1,521.38"
13/02/2013,"1,520.33"
12/02/2013,"1,519.43"
11/02/2013,"1,517.01"
08/02/2013,"1,517.93"
07/02/2013,"1,509.39"
06/02/2013,"1,512.12"
05/02/2013,"1,511.29"
04/02/2013,"1,495.71"
01/02/2013,"1,513.17"
31/01/2013,"1,498.11"
30/01/2013,"1,501.96"
29/01/2013,"1,507.84"
28/01/2013,"1,500.18"
25/01/2013,"1,502.96"
24/01/2013,"1,494.82"
23/01/2013,"1,494.81"
22/01/2013,"1,492.56"
18/01/2013,"1,485.98"
17/01/2013,"1,480.94"
16/01/2013,"1,472.63"
15/01/2013,"1,472.34"
14/01/2013,"1,470.68"
11/01/2013,"1,472.05"
10/01/2013,"1,472.12"
09/01/2013,"1,461.02"
08/01/2013,"1,457.15"
07/01/2013,"1,461.89"
04/01/2013,"1,466.47"
03/01/2013,"1,459.37"
02/01/2013,"1,462.42"
31/12/2012,"1,426.19"
28/12/2012,"1,402.43"
27/12/2012,"1,418.10"
26/12/2012,"1,419.83"
24/12/2012,"1,426.66"
21/12/2012,"1,430.15"
20/12/2012,"1,443.69"
19/12/2012,"1,435.81"
18/12/2012,"1,446.79"
17/12/2012,"1,430.36"
14/12/2012,"1,413.58"
13/12/2012,"1,419.45"
12/12/2012,"1,428.48"
11/12/2012,"1,427.84"
10/12/2012,"1,418.55"
07/12/2012,"1,418.07"
06/12/2012,"1,413.94"
05/12/2012,"1,409.28"
04/12/2012,"1,407.05"
03/12/2012,"1,409.46"
30/11/2012,"1,416.18"
29/11/2012,"1,415.95"
28/11/2012,"1,409.93"
27/11/2012,"1,398.94"
26/11/2012,"1,406.29"
23/11/2012,"1,409.15"
21/11/2012,"1,391.03"
20/11/2012,"1,387.81"
19/11/2012,"1,386.89"
16/11/2012,"1,359.88"
15/11/2012,"1,353.33"
14/11/2012,"1,355.49"
13/11/2012,"1,374.53"
12/11/2012,"1,380.03"
09/11/2012,"1,379.85"
08/11/2012,"1,377.51"
07/11/2012,"1,394.53"
06/11/2012,"1,428.39"
05/11/2012,"1,417.26"
02/11/2012,"1,414.20"
01/11/2012,"1,427.59"
31/10/2012,"1,412.16"
26/10/2012,"1,411.94"
25/10/2012,"1,412.97"
24/10/2012,"1,408.75"
23/10/2012,"1,413.11"
22/10/2012,"1,433.82"
19/10/2012,"1,433.19"
18/10/2012,"1,457.34"
17/10/2012,"1,460.91"
16/10/2012,"1,454.92"
15/10/2012,"1,440.13"
12/10/2012,"1,428.59"
11/10/2012,"1,432.84"
10/10/2012,"1,432.56"
09/10/2012,"1,441.48"
08/10/2012,"1,455.88"
05/10/2012,"1,460.93"
04/10/2012,"1,461.40"
03/10/2012,"1,450.99"
02/10/2012,"1,445.75"
01/10/2012,"1,444.49"
28/09/2012,"1,440.67"
27/09/2012,"1,447.15"
26/09/2012,"1,433.32"
25/09/2012,"1,441.59"
24/09/2012,"1,456.89"
21/09/2012,"1,460.15"
20/09/2012,"1,460.26"
19/09/2012,"1,461.05"
18/09/2012,"1,459.32"
17/09/2012,"1,461.19"
14/09/2012,"1,465.77"
13/09/2012,"1,459.99"
12/09/2012,"1,436.56"
11/09/2012,"1,433.56"
10/09/2012,"1,429.08"
07/09/2012,"1,437.92"
06/09/2012,"1,432.12"
05/09/2012,"1,403.44"
04/09/2012,"1,404.94"
31/08/2012,"1,406.58"
30/08/2012,"1,399.48"
29/08/2012,"1,410.49"
28/08/2012,"1,409.30"
27/08/2012,"1,410.44"
24/08/2012,"1,411.13"
23/08/2012,"1,402.08"
22/08/2012,"1,413.49"
21/08/2012,"1,413.17"
20/08/2012,"1,418.13"
17/08/2012,"1,418.16"
16/08/2012,"1,415.51"
15/08/2012,"1,405.53"
14/08/2012,"1,403.93"
13/08/2012,"1,404.11"
10/08/2012,"1,405.87"
09/08/2012,"1,402.80"
08/08/2012,"1,402.22"
07/08/2012,"1,401.35"
06/08/2012,"1,394.23"
03/08/2012,"1,390.99"
02/08/2012,"1,365.00"
01/08/2012,"1,375.32"
31/07/2012,"1,379.32"
30/07/2012,"1,385.30"
27/07/2012,"1,385.97"
26/07/2012,"1,360.02"
25/07/2012,"1,337.89"
24/07/2012,"1,338.31"
23/07/2012,"1,350.52"
20/07/2012,"1,362.66"
19/07/2012,"1,376.51"
18/07/2012,"1,372.78"
17/07/2012,"1,363.67"
16/07/2012,"1,353.64"
13/07/2012,"1,356.78"
12/07/2012,"1,334.76"
11/07/2012,"1,341.45"
10/07/2012,"1,341.47"
09/07/2012,"1,352.46"
06/07/2012,"1,354.68"
05/07/2012,"1,367.58"
03/07/2012,"1,374.02"
02/07/2012,"1,365.51"
29/06/2012,"1,362.16"
28/06/2012,"1,329.04"
27/06/2012,"1,331.85"
26/06/2012,"1,319.99"
25/06/2012,"1,313.72"
22/06/2012,"1,335.02"
21/06/2012,"1,325.51"
20/06/2012,"1,355.69"
19/06/2012,"1,357.98"
18/06/2012,"1,344.78"
15/06/2012,"1,342.84"
14/06/2012,"1,329.10"
13/06/2012,"1,314.88"
12/06/2012,"1,324.18"
11/06/2012,"1,308.93"
08/06/2012,"1,325.66"
07/06/2012,"1,314.99"
06/06/2012,"1,315.13"
05/06/2012,"1,285.50"
04/06/2012,"1,278.18"
01/06/2012,"1,278.04"
31/05/2012,"1,310.33"
30/05/2012,"1,313.32"
29/05/2012,"1,332.42"
25/05/2012,"1,317.82"
24/05/2012,"1,320.68"
23/05/2012,"1,318.86"
22/05/2012,"1,316.63"
21/05/2012,"1,315.99"
18/05/2012,"1,295.22"
17/05/2012,"1,304.86"
16/05/2012,"1,324.80"
15/05/2012,"1,330.66"
14/05/2012,"1,338.35"
11/05/2012,"1,353.39"
10/05/2012,"1,357.99"
09/05/2012,"1,354.58"
08/05/2012,"1,363.72"
07/05/2012,"1,369.58"
04/05/2012,"1,369.10"
03/05/2012,"1,391.57"
02/05/2012,"1,402.31"
01/05/2012,"1,405.82"
30/04/2012,"1,397.91"
27/04/2012,"1,403.36"
26/04/2012,"1,399.98"
25/04/2012,"1,390.69"
24/04/2012,"1,371.97"
23/04/2012,"1,366.94"
20/04/2012,"1,378.53"
19/04/2012,"1,376.92"
18/04/2012,"1,385.14"
17/04/2012,"1,390.78"
16/04/2012,"1,369.57"
13/04/2012,"1,370.26"
12/04/2012,"1,387.57"
11/04/2012,"1,368.71"
10/04/2012,"1,358.59"
09/04/2012,"1,382.20"
05/04/2012,"1,398.08"
04/04/2012,"1,398.96"
03/04/2012,"1,413.38"
02/04/2012,"1,419.04"
30/03/2012,"1,408.47"
29/03/2012,"1,403.28"
28/03/2012,"1,405.54"
27/03/2012,"1,412.52"
26/03/2012,"1,416.51"
23/03/2012,"1,397.11"
22/03/2012,"1,392.78"
21/03/2012,"1,402.89"
20/03/2012,"1,405.52"
19/03/2012,"1,409.75"
16/03/2012,"1,404.17"
15/03/2012,"1,402.60"
14/03/2012,"1,394.28"
13/03/2012,"1,395.95"
12/03/2012,"1,371.09"
09/03/2012,"1,370.87"
08/03/2012,"1,365.91"
07/03/2012,"1,352.63"
06/03/2012,"1,343.36"
05/03/2012,"1,364.33"
02/03/2012,"1,369.63"
01/03/2012,"1,374.09"
29/02/2012,"1,365.68"
28/02/2012,"1,372.18"
27/02/2012,"1,367.59"
24/02/2012,"1,365.74"
23/02/2012,"1,363.46"
22/02/2012,"1,357.66"
21/02/2012,"1,362.21"
17/02/2012,"1,361.23"
16/02/2012,"1,358.04"
15/02/2012,"1,343.23"
14/02/2012,"1,350.50"
13/02/2012,"1,351.77"
10/02/2012,"1,342.64"
09/02/2012,"1,351.95"
08/02/2012,"1,349.96"
07/02/2012,"1,347.05"
06/02/2012,"1,344.33"
03/02/2012,"1,344.90"
02/02/2012,"1,325.54"
01/02/2012,"1,324.09"
31/01/2012,"1,312.41"
30/01/2012,"1,313.01"
27/01/2012,"1,316.33"
26/01/2012,"1,318.43"
25/01/2012,"1,326.06"
24/01/2012,"1,314.65"
23/01/2012,"1,316.00"
20/01/2012,"1,315.38"
19/01/2012,"1,314.50"
18/01/2012,"1,308.04"
17/01/2012,"1,293.67"
13/01/2012,"1,289.09"
12/01/2012,"1,295.50"
11/01/2012,"1,292.48"
10/01/2012,"1,292.08"
09/01/2012,"1,280.70"
06/01/2012,"1,277.81"
05/01/2012,"1,281.06"
04/01/2012,"1,277.30"
03/01/2012,"1,277.06"
30/12/2011,"1,257.60"
29/12/2011,"1,263.02"
28/12/2011,"1,249.64"
27/12/2011,"1,265.43"
23/12/2011,"1,265.33"
22/12/2011,"1,254.00"
21/12/2011,"1,243.72"
20/12/2011,"1,241.30"
19/12/2011,"1,205.35"
16/12/2011,"1,219.66"
15/12/2011,"1,215.75"
14/12/2011,"1,211.82"
13/12/2011,"1,225.73"
12/12/2011,"1,236.47"
09/12/2011,"1,255.19"
08/12/2011,"1,234.35"
07/12/2011,"1,261.01"
06/12/2011,"1,258.47"
05/12/2011,"1,257.08"
02/12/2011,"1,244.28"
01/12/2011,"1,244.58"
30/11/2011,"1,246.96"
29/11/2011,"1,195.19"
28/11/2011,"1,192.55"
25/11/2011,"1,158.67"
23/11/2011,"1,161.79"
22/11/2011,"1,188.04"
21/11/2011,"1,192.98"
18/11/2011,"1,215.65"
17/11/2011,"1,216.13"
16/11/2011,"1,236.91"
15/11/2011,"1,257.81"
14/11/2011,"1,251.78"
11/11/2011,"1,263.85"
10/11/2011,"1,239.70"
09/11/2011,"1,229.10"
08/11/2011,"1,275.92"
07/11/2011,"1,261.12"
04/11/2011,"1,253.23"
03/11/2011,"1,261.15"
02/11/2011,"1,237.90"
01/11/2011,"1,218.28"
31/10/2011,"1,253.30"
28/10/2011,"1,285.09"
27/10/2011,"1,284.59"
26/10/2011,"1,242.00"
25/10/2011,"1,229.05"
24/10/2011,"1,254.19"
21/10/2011,"1,238.25"
20/10/2011,"1,215.39"
19/10/2011,"1,209.88"
18/10/2011,"1,225.38"
17/10/2011,"1,200.86"
14/10/2011,"1,224.58"
13/10/2011,"1,203.66"
12/10/2011,"1,207.25"
11/10/2011,"1,195.54"
10/10/2011,"1,194.89"
07/10/2011,"1,155.46"
06/10/2011,"1,164.97"
05/10/2011,"1,144.03"
04/10/2011,"1,123.95"
03/10/2011,"1,099.23"
30/09/2011,"1,131.42"
29/09/2011,"1,160.40"
28/09/2011,"1,151.06"
27/09/2011,"1,175.38"
26/09/2011,"1,162.95"
23/09/2011,"1,136.43"
22/09/2011,"1,129.56"
21/09/2011,"1,166.76"
20/09/2011,"1,202.09"
19/09/2011,"1,204.09"
16/09/2011,"1,216.01"
15/09/2011,"1,209.11"
14/09/2011,"1,188.68"
13/09/2011,"1,172.87"
12/09/2011,"1,162.27"
09/09/2011,"1,154.23"
08/09/2011,"1,185.90"
07/09/2011,"1,198.62"
06/09/2011,"1,165.24"
02/09/2011,"1,173.97"
01/09/2011,"1,204.42"
31/08/2011,"1,218.89"
30/08/2011,"1,212.92"
29/08/2011,"1,210.08"
26/08/2011,"1,176.80"
25/08/2011,"1,159.27"
24/08/2011,"1,177.60"
23/08/2011,"1,162.35"
22/08/2011,"1,123.82"
19/08/2011,"1,123.53"
18/08/2011,"1,140.65"
17/08/2011,"1,193.89"
16/08/2011,"1,192.76"
15/08/2011,"1,204.49"
12/08/2011,"1,178.81"
11/08/2011,"1,172.64"
10/08/2011,"1,120.76"
09/08/2011,"1,172.53"
08/08/2011,"1,119.46"
05/08/2011,"1,199.38"
04/08/2011,"1,200.07"
03/08/2011,"1,260.34"
02/08/2011,"1,254.05"
01/08/2011,"1,286.94"
29/07/2011,"1,292.28"
28/07/2011,"1,300.67"
27/07/2011,"1,304.89"
26/07/2011,"1,331.94"
25/07/2011,"1,337.43"
22/07/2011,"1,345.02"
21/07/2011,"1,343.80"
20/07/2011,"1,325.84"
19/07/2011,"1,326.73"
18/07/2011,"1,305.44"
15/07/2011,"1,316.14"
14/07/2011,"1,308.87"
13/07/2011,"1,317.72"
12/07/2011,"1,313.64"
11/07/2011,"1,319.49"
08/07/2011,"1,343.80"
07/07/2011,"1,353.22"
06/07/2011,"1,339.22"
05/07/2011,"1,337.88"
01/07/2011,"1,339.67"
30/06/2011,"1,320.64"
29/06/2011,"1,307.41"
28/06/2011,"1,296.67"
27/06/2011,"1,280.10"
24/06/2011,"1,268.45"
23/06/2011,"1,283.50"
22/06/2011,"1,287.14"
21/06/2011,"1,295.52"
20/06/2011,"1,278.36"
17/06/2011,"1,271.50"
16/06/2011,"1,267.64"
15/06/2011,"1,265.42"
14/06/2011,"1,287.87"
13/06/2011,"1,271.83"
10/06/2011,"1,270.98"
09/06/2011,"1,289.00"
08/06/2011,"1,279.56"
07/06/2011,"1,284.94"
06/06/2011,"1,286.17"
03/06/2011,"1,300.16"
02/06/2011,"1,312.94"
01/06/2011,"1,314.55"
31/05/2011,"1,345.20"
27/05/2011,"1,331.10"
26/05/2011,"1,325.69"
25/05/2011,"1,320.47"
24/05/2011,"1,316.28"
23/05/2011,"1,317.37"
20/05/2011,"1,333.27"
19/05/2011,"1,343.60"
18/05/2011,"1,340.68"
17/05/2011,"1,328.98"
16/05/2011,"1,329.47"
13/05/2011,"1,337.77"
12/05/2011,"1,348.65"
11/05/2011,"1,342.08"
10/05/2011,"1,357.16"
09/05/2011,"1,346.29"
06/05/2011,"1,340.20"
05/05/2011,"1,335.10"
04/05/2011,"1,347.32"
03/05/2011,"1,356.62"
02/05/2011,"1,361.22"
29/04/2011,"1,363.61"
28/04/2011,"1,360.48"
27/04/2011,"1,355.66"
26/04/2011,"1,347.24"
25/04/2011,"1,335.25"
21/04/2011,"1,337.38"
20/04/2011,"1,330.36"
19/04/2011,"1,312.62"
18/04/2011,"1,305.14"
15/04/2011,"1,319.68"
14/04/2011,"1,314.52"
13/04/2011,"1,314.41"
12/04/2011,"1,314.16"
11/04/2011,"1,324.46"
08/04/2011,"1,328.17"
07/04/2011,"1,333.51"
06/04/2011,"1,335.54"
05/04/2011,"1,332.63"
04/04/2011,"1,332.87"
01/04/2011,"1,332.41"
31/03/2011,"1,325.83"
30/03/2011,"1,328.26"
29/03/2011,"1,319.44"
28/03/2011,"1,310.19"
25/03/2011,"1,313.80"
24/03/2011,"1,309.66"
23/03/2011,"1,297.54"
22/03/2011,"1,293.77"
21/03/2011,"1,298.38"
18/03/2011,"1,279.21"
17/03/2011,"1,273.72"
16/03/2011,"1,256.88"
15/03/2011,"1,281.87"
14/03/2011,"1,296.39"
11/03/2011,"1,304.28"
10/03/2011,"1,295.11"
09/03/2011,"1,320.02"
08/03/2011,"1,321.82"
07/03/2011,"1,310.13"
04/03/2011,"1,321.15"
03/03/2011,"1,330.97"
02/03/2011,"1,308.44"
01/03/2011,"1,306.33"
28/02/2011,"1,327.22"
25/02/2011,"1,319.88"
24/02/2011,"1,306.10"
23/02/2011,"1,307.40"
22/02/2011,"1,315.44"
18/02/2011,"1,343.01"
17/02/2011,"1,340.43"
16/02/2011,"1,336.32"
15/02/2011,"1,328.01"
14/02/2011,"1,332.32"
11/02/2011,"1,329.15"
10/02/2011,"1,321.87"
09/02/2011,"1,320.88"
08/02/2011,"1,324.57"
07/02/2011,"1,319.05"
04/02/2011,"1,310.87"
03/02/2011,"1,307.10"
02/02/2011,"1,304.03"
01/02/2011,"1,307.59"
31/01/2011,"1,286.12"
28/01/2011,"1,276.34"
27/01/2011,"1,299.54"
26/01/2011,"1,296.63"
25/01/2011,"1,291.18"
24/01/2011,"1,290.84"
21/01/2011,"1,283.35"
20/01/2011,"1,280.26"
19/01/2011,"1,281.92"
18/01/2011,"1,295.02"
14/01/2011,"1,293.24"
13/01/2011,"1,283.76"
12/01/2011,"1,285.96"
11/01/2011,"1,274.48"
10/01/2011,"1,269.75"
07/01/2011,"1,271.50"
06/01/2011,"1,273.85"
05/01/2011,"1,276.56"
04/01/2011,"1,270.20"
03/01/2011,"1,271.87"
31/12/2010,"1,257.64"
30/12/2010,"1,257.88"
29/12/2010,"1,259.78"
28/12/2010,"1,258.51"
27/12/2010,"1,257.54"
23/12/2010,"1,256.77"
22/12/2010,"1,258.84"
21/12/2010,"1,254.60"
20/12/2010,"1,247.08"
17/12/2010,"1,243.91"
16/12/2010,"1,242.87"
15/12/2010,"1,235.23"
14/12/2010,"1,241.59"
13/12/2010,"1,240.46"
10/12/2010,"1,240.40"
09/12/2010,"1,233.00"
08/12/2010,"1,228.28"
07/12/2010,"1,223.75"
06/12/2010,"1,223.12"
03/12/2010,"1,224.71"
02/12/2010,"1,221.53"
01/12/2010,"1,206.07"
30/11/2010,"1,180.55"
29/11/2010,"1,187.76"
26/11/2010,"1,189.40"
24/11/2010,"1,198.35"
23/11/2010,"1,180.73"
22/11/2010,"1,197.84"
19/11/2010,"1,199.73"
18/11/2010,"1,196.69"
17/11/2010,"1,178.59"
16/11/2010,"1,178.34"
15/11/2010,"1,197.75"
12/11/2010,"1,199.21"
11/11/2010,"1,213.54"
10/11/2010,"1,218.71"
09/11/2010,"1,213.40"
08/11/2010,"1,223.25"
05/11/2010,"1,225.85"
04/11/2010,"1,221.06"
03/11/2010,"1,197.96"
02/11/2010,"1,193.57"
01/11/2010,"1,184.38"
29/10/2010,"1,183.26"
28/10/2010,"1,183.78"
27/10/2010,"1,182.45"
26/10/2010,"1,185.64"
25/10/2010,"1,185.62"
22/10/2010,"1,183.08"
21/10/2010,"1,180.26"
20/10/2010,"1,178.17"
19/10/2010,"1,165.90"
18/10/2010,"1,184.71"
15/10/2010,"1,176.19"
14/10/2010,"1,173.81"
13/10/2010,"1,178.10"
12/10/2010,"1,169.77"
11/10/2010,"1,165.32"
08/10/2010,"1,165.15"
07/10/2010,"1,158.06"
06/10/2010,"1,159.97"
05/10/2010,"1,160.75"
04/10/2010,"1,137.03"
01/10/2010,"1,146.24"
30/09/2010,"1,141.20"
29/09/2010,"1,144.73"
28/09/2010,"1,147.70"
27/09/2010,"1,142.16"
24/09/2010,"1,148.67"
23/09/2010,"1,124.83"
22/09/2010,"1,134.28"
21/09/2010,"1,139.78"
20/09/2010,"1,142.71"
17/09/2010,"1,125.59"
16/09/2010,"1,124.66"
15/09/2010,"1,125.07"
14/09/2010,"1,121.10"
13/09/2010,"1,121.90"
10/09/2010,"1,109.55"
09/09/2010,"1,104.18"
08/09/2010,"1,098.87"
07/09/2010,"1,091.84"
03/09/2010,"1,104.51"
02/09/2010,"1,090.10"
01/09/2010,"1,080.29"
31/08/2010,"1,049.33"
30/08/2010,"1,048.92"
27/08/2010,"1,064.59"
26/08/2010,"1,047.22"
25/08/2010,"1,055.33"
24/08/2010,"1,051.87"
23/08/2010,"1,067.36"
20/08/2010,"1,071.69"
19/08/2010,"1,075.63"
18/08/2010,"1,094.16"
17/08/2010,"1,092.54"
16/08/2010,"1,079.38"
13/08/2010,"1,079.25"
12/08/2010,"1,083.61"
11/08/2010,"1,089.47"
10/08/2010,"1,121.06"
09/08/2010,"1,127.79"
06/08/2010,"1,121.64"
05/08/2010,"1,125.81"
04/08/2010,"1,127.24"
03/08/2010,"1,120.46"
02/08/2010,"1,125.86"
30/07/2010,"1,101.60"
29/07/2010,"1,101.53"
28/07/2010,"1,106.13"
27/07/2010,"1,113.84"
26/07/2010,"1,115.01"
23/07/2010,"1,102.66"
22/07/2010,"1,093.67"
21/07/2010,"1,069.59"
20/07/2010,"1,083.48"
19/07/2010,"1,071.25"
16/07/2010,"1,064.88"
15/07/2010,"1,096.48"
14/07/2010,"1,095.17"
13/07/2010,"1,095.34"
12/07/2010,"1,078.75"
09/07/2010,"1,077.96"
08/07/2010,"1,070.25"
07/07/2010,"1,060.27"
06/07/2010,"1,028.06"
02/07/2010,"1,022.58"
01/07/2010,"1,027.37"
30/06/2010,"1,030.71"
29/06/2010,"1,041.24"
28/06/2010,"1,074.57"
25/06/2010,"1,076.76"
24/06/2010,"1,073.69"
23/06/2010,"1,092.04"
22/06/2010,"1,095.31"
21/06/2010,"1,113.20"
18/06/2010,"1,117.51"
17/06/2010,"1,116.04"
16/06/2010,"1,114.61"
15/06/2010,"1,115.23"
14/06/2010,"1,089.63"
11/06/2010,"1,091.60"
10/06/2010,"1,086.84"
09/06/2010,"1,055.69"
08/06/2010,"1,062.00"
07/06/2010,"1,050.47"
04/06/2010,"1,064.88"
03/06/2010,"1,102.83"
02/06/2010,"1,098.38"
01/06/2010,"1,070.71"
28/05/2010,"1,089.41"
27/05/2010,"1,103.06"
26/05/2010,"1,067.95"
25/05/2010,"1,074.03"
24/05/2010,"1,073.65"
21/05/2010,"1,087.69"
20/05/2010,"1,071.59"
19/05/2010,"1,115.05"
18/05/2010,"1,120.80"
17/05/2010,"1,136.94"
14/05/2010,"1,135.68"
13/05/2010,"1,157.44"
12/05/2010,"1,171.67"
11/05/2010,"1,155.79"
10/05/2010,"1,159.73"
07/05/2010,"1,110.88"
06/05/2010,"1,128.15"
05/05/2010,"1,165.87"
04/05/2010,"1,173.60"
03/05/2010,"1,202.26"
30/04/2010,"1,186.69"
29/04/2010,"1,206.78"
28/04/2010,"1,191.36"
27/04/2010,"1,183.71"
26/04/2010,"1,212.05"
23/04/2010,"1,217.28"
22/04/2010,"1,208.67"
21/04/2010,"1,205.94"
20/04/2010,"1,207.17"
19/04/2010,"1,197.52"
16/04/2010,"1,192.13"
15/04/2010,"1,211.67"
14/04/2010,"1,210.65"
13/04/2010,"1,197.30"
12/04/2010,"1,196.48"
09/04/2010,"1,194.37"
08/04/2010,"1,186.44"
07/04/2010,"1,182.45"
06/04/2010,"1,189.44"
05/04/2010,"1,187.44"
01/04/2010,"1,178.10"
31/03/2010,"1,169.43"
30/03/2010,"1,173.27"
29/03/2010,"1,173.22"
26/03/2010,"1,166.59"
25/03/2010,"1,165.73"
24/03/2010,"1,167.72"
23/03/2010,"1,174.17"
22/03/2010,"1,165.81"
19/03/2010,"1,159.90"
18/03/2010,"1,165.83"
17/03/2010,"1,166.21"
16/03/2010,"1,159.46"
15/03/2010,"1,150.51"
12/03/2010,"1,149.99"
11/03/2010,"1,150.24"
10/03/2010,"1,145.61"
09/03/2010,"1,140.45"
08/03/2010,"1,138.50"
05/03/2010,"1,138.70"
04/03/2010,"1,122.97"
03/03/2010,"1,118.79"
02/03/2010,"1,118.31"
01/03/2010,"1,115.71"
26/02/2010,"1,104.49"
25/02/2010,"1,102.94"
24/02/2010,"1,105.24"
23/02/2010,"1,094.60"
22/02/2010,"1,108.01"
19/02/2010,"1,109.17"
18/02/2010,"1,106.75"
17/02/2010,"1,099.51"
16/02/2010,"1,094.87"
12/02/2010,"1,075.51"
11/02/2010,"1,078.47"
10/02/2010,"1,068.13"
09/02/2010,"1,070.52"
08/02/2010,"1,056.74"
05/02/2010,"1,066.19"
04/02/2010,"1,063.11"
03/02/2010,"1,097.28"
02/02/2010,"1,103.32"
01/02/2010,"1,089.19"
29/01/2010,"1,073.87"
28/01/2010,"1,084.53"
27/01/2010,"1,097.50"
26/01/2010,"1,092.17"
25/01/2010,"1,096.78"
22/01/2010,"1,091.76"
21/01/2010,"1,116.48"
20/01/2010,"1,138.04"
19/01/2010,"1,150.23"
15/01/2010,"1,136.03"
14/01/2010,"1,148.46"
13/01/2010,"1,145.68"
12/01/2010,"1,136.22"
11/01/2010,"1,146.98"
08/01/2010,"1,144.98"
07/01/2010,"1,141.69"
06/01/2010,"1,137.14"
05/01/2010,"1,136.52"
04/01/2010,"1,132.99"
