Date,copper
11/03/2023,3.6815
11/02/2023,3.6725
11/01/2023,3.649
10/31/2023,3.649
10/30/2023,3.6585
10/27/2023,3.646
10/26/2023,3.5845
10/25/2023,3.591
10/24/2023,3.624
10/23/2023,3.5865
10/20/2023,3.563
10/19/2023,3.601
10/18/2023,3.587
10/17/2023,3.5785
10/16/2023,3.582
10/13/2023,3.571
10/12/2023,3.591
10/11/2023,3.612
10/10/2023,3.634
10/09/2023,3.646
10/06/2023,3.6275
10/05/2023,3.552
10/04/2023,3.589
10/03/2023,3.621
10/02/2023,3.6415
09/29/2023,3.7375
09/28/2023,3.708
09/27/2023,3.6365
09/26/2023,3.649
09/25/2023,3.67
09/22/2023,3.696
09/21/2023,3.696
09/20/2023,3.776
09/19/2023,3.747
09/18/2023,3.779
09/15/2023,3.801
09/14/2023,3.8215
09/13/2023,3.793
09/12/2023,3.792
09/11/2023,3.807
09/08/2023,3.7165
09/07/2023,3.762
09/06/2023,3.786
09/05/2023,3.8485
09/01/2023,3.852
08/31/2023,3.822
08/30/2023,3.844
08/29/2023,3.839
08/28/2023,3.756
08/25/2023,3.762
08/24/2023,3.771
08/23/2023,3.8085
08/22/2023,3.757
08/21/2023,3.7185
08/18/2023,3.706
08/17/2023,3.6915
08/16/2023,3.6575
08/15/2023,3.6675
08/14/2023,3.7255
08/11/2023,3.719
08/10/2023,3.765
08/09/2023,3.7835
08/08/2023,3.7665
08/07/2023,3.835
08/04/2023,3.8675
08/03/2023,3.8995
08/02/2023,3.8435
08/01/2023,3.9085
07/31/2023,4.008
07/28/2023,3.9265
07/27/2023,3.8755
07/26/2023,3.902
07/25/2023,3.9155
07/24/2023,3.8555
07/21/2023,3.818
07/20/2023,3.8345
07/19/2023,3.814
07/18/2023,3.8295
07/17/2023,3.844
07/14/2023,3.933
07/13/2023,3.94
07/12/2023,3.853
07/11/2023,3.766
07/10/2023,3.7845
07/07/2023,3.782
07/06/2023,3.7345
07/05/2023,3.7685
07/03/2023,3.794
06/30/2023,3.7595
06/29/2023,3.699
06/28/2023,3.7425
06/27/2023,3.7885
06/26/2023,3.784
06/23/2023,3.8035
06/22/2023,3.89
06/21/2023,3.9135
06/20/2023,3.8835
06/16/2023,3.889
06/15/2023,3.901
06/14/2023,3.87
06/13/2023,3.831
06/12/2023,3.752
06/09/2023,3.789
06/08/2023,3.795
06/07/2023,3.756
06/06/2023,3.7685
06/05/2023,3.768
06/02/2023,3.7275
06/01/2023,3.711
05/31/2023,3.637
05/30/2023,3.663
05/26/2023,3.682
05/25/2023,3.588
05/24/2023,3.5615
05/23/2023,3.6545
05/22/2023,3.685
05/19/2023,3.732
05/18/2023,3.6895
05/17/2023,3.7545
05/16/2023,3.667
05/15/2023,3.751
05/12/2023,3.7285
05/11/2023,3.71
05/10/2023,3.841
05/09/2023,3.9015
05/08/2023,3.9295
05/05/2023,3.883
05/04/2023,3.863
05/03/2023,3.845
05/02/2023,3.8625
05/01/2023,3.934
04/28/2023,3.8905
04/27/2023,3.884
04/26/2023,3.8615
04/25/2023,3.848
04/24/2023,3.954
04/21/2023,3.98
04/20/2023,4.0255
04/19/2023,4.077
04/18/2023,4.0915
04/17/2023,4.066
04/14/2023,4.1065
04/13/2023,4.124
04/12/2023,4.081
04/11/2023,4.0195
04/10/2023,3.9765
04/06/2023,4.0155
04/05/2023,3.9865
04/04/2023,3.971
04/03/2023,4.0455
03/31/2023,4.0945
03/30/2023,4.0915
03/29/2023,4.0865
03/28/2023,4.0855
03/27/2023,4.0785
03/24/2023,4.075
03/23/2023,4.1235
03/22/2023,4.0445
03/21/2023,3.994
03/20/2023,3.9515
03/17/2023,3.8925
03/16/2023,3.8645
03/15/2023,3.843
03/14/2023,4.003
03/13/2023,4.0535
03/10/2023,4.0305
03/09/2023,4.039
03/08/2023,4.027
03/07/2023,3.975
03/06/2023,4.0885
03/03/2023,4.067
03/02/2023,4.076
03/01/2023,4.16
02/28/2023,4.0895
02/27/2023,4.011
02/24/2023,3.952
02/23/2023,4.059
02/22/2023,4.1905
02/21/2023,4.2255
02/17/2023,4.1085
02/16/2023,4.1355
02/15/2023,4.0105
02/14/2023,4.075
02/13/2023,4.0575
02/10/2023,4.0165
02/09/2023,4.097
02/08/2023,4.0355
02/07/2023,4.0805
02/06/2023,4.035
02/03/2023,4.0565
02/02/2023,4.091
02/01/2023,4.111
01/31/2023,4.226
01/30/2023,4.202
01/27/2023,4.2225
01/26/2023,4.2675
01/25/2023,4.2445
01/24/2023,4.2485
01/23/2023,4.2565
01/20/2023,4.2515
01/19/2023,4.2315
01/18/2023,4.2345
01/17/2023,4.223
01/13/2023,4.216
01/12/2023,4.1965
01/11/2023,4.166
01/10/2023,4.0775
01/09/2023,4.0265
01/06/2023,3.911
01/05/2023,3.821
01/04/2023,3.7405
01/03/2023,3.7665
12/30/2022,3.8105
12/29/2022,3.824
12/28/2022,3.8425
12/27/2022,3.8405
12/23/2022,3.809
12/22/2022,3.757
12/21/2022,3.81
12/20/2022,3.799
12/19/2022,3.783
12/16/2022,3.7615
12/15/2022,3.763
12/14/2022,3.878
12/13/2022,3.842
12/12/2022,3.8005
12/09/2022,3.8785
12/08/2022,3.8835
12/07/2022,3.8605
12/06/2022,3.818
12/05/2022,3.795
12/02/2022,3.8505
12/01/2022,3.8175
11/30/2022,3.738
11/29/2022,3.6395
11/28/2022,3.6115
11/25/2022,3.6275
11/23/2022,3.618
11/22/2022,3.6145
11/21/2022,3.5715
11/18/2022,3.632
11/17/2022,3.688
11/16/2022,3.7735
11/15/2022,3.82
11/14/2022,3.8335
11/11/2022,3.9135
11/10/2022,3.758
11/09/2022,3.7
11/08/2022,3.6825
11/07/2022,3.6035
11/04/2022,3.6865
11/03/2022,3.427
11/02/2022,3.4685
11/01/2022,3.4725
10/31/2022,3.375
10/28/2022,3.429
10/27/2022,3.5195
10/26/2022,3.545
10/25/2022,3.397
10/24/2022,3.4305
10/21/2022,3.4745
10/20/2022,3.4105
10/19/2022,3.318
10/18/2022,3.362
10/17/2022,3.4155
10/14/2022,3.4235
10/13/2022,3.4405
10/12/2022,3.425
10/11/2022,3.462
10/10/2022,3.4305
10/07/2022,3.3865
10/06/2022,3.446
10/05/2022,3.5005
10/04/2022,3.49
10/03/2022,3.41
09/30/2022,3.4125
09/29/2022,3.418
09/28/2022,3.3585
09/27/2022,3.2835
09/26/2022,3.2945
09/23/2022,3.343
09/22/2022,3.471
09/21/2022,3.467
09/20/2022,3.503
09/19/2022,3.5125
09/16/2022,3.5165
09/15/2022,3.49
09/14/2022,3.5195
09/13/2022,3.5555
09/12/2022,3.6105
09/09/2022,3.568
09/08/2022,3.527
09/07/2022,3.4305
09/06/2022,3.462
09/02/2022,3.4135
09/01/2022,3.4065
08/31/2022,3.5185
08/30/2022,3.551
08/29/2022,3.612
08/26/2022,3.697
08/25/2022,3.699
08/24/2022,3.644
08/23/2022,3.6955
08/22/2022,3.6515
08/19/2022,3.6645
08/18/2022,3.6315
08/17/2022,3.5835
08/16/2022,3.6245
08/15/2022,3.6175
08/12/2022,3.6685
08/11/2022,3.7065
08/10/2022,3.6495
08/09/2022,3.5855
08/08/2022,3.5865
08/05/2022,3.552
08/04/2022,3.4815
08/03/2022,3.467
08/02/2022,3.5185
08/01/2022,3.5425
07/29/2022,3.5735
07/28/2022,3.4745
07/27/2022,3.43
07/26/2022,3.3845
07/25/2022,3.3545
07/22/2022,3.3495
07/21/2022,3.2985
07/20/2022,3.325
07/19/2022,3.291
07/18/2022,3.346
07/15/2022,3.234
07/14/2022,3.2115
07/13/2022,3.3225
07/12/2022,3.288
07/11/2022,3.4305
07/08/2022,3.522
07/07/2022,3.572
07/06/2022,3.408
07/05/2022,3.415
07/01/2022,3.604
06/30/2022,3.71
06/29/2022,3.7805
06/28/2022,3.78
06/27/2022,3.7625
06/24/2022,3.7405
06/23/2022,3.739
06/22/2022,3.944
06/21/2022,4.039
06/17/2022,4.0135
06/16/2022,4.108
06/15/2022,4.1635
06/14/2022,4.1565
06/13/2022,4.2115
06/10/2022,4.2945
06/09/2022,4.381
06/08/2022,4.4545
06/07/2022,4.4355
06/06/2022,4.435
06/03/2022,4.472
06/02/2022,4.5525
06/01/2022,4.3285
05/31/2022,4.296
05/27/2022,4.3065
05/26/2022,4.259
05/25/2022,4.2545
05/24/2022,4.305
05/23/2022,4.3455
05/20/2022,4.275
05/19/2022,4.283
05/18/2022,4.1785
05/17/2022,4.239
05/16/2022,4.1915
05/13/2022,4.175
05/12/2022,4.1005
05/11/2022,4.209
05/10/2022,4.1545
05/09/2022,4.1935
05/06/2022,4.267
05/05/2022,4.2915
05/04/2022,4.338
05/03/2022,4.283
05/02/2022,4.268
04/29/2022,4.4085
04/28/2022,4.4335
04/27/2022,4.475
04/26/2022,4.464
04/25/2022,4.449
04/22/2022,4.5815
04/21/2022,4.704
04/20/2022,4.652
04/19/2022,4.718
04/18/2022,4.802
04/14/2022,4.7235
04/13/2022,4.712
04/12/2022,4.7095
04/11/2022,4.634
04/08/2022,4.725
04/07/2022,4.6995
04/06/2022,4.738
04/05/2022,4.795
04/04/2022,4.7815
04/01/2022,4.6885
03/31/2022,4.751
03/30/2022,4.7505
03/29/2022,4.731
03/28/2022,4.7255
03/25/2022,4.6985
03/24/2022,4.7425
03/23/2022,4.7765
03/22/2022,4.7
03/21/2022,4.7105
03/18/2022,4.7395
03/17/2022,4.702
03/16/2022,4.6005
03/15/2022,4.513
03/14/2022,4.523
03/11/2022,4.6255
03/10/2022,4.6525
03/09/2022,4.5725
03/08/2022,4.71
03/07/2022,4.731
03/04/2022,4.9375
03/03/2022,4.7815
03/02/2022,4.6655
03/01/2022,4.5965
02/28/2022,4.4545
02/25/2022,4.485
02/24/2022,4.456
02/23/2022,4.484
02/22/2022,4.5105
02/18/2022,4.5195
02/17/2022,4.523
02/16/2022,4.5365
02/15/2022,4.5315
02/14/2022,4.5075
02/11/2022,4.506
02/10/2022,4.6595
02/09/2022,4.6025
02/08/2022,4.461
02/07/2022,4.4625
02/04/2022,4.4875
02/03/2022,4.471
02/02/2022,4.496
02/01/2022,4.434
01/31/2022,4.3245
01/28/2022,4.31
01/27/2022,4.4235
01/26/2022,4.515
01/25/2022,4.45
01/24/2022,4.4125
01/21/2022,4.524
01/20/2022,4.5825
01/19/2022,4.47
01/18/2022,4.3825
01/14/2022,4.4205
01/13/2022,4.546
01/12/2022,4.5765
01/11/2022,4.429
01/10/2022,4.352
01/07/2022,4.41
01/06/2022,4.3545
01/05/2022,4.4135
01/04/2022,4.475
01/03/2022,4.4215
12/31/2021,4.4635
12/30/2021,4.3925
12/29/2021,4.413
12/28/2021,4.433
12/27/2021,4.472
12/23/2021,4.3925
12/22/2021,4.3915
12/21/2021,4.346
12/20/2021,4.2935
12/17/2021,4.295
12/16/2021,4.3045
12/15/2021,4.1825
12/14/2021,4.2575
12/13/2021,4.284
12/10/2021,4.2865
12/09/2021,4.333
12/08/2021,4.3935
12/07/2021,4.3395
12/06/2021,4.3375
12/03/2021,4.267
12/02/2021,4.299
12/01/2021,4.2475
11/30/2021,4.28
11/29/2021,4.341
11/26/2021,4.2835
11/24/2021,4.459
11/23/2021,4.4235
11/22/2021,4.3965
11/19/2021,4.4075
11/18/2021,4.3045
11/17/2021,4.266
11/16/2021,4.3515
11/15/2021,4.4
11/12/2021,4.4495
11/11/2021,4.3995
11/10/2021,4.323
11/09/2021,4.373
11/08/2021,4.399
11/05/2021,4.343
11/04/2021,4.3205
11/03/2021,4.321
11/02/2021,4.366
11/01/2021,4.3935
10/29/2021,4.368
10/28/2021,4.4385
10/27/2021,4.3895
10/26/2021,4.486
10/25/2021,4.528
10/22/2021,4.498
10/21/2021,4.5585
10/20/2021,4.7345
10/19/2021,4.703
10/18/2021,4.7255
10/15/2021,4.7295
10/14/2021,4.6315
10/13/2021,4.516
10/12/2021,4.3255
10/11/2021,4.3665
10/08/2021,4.2755
10/07/2021,4.2435
10/06/2021,4.1475
10/05/2021,4.1925
10/04/2021,4.2385
10/01/2021,4.1885
09/30/2021,4.089
09/29/2021,4.199
09/28/2021,4.2465
09/27/2021,4.2895
09/24/2021,4.2855
09/23/2021,4.231
09/22/2021,4.252
09/21/2021,4.126
09/20/2021,4.1145
09/17/2021,4.246
09/16/2021,4.2815
09/15/2021,4.4065
09/14/2021,4.321
09/13/2021,4.367
09/10/2021,4.452
09/09/2021,4.2855
09/08/2021,4.233
09/07/2021,4.2815
09/03/2021,4.334
09/02/2021,4.304
09/01/2021,4.278
08/31/2021,4.375
08/30/2021,4.3755
08/27/2021,4.332
08/26/2021,4.2475
08/25/2021,4.2675
08/24/2021,4.258
08/23/2021,4.237
08/20/2021,4.137
08/19/2021,4.041
08/18/2021,4.12
08/17/2021,4.206
08/16/2021,4.327
08/13/2021,4.3915
08/12/2021,4.36
08/11/2021,4.3675
08/10/2021,4.354
08/09/2021,4.2895
08/06/2021,4.348
08/05/2021,4.348
08/04/2021,4.3325
08/03/2021,4.386
08/02/2021,4.433
07/30/2021,4.4825
07/29/2021,4.5235
07/28/2021,4.482
07/27/2021,4.5445
07/26/2021,4.585
07/23/2021,4.4
07/22/2021,4.3375
07/21/2021,4.272
07/20/2021,4.263
07/19/2021,4.2015
07/16/2021,4.323
07/15/2021,4.323
07/14/2021,4.2675
07/13/2021,4.307
07/12/2021,4.316
07/09/2021,4.3455
07/08/2021,4.2645
07/07/2021,4.3225
07/06/2021,4.251
07/02/2021,4.276
07/01/2021,4.236
06/30/2021,4.289
06/29/2021,4.2645
06/28/2021,4.278
06/25/2021,4.292
06/24/2021,4.311
06/23/2021,4.3305
06/22/2021,4.23
06/21/2021,4.184
06/18/2021,4.157
06/17/2021,4.178
06/16/2021,4.385
06/15/2021,4.333
06/14/2021,4.527
06/11/2021,4.5375
06/10/2021,4.485
06/09/2021,4.531
06/08/2021,4.556
06/07/2021,4.5265
06/04/2021,4.529
06/03/2021,4.463
06/02/2021,4.5915
06/01/2021,4.6535
05/28/2021,4.6775
05/27/2021,4.663
05/26/2021,4.5295
05/25/2021,4.5065
05/24/2021,4.5255
05/21/2021,4.481
05/20/2021,4.568
05/19/2021,4.5765
05/18/2021,4.7255
05/17/2021,4.7115
05/14/2021,4.6545
05/13/2021,4.6905
05/12/2021,4.736
05/11/2021,4.762
05/10/2021,4.716
05/07/2021,4.7485
05/06/2021,4.6025
05/05/2021,4.524
05/04/2021,4.5215
05/03/2021,4.5285
04/30/2021,4.468
04/29/2021,4.4865
04/28/2021,4.498
04/27/2021,4.488
04/26/2021,4.441
04/23/2021,4.336
04/22/2021,4.273
04/21/2021,4.279
04/20/2021,4.213
04/19/2021,4.238
04/16/2021,4.168
04/15/2021,4.2185
04/14/2021,4.1285
04/13/2021,4.0315
04/12/2021,4.0185
04/09/2021,4.04
04/08/2021,4.0945
04/07/2021,4.0545
04/06/2021,4.1165
04/05/2021,4.1375
04/01/2021,3.9905
03/31/2021,3.9955
03/30/2021,3.9785
03/29/2021,4.0345
03/26/2021,4.068
03/25/2021,3.978
03/24/2021,4.064
03/23/2021,4.0795
03/22/2021,4.1395
03/19/2021,4.113
03/18/2021,4.108
03/17/2021,4.119
03/16/2021,4.0715
03/15/2021,4.1405
03/12/2021,4.14
03/11/2021,4.139
03/10/2021,4.0325
03/09/2021,4.0085
03/08/2021,4.093
03/05/2021,4.0755
03/04/2021,3.9785
03/03/2021,4.142
03/02/2021,4.222
03/01/2021,4.113
02/26/2021,4.0925
02/25/2021,4.2635
02/24/2021,4.2945
02/23/2021,4.1785
02/22/2021,4.141
02/19/2021,4.074
02/18/2021,3.901
02/17/2021,3.8205
02/16/2021,3.834
02/12/2021,3.788
02/11/2021,3.7715
02/10/2021,3.7725
02/09/2021,3.72
02/08/2021,3.666
02/05/2021,3.626
02/04/2021,3.553
02/03/2021,3.5655
02/02/2021,3.5245
02/01/2021,3.546
01/29/2021,3.556
01/28/2021,3.578
01/27/2021,3.5575
01/26/2021,3.6195
01/25/2021,3.6295
01/22/2021,3.626
01/21/2021,3.6475
01/20/2021,3.6415
01/19/2021,3.6335
01/15/2021,3.602
01/14/2021,3.6645
01/13/2021,3.617
01/12/2021,3.6055
01/11/2021,3.5645
01/08/2021,3.6735
01/07/2021,3.696
01/06/2021,3.6505
01/05/2021,3.6395
01/04/2021,3.519
12/31/2020,3.519
12/30/2020,3.549
12/29/2020,3.5555
12/28/2020,3.571
12/24/2020,3.5625
12/23/2020,3.556
12/22/2020,3.52
12/21/2020,3.5775
12/18/2020,3.6325
12/17/2020,3.6015
12/16/2020,3.559
12/15/2020,3.5445
12/14/2020,3.5265
12/11/2020,3.528
12/10/2020,3.576
12/09/2020,3.5135
12/08/2020,3.499
12/07/2020,3.5165
12/04/2020,3.5245
12/03/2020,3.4905
12/02/2020,3.489
12/01/2020,3.485
11/30/2020,3.438
11/27/2020,3.4175
11/25/2020,3.3095
11/24/2020,3.2995
11/23/2020,3.258
11/20/2020,3.291
11/19/2020,3.202
11/18/2020,3.198
11/17/2020,3.198
11/16/2020,3.222
11/13/2020,3.178
11/12/2020,3.145
11/11/2020,3.134
11/10/2020,3.1555
11/09/2020,3.156
11/06/2020,3.154
11/05/2020,3.11
11/04/2020,3.107
11/03/2020,3.0925
11/02/2020,3.077
10/30/2020,3.0475
10/29/2020,3.0565
10/28/2020,3.064
10/27/2020,3.0935
10/26/2020,3.0895
10/23/2020,3.129
10/22/2020,3.1535
10/21/2020,3.1985
10/20/2020,3.148
10/19/2020,3.086
10/16/2020,3.0675
10/15/2020,3.0855
10/14/2020,3.0505
10/13/2020,3.0445
10/12/2020,3.064
10/09/2020,3.0825
10/08/2020,3.042
10/07/2020,3.033
10/06/2020,2.9635
10/05/2020,2.963
10/02/2020,2.9775
10/01/2020,2.8655
09/30/2020,3.0325
09/29/2020,2.99
09/28/2020,2.99
09/25/2020,2.971
09/24/2020,2.968
09/23/2020,2.993
09/22/2020,3.061
09/21/2020,3.032
09/18/2020,3.116
09/17/2020,3.071
09/16/2020,3.061
09/15/2020,3.063
09/14/2020,3.068
09/11/2020,3.0395
09/10/2020,2.9985
09/09/2020,3.0515
09/08/2020,3.025
09/04/2020,3.062
09/03/2020,2.975
09/02/2020,3.0205
09/01/2020,3.0285
08/31/2020,3.0615
08/28/2020,3.0195
08/27/2020,2.9675
08/26/2020,2.9615
08/25/2020,2.934
08/24/2020,2.9265
08/21/2020,2.9175
08/20/2020,2.9745
08/19/2020,3.023
08/18/2020,2.975
08/17/2020,2.9015
08/14/2020,2.859
08/13/2020,2.807
08/12/2020,2.891
08/11/2020,2.8755
08/10/2020,2.8615
08/07/2020,2.7925
08/06/2020,2.9105
08/05/2020,2.917
08/04/2020,2.8945
08/03/2020,2.912
07/31/2020,2.868
07/30/2020,2.914
07/29/2020,2.919
07/28/2020,2.9175
07/27/2020,2.8975
07/24/2020,2.8925
07/23/2020,2.9385
07/22/2020,2.9245
07/21/2020,2.958
07/20/2020,2.9155
07/17/2020,2.9045
07/16/2020,2.9015
07/15/2020,2.885
07/14/2020,2.9325
07/13/2020,2.955
07/10/2020,2.8975
07/09/2020,2.8385
07/08/2020,2.824
07/07/2020,2.797
07/06/2020,2.7745
07/02/2020,2.7485
07/01/2020,2.734
06/30/2020,2.7285
06/29/2020,2.6925
06/26/2020,2.659
06/25/2020,2.663
06/24/2020,2.6505
06/23/2020,2.6585
06/22/2020,2.6525
06/19/2020,2.611
06/18/2020,2.588
06/17/2020,2.5895
06/16/2020,2.5645
06/15/2020,2.567
06/12/2020,2.6
06/11/2020,2.5865
06/10/2020,2.6565
06/09/2020,2.599
06/08/2020,2.5655
06/05/2020,2.5555
06/04/2020,2.4895
06/03/2020,2.4875
06/02/2020,2.491
06/01/2020,2.4705
05/29/2020,2.4255
05/28/2020,2.4135
05/27/2020,2.382
05/26/2020,2.4185
05/22/2020,2.3865
05/21/2020,2.432
05/20/2020,2.46
05/19/2020,2.418
05/18/2020,2.404
05/15/2020,2.3305
05/14/2020,2.346
05/13/2020,2.346
05/12/2020,2.359
05/11/2020,2.38
05/08/2020,2.406
05/07/2020,2.3805
05/06/2020,2.347
05/05/2020,2.3325
05/04/2020,2.3125
05/01/2020,2.312
04/30/2020,2.344
04/29/2020,2.3705
04/28/2020,2.3455
04/27/2020,2.35
04/24/2020,2.337
04/23/2020,2.312
04/22/2020,2.29
04/21/2020,2.2295
04/20/2020,2.32
04/17/2020,2.3445
04/16/2020,2.291
04/15/2020,2.296
04/14/2020,2.3295
04/13/2020,2.3025
04/09/2020,2.2595
04/08/2020,2.26
04/07/2020,2.2725
04/06/2020,2.2175
04/03/2020,2.1925
04/02/2020,2.2185
04/01/2020,2.1745
03/31/2020,2.228
03/30/2020,2.1555
03/27/2020,2.172
03/26/2020,2.178
03/25/2020,2.204
03/24/2020,2.18
03/23/2020,2.1005
03/20/2020,2.1715
03/19/2020,2.1855
03/18/2020,2.151
03/17/2020,2.3135
03/16/2020,2.3925
03/13/2020,2.464
03/12/2020,2.4725
03/11/2020,2.502
03/10/2020,2.5215
03/09/2020,2.5105
03/06/2020,2.5605
03/05/2020,2.573
03/04/2020,2.586
03/03/2020,2.573
03/02/2020,2.595
02/28/2020,2.5715
02/27/2020,2.5715
02/26/2020,2.5725
02/25/2020,2.578
02/24/2020,2.577
02/21/2020,2.608
02/20/2020,2.588
02/19/2020,2.606
02/18/2020,2.604
02/14/2020,2.5995
02/13/2020,2.613
02/12/2020,2.6
02/11/2020,2.583
02/10/2020,2.5505
02/07/2020,2.553
02/06/2020,2.593
02/05/2020,2.5745
02/04/2020,2.542
02/03/2020,2.507
01/31/2020,2.517
01/30/2020,2.524
01/29/2020,2.554
01/28/2020,2.5795
01/27/2020,2.5965
01/24/2020,2.684
01/23/2020,2.726
01/22/2020,2.765
01/21/2020,2.7935
01/17/2020,2.8455
01/16/2020,2.847
01/15/2020,2.866
01/14/2020,2.8735
01/13/2020,2.861
01/10/2020,2.8135
01/09/2020,2.802
01/08/2020,2.812
01/07/2020,2.7935
01/06/2020,2.79
01/03/2020,2.787
01/02/2020,2.825
12/31/2019,2.797
12/30/2019,2.8335
12/27/2019,2.8295
12/26/2019,2.849
12/24/2019,2.8275
12/23/2019,2.8085
12/20/2019,2.806
12/19/2019,2.8265
12/18/2019,2.8125
12/17/2019,2.8135
12/16/2019,2.8115
12/13/2019,2.781
12/12/2019,2.7895
12/11/2019,2.7895
12/10/2019,2.7655
12/09/2019,2.7585
12/06/2019,2.725
12/05/2019,2.663
12/04/2019,2.659
12/03/2019,2.623
12/02/2019,2.6505
11/29/2019,2.6615
11/27/2019,2.6745
11/26/2019,2.6775
11/25/2019,2.6475
11/22/2019,2.648
11/21/2019,2.6235
11/20/2019,2.6495
11/19/2019,2.6565
11/18/2019,2.62
11/15/2019,2.638
11/14/2019,2.6215
11/13/2019,2.6395
11/12/2019,2.6455
11/11/2019,2.664
11/08/2019,2.682
11/07/2019,2.7275
11/06/2019,2.665
11/05/2019,2.7005
11/04/2019,2.671
11/01/2019,2.653
10/31/2019,2.638
10/30/2019,2.686
10/29/2019,2.6915
10/28/2019,2.683
10/25/2019,2.6755
10/24/2019,2.668
10/23/2019,2.6715
10/22/2019,2.633
10/21/2019,2.6465
10/18/2019,2.636
10/17/2019,2.5975
10/16/2019,2.5895
10/15/2019,2.614
10/14/2019,2.634
10/11/2019,2.628
10/10/2019,2.6135
10/09/2019,2.568
10/08/2019,2.5685
10/07/2019,2.577
10/04/2019,2.5625
10/03/2019,2.5535
10/02/2019,2.5705
10/01/2019,2.5605
09/30/2019,2.5785
09/27/2019,2.5975
09/26/2019,2.5775
09/25/2019,2.612
09/24/2019,2.6065
09/23/2019,2.6115
09/20/2019,2.6065
09/19/2019,2.6085
09/18/2019,2.613
09/17/2019,2.627
09/16/2019,2.6405
09/13/2019,2.6995
09/12/2019,2.6405
09/11/2019,2.6145
09/10/2019,2.628
09/09/2019,2.6275
09/06/2019,2.634
09/05/2019,2.642
09/04/2019,2.595
09/03/2019,2.528
08/30/2019,2.5515
08/29/2019,2.5775
08/28/2019,2.554
08/27/2019,2.5475
08/26/2019,2.5435
08/23/2019,2.53
08/22/2019,2.5575
08/21/2019,2.5855
08/20/2019,2.578
08/19/2019,2.6015
08/16/2019,2.595
08/15/2019,2.595
08/14/2019,2.592
08/13/2019,2.63
08/12/2019,2.585
08/09/2019,2.589
08/08/2019,2.6075
08/07/2019,2.571
08/06/2019,2.5575
08/05/2019,2.544
08/02/2019,2.5715
08/01/2019,2.6655
07/31/2019,2.666
07/30/2019,2.6785
07/29/2019,2.7175
07/26/2019,2.685
07/25/2019,2.7035
07/24/2019,2.712
07/23/2019,2.7
07/22/2019,2.722
07/19/2019,2.7525
07/18/2019,2.71
07/17/2019,2.716
07/16/2019,2.7
07/15/2019,2.711
07/12/2019,2.694
07/11/2019,2.6875
07/10/2019,2.694
07/09/2019,2.625
07/08/2019,2.659
07/05/2019,2.661
07/03/2019,2.683
07/02/2019,2.664
07/01/2019,2.688
06/28/2019,2.7135
06/27/2019,2.7165
06/26/2019,2.7135
06/25/2019,2.7355
06/24/2019,2.7055
06/21/2019,2.7045
06/20/2019,2.712
06/19/2019,2.6805
06/18/2019,2.703
06/17/2019,2.6465
06/14/2019,2.6295
06/13/2019,2.6565
06/12/2019,2.654
06/11/2019,2.6715
06/10/2019,2.6615
06/07/2019,2.6275
06/06/2019,2.6505
06/05/2019,2.623
06/04/2019,2.669
06/03/2019,2.65
05/31/2019,2.64
05/30/2019,2.654
05/29/2019,2.664
05/28/2019,2.696
05/24/2019,2.6995
05/23/2019,2.6805
05/22/2019,2.678
05/21/2019,2.715
05/20/2019,2.726
05/17/2019,2.7385
05/16/2019,2.748
05/15/2019,2.743
05/14/2019,2.725
05/13/2019,2.719
05/10/2019,2.7745
05/09/2019,2.7715
05/08/2019,2.7745
05/07/2019,2.7855
05/06/2019,2.8295
05/03/2019,2.82
05/02/2019,2.78
05/01/2019,2.803
04/30/2019,2.904
04/29/2019,2.897
04/26/2019,2.8865
04/25/2019,2.8615
04/24/2019,2.91
04/23/2019,2.8935
04/22/2019,2.9015
04/18/2019,2.92
04/17/2019,2.9675
04/16/2019,2.9305
04/15/2019,2.935
04/12/2019,2.946
04/11/2019,2.887
04/10/2019,2.9255
04/09/2019,2.934
04/08/2019,2.932
04/05/2019,2.8945
04/04/2019,2.91
04/03/2019,2.9485
04/02/2019,2.9055
04/01/2019,2.9245
03/29/2019,2.936
03/28/2019,2.8725
03/27/2019,2.863
03/26/2019,2.854
03/25/2019,2.8565
03/22/2019,2.8425
03/21/2019,2.906
03/20/2019,2.921
03/19/2019,2.923
03/18/2019,2.909
03/15/2019,2.906
03/14/2019,2.8915
03/13/2019,2.9355
03/12/2019,2.9285
03/11/2019,2.901
03/08/2019,2.8935
03/07/2019,2.9105
03/06/2019,2.9185
03/05/2019,2.9335
03/04/2019,2.909
03/01/2019,2.932
02/28/2019,2.948
02/27/2019,2.9625
02/26/2019,2.945
02/25/2019,2.945
02/22/2019,2.9515
02/21/2019,2.897
02/20/2019,2.92
02/19/2019,2.8745
02/15/2019,2.7985
02/14/2019,2.774
02/13/2019,2.773
02/12/2019,2.772
02/11/2019,2.79
02/08/2019,2.8105
02/07/2019,2.8285
02/06/2019,2.8365
02/05/2019,2.817
02/04/2019,2.7945
02/01/2019,2.773
01/31/2019,2.7845
01/30/2019,2.7675
01/29/2019,2.725
01/28/2019,2.68
01/25/2019,2.729
01/24/2019,2.6445
01/23/2019,2.6545
01/22/2019,2.6595
01/18/2019,2.719
01/17/2019,2.68
01/16/2019,2.6735
01/15/2019,2.6345
01/14/2019,2.635
01/11/2019,2.662
01/10/2019,2.6375
01/09/2019,2.657
01/08/2019,2.656
01/07/2019,2.637
01/04/2019,2.6475
01/03/2019,2.568
01/02/2019,2.623
12/31/2018,2.631
12/28/2018,2.6815
12/27/2018,2.668
12/26/2018,2.7
12/24/2018,2.661
12/21/2018,2.674
12/20/2018,2.6965
12/19/2018,2.716
12/18/2018,2.6645
12/17/2018,2.7545
12/14/2018,2.7625
12/13/2018,2.767
12/12/2018,2.77
12/11/2018,2.767
12/10/2018,2.72
12/07/2018,2.7595
12/06/2018,2.743
12/04/2018,2.759
12/03/2018,2.8095
11/30/2018,2.7875
11/29/2018,2.7895
11/28/2018,2.7955
11/27/2018,2.7075
11/26/2018,2.7555
11/23/2018,2.7665
11/21/2018,2.7945
11/20/2018,2.7665
11/19/2018,2.799
11/16/2018,2.7985
11/15/2018,2.7465
11/14/2018,2.71
11/13/2018,2.687
11/12/2018,2.6765
11/09/2018,2.6845
11/08/2018,2.736
11/07/2018,2.7545
11/06/2018,2.7325
11/05/2018,2.756
11/02/2018,2.807
11/01/2018,2.7215
10/31/2018,2.659
10/30/2018,2.664
10/29/2018,2.7405
10/26/2018,2.741
10/25/2018,2.7545
10/24/2018,2.7575
10/23/2018,2.758
10/22/2018,2.7855
10/19/2018,2.778
10/18/2018,2.7465
10/17/2018,2.778
10/16/2018,2.7795
10/15/2018,2.7885
10/12/2018,2.8005
10/11/2018,2.803
10/10/2018,2.7805
10/09/2018,2.8065
10/08/2018,2.767
10/05/2018,2.763
10/04/2018,2.7775
10/03/2018,2.834
10/02/2018,2.8065
10/01/2018,2.7875
09/28/2018,2.805
09/27/2018,2.783
09/26/2018,2.828
09/25/2018,2.8235
09/24/2018,2.836
09/21/2018,2.8575
09/20/2018,2.74
09/19/2018,2.7295
09/18/2018,2.7305
09/17/2018,2.651
09/14/2018,2.646
09/13/2018,2.683
09/12/2018,2.676
09/11/2018,2.6215
09/10/2018,2.628
09/07/2018,2.6225
09/06/2018,2.6365
09/05/2018,2.61
09/04/2018,2.602
08/31/2018,2.671
08/30/2018,2.7175
08/29/2018,2.71
08/28/2018,2.736
08/27/2018,2.7085
08/24/2018,2.7005
08/23/2018,2.6545
08/22/2018,2.6735
08/21/2018,2.6955
08/20/2018,2.6685
08/17/2018,2.629
08/16/2018,2.6165
08/15/2018,2.56
08/14/2018,2.682
08/13/2018,2.731
08/10/2018,2.7425
08/09/2018,2.7655
08/08/2018,2.751
08/07/2018,2.752
08/06/2018,2.7315
08/03/2018,2.7635
08/02/2018,2.7375
08/01/2018,2.7475
07/31/2018,2.8315
07/30/2018,2.792
07/27/2018,2.802
07/26/2018,2.818
07/25/2018,2.8175
07/24/2018,2.8105
07/23/2018,2.7465
07/20/2018,2.756
07/19/2018,2.6955
07/18/2018,2.76
07/17/2018,2.747
07/16/2018,2.7645
07/13/2018,2.7755
07/12/2018,2.777
07/11/2018,2.7435
07/10/2018,2.8395
07/09/2018,2.85
07/06/2018,2.824
07/05/2018,2.826
07/03/2018,2.917
07/02/2018,2.944
06/29/2018,2.966
06/28/2018,2.9715
06/27/2018,2.9845
06/26/2018,2.992
06/25/2018,2.987
06/22/2018,3.027
06/21/2018,3.0215
06/20/2018,3.0405
06/19/2018,3.047
06/18/2018,3.1065
06/15/2018,3.1445
06/14/2018,3.222
06/13/2018,3.254
06/12/2018,3.2495
06/11/2018,3.257
06/08/2018,3.3
06/07/2018,3.275
06/06/2018,3.262
06/05/2018,3.1985
06/04/2018,3.1345
06/01/2018,3.0985
05/31/2018,3.065
05/30/2018,3.069
05/29/2018,3.0625
05/25/2018,3.0775
05/24/2018,3.096
05/23/2018,3.0705
05/22/2018,3.132
05/21/2018,3.0985
05/18/2018,3.0635
05/17/2018,3.089
05/16/2018,3.0705
05/15/2018,3.056
05/14/2018,3.093
05/11/2018,3.1115
05/10/2018,3.11
05/09/2018,3.0575
05/08/2018,3.059
05/07/2018,3.079
05/04/2018,3.0855
05/03/2018,3.0805
05/02/2018,3.0685
05/01/2018,3.0375
04/30/2018,3.074
04/27/2018,3.0695
04/26/2018,3.114
04/25/2018,3.1345
04/24/2018,3.142
04/23/2018,3.1105
04/20/2018,3.135
04/19/2018,3.132
04/18/2018,3.1585
04/17/2018,3.0795
04/16/2018,3.0955
04/13/2018,3.071
04/12/2018,3.0635
04/11/2018,3.117
04/10/2018,3.137
04/09/2018,3.077
04/06/2018,3.0585
04/05/2018,3.0745
04/04/2018,3.0105
04/03/2018,3.0635
04/02/2018,3.05
03/29/2018,3.0255
03/28/2018,3.002
03/27/2018,3.0005
03/26/2018,2.97
03/23/2018,2.993
03/22/2018,3.02
03/21/2018,3.0585
03/20/2018,3.038
03/19/2018,3.082
03/16/2018,3.1075
03/15/2018,3.1275
03/14/2018,3.1585
03/13/2018,3.138
03/12/2018,3.124
03/09/2018,3.136
03/08/2018,3.079
03/07/2018,3.136
03/06/2018,3.159
03/05/2018,3.128
03/02/2018,3.1245
03/01/2018,3.123
02/28/2018,3.1325
02/27/2018,3.1865
02/26/2018,3.1975
02/23/2018,3.2125
02/22/2018,3.2415
02/21/2018,3.216
02/20/2018,3.1905
02/16/2018,3.2485
02/15/2018,3.2455
02/14/2018,3.236
02/13/2018,3.1625
02/12/2018,3.0865
02/09/2018,3.0335
02/08/2018,3.082
02/07/2018,3.0875
02/06/2018,3.189
02/05/2018,3.221
02/02/2018,3.1875
02/01/2018,3.209
01/31/2018,3.1955
01/30/2018,3.189
01/29/2018,3.194
01/26/2018,3.199
01/25/2018,3.2165
01/24/2018,3.2285
01/23/2018,3.111
01/22/2018,3.1985
01/19/2018,3.1875
01/18/2018,3.199
01/17/2018,3.189
01/16/2018,3.2195
01/12/2018,3.2185
01/11/2018,3.233
01/10/2018,3.2355
01/09/2018,3.216
01/08/2018,3.224
01/05/2018,3.2295
01/04/2018,3.263
01/03/2018,3.2575
01/02/2018,3.278
12/29/2017,3.3005
12/28/2017,3.3085
12/27/2017,3.284
12/26/2017,3.2805
12/22/2017,3.2385
12/21/2017,3.2195
12/20/2017,3.196
12/19/2017,3.1515
12/18/2017,3.146
12/15/2017,3.1345
12/14/2017,3.0725
12/13/2017,3.0535
12/12/2017,3.023
12/11/2017,3.0115
12/08/2017,2.9785
12/07/2017,2.9645
12/06/2017,2.9615
12/05/2017,2.946
12/04/2017,3.09
12/01/2017,3.0925
11/30/2017,3.064
11/29/2017,3.0685
11/28/2017,3.0715
11/27/2017,3.1345
11/24/2017,3.169
11/22/2017,3.137
11/21/2017,3.1285
11/20/2017,3.093
11/17/2017,3.067
11/16/2017,3.048
11/15/2017,3.0545
11/14/2017,3.065
11/13/2017,3.1165
11/10/2017,3.076
11/09/2017,3.086
11/08/2017,3.0995
11/07/2017,3.089
11/06/2017,3.1575
11/03/2017,3.1175
11/02/2017,3.1435
11/01/2017,3.1425
10/31/2017,3.101
10/30/2017,3.112
10/27/2017,3.1035
10/26/2017,3.1775
10/25/2017,3.183
10/24/2017,3.198
10/23/2017,3.188
10/20/2017,3.1655
10/19/2017,3.1675
10/18/2017,3.178
10/17/2017,3.1955
10/16/2017,3.239
10/13/2017,3.1335
10/12/2017,3.12
10/11/2017,3.0955
10/10/2017,3.0605
10/09/2017,3.031
10/06/2017,3.029
10/05/2017,3.0465
10/04/2017,2.959
10/03/2017,2.9635
10/02/2017,2.9555
09/29/2017,2.955
09/28/2017,2.981
09/27/2017,2.9295
09/26/2017,2.919
09/25/2017,2.9375
09/22/2017,2.9445
09/21/2017,2.9345
09/20/2017,2.969
09/19/2017,2.9695
09/18/2017,2.969
09/15/2017,2.949
09/14/2017,2.9575
09/13/2017,2.981
09/12/2017,3.036
09/11/2017,3.066
09/08/2017,3.0415
09/07/2017,3.1435
09/06/2017,3.1515
09/05/2017,3.128
09/01/2017,3.118
08/31/2017,3.0985
08/30/2017,3.087
08/29/2017,3.081
08/28/2017,3.063
08/25/2017,3.0335
08/24/2017,3.034
08/23/2017,2.9805
08/22/2017,2.987
08/21/2017,2.9805
08/18/2017,2.9395
08/17/2017,2.938
08/16/2017,2.9535
08/15/2017,2.883
08/14/2017,2.9045
08/11/2017,2.912
08/10/2017,2.903
08/09/2017,2.927
08/08/2017,2.9425
08/07/2017,2.907
08/04/2017,2.885
08/03/2017,2.878
08/02/2017,2.8845
08/01/2017,2.881
07/31/2017,2.8915
07/28/2017,2.875
07/27/2017,2.8775
07/26/2017,2.872
07/25/2017,2.8465
07/24/2017,2.7365
07/21/2017,2.7225
07/20/2017,2.716
07/19/2017,2.7105
07/18/2017,2.7305
07/17/2017,2.724
07/14/2017,2.691
07/13/2017,2.6615
07/12/2017,2.684
07/11/2017,2.672
07/10/2017,2.6475
07/07/2017,2.647
07/06/2017,2.6615
07/05/2017,2.66
07/03/2017,2.693
06/30/2017,2.711
06/29/2017,2.6955
06/28/2017,2.6605
06/27/2017,2.647
06/26/2017,2.6255
06/23/2017,2.624
06/22/2017,2.599
06/21/2017,2.602
06/20/2017,2.5545
06/19/2017,2.5895
06/16/2017,2.564
06/15/2017,2.5655
06/14/2017,2.5735
06/13/2017,2.5965
06/12/2017,2.6155
06/09/2017,2.6495
06/08/2017,2.6095
06/07/2017,2.5515
06/06/2017,2.547
06/05/2017,2.5575
06/02/2017,2.5745
06/01/2017,2.5875
05/31/2017,2.58
05/30/2017,2.564
05/26/2017,2.566
05/25/2017,2.5975
05/24/2017,2.5835
05/23/2017,2.596
05/22/2017,2.5955
05/19/2017,2.5815
05/18/2017,2.5315
05/17/2017,2.5465
05/16/2017,2.5505
05/15/2017,2.539
05/12/2017,2.524
05/11/2017,2.508
05/10/2017,2.4945
05/09/2017,2.498
05/08/2017,2.4935
05/05/2017,2.5285
05/04/2017,2.5115
05/03/2017,2.5435
05/02/2017,2.6355
05/01/2017,2.6605
04/28/2017,2.6075
04/27/2017,2.593
04/26/2017,2.5885
04/25/2017,2.5785
04/24/2017,2.5525
04/21/2017,2.5375
04/20/2017,2.542
04/19/2017,2.5345
04/18/2017,2.529
04/17/2017,2.596
04/13/2017,2.5705
04/12/2017,2.545
04/11/2017,2.608
04/10/2017,2.604
04/07/2017,2.647
04/06/2017,2.658
04/05/2017,2.68
04/04/2017,2.612
04/03/2017,2.6035
03/31/2017,2.6525
03/30/2017,2.6715
03/29/2017,2.6775
03/28/2017,2.676
03/27/2017,2.632
03/24/2017,2.631
03/23/2017,2.6445
03/22/2017,2.6305
03/21/2017,2.6185
03/20/2017,2.667
03/17/2017,2.6915
03/16/2017,2.6775
03/15/2017,2.6565
03/14/2017,2.635
03/13/2017,2.6255
03/10/2017,2.595
03/09/2017,2.58
03/08/2017,2.6005
03/07/2017,2.6185
03/06/2017,2.652
03/03/2017,2.6965
03/02/2017,2.6905
03/01/2017,2.736
02/28/2017,2.714
02/27/2017,2.698
02/24/2017,2.68
02/23/2017,2.6435
02/22/2017,2.733
02/21/2017,2.7455
02/17/2017,2.707
02/16/2017,2.7185
02/15/2017,2.7405
02/14/2017,2.737
02/13/2017,2.783
02/10/2017,2.768
02/09/2017,2.6535
02/08/2017,2.6665
02/07/2017,2.632
02/06/2017,2.6515
02/03/2017,2.616
02/02/2017,2.6855
02/01/2017,2.7115
01/31/2017,2.7275
01/30/2017,2.655
01/27/2017,2.6895
01/26/2017,2.673
01/25/2017,2.71
01/24/2017,2.7085
01/23/2017,2.6475
01/20/2017,2.625
01/19/2017,2.6105
01/18/2017,2.6165
01/17/2017,2.625
01/13/2017,2.69
01/12/2017,2.6715
01/11/2017,2.6105
01/10/2017,2.6125
01/09/2017,2.5385
01/06/2017,2.546
01/05/2017,2.5375
01/04/2017,2.5565
01/03/2017,2.489
12/30/2016,2.5055
12/29/2016,2.488
12/28/2016,2.5005
12/27/2016,2.5155
12/23/2016,2.479
12/22/2016,2.4995
12/21/2016,2.497
12/20/2016,2.5025
12/19/2016,2.4995
12/16/2016,2.5645
12/15/2016,2.6005
12/14/2016,2.6045
12/13/2016,2.5985
12/12/2016,2.619
12/09/2016,2.6475
12/08/2016,2.626
12/07/2016,2.644
12/06/2016,2.68
12/05/2016,2.698
12/02/2016,2.625
12/01/2016,2.643
11/30/2016,2.633
11/29/2016,2.61
11/28/2016,2.6565
11/25/2016,2.668
11/23/2016,2.6075
11/22/2016,2.5445
11/21/2016,2.515
11/18/2016,2.4675
11/17/2016,2.491
11/16/2016,2.4675
11/15/2016,2.505
11/14/2016,2.521
11/11/2016,2.509
11/10/2016,2.551
11/09/2016,2.4595
11/08/2016,2.38
11/07/2016,2.3095
11/04/2016,2.265
11/03/2016,2.249
11/02/2016,2.2305
11/01/2016,2.229
10/31/2016,2.205
10/28/2016,2.1935
10/27/2016,2.1635
10/26/2016,2.1455
10/25/2016,2.1385
10/24/2016,2.093
10/21/2016,2.0885
10/20/2016,2.096
10/19/2016,2.1035
10/18/2016,2.1055
10/17/2016,2.107
10/14/2016,2.1105
10/13/2016,2.122
10/12/2016,2.1765
10/11/2016,2.1855
10/10/2016,2.1975
10/07/2016,2.1635
10/06/2016,2.1555
10/05/2016,2.1645
10/04/2016,2.167
10/03/2016,2.192
09/30/2016,2.2105
09/29/2016,2.19
09/28/2016,2.1875
09/27/2016,2.171
09/26/2016,2.1985
09/23/2016,2.201
09/22/2016,2.1945
09/21/2016,2.155
09/20/2016,2.165
09/19/2016,2.1565
09/16/2016,2.16
09/15/2016,2.1595
09/14/2016,2.155
09/13/2016,2.1015
09/12/2016,2.1
09/09/2016,2.0925
09/08/2016,2.1
09/07/2016,2.0975
09/06/2016,2.089
09/02/2016,2.078
09/01/2016,2.0755
08/31/2016,2.0775
08/30/2016,2.0765
08/29/2016,2.0745
08/26/2016,2.0785
08/25/2016,2.0765
08/24/2016,2.0765
08/23/2016,2.115
08/22/2016,2.14
08/19/2016,2.167
08/18/2016,2.1675
08/17/2016,2.152
08/16/2016,2.172
08/15/2016,2.1515
08/12/2016,2.14
08/11/2016,2.191
08/10/2016,2.171
08/09/2016,2.15
08/08/2016,2.165
08/05/2016,2.154
08/04/2016,2.174
08/03/2016,2.1985
08/02/2016,2.209
08/01/2016,2.1995
07/29/2016,2.2215
07/28/2016,2.209
07/27/2016,2.185
07/26/2016,2.2255
07/25/2016,2.217
07/22/2016,2.2355
07/21/2016,2.2585
07/20/2016,2.254
07/19/2016,2.263
07/18/2016,2.237
07/15/2016,2.2335
07/14/2016,2.243
07/13/2016,2.24
07/12/2016,2.213
07/11/2016,2.1475
07/08/2016,2.119
07/07/2016,2.1235
07/06/2016,2.1535
07/05/2016,2.1835
07/01/2016,2.217
06/30/2016,2.1955
06/29/2016,2.186
06/28/2016,2.1705
06/27/2016,2.122
06/24/2016,2.1105
06/23/2016,2.1625
06/22/2016,2.1355
06/21/2016,2.116
06/20/2016,2.093
06/17/2016,2.051
06/16/2016,2.048
06/15/2016,2.091
06/14/2016,2.0405
06/13/2016,2.0535
06/10/2016,2.0305
06/09/2016,2.039
06/08/2016,2.0615
06/07/2016,2.051
06/06/2016,2.1175
06/03/2016,2.113
06/02/2016,2.07
06/01/2016,2.073
05/31/2016,2.0955
05/27/2016,2.114
05/26/2016,2.1025
05/25/2016,2.1015
05/24/2016,2.0665
05/23/2016,2.055
05/20/2016,2.0555
05/19/2016,2.061
05/18/2016,2.0785
05/17/2016,2.089
05/16/2016,2.089
05/13/2016,2.074
05/12/2016,2.0745
05/11/2016,2.1035
05/10/2016,2.0925
05/09/2016,2.1065
05/06/2016,2.154
05/05/2016,2.154
05/04/2016,2.1865
05/03/2016,2.219
05/02/2016,2.2665
04/29/2016,2.2835
04/28/2016,2.2315
04/27/2016,2.2165
04/26/2016,2.242
04/25/2016,2.2525
04/22/2016,2.2645
04/21/2016,2.251
04/20/2016,2.238
04/19/2016,2.2235
04/18/2016,2.1645
04/15/2016,2.153
04/14/2016,2.171
04/13/2016,2.168
04/12/2016,2.147
04/11/2016,2.0905
04/08/2016,2.087
04/07/2016,2.0765
04/06/2016,2.1435
04/05/2016,2.138
04/04/2016,2.1405
04/01/2016,2.163
03/31/2016,2.183
03/30/2016,2.19
03/29/2016,2.214
03/28/2016,2.246
03/24/2016,2.229
03/23/2016,2.2355
03/22/2016,2.2895
03/21/2016,2.2925
03/18/2016,2.2825
03/17/2016,2.2925
03/16/2016,2.234
03/15/2016,2.2335
03/14/2016,2.2395
03/11/2016,2.241
03/10/2016,2.22
03/09/2016,2.2325
03/08/2016,2.222
03/07/2016,2.2835
03/04/2016,2.2745
03/03/2016,2.2085
03/02/2016,2.181
03/01/2016,2.1455
02/29/2016,2.1325
02/26/2016,2.125
02/25/2016,2.0665
02/24/2016,2.096
02/23/2016,2.1055
02/22/2016,2.115
02/19/2016,2.0765
02/18/2016,2.0735
02/17/2016,2.0755
02/16/2016,2.051
02/12/2016,2.029
02/11/2016,2.0065
02/10/2016,2.027
02/09/2016,2.0395
02/08/2016,2.0905
02/05/2016,2.103
02/04/2016,2.1315
02/03/2016,2.095
02/02/2016,2.055
02/01/2016,2.0555
01/29/2016,2.067
01/28/2016,2.0515
01/27/2016,2.064
01/26/2016,2.0375
01/25/2016,1.998
01/22/2016,2.0025
01/21/2016,1.9965
01/20/2016,1.9595
01/19/2016,1.9775
01/15/2016,1.9435
01/14/2016,1.976
01/13/2016,1.956
01/12/2016,1.959
01/11/2016,1.9725
01/08/2016,2.022
01/07/2016,2.022
01/06/2016,2.088
01/05/2016,2.0955
01/04/2016,2.0795
12/31/2015,2.135
12/30/2015,2.1465
12/29/2015,2.1365
12/28/2015,2.079
12/24/2015,2.124
12/23/2015,2.1245
12/22/2015,2.109
12/21/2015,2.14
12/18/2015,2.1125
12/17/2015,2.0435
12/16/2015,2.0715
12/15/2015,2.0565
12/14/2015,2.1115
12/11/2015,2.1165
12/10/2015,2.0725
12/09/2015,2.066
12/08/2015,2.054
12/07/2015,2.051
12/04/2015,2.079
12/03/2015,2.061
12/02/2015,2.033
12/01/2015,2.0715
11/30/2015,2.0485
11/27/2015,2.0505
11/25/2015,2.046
11/24/2015,2.0545
11/23/2015,2.021
11/20/2015,2.055
11/19/2015,2.0765
11/18/2015,2.078
11/17/2015,2.104
11/16/2015,2.1155
11/13/2015,2.168
11/12/2015,2.1725
11/11/2015,2.218
11/10/2015,2.2175
11/09/2015,2.23
11/06/2015,2.242
11/05/2015,2.255
11/04/2015,2.3225
11/03/2015,2.3305
11/02/2015,2.319
10/30/2015,2.3175
10/29/2015,2.321
10/28/2015,2.3625
10/27/2015,2.362
10/26/2015,2.357
10/23/2015,2.35
10/22/2015,2.3835
10/21/2015,2.3605
10/20/2015,2.3655
10/19/2015,2.3675
10/16/2015,2.4035
10/15/2015,2.423
10/14/2015,2.4155
10/13/2015,2.3875
10/12/2015,2.4155
10/09/2015,2.414
10/08/2015,2.343
10/07/2015,2.367
10/06/2015,2.355
10/05/2015,2.3555
10/02/2015,2.3255
10/01/2015,2.3045
09/30/2015,2.341
09/29/2015,2.2515
09/28/2015,2.2515
09/25/2015,2.2835
09/24/2015,2.3025
09/23/2015,2.2955
09/22/2015,2.2975
09/21/2015,2.3885
09/18/2015,2.386
09/17/2015,2.452
09/16/2015,2.452
09/15/2015,2.426
09/14/2015,2.406
09/11/2015,2.454
09/10/2015,2.447
09/09/2015,2.437
09/08/2015,2.434
09/04/2015,2.312
09/03/2015,2.3845
09/02/2015,2.3295
09/01/2015,2.3015
08/31/2015,2.3375
08/28/2015,2.346
08/27/2015,2.334
08/26/2015,2.248
08/25/2015,2.3135
08/24/2015,2.259
08/21/2015,2.3035
08/20/2015,2.3195
08/19/2015,2.276
08/18/2015,2.287
08/17/2015,2.321
08/14/2015,2.3515
08/13/2015,2.353
08/12/2015,2.35
08/11/2015,2.3315
08/10/2015,2.4
08/07/2015,2.3325
08/06/2015,2.341
08/05/2015,2.3485
08/04/2015,2.362
08/03/2015,2.346
07/31/2015,2.3635
07/30/2015,2.377
07/29/2015,2.4075
07/28/2015,2.4025
07/27/2015,2.3535
07/24/2015,2.3825
07/23/2015,2.3855
07/22/2015,2.428
07/21/2015,2.4745
07/20/2015,2.4815
07/17/2015,2.496
07/16/2015,2.523
07/15/2015,2.5215
07/14/2015,2.535
07/13/2015,2.5445
07/10/2015,2.5375
07/09/2015,2.5515
07/08/2015,2.497
07/07/2015,2.4465
07/06/2015,2.538
07/02/2015,2.631
07/01/2015,2.6305
06/30/2015,2.615
06/29/2015,2.6335
06/26/2015,2.6445
06/25/2015,2.623
06/24/2015,2.6245
06/23/2015,2.613
06/22/2015,2.567
06/19/2015,2.569
06/18/2015,2.606
06/17/2015,2.604
06/16/2015,2.6155
06/15/2015,2.647
06/12/2015,2.678
06/11/2015,2.669
06/10/2015,2.747
06/09/2015,2.714
06/08/2015,2.6965
06/05/2015,2.6925
06/04/2015,2.687
06/03/2015,2.7265
06/02/2015,2.736
06/01/2015,2.72
05/29/2015,2.728
05/28/2015,2.7675
05/27/2015,2.7685
05/26/2015,2.778
05/22/2015,2.811
05/21/2015,2.8485
05/20/2015,2.829
05/19/2015,2.8375
05/18/2015,2.9065
05/15/2015,2.9245
05/14/2015,2.9235
05/13/2015,2.929
05/12/2015,2.9315
05/11/2015,2.903
05/08/2015,2.9205
05/07/2015,2.918
05/06/2015,2.926
05/05/2015,2.935
05/04/2015,2.9205
05/01/2015,2.9295
04/30/2015,2.8865
04/29/2015,2.799
04/28/2015,2.78
04/27/2015,2.77
04/24/2015,2.748
04/23/2015,2.694
04/22/2015,2.6655
04/21/2015,2.702
04/20/2015,2.7325
04/17/2015,2.774
04/16/2015,2.774
04/15/2015,2.7125
04/14/2015,2.7
04/13/2015,2.719
04/10/2015,2.734
04/09/2015,2.729
04/08/2015,2.7315
04/07/2015,2.763
04/06/2015,2.717
04/02/2015,2.734
04/01/2015,2.7485
03/31/2015,2.74
03/30/2015,2.7815
03/27/2015,2.7675
03/26/2015,2.811
03/25/2015,2.792
03/24/2015,2.803
03/23/2015,2.7895
03/20/2015,2.761
03/19/2015,2.66
03/18/2015,2.5705
03/17/2015,2.633
03/16/2015,2.6675
03/13/2015,2.6635
03/12/2015,2.6585
03/11/2015,2.606
03/10/2015,2.624
03/09/2015,2.6705
03/06/2015,2.609
03/05/2015,2.6525
03/04/2015,2.6595
03/03/2015,2.6565
03/02/2015,2.6975
02/27/2015,2.6915
02/26/2015,2.6945
02/25/2015,2.6635
02/24/2015,2.648
02/23/2015,2.5925
02/20/2015,2.5945
02/19/2015,2.62
02/18/2015,2.6145
02/17/2015,2.5815
02/13/2015,2.605
02/12/2015,2.602
02/11/2015,2.541
02/10/2015,2.5515
02/09/2015,2.5805
02/06/2015,2.5855
02/05/2015,2.595
02/04/2015,2.591
02/03/2015,2.5815
02/02/2015,2.49
01/30/2015,2.4945
01/29/2015,2.4515
01/28/2015,2.4795
01/27/2015,2.4625
01/26/2015,2.543
01/23/2015,2.5015
01/22/2015,2.5785
01/21/2015,2.6125
01/20/2015,2.594
01/16/2015,2.617
01/15/2015,2.558
01/14/2015,2.5055
01/13/2015,2.644
01/12/2015,2.7255
01/09/2015,2.7545
01/08/2015,2.7695
01/07/2015,2.7585
01/06/2015,2.767
01/05/2015,2.766
01/02/2015,2.8175
12/31/2014,2.8255
12/30/2014,2.854
12/29/2014,2.822
12/26/2014,2.814
12/24/2014,2.8535
12/23/2014,2.866
12/22/2014,2.8725
12/19/2014,2.8845
12/18/2014,2.8535
12/17/2014,2.8705
12/16/2014,2.8585
12/15/2014,2.8785
12/12/2014,2.934
12/11/2014,2.921
12/10/2014,2.893
12/09/2014,2.9275
12/08/2014,2.8855
12/05/2014,2.9025
12/04/2014,2.9145
12/03/2014,2.872
12/02/2014,2.8915
12/01/2014,2.898
11/28/2014,2.846
11/26/2014,2.9565
11/25/2014,2.957
11/24/2014,3.0
11/21/2014,3.0315
11/20/2014,3.0195
11/19/2014,3.045
11/18/2014,3.002
11/17/2014,3.0395
11/14/2014,3.0465
11/13/2014,2.9945
11/12/2014,3.025
11/11/2014,3.033
11/10/2014,3.02
11/07/2014,3.0385
11/06/2014,3.0175
11/05/2014,3.0075
11/04/2014,3.0185
11/03/2014,3.065
10/31/2014,3.047
10/30/2014,3.0625
10/29/2014,3.1045
10/28/2014,3.093
10/27/2014,3.064
10/24/2014,3.041
10/23/2014,3.04
10/22/2014,3.0175
10/21/2014,3.028
10/20/2014,2.988
10/17/2014,3.0035
10/16/2014,2.9815
10/15/2014,3.009
10/14/2014,3.09
10/13/2014,3.0405
10/10/2014,3.035
10/09/2014,3.03
10/08/2014,3.0035
10/07/2014,3.039
10/06/2014,3.0355
10/03/2014,2.9985
10/02/2014,2.9985
10/01/2014,3.036
09/30/2014,3.0075
09/29/2014,3.0565
09/26/2014,3.0355
09/25/2014,3.03
09/24/2014,3.0535
09/23/2014,3.035
09/22/2014,3.0385
09/19/2014,3.0915
09/18/2014,3.094
09/17/2014,3.1435
09/16/2014,3.166
09/15/2014,3.0855
09/12/2014,3.1065
09/11/2014,3.0925
09/10/2014,3.1105
09/09/2014,3.102
09/08/2014,3.1685
09/05/2014,3.1695
09/04/2014,3.151
09/03/2014,3.127
09/02/2014,3.155
08/29/2014,3.1605
08/28/2014,3.1505
08/27/2014,3.1985
08/26/2014,3.186
08/25/2014,3.218
08/22/2014,3.2045
08/21/2014,3.176
08/20/2014,3.177
08/19/2014,3.0885
08/18/2014,3.109
08/15/2014,3.103
08/14/2014,3.091
08/13/2014,3.112
08/12/2014,3.1545
08/11/2014,3.1745
08/08/2014,3.1735
08/07/2014,3.176
08/06/2014,3.166
08/05/2014,3.2045
08/04/2014,3.244
08/01/2014,3.2145
07/31/2014,3.231
07/30/2014,3.2415
07/29/2014,3.219
07/28/2014,3.2435
07/25/2014,3.2405
07/24/2014,3.2665
07/23/2014,3.207
07/22/2014,3.208
07/21/2014,3.199
07/18/2014,3.1845
07/17/2014,3.2205
07/16/2014,3.2145
07/15/2014,3.2495
07/14/2014,3.249
07/11/2014,3.269
07/10/2014,3.267
07/09/2014,3.248
07/08/2014,3.257
07/07/2014,3.261
07/03/2014,3.2795
07/02/2014,3.265
07/01/2014,3.204
06/30/2014,3.2035
06/27/2014,3.168
06/26/2014,3.1655
06/25/2014,3.167
06/24/2014,3.151
06/23/2014,3.1495
06/20/2014,3.1215
06/19/2014,3.0785
06/18/2014,3.06
06/17/2014,3.061
06/16/2014,3.05
06/13/2014,3.0295
06/12/2014,3.0155
06/11/2014,3.0405
06/10/2014,3.053
06/09/2014,3.0435
06/06/2014,3.051
06/05/2014,3.0905
06/04/2014,3.093
06/03/2014,3.137
06/02/2014,3.1705
05/30/2014,3.1235
05/29/2014,3.1445
05/28/2014,3.1735
05/27/2014,3.1775
05/23/2014,3.1675
05/22/2014,3.142
05/21/2014,3.123
05/20/2014,3.145
05/19/2014,3.167
05/16/2014,3.147
05/15/2014,3.1445
05/14/2014,3.16
05/13/2014,3.1355
05/12/2014,3.1495
05/09/2014,3.083
05/08/2014,3.0625
05/07/2014,3.0325
05/06/2014,3.057
05/05/2014,3.0535
05/02/2014,3.07
05/01/2014,3.0215
04/30/2014,3.0275
04/29/2014,3.073
04/28/2014,3.11
04/25/2014,3.1245
04/24/2014,3.1205
04/23/2014,3.059
04/22/2014,3.0535
04/21/2014,3.043
04/17/2014,3.045
04/16/2014,3.0255
04/15/2014,2.9875
04/14/2014,3.0475
04/11/2014,3.0415
04/10/2014,3.045
04/09/2014,3.037
04/08/2014,3.051
04/07/2014,3.0395
04/04/2014,3.0225
04/03/2014,3.027
04/02/2014,3.0455
04/01/2014,3.0345
03/31/2014,3.0255
03/28/2014,3.0415
03/27/2014,2.993
03/26/2014,2.9655
03/25/2014,3.0055
03/24/2014,2.9455
03/21/2014,2.9505
03/20/2014,2.9285
03/19/2014,2.987
03/18/2014,2.9515
03/17/2014,2.952
03/14/2014,2.9505
03/13/2014,2.923
03/12/2014,2.962
03/11/2014,2.952
03/10/2014,3.0315
03/07/2014,3.0825
03/06/2014,3.218
03/05/2014,3.2025
03/04/2014,3.2145
03/03/2014,3.172
02/28/2014,3.1875
02/27/2014,3.2365
02/26/2014,3.2445
02/25/2014,3.2585
02/24/2014,3.27
02/21/2014,3.291
02/20/2014,3.279
02/19/2014,3.2855
02/18/2014,3.2855
02/14/2014,3.2645
02/13/2014,3.25
02/12/2014,3.256
02/11/2014,3.215
02/10/2014,3.2245
02/07/2014,3.236
02/06/2014,3.229
02/05/2014,3.1885
02/04/2014,3.192
02/03/2014,3.1835
01/31/2014,3.197
01/30/2014,3.2265
01/29/2014,3.2405
01/28/2014,3.253
01/27/2014,3.259
01/24/2014,3.2715
01/23/2014,3.2855
01/22/2014,3.337
01/21/2014,3.351
01/17/2014,3.3445
01/16/2014,3.3425
01/15/2014,3.358
01/14/2014,3.336
01/13/2014,3.3465
01/10/2014,3.3415
01/09/2014,3.299
01/08/2014,3.3425
01/07/2014,3.3595
01/06/2014,3.3595
01/03/2014,3.355
01/02/2014,3.3815
12/31/2013,3.3965
12/30/2013,3.3825
12/27/2013,3.385
12/26/2013,3.3985
12/24/2013,3.374
12/23/2013,3.3075
12/20/2013,3.308
12/19/2013,3.2955
12/18/2013,3.319
12/17/2013,3.3215
12/16/2013,3.3295
12/13/2013,3.312
12/12/2013,3.2955
12/11/2013,3.295
12/10/2013,3.2665
12/09/2013,3.258
12/06/2013,3.2485
12/05/2013,3.2295
12/04/2013,3.249
12/03/2013,3.1675
12/02/2013,3.1825
11/29/2013,3.2305
11/27/2013,3.2005
11/26/2013,3.214
11/25/2013,3.225
11/22/2013,3.214
11/21/2013,3.1915
11/20/2013,3.1595
11/19/2013,3.1575
11/18/2013,3.1495
11/15/2013,3.171
11/14/2013,3.1605
11/13/2013,3.1595
11/12/2013,3.234
11/11/2013,3.2595
11/08/2013,3.254
11/07/2013,3.2485
11/06/2013,3.237
11/05/2013,3.2585
11/04/2013,3.253
11/01/2013,3.2985
10/31/2013,3.3005
10/30/2013,3.3255
10/29/2013,3.278
10/28/2013,3.269
10/25/2013,3.269
10/24/2013,3.2635
10/23/2013,3.2675
10/22/2013,3.3355
10/21/2013,3.3035
10/18/2013,3.299
10/17/2013,3.297
10/16/2013,3.308
10/15/2013,3.3075
10/14/2013,3.303
10/11/2013,3.269
10/10/2013,3.2485
10/09/2013,3.231
10/08/2013,3.2925
10/07/2013,3.2965
10/04/2013,3.301
10/03/2013,3.2685
10/02/2013,3.316
10/01/2013,3.274
09/30/2013,3.323
09/27/2013,3.3295
09/26/2013,3.307
09/25/2013,3.272
09/24/2013,3.2565
09/23/2013,3.2985
09/20/2013,3.3205
09/19/2013,3.347
09/18/2013,3.2785
09/17/2013,3.223
09/16/2013,3.222
09/13/2013,3.2035
09/12/2013,3.21
09/11/2013,3.257
09/10/2013,3.2625
09/09/2013,3.278
09/06/2013,3.2615
09/05/2013,3.244
09/04/2013,3.241
09/03/2013,3.3045
08/30/2013,3.233
08/29/2013,3.244
08/28/2013,3.3015
08/27/2013,3.3285
08/26/2013,3.3195
08/23/2013,3.3485
08/22/2013,3.33
08/21/2013,3.3065
08/20/2013,3.338
08/19/2013,3.332
08/16/2013,3.363
08/15/2013,3.3375
08/14/2013,3.34
08/13/2013,3.317
08/12/2013,3.303
08/09/2013,3.3065
08/08/2013,3.2705
08/07/2013,3.173
08/06/2013,3.173
08/05/2013,3.168
08/02/2013,3.1725
08/01/2013,3.166
07/31/2013,3.1185
07/30/2013,3.042
07/29/2013,3.1075
07/26/2013,3.1055
07/25/2013,3.1855
07/24/2013,3.179
07/23/2013,3.198
07/22/2013,3.185
07/19/2013,3.14
07/18/2013,3.1315
07/17/2013,3.1285
07/16/2013,3.1865
07/15/2013,3.1445
07/12/2013,3.155
07/11/2013,3.1775
07/10/2013,3.091
07/09/2013,3.0645
07/08/2013,3.0995
07/05/2013,3.065
07/03/2013,3.1745
07/02/2013,3.143
07/01/2013,3.157
06/28/2013,3.0575
06/27/2013,3.0525
06/26/2013,3.041
06/25/2013,3.0725
06/24/2013,3.0245
06/21/2013,3.0955
06/20/2013,3.062
06/19/2013,3.141
06/18/2013,3.155
06/17/2013,3.1975
06/14/2013,3.2015
06/13/2013,3.185
06/12/2013,3.2255
06/11/2013,3.195
06/10/2013,3.241
06/07/2013,3.2685
06/06/2013,3.319
06/05/2013,3.3715
06/04/2013,3.369
06/03/2013,3.3305
05/31/2013,3.2925
05/30/2013,3.3155
05/29/2013,3.297
05/28/2013,3.315
05/24/2013,3.2955
05/23/2013,3.304
05/22/2013,3.3805
05/21/2013,3.3435
05/20/2013,3.36
05/17/2013,3.323
05/16/2013,3.2945
05/15/2013,3.265
05/14/2013,3.288
05/13/2013,3.3595
05/10/2013,3.353
05/09/2013,3.3405
05/08/2013,3.3705
05/07/2013,3.3025
05/06/2013,3.3105
05/03/2013,3.3145
05/02/2013,3.1045
05/01/2013,3.08
04/30/2013,3.1875
04/29/2013,3.2255
04/26/2013,3.1845
04/25/2013,3.237
04/24/2013,3.157
04/23/2013,3.093
04/22/2013,3.131
04/19/2013,3.1485
04/18/2013,3.2045
04/17/2013,3.1875
04/16/2013,3.3055
04/15/2013,3.273
04/12/2013,3.35
04/11/2013,3.4335
04/10/2013,3.418
04/09/2013,3.4415
04/08/2013,3.371
04/05/2013,3.344
04/04/2013,3.3515
04/03/2013,3.333
04/02/2013,3.3785
04/01/2013,3.3745
03/28/2013,3.402
03/27/2013,3.4435
03/26/2013,3.4425
03/25/2013,3.445
03/22/2013,3.466
03/21/2013,3.435
03/20/2013,3.4465
03/19/2013,3.4055
03/18/2013,3.428
03/15/2013,3.5205
03/14/2013,3.5365
03/13/2013,3.525
03/12/2013,3.5545
03/11/2013,3.517
03/08/2013,3.509
03/07/2013,3.5205
03/06/2013,3.493
03/05/2013,3.515
03/04/2013,3.5015
03/01/2013,3.501
02/28/2013,3.5475
02/27/2013,3.545
02/26/2013,3.5665
02/25/2013,3.543
02/22/2013,3.533
02/21/2013,3.553
02/20/2013,3.608
02/19/2013,3.6495
02/15/2013,3.737
02/14/2013,3.7375
02/13/2013,3.7425
02/12/2013,3.744
02/11/2013,3.7225
02/08/2013,3.7595
02/07/2013,3.727
02/06/2013,3.7405
02/05/2013,3.77
02/04/2013,3.7685
02/01/2013,3.7845
01/31/2013,3.732
01/30/2013,3.75
01/29/2013,3.6915
01/28/2013,3.6615
01/25/2013,3.652
01/24/2013,3.6765
01/23/2013,3.6845
01/22/2013,3.705
01/18/2013,3.679
01/17/2013,3.662
01/16/2013,3.6065
01/15/2013,3.6375
01/14/2013,3.634
01/11/2013,3.654
01/10/2013,3.709
01/09/2013,3.6705
01/08/2013,3.672
01/07/2013,3.678
01/04/2013,3.6935
01/03/2013,3.717
01/02/2013,3.736
12/31/2012,3.6525
12/28/2012,3.5895
12/27/2012,3.601
12/26/2012,3.5975
12/24/2012,3.546
12/21/2012,3.567
12/20/2012,3.536
12/19/2012,3.6055
12/18/2012,3.6535
12/17/2012,3.666
12/14/2012,3.683
12/13/2012,3.66
12/12/2012,3.716
12/11/2012,3.6865
12/10/2012,3.706
12/07/2012,3.663
12/06/2012,3.6445
12/05/2012,3.6865
12/04/2012,3.6555
12/03/2012,3.6585
11/30/2012,3.65
11/29/2012,3.5885
11/28/2012,3.5245
11/27/2012,3.5365
11/26/2012,3.5365
11/23/2012,3.528
11/21/2012,3.496
11/20/2012,3.5165
11/19/2012,3.5275
11/16/2012,3.4515
11/15/2012,3.4625
11/14/2012,3.4535
11/13/2012,3.471
11/12/2012,3.468
11/09/2012,3.4455
11/08/2012,3.4695
11/07/2012,3.4415
11/06/2012,3.506
11/05/2012,3.47
11/02/2012,3.4815
11/01/2012,3.552
10/31/2012,3.5175
10/26/2012,3.55
10/25/2012,3.5505
10/24/2012,3.568
10/23/2012,3.5695
10/22/2012,3.622
10/19/2012,3.6375
10/18/2012,3.743
10/17/2012,3.748
10/16/2012,3.7
10/15/2012,3.7015
10/12/2012,3.703
10/11/2012,3.7515
10/10/2012,3.718
10/09/2012,3.718
10/08/2012,3.718
10/05/2012,3.778
10/04/2012,3.786
10/03/2012,3.784
10/02/2012,3.801
10/01/2012,3.7855
09/28/2012,3.758
09/27/2012,3.744
09/26/2012,3.71
09/25/2012,3.7585
09/24/2012,3.7315
09/21/2012,3.789
09/20/2012,3.759
09/19/2012,3.814
09/18/2012,3.787
09/17/2012,3.792
09/14/2012,3.8325
09/13/2012,3.71
09/12/2012,3.6925
09/11/2012,3.697
09/10/2012,3.6885
09/07/2012,3.645
09/06/2012,3.5165
09/05/2012,3.529
09/04/2012,3.469
08/31/2012,3.457
08/30/2012,3.4405
08/29/2012,3.4425
08/28/2012,3.4625
08/27/2012,3.4765
08/24/2012,3.4835
08/23/2012,3.4925
08/22/2012,3.4545
08/21/2012,3.453
08/20/2012,3.371
08/17/2012,3.4195
08/16/2012,3.3825
08/15/2012,3.3495
08/14/2012,3.359
08/13/2012,3.3535
08/10/2012,3.3925
08/09/2012,3.425
08/08/2012,3.4215
08/07/2012,3.4405
08/06/2012,3.389
08/03/2012,3.3675
08/02/2012,3.2905
08/01/2012,3.375
07/31/2012,3.4175
07/30/2012,3.416
07/27/2012,3.426
07/26/2012,3.3935
07/25/2012,3.3745
07/24/2012,3.353
07/23/2012,3.38
07/20/2012,3.448
07/19/2012,3.5345
07/18/2012,3.474
07/17/2012,3.4555
07/16/2012,3.485
07/13/2012,3.504
07/12/2012,3.415
07/11/2012,3.4475
07/10/2012,3.398
07/09/2012,3.4315
07/06/2012,3.4095
07/05/2012,3.493
07/03/2012,3.54
07/02/2012,3.469
06/29/2012,3.4965
06/28/2012,3.326
06/27/2012,3.3495
06/26/2012,3.313
06/25/2012,3.316
06/22/2012,3.306
06/21/2012,3.298
06/20/2012,3.3875
06/19/2012,3.4335
06/18/2012,3.3955
06/15/2012,3.3835
06/14/2012,3.3545
06/13/2012,3.3395
06/12/2012,3.3355
06/11/2012,3.343
06/08/2012,3.285
06/07/2012,3.3705
06/06/2012,3.379
06/05/2012,3.289
06/04/2012,3.307
06/01/2012,3.3135
05/31/2012,3.3655
05/30/2012,3.39
05/29/2012,3.462
05/25/2012,3.448
05/24/2012,3.4285
05/23/2012,3.396
05/22/2012,3.487
05/21/2012,3.502
05/18/2012,3.4685
05/17/2012,3.479
05/16/2012,3.478
05/15/2012,3.5175
05/14/2012,3.554
05/11/2012,3.648
05/10/2012,3.6905
05/09/2012,3.6595
05/08/2012,3.6775
05/07/2012,3.7735
05/04/2012,3.721
05/03/2012,3.736
05/02/2012,3.787
05/01/2012,3.8435
04/30/2012,3.8295
04/27/2012,3.82
04/26/2012,3.767
04/25/2012,3.7
04/24/2012,3.6725
04/23/2012,3.626
04/20/2012,3.698
04/19/2012,3.6275
04/18/2012,3.631
04/17/2012,3.647
04/16/2012,3.628
04/13/2012,3.627
04/12/2012,3.7205
04/11/2012,3.6395
04/10/2012,3.65
04/09/2012,3.72
04/05/2012,3.7955
04/04/2012,3.7905
04/03/2012,3.919
04/02/2012,3.921
03/30/2012,3.825
03/29/2012,3.7965
03/28/2012,3.7925
03/27/2012,3.88
03/26/2012,3.8875
03/23/2012,3.8085
03/22/2012,3.7655
03/21/2012,3.8455
03/20/2012,3.8305
03/19/2012,3.909
03/16/2012,3.878
03/15/2012,3.8975
03/14/2012,3.848
03/13/2012,3.9025
03/12/2012,3.8375
03/09/2012,3.8585
03/08/2012,3.7915
03/07/2012,3.767
03/06/2012,3.7375
03/05/2012,3.8595
03/02/2012,3.903
03/01/2012,3.9315
02/29/2012,3.8795
02/28/2012,3.912
02/27/2012,3.8805
02/24/2012,3.863
02/23/2012,3.806
02/22/2012,3.8335
02/21/2012,3.8365
02/17/2012,3.708
02/16/2012,3.791
02/15/2012,3.8015
02/14/2012,3.8145
02/13/2012,3.8395
02/10/2012,3.862
02/09/2012,3.9785
02/08/2012,3.9095
02/07/2012,3.876
02/06/2012,3.8645
02/03/2012,3.9015
02/02/2012,3.781
02/01/2012,3.842
01/31/2012,3.79
01/30/2012,3.8265
01/27/2012,3.889
01/26/2012,3.9015
01/25/2012,3.8295
01/24/2012,3.8075
01/23/2012,3.7985
01/20/2012,3.745
01/19/2012,3.8005
01/18/2012,3.7525
01/17/2012,3.7295
01/13/2012,3.637
01/12/2012,3.649
01/11/2012,3.546
01/10/2012,3.513
01/09/2012,3.416
01/06/2012,3.435
01/05/2012,3.4265
01/04/2012,3.4345
01/03/2012,3.5285
12/30/2011,3.436
12/29/2011,3.37
12/28/2011,3.3655
12/27/2011,3.409
12/23/2011,3.4695
12/22/2011,3.4155
12/21/2011,3.3945
12/20/2011,3.3695
12/19/2011,3.3085
12/16/2011,3.331
12/15/2011,3.267
12/14/2011,3.2785
12/13/2011,3.4415
12/12/2011,3.464
12/09/2011,3.5575
12/08/2011,3.5
12/07/2011,3.556
12/06/2011,3.5755
12/05/2011,3.6155
12/02/2011,3.5845
12/01/2011,3.534
11/30/2011,3.5755
11/29/2011,3.376
11/28/2011,3.3605
11/25/2011,3.27
11/23/2011,3.279
11/22/2011,3.333
11/21/2011,3.303
11/18/2011,3.402
11/17/2011,3.3825
11/16/2011,3.4845
11/15/2011,3.5015
11/14/2011,3.488
11/11/2011,3.4635
11/10/2011,3.374
11/09/2011,3.441
11/08/2011,3.533
11/07/2011,3.5355
11/04/2011,3.5645
11/03/2011,3.5885
11/02/2011,3.581
11/01/2011,3.5025
10/31/2011,3.632
10/28/2011,3.706
10/27/2011,3.692
10/26/2011,3.49
10/25/2011,3.4205
10/24/2011,3.449
10/21/2011,3.223
10/20/2011,3.0575
10/19/2011,3.258
10/18/2011,3.36
10/17/2011,3.378
10/14/2011,3.4085
10/13/2011,3.307
10/12/2011,3.3935
10/11/2011,3.2905
10/10/2011,3.368
10/07/2011,3.2735
10/06/2011,3.2465
10/05/2011,3.106
10/04/2011,3.1035
10/03/2011,3.1505
09/30/2011,3.152
09/29/2011,3.246
09/28/2011,3.2465
09/27/2011,3.4395
09/26/2011,3.283
09/23/2011,3.28
09/22/2011,3.4885
09/21/2011,3.764
09/20/2011,3.7255
09/19/2011,3.7825
09/16/2011,3.9315
09/15/2011,3.957
09/14/2011,3.898
09/13/2011,3.97
09/12/2011,3.9655
09/09/2011,4.0025
09/08/2011,4.1435
09/07/2011,4.132
09/06/2011,4.056
09/02/2011,4.1245
09/01/2011,4.1605
08/31/2011,4.2045
08/30/2011,4.123
08/29/2011,4.089
08/26/2011,4.099
08/25/2011,4.079
08/24/2011,3.998
08/23/2011,3.996
08/22/2011,3.9555
08/19/2011,3.9835
08/18/2011,3.966
08/17/2011,4.032
08/16/2011,3.994
08/15/2011,4.032
08/12/2011,4.012
08/11/2011,4.0085
08/10/2011,3.8885
08/09/2011,3.97
08/08/2011,3.9615
08/05/2011,4.117
08/04/2011,4.2355
08/03/2011,4.326
08/02/2011,4.395
08/01/2011,4.41
07/29/2011,4.4795
07/28/2011,4.4695
07/27/2011,4.4465
07/26/2011,4.478
07/25/2011,4.4065
07/22/2011,4.41
07/21/2011,4.3835
07/20/2011,4.436
07/19/2011,4.468
07/18/2011,4.403
07/15/2011,4.413
07/14/2011,4.38
07/13/2011,4.4035
07/12/2011,4.3915
07/11/2011,4.368
07/08/2011,4.412
07/07/2011,4.442
07/06/2011,4.335
07/05/2011,4.3475
07/01/2011,4.3025
06/30/2011,4.2825
06/29/2011,4.2095
06/28/2011,4.092
06/27/2011,4.0515
06/24/2011,4.0985
06/23/2011,4.039
06/22/2011,4.088
06/21/2011,4.0885
06/20/2011,4.0735
06/17/2011,4.102
06/16/2011,4.1175
06/15/2011,4.122
06/14/2011,4.155
06/13/2011,4.0345
06/10/2011,4.056
06/09/2011,4.1075
06/08/2011,4.1085
06/07/2011,4.1495
06/06/2011,4.142
06/03/2011,4.1345
06/02/2011,4.0845
06/01/2011,4.1065
05/31/2011,4.1775
05/27/2011,4.186
05/26/2011,4.111
05/25/2011,4.107
05/24/2011,4.013
05/23/2011,3.9915
05/20/2011,4.1215
05/19/2011,4.0525
05/18/2011,4.105
05/17/2011,3.9985
05/16/2011,3.9905
05/13/2011,3.9835
05/12/2011,3.9705
05/11/2011,3.9135
05/10/2011,4.042
05/09/2011,4.0165
05/06/2011,3.9755
05/05/2011,3.998
05/04/2011,4.134
05/03/2011,4.253
05/02/2011,4.196
04/29/2011,4.179
04/28/2011,4.245
04/27/2011,4.228
04/26/2011,4.319
04/25/2011,4.303
04/21/2011,4.4
04/20/2011,4.3395
04/19/2011,4.2295
04/18/2011,4.198
04/15/2011,4.2575
04/14/2011,4.284
04/13/2011,4.2945
04/12/2011,4.3835
04/11/2011,4.46
04/08/2011,4.5015
04/07/2011,4.4165
04/06/2011,4.37
04/05/2011,4.2645
04/04/2011,4.255
04/01/2011,4.2585
03/31/2011,4.3075
03/30/2011,4.274
03/29/2011,4.3465
03/28/2011,4.35
03/25/2011,4.419
03/24/2011,4.4245
03/23/2011,4.4285
03/22/2011,4.313
03/21/2011,4.286
03/18/2011,4.339
03/17/2011,4.344
03/16/2011,4.1975
03/15/2011,4.137
03/14/2011,4.1865
03/11/2011,4.2075
03/10/2011,4.1975
03/09/2011,4.2125
03/08/2011,4.3385
03/07/2011,4.327
03/04/2011,4.4855
03/03/2011,4.49
03/02/2011,4.498
03/01/2011,4.5095
02/28/2011,4.4965
02/25/2011,4.436
02/24/2011,4.3265
02/23/2011,4.2755
02/22/2011,4.347
02/18/2011,4.482
02/17/2011,4.484
02/16/2011,4.47
02/15/2011,4.536
02/14/2011,4.6285
02/11/2011,4.536
02/10/2011,4.5435
02/09/2011,4.524
02/08/2011,4.574
02/07/2011,4.575
02/04/2011,4.5795
02/03/2011,4.5445
02/02/2011,4.544
02/01/2011,4.547
01/31/2011,4.4585
01/28/2011,4.373
01/27/2011,4.3385
01/26/2011,4.267
01/25/2011,4.226
01/24/2011,4.3485
01/21/2011,4.309
01/20/2011,4.272
01/19/2011,4.37
01/18/2011,4.428
01/14/2011,4.412
01/13/2011,4.377
01/12/2011,4.4115
01/11/2011,4.349
01/10/2011,4.2645
01/07/2011,4.2825
01/06/2011,4.3295
01/05/2011,4.408
01/04/2011,4.369
01/03/2011,4.4575
12/31/2010,4.447
12/30/2010,4.3625
12/29/2010,4.3115
12/28/2010,4.328
12/27/2010,4.28
12/23/2010,4.2585
12/22/2010,4.275
12/21/2010,4.276
12/20/2010,4.206
12/17/2010,4.159
12/16/2010,4.116
12/15/2010,4.1325
12/14/2010,4.209
12/13/2010,4.207
12/10/2010,4.112
12/09/2010,4.087
12/08/2010,4.1005
12/07/2010,4.0495
12/06/2010,4.008
12/03/2010,3.999
12/02/2010,3.979
12/01/2010,3.9475
11/30/2010,3.8255
11/29/2010,3.758
11/26/2010,3.751
11/24/2010,3.7555
11/23/2010,3.7025
11/22/2010,3.7515
11/19/2010,3.8335
11/18/2010,3.831
11/17/2010,3.7295
11/16/2010,3.7275
11/15/2010,3.925
11/12/2010,3.8935
11/11/2010,4.0225
11/10/2010,3.969
11/09/2010,4.043
11/08/2010,3.9565
11/05/2010,3.9485
11/04/2010,3.912
11/03/2010,3.785
11/02/2010,3.839
11/01/2010,3.785
10/29/2010,3.7335
10/28/2010,3.7875
10/27/2010,3.7755
10/26/2010,3.869
10/25/2010,3.863
10/22/2010,3.797
10/21/2010,3.7815
10/20/2010,3.7935
10/19/2010,3.7575
10/18/2010,3.855
10/15/2010,3.839
10/14/2010,3.8155
10/13/2010,3.8205
10/12/2010,3.7895
10/11/2010,3.7895
10/08/2010,3.7745
10/07/2010,3.6795
10/06/2010,3.753
10/05/2010,3.7265
10/04/2010,3.664
10/01/2010,3.6905
09/30/2010,3.6515
09/29/2010,3.6615
09/28/2010,3.637
09/27/2010,3.597
09/24/2010,3.618
09/23/2010,3.5905
09/22/2010,3.565
09/21/2010,3.481
09/20/2010,3.5045
09/17/2010,3.522
09/16/2010,3.4935
09/15/2010,3.4665
09/14/2010,3.4685
09/13/2010,3.479
09/10/2010,3.4065
09/09/2010,3.4435
09/08/2010,3.5005
09/07/2010,3.4705
09/03/2010,3.5
09/02/2010,3.4955
09/01/2010,3.4775
08/31/2010,3.37
08/30/2010,3.413
08/27/2010,3.363
08/26/2010,3.3045
08/25/2010,3.211
08/24/2010,3.241
08/23/2010,3.2915
08/20/2010,3.291
08/19/2010,3.3185
08/18/2010,3.3495
08/17/2010,3.3385
08/16/2010,3.2795
08/13/2010,3.252
08/12/2010,3.284
08/11/2010,3.254
08/10/2010,3.3125
08/09/2010,3.354
08/06/2010,3.343
08/05/2010,3.3535
08/04/2010,3.4045
08/03/2010,3.3585
08/02/2010,3.3895
07/30/2010,3.3115
07/29/2010,3.29
07/28/2010,3.2455
07/27/2010,3.2065
07/26/2010,3.223
07/23/2010,3.185
07/22/2010,3.1645
07/21/2010,3.093
07/20/2010,3.0015
07/19/2010,2.938
07/16/2010,2.9295
07/15/2010,3.012
07/14/2010,3.0085
07/13/2010,3.0175
07/12/2010,3.009
07/09/2010,3.0535
07/08/2010,3.0155
07/07/2010,3.015
07/06/2010,2.971
07/02/2010,2.916
07/01/2010,2.877
06/30/2010,2.9505
06/29/2010,2.9305
06/28/2010,3.0715
06/25/2010,3.0955
06/24/2010,3.0055
06/23/2010,2.9355
06/22/2010,2.992
06/21/2010,2.942
06/18/2010,2.884
06/17/2010,2.9055
06/16/2010,2.9955
06/15/2010,3.0045
06/14/2010,2.992
06/11/2010,2.904
06/10/2010,2.8625
06/09/2010,2.85
06/08/2010,2.7795
06/07/2010,2.766
06/04/2010,2.8195
06/03/2010,2.9465
06/02/2010,3.0405
06/01/2010,3.063
05/28/2010,3.1045
05/27/2010,3.1585
05/26/2010,3.0805
05/25/2010,3.042
05/24/2010,3.1475
05/21/2010,3.061
05/20/2010,2.9445
05/19/2010,2.9595
05/18/2010,3.031
05/17/2010,2.932
05/14/2010,3.134
05/13/2010,3.2315
05/12/2010,3.188
05/11/2010,3.2065
05/10/2010,3.228
05/07/2010,3.1445
05/06/2010,3.117
05/05/2010,3.1515
05/04/2010,3.1785
05/03/2010,3.2935
04/30/2010,3.3535
04/29/2010,3.3335
04/28/2010,3.3685
04/27/2010,3.3635
04/26/2010,3.528
04/23/2010,3.513
04/22/2010,3.4865
04/21/2010,3.535
04/20/2010,3.5135
04/19/2010,3.497
04/16/2010,3.5145
04/15/2010,3.6005
04/14/2010,3.6105
04/13/2010,3.6005
04/12/2010,3.5645
04/09/2010,3.59
04/08/2010,3.5865
04/07/2010,3.5975
04/06/2010,3.617
04/05/2010,3.6315
04/01/2010,3.584
