Date,NLR
11/03/2023,71.36
11/02/2023,72.14
11/01/2023,70.98
10/31/2023,69.93
10/30/2023,68.35
10/27/2023,67.28
10/26/2023,68.63
10/25/2023,69.41
10/24/2023,69.47
10/23/2023,68.05
10/20/2023,67.97
10/19/2023,68.88
10/18/2023,68.22
10/17/2023,68.73
10/16/2023,67.91
10/13/2023,68.55
10/12/2023,68.08
10/11/2023,69.24
10/10/2023,69.71
10/09/2023,68.25
10/06/2023,68.99
10/05/2023,67.74
10/04/2023,66.79
10/03/2023,67.19
10/02/2023,68.33
09/29/2023,70.85
09/28/2023,72.39
09/27/2023,70.69
09/26/2023,71.11
09/25/2023,72.99
09/22/2023,71.37
09/21/2023,69.07
09/20/2023,70.23
09/19/2023,70.21
09/18/2023,71.05
09/15/2023,70.72
09/14/2023,70.19
09/13/2023,68.27
09/12/2023,66.76
09/11/2023,67.0
09/08/2023,66.0
09/07/2023,65.54
09/06/2023,65.54
09/05/2023,66.12
09/01/2023,65.22
08/31/2023,64.3
08/30/2023,64.86
08/29/2023,64.39
08/28/2023,64.2
08/25/2023,63.82
08/24/2023,62.92
08/23/2023,63.94
08/22/2023,63.28
08/21/2023,63.27
08/18/2023,61.68
08/17/2023,60.73
08/16/2023,61.12
08/15/2023,61.31
08/14/2023,62.38
08/11/2023,62.46
08/10/2023,61.7
08/09/2023,61.69
08/08/2023,61.56
08/07/2023,61.53
08/04/2023,60.8
08/03/2023,60.26
08/02/2023,60.25
08/01/2023,61.01
07/31/2023,61.38
07/28/2023,59.95
07/27/2023,59.35
07/26/2023,60.9
07/25/2023,61.29
07/24/2023,60.46
07/21/2023,60.31
07/20/2023,60.76
07/19/2023,60.75
07/18/2023,60.78
07/17/2023,60.34
07/14/2023,60.26
07/13/2023,61.48
07/12/2023,60.53
07/11/2023,59.77
07/10/2023,58.96
07/07/2023,58.69
07/06/2023,57.86
07/05/2023,59.15
07/03/2023,59.51
06/30/2023,59.41
06/29/2023,58.94
06/28/2023,58.76
06/27/2023,58.66
06/26/2023,58.15
06/23/2023,58.09
06/22/2023,59.02
06/21/2023,59.96
06/20/2023,60.15
06/16/2023,60.59
06/15/2023,60.23
06/14/2023,59.59
06/13/2023,60.12
06/12/2023,60.24
06/09/2023,58.98
06/08/2023,58.78
06/07/2023,58.0
06/06/2023,57.91
06/05/2023,58.48
06/02/2023,57.73
06/01/2023,56.95
05/31/2023,54.64
05/30/2023,53.64
05/26/2023,54.74
05/25/2023,54.87
05/24/2023,55.67
05/23/2023,56.34
05/22/2023,56.89
05/19/2023,55.82
05/18/2023,55.86
05/17/2023,56.45
05/16/2023,56.38
05/15/2023,57.46
05/12/2023,57.58
05/11/2023,57.5
05/10/2023,58.44
05/09/2023,58.2
05/08/2023,57.09
05/05/2023,57.0
05/04/2023,55.76
05/03/2023,55.3
05/02/2023,55.35
05/01/2023,56.03
04/28/2023,56.61
04/27/2023,55.62
04/26/2023,55.11
04/25/2023,54.86
04/24/2023,55.09
04/21/2023,55.23
04/20/2023,55.13
04/19/2023,55.34
04/18/2023,55.52
04/17/2023,55.99
04/14/2023,56.15
04/13/2023,56.65
04/12/2023,55.77
04/11/2023,55.58
04/10/2023,54.94
04/06/2023,54.73
04/05/2023,54.51
04/04/2023,54.87
04/03/2023,55.7
03/31/2023,55.56
03/30/2023,55.21
03/29/2023,54.34
03/28/2023,53.55
03/27/2023,52.81
03/24/2023,52.29
03/23/2023,52.49
03/22/2023,53.3
03/21/2023,54.19
03/20/2023,53.81
03/17/2023,53.54
03/16/2023,53.72
03/15/2023,53.1
03/14/2023,54.02
03/13/2023,53.83
03/10/2023,53.65
03/09/2023,54.36
03/08/2023,54.68
03/07/2023,54.55
03/06/2023,55.86
03/03/2023,56.64
03/02/2023,55.71
03/01/2023,55.35
02/28/2023,55.33
02/27/2023,55.67
02/24/2023,55.6
02/23/2023,55.61
02/22/2023,55.41
02/21/2023,55.79
02/17/2023,57.38
02/16/2023,57.57
02/15/2023,58.22
02/14/2023,57.84
02/13/2023,57.63
02/10/2023,57.52
02/09/2023,56.95
02/08/2023,56.54
02/07/2023,57.39
02/06/2023,56.82
02/03/2023,57.1
02/02/2023,58.47
02/01/2023,58.91
01/31/2023,58.11
01/30/2023,58.04
01/27/2023,58.14
01/26/2023,57.53
01/25/2023,57.7
01/24/2023,57.52
01/23/2023,57.28
01/20/2023,56.76
01/19/2023,55.9
01/18/2023,55.55
01/17/2023,56.44
01/13/2023,56.82
01/12/2023,56.75
01/11/2023,56.63
01/10/2023,56.48
01/09/2023,56.23
01/06/2023,55.72
01/05/2023,54.24
01/04/2023,54.85
01/03/2023,54.66
12/30/2022,54.89
12/29/2022,55.11
12/28/2022,54.37
12/27/2022,55.04
12/23/2022,54.54
12/22/2022,53.99
12/21/2022,54.38
12/20/2022,53.48
12/19/2022,53.21
12/16/2022,54.61
12/15/2022,54.95
12/14/2022,55.77
12/13/2022,55.8
12/12/2022,55.62
12/09/2022,55.05
12/08/2022,54.97
12/07/2022,54.87
12/06/2022,54.97
12/05/2022,55.43
12/02/2022,56.75
12/01/2022,56.85
11/30/2022,57.02
11/29/2022,55.42
11/28/2022,55.33
11/25/2022,56.32
11/23/2022,56.12
11/22/2022,55.58
11/21/2022,54.84
11/18/2022,55.22
11/17/2022,54.67
11/16/2022,55.46
11/15/2022,55.79
11/14/2022,55.65
11/11/2022,56.15
11/10/2022,55.55
11/09/2022,53.37
11/08/2022,54.37
11/07/2022,54.12
11/04/2022,54.05
11/03/2022,53.03
11/02/2022,53.15
11/01/2022,54.14
10/31/2022,53.73
10/28/2022,54.4
10/27/2022,53.65
10/26/2022,53.78
10/25/2022,53.32
10/24/2022,52.42
10/21/2022,52.66
10/20/2022,51.39
10/19/2022,51.39
10/18/2022,51.88
10/17/2022,51.52
10/14/2022,49.85
10/13/2022,51.18
10/12/2022,50.06
10/11/2022,51.09
10/10/2022,51.3
10/07/2022,52.31
10/06/2022,53.37
10/05/2022,54.43
10/04/2022,54.82
10/03/2022,53.53
09/30/2022,51.65
09/29/2022,52.12
09/28/2022,53.55
09/27/2022,52.24
09/26/2022,52.44
09/23/2022,52.95
09/22/2022,55.11
09/21/2022,55.13
09/20/2022,56.2
09/19/2022,56.17
09/16/2022,55.69
09/15/2022,55.96
09/14/2022,56.81
09/13/2022,56.22
09/12/2022,57.9
09/09/2022,57.41
09/08/2022,56.89
09/07/2022,56.52
09/06/2022,55.09
09/02/2022,55.28
09/01/2022,55.9
08/31/2022,56.37
08/30/2022,56.58
08/29/2022,57.13
08/26/2022,56.01
08/25/2022,57.15
08/24/2022,56.53
08/23/2022,55.35
08/22/2022,55.21
08/19/2022,55.94
08/18/2022,56.62
08/17/2022,56.63
08/16/2022,57.45
08/15/2022,57.11
08/12/2022,57.05
08/11/2022,56.31
08/10/2022,56.34
08/09/2022,55.65
08/08/2022,55.77
08/05/2022,55.36
08/04/2022,55.06
08/03/2022,55.18
08/02/2022,54.73
08/01/2022,55.09
07/29/2022,55.59
07/28/2022,55.12
07/27/2022,53.7
07/26/2022,52.73
07/25/2022,52.65
07/22/2022,52.48
07/21/2022,52.95
07/20/2022,53.01
07/19/2022,53.54
07/18/2022,52.46
07/15/2022,52.49
07/14/2022,52.54
07/13/2022,52.69
07/12/2022,52.6
07/11/2022,52.53
07/08/2022,53.03
07/07/2022,52.63
07/06/2022,51.92
07/05/2022,51.79
07/01/2022,53.39
06/30/2022,52.25
06/29/2022,52.4
06/28/2022,52.64
06/27/2022,52.69
06/24/2022,52.84
06/23/2022,51.3
06/22/2022,51.23
06/21/2022,51.36
06/17/2022,50.72
06/16/2022,51.13
06/15/2022,52.17
06/14/2022,51.38
06/13/2022,52.51
06/10/2022,54.94
06/09/2022,55.78
06/08/2022,56.91
06/07/2022,57.8
06/06/2022,56.9
06/03/2022,56.78
06/02/2022,57.23
06/01/2022,56.18
05/31/2022,56.6
05/27/2022,57.51
05/26/2022,56.96
05/25/2022,56.47
05/24/2022,55.94
05/23/2022,55.98
05/20/2022,55.51
05/19/2022,55.31
05/18/2022,54.65
05/17/2022,55.67
05/16/2022,54.59
05/13/2022,54.27
05/12/2022,52.79
05/11/2022,53.52
05/10/2022,53.44
05/09/2022,53.65
05/06/2022,55.03
05/05/2022,55.0
05/04/2022,56.36
05/03/2022,55.23
05/02/2022,54.76
04/29/2022,55.21
04/28/2022,56.47
04/27/2022,55.83
04/26/2022,55.83
04/25/2022,56.63
04/22/2022,57.23
04/21/2022,57.87
04/20/2022,59.46
04/19/2022,58.82
04/18/2022,58.5
04/14/2022,59.16
04/13/2022,59.28
04/12/2022,58.38
04/11/2022,58.27
04/08/2022,58.98
04/07/2022,58.24
04/06/2022,57.45
04/05/2022,57.11
04/04/2022,57.26
04/01/2022,57.56
03/31/2022,56.83
03/30/2022,57.15
03/29/2022,56.83
03/28/2022,56.02
03/25/2022,56.12
03/24/2022,55.91
03/23/2022,55.61
03/22/2022,56.29
03/21/2022,55.41
03/18/2022,55.81
03/17/2022,56.14
03/16/2022,54.9
03/15/2022,54.65
03/14/2022,54.2
03/11/2022,54.68
03/10/2022,55.05
03/09/2022,55.15
03/08/2022,54.19
03/07/2022,54.25
03/04/2022,53.76
03/03/2022,54.12
03/02/2022,54.17
03/01/2022,53.64
02/28/2022,54.03
02/25/2022,53.63
02/24/2022,52.25
02/23/2022,51.82
02/22/2022,52.4
02/18/2022,52.56
02/17/2022,52.91
02/16/2022,53.44
02/15/2022,53.27
02/14/2022,52.85
02/11/2022,53.38
02/10/2022,53.6
02/09/2022,55.2
02/08/2022,53.83
02/07/2022,53.54
02/04/2022,53.56
02/03/2022,53.39
02/02/2022,53.79
02/01/2022,53.09
01/31/2022,53.16
01/28/2022,52.54
01/27/2022,51.94
01/26/2022,51.95
01/25/2022,52.5
01/24/2022,52.65
01/21/2022,53.15
01/20/2022,53.75
01/19/2022,54.01
01/18/2022,53.56
01/14/2022,54.49
01/13/2022,54.84
01/12/2022,55.05
01/11/2022,54.81
01/10/2022,54.72
01/07/2022,55.1
01/06/2022,54.46
01/05/2022,55.19
01/04/2022,55.5
01/03/2022,55.13
12/31/2021,54.78
12/30/2021,54.72
12/29/2021,54.81
12/28/2021,54.75
12/27/2021,54.63
12/23/2021,54.27
12/22/2021,54.11
12/21/2021,53.91
12/20/2021,53.17
12/17/2021,54.58
12/16/2021,55.23
12/15/2021,55.57
12/14/2021,54.44
12/13/2021,54.91
12/10/2021,55.05
12/09/2021,55.33
12/08/2021,55.62
12/07/2021,55.51
12/06/2021,54.72
12/03/2021,53.86
12/02/2021,54.19
12/01/2021,53.44
11/30/2021,53.84
11/29/2021,55.23
11/26/2021,54.59
11/24/2021,55.76
11/23/2021,55.59
11/22/2021,55.06
11/19/2021,55.19
11/18/2021,55.79
11/17/2021,55.95
11/16/2021,56.18
11/15/2021,56.49
11/12/2021,56.29
11/11/2021,56.52
11/10/2021,56.47
11/09/2021,57.05
11/08/2021,56.82
11/05/2021,56.69
11/04/2021,56.58
11/03/2021,56.68
11/02/2021,55.68
11/01/2021,55.95
10/29/2021,55.47
10/28/2021,56.14
10/27/2021,56.2
10/26/2021,56.87
10/25/2021,56.96
10/22/2021,56.84
10/21/2021,56.84
10/20/2021,57.02
10/19/2021,56.3
10/18/2021,55.8
10/15/2021,55.68
10/14/2021,55.95
10/13/2021,55.75
10/12/2021,54.83
10/11/2021,53.86
10/08/2021,54.21
10/07/2021,54.95
10/06/2021,54.99
10/05/2021,54.81
10/04/2021,54.25
10/01/2021,53.6
09/30/2021,53.01
09/29/2021,53.35
09/28/2021,53.11
09/27/2021,53.83
09/24/2021,53.34
09/23/2021,54.11
09/22/2021,53.88
09/21/2021,53.81
09/20/2021,53.59
09/17/2021,54.56
09/16/2021,55.58
09/15/2021,55.92
09/14/2021,55.54
09/13/2021,55.99
09/10/2021,55.35
09/09/2021,55.42
09/08/2021,55.15
09/07/2021,54.88
09/03/2021,55.2
09/02/2021,55.06
09/01/2021,54.43
08/31/2021,53.83
08/30/2021,53.67
08/27/2021,53.52
08/26/2021,53.24
08/25/2021,53.6
08/24/2021,53.57
08/23/2021,53.56
08/20/2021,53.24
08/19/2021,52.41
08/18/2021,52.73
08/17/2021,52.78
08/16/2021,53.06
08/13/2021,53.02
08/12/2021,52.86
08/11/2021,53.08
08/10/2021,52.63
08/09/2021,52.31
08/06/2021,52.27
08/05/2021,52.15
08/04/2021,51.83
08/03/2021,52.48
08/02/2021,52.31
07/30/2021,51.9
07/29/2021,52.75
07/28/2021,52.67
07/27/2021,52.34
07/26/2021,52.03
07/23/2021,52.33
07/22/2021,52.05
07/21/2021,52.09
07/20/2021,51.95
07/19/2021,51.37
07/16/2021,52.58
07/15/2021,52.6
07/14/2021,52.46
07/13/2021,52.11
07/12/2021,52.71
07/09/2021,52.77
07/08/2021,52.18
07/07/2021,52.75
07/06/2021,52.75
07/02/2021,53.14
07/01/2021,52.89
06/30/2021,52.44
06/29/2021,52.62
06/28/2021,53.32
06/25/2021,53.31
06/24/2021,53.03
06/23/2021,52.82
06/22/2021,53.38
06/21/2021,53.54
06/18/2021,53.15
06/17/2021,54.31
06/16/2021,54.77
06/15/2021,55.42
06/14/2021,55.27
06/11/2021,55.65
06/10/2021,55.49
06/09/2021,55.35
06/08/2021,55.14
06/07/2021,55.28
06/04/2021,55.0
06/03/2021,54.68
06/02/2021,54.84
06/01/2021,54.65
05/28/2021,54.46
05/27/2021,54.32
05/26/2021,54.34
05/25/2021,54.17
05/24/2021,54.87
05/21/2021,54.65
05/20/2021,54.61
05/19/2021,54.15
05/18/2021,54.8
05/17/2021,54.66
05/14/2021,54.68
05/13/2021,53.99
05/12/2021,53.19
05/11/2021,54.61
05/10/2021,55.03
05/07/2021,55.19
05/06/2021,54.31
05/05/2021,53.89
05/04/2021,53.99
05/03/2021,54.26
04/30/2021,53.51
04/29/2021,53.68
04/28/2021,53.41
04/27/2021,53.22
04/26/2021,53.14
04/23/2021,53.35
04/22/2021,53.15
04/21/2021,53.49
04/20/2021,53.4
04/19/2021,53.3
04/16/2021,53.69
04/15/2021,53.47
04/14/2021,53.3
04/13/2021,53.36
04/12/2021,53.11
04/09/2021,53.25
04/08/2021,53.32
04/07/2021,53.26
04/06/2021,52.97
04/05/2021,53.34
04/01/2021,52.51
03/31/2021,52.42
03/30/2021,52.12
03/29/2021,52.66
03/26/2021,52.68
03/25/2021,52.44
03/24/2021,51.66
03/23/2021,51.64
03/22/2021,52.0
03/19/2021,52.12
03/18/2021,51.8
03/17/2021,52.58
03/16/2021,52.7
03/15/2021,52.36
03/12/2021,51.31
03/11/2021,50.78
03/10/2021,50.11
03/09/2021,49.93
03/08/2021,48.98
03/05/2021,48.56
03/04/2021,47.98
03/03/2021,48.47
03/02/2021,48.72
03/01/2021,48.46
02/26/2021,47.63
02/25/2021,48.46
02/24/2021,49.32
02/23/2021,49.51
02/22/2021,49.46
02/19/2021,49.9
02/18/2021,50.14
02/17/2021,50.42
02/16/2021,50.53
02/12/2021,50.64
02/11/2021,50.86
02/10/2021,50.96
02/09/2021,50.59
02/08/2021,50.49
02/05/2021,50.11
02/04/2021,49.59
02/03/2021,49.3
02/02/2021,49.12
02/01/2021,49.05
01/29/2021,48.45
01/28/2021,49.47
01/27/2021,48.82
01/26/2021,50.28
01/25/2021,49.88
01/22/2021,49.79
01/21/2021,49.61
01/20/2021,49.88
01/19/2021,49.6
01/15/2021,49.5
01/14/2021,49.76
01/13/2021,49.69
01/12/2021,49.76
01/11/2021,49.44
01/08/2021,50.0
01/07/2021,49.88
01/06/2021,50.16
01/05/2021,49.28
01/04/2021,48.78
12/31/2020,49.19
12/30/2020,49.12
12/29/2020,48.69
12/28/2020,48.8
12/24/2020,48.41
12/23/2020,48.43
12/22/2020,48.0
12/21/2020,48.08
12/18/2020,50.02
12/17/2020,49.85
12/16/2020,49.22
12/15/2020,49.54
12/14/2020,48.75
12/11/2020,48.85
12/10/2020,48.8
12/09/2020,48.31
12/08/2020,48.51
12/07/2020,48.72
12/04/2020,48.59
12/03/2020,48.43
12/02/2020,48.75
12/01/2020,48.56
11/30/2020,48.3
11/27/2020,49.29
11/25/2020,49.2
11/24/2020,49.45
11/23/2020,48.77
11/20/2020,48.56
11/19/2020,48.38
11/18/2020,48.5
11/17/2020,48.77
11/16/2020,48.91
11/13/2020,48.63
11/12/2020,48.0
11/11/2020,48.86
11/10/2020,48.36
11/09/2020,47.91
11/06/2020,47.08
11/05/2020,47.03
11/04/2020,46.54
11/03/2020,46.89
11/02/2020,45.98
10/30/2020,45.21
10/29/2020,45.57
10/28/2020,45.26
10/27/2020,46.66
10/26/2020,46.86
10/23/2020,47.27
10/22/2020,47.18
10/21/2020,47.07
10/20/2020,46.99
10/19/2020,46.79
10/16/2020,46.79
10/15/2020,46.42
10/14/2020,46.64
10/13/2020,46.52
10/12/2020,46.78
10/09/2020,46.71
10/08/2020,46.69
10/07/2020,46.11
10/06/2020,45.68
10/05/2020,45.78
10/02/2020,45.24
10/01/2020,44.9
09/30/2020,44.57
09/29/2020,44.09
09/28/2020,44.22
09/25/2020,43.98
09/24/2020,43.64
09/23/2020,43.48
09/22/2020,44.09
09/21/2020,43.69
09/18/2020,44.2
09/17/2020,44.7
09/16/2020,44.84
09/15/2020,44.83
09/14/2020,44.73
09/11/2020,43.99
09/10/2020,43.73
09/09/2020,44.33
09/08/2020,43.73
09/04/2020,44.38
09/03/2020,44.38
09/02/2020,45.07
09/01/2020,44.33
08/31/2020,44.69
08/28/2020,44.63
08/27/2020,44.24
08/26/2020,44.23
08/25/2020,44.58
08/24/2020,44.53
08/21/2020,44.03
08/20/2020,44.23
08/19/2020,44.62
08/18/2020,44.84
08/17/2020,45.14
08/14/2020,45.22
08/13/2020,45.54
08/12/2020,45.57
08/11/2020,44.77
08/10/2020,45.04
08/07/2020,45.04
08/06/2020,44.52
08/05/2020,44.4
08/04/2020,44.76
08/03/2020,44.37
07/31/2020,44.37
07/30/2020,44.46
07/29/2020,44.85
07/28/2020,44.9
07/27/2020,44.82
07/24/2020,44.83
07/23/2020,45.1
07/22/2020,45.31
07/21/2020,44.62
07/20/2020,44.76
07/17/2020,45.08
07/16/2020,44.2
07/15/2020,44.16
07/14/2020,43.78
07/13/2020,43.35
07/10/2020,43.34
07/09/2020,42.68
07/08/2020,43.33
07/07/2020,42.73
07/06/2020,43.22
07/02/2020,43.23
07/01/2020,42.97
06/30/2020,42.52
06/29/2020,42.32
06/26/2020,41.66
06/25/2020,42.14
06/24/2020,42.23
06/23/2020,43.05
06/22/2020,43.18
06/19/2020,43.18
06/18/2020,43.87
06/17/2020,43.96
06/16/2020,44.1
06/15/2020,43.95
06/12/2020,43.94
06/11/2020,43.56
06/10/2020,45.7
06/09/2020,46.07
06/08/2020,46.78
06/05/2020,45.76
06/04/2020,45.01
06/03/2020,45.74
06/02/2020,45.22
06/01/2020,45.11
05/29/2020,44.51
05/28/2020,44.38
05/27/2020,43.8
05/26/2020,43.06
05/22/2020,42.35
05/21/2020,42.24
05/20/2020,42.63
05/19/2020,42.29
05/18/2020,43.06
05/15/2020,41.43
05/14/2020,41.65
05/13/2020,41.6
05/12/2020,42.25
05/11/2020,42.47
05/08/2020,42.62
05/07/2020,41.64
05/06/2020,41.7
05/05/2020,42.5
05/04/2020,41.85
05/01/2020,41.62
04/30/2020,42.61
04/29/2020,43.62
04/28/2020,43.33
04/27/2020,43.13
04/24/2020,42.67
04/23/2020,42.28
04/22/2020,42.46
04/21/2020,41.46
04/20/2020,42.41
04/17/2020,43.47
04/16/2020,42.53
04/15/2020,42.56
04/14/2020,43.68
04/13/2020,42.73
04/09/2020,43.36
04/08/2020,41.68
04/07/2020,40.49
04/06/2020,40.32
04/03/2020,37.92
04/02/2020,38.73
04/01/2020,37.81
03/31/2020,39.49
03/30/2020,40.43
03/27/2020,39.24
03/26/2020,39.67
03/25/2020,37.37
03/24/2020,36.66
03/23/2020,34.08
03/20/2020,34.56
03/19/2020,35.32
03/18/2020,35.51
03/17/2020,38.46
03/16/2020,35.58
03/13/2020,40.29
03/12/2020,39.13
03/11/2020,43.4
03/10/2020,45.72
03/09/2020,44.99
03/06/2020,48.12
03/05/2020,48.83
03/04/2020,49.61
03/03/2020,47.59
03/02/2020,47.87
02/28/2020,46.42
02/27/2020,47.69
02/26/2020,49.36
02/25/2020,49.56
02/24/2020,50.91
02/21/2020,51.8
02/20/2020,51.66
02/19/2020,51.91
02/18/2020,51.8
02/14/2020,51.34
02/13/2020,51.11
02/12/2020,51.01
02/11/2020,51.14
02/10/2020,50.81
02/07/2020,50.67
02/06/2020,50.9
02/05/2020,50.97
02/04/2020,50.78
02/03/2020,50.58
01/31/2020,49.76
01/30/2020,50.3
01/29/2020,50.11
01/28/2020,50.14
01/27/2020,49.72
01/24/2020,50.06
01/23/2020,50.03
01/22/2020,49.6
01/21/2020,49.58
01/17/2020,49.6
01/16/2020,49.23
01/15/2020,48.87
01/14/2020,48.42
01/13/2020,48.41
01/10/2020,47.9
01/09/2020,47.89
01/08/2020,47.96
01/07/2020,48.08
01/06/2020,48.65
01/03/2020,48.62
01/02/2020,48.72
12/31/2019,48.6
12/30/2019,48.42
12/27/2019,48.68
12/26/2019,48.5
12/24/2019,48.41
12/23/2019,48.47
12/20/2019,49.8
12/19/2019,49.89
12/18/2019,49.87
12/17/2019,49.71
12/16/2019,49.22
12/13/2019,49.23
12/12/2019,49.32
12/11/2019,49.31
12/10/2019,48.95
12/09/2019,49.11
12/06/2019,48.98
12/05/2019,48.79
12/04/2019,48.84
12/03/2019,48.1
12/02/2019,47.99
11/29/2019,48.2
11/27/2019,48.27
11/26/2019,48.17
11/25/2019,48.23
11/22/2019,48.26
11/21/2019,48.24
11/20/2019,48.35
11/19/2019,48.13
11/18/2019,48.38
11/15/2019,48.36
11/14/2019,48.04
11/13/2019,48.05
11/12/2019,47.99
11/11/2019,47.91
11/08/2019,48.11
11/07/2019,48.18
11/06/2019,48.79
11/05/2019,49.01
11/04/2019,49.17
11/01/2019,49.08
10/31/2019,48.93
10/30/2019,48.97
10/29/2019,48.37
10/28/2019,48.32
10/25/2019,48.83
10/24/2019,49.57
10/23/2019,49.66
10/22/2019,49.43
10/21/2019,49.31
10/18/2019,49.14
10/17/2019,49.05
10/16/2019,49.06
10/15/2019,49.2
10/14/2019,49.0
10/11/2019,49.31
10/10/2019,49.12
10/09/2019,49.77
10/08/2019,49.44
10/07/2019,50.15
10/04/2019,50.14
10/03/2019,49.39
10/02/2019,49.16
10/01/2019,49.73
09/30/2019,49.84
09/27/2019,50.01
09/26/2019,50.66
09/25/2019,50.68
09/24/2019,50.93
09/23/2019,50.84
09/20/2019,50.76
09/19/2019,50.64
09/18/2019,50.48
09/17/2019,50.25
09/16/2019,50.05
09/13/2019,50.17
09/12/2019,50.21
09/11/2019,49.93
09/10/2019,49.24
09/09/2019,49.26
09/06/2019,49.33
09/05/2019,49.59
09/04/2019,49.97
09/03/2019,49.56
08/30/2019,49.16
08/29/2019,49.08
08/28/2019,48.74
08/27/2019,48.67
08/26/2019,48.59
08/23/2019,47.98
08/22/2019,48.75
08/21/2019,48.9
08/20/2019,48.69
08/19/2019,48.84
08/16/2019,48.84
08/15/2019,48.58
08/14/2019,48.33
08/13/2019,49.25
08/12/2019,49.07
08/09/2019,49.49
08/08/2019,49.51
08/07/2019,49.38
08/06/2019,49.25
08/05/2019,48.56
08/02/2019,49.24
08/01/2019,49.17
07/31/2019,49.54
07/30/2019,49.47
07/29/2019,49.81
07/26/2019,49.65
07/25/2019,49.32
07/24/2019,49.72
07/23/2019,49.92
07/22/2019,50.02
07/19/2019,50.2
07/18/2019,50.49
07/17/2019,50.29
07/16/2019,50.25
07/15/2019,50.48
07/12/2019,50.86
07/11/2019,51.02
07/10/2019,51.14
07/09/2019,51.04
07/08/2019,51.05
07/05/2019,51.27
07/03/2019,51.72
07/02/2019,51.2
07/01/2019,51.03
06/28/2019,50.91
06/27/2019,50.88
06/26/2019,50.61
06/25/2019,51.14
06/24/2019,51.5
06/21/2019,51.73
06/20/2019,51.71
06/19/2019,50.96
06/18/2019,50.55
06/17/2019,50.62
06/14/2019,50.8
06/13/2019,50.51
06/12/2019,50.56
06/11/2019,50.56
06/10/2019,50.74
06/07/2019,51.1
06/06/2019,51.03
06/05/2019,50.76
06/04/2019,50.18
06/03/2019,50.01
05/31/2019,49.02
05/30/2019,48.87
05/29/2019,48.97
05/28/2019,49.35
05/24/2019,50.0
05/23/2019,49.87
05/22/2019,49.82
05/21/2019,49.64
05/20/2019,49.2
05/17/2019,49.29
05/16/2019,49.5
05/15/2019,49.29
05/14/2019,49.3
05/13/2019,49.33
05/10/2019,49.45
05/09/2019,48.89
05/08/2019,49.37
05/07/2019,49.95
05/06/2019,50.38
05/03/2019,50.63
05/02/2019,50.25
05/01/2019,50.68
04/30/2019,51.15
04/29/2019,50.77
04/26/2019,50.77
04/25/2019,50.64
04/24/2019,50.69
04/23/2019,51.19
04/22/2019,50.98
04/18/2019,51.0
04/17/2019,51.2
04/16/2019,51.35
04/15/2019,52.16
04/12/2019,52.03
04/11/2019,51.48
04/10/2019,51.5
04/09/2019,51.23
04/08/2019,51.7
04/05/2019,51.79
04/04/2019,51.43
04/03/2019,51.62
04/02/2019,51.69
04/01/2019,51.92
03/29/2019,51.8
03/28/2019,51.8
03/27/2019,52.2
03/26/2019,52.65
03/25/2019,52.43
03/22/2019,52.37
03/21/2019,52.53
03/20/2019,52.38
03/19/2019,52.38
03/18/2019,52.8
03/14/2019,52.62
03/13/2019,52.48
03/12/2019,52.49
03/11/2019,52.19
03/08/2019,51.54
03/06/2019,51.6
03/05/2019,51.73
03/04/2019,51.64
03/01/2019,51.82
02/28/2019,51.78
02/27/2019,51.94
02/26/2019,51.98
02/25/2019,51.75
02/22/2019,51.74
02/21/2019,51.57
02/20/2019,51.49
02/19/2019,51.2
02/15/2019,50.86
02/14/2019,50.72
02/13/2019,50.65
02/12/2019,50.9
02/11/2019,50.75
02/08/2019,50.88
02/07/2019,50.93
02/06/2019,50.87
02/05/2019,51.06
02/04/2019,50.55
02/01/2019,50.25
01/31/2019,50.74
01/30/2019,50.5
01/29/2019,50.17
01/28/2019,49.55
01/25/2019,49.99
01/24/2019,50.22
01/23/2019,49.42
01/22/2019,48.98
01/18/2019,49.31
01/17/2019,49.17
01/16/2019,48.96
01/15/2019,48.98
01/14/2019,49.15
01/11/2019,50.25
01/10/2019,50.64
01/09/2019,50.02
01/08/2019,50.12
01/07/2019,49.79
01/04/2019,50.47
01/03/2019,49.34
01/02/2019,49.35
12/31/2018,49.57
12/28/2018,49.36
12/27/2018,49.3
12/26/2018,49.27
12/24/2018,48.39
12/21/2018,49.3
12/20/2018,50.37
12/19/2018,52.09
12/18/2018,52.47
12/17/2018,52.79
12/14/2018,53.71
12/13/2018,53.81
12/12/2018,53.51
12/11/2018,52.92
12/10/2018,52.91
12/07/2018,52.81
12/06/2018,52.53
12/04/2018,52.92
12/03/2018,52.91
11/30/2018,52.11
11/29/2018,52.2
11/28/2018,52.51
11/27/2018,52.1
11/26/2018,52.04
11/23/2018,51.32
11/21/2018,51.98
11/20/2018,52.08
11/19/2018,51.97
11/16/2018,52.25
11/15/2018,51.47
11/14/2018,51.66
11/13/2018,51.82
11/12/2018,51.85
11/09/2018,52.53
11/08/2018,52.99
11/07/2018,53.01
11/06/2018,52.8
11/05/2018,52.48
11/02/2018,51.64
11/01/2018,51.94
10/31/2018,51.86
10/30/2018,51.73
10/29/2018,51.83
10/26/2018,51.45
10/25/2018,52.34
10/24/2018,52.24
10/23/2018,51.94
10/22/2018,52.71
10/19/2018,52.9
10/18/2018,52.12
10/17/2018,52.3
10/16/2018,52.53
10/15/2018,51.87
10/12/2018,51.53
10/11/2018,52.08
10/10/2018,53.02
10/09/2018,53.23
10/08/2018,53.21
10/05/2018,53.11
10/03/2018,52.55
10/02/2018,53.0
10/01/2018,52.48
09/28/2018,52.76
09/27/2018,52.48
09/26/2018,51.92
09/25/2018,52.18
09/24/2018,52.55
09/21/2018,52.66
09/20/2018,52.66
09/19/2018,52.43
09/18/2018,53.0
09/13/2018,52.78
09/12/2018,52.35
09/10/2018,52.59
09/07/2018,52.05
09/06/2018,51.99
09/05/2018,51.89
09/04/2018,51.94
08/31/2018,52.29
08/30/2018,52.21
08/28/2018,52.2
08/27/2018,52.27
08/23/2018,52.01
08/22/2018,52.14
08/20/2018,52.37
08/16/2018,52.07
08/14/2018,51.49
08/13/2018,51.22
08/10/2018,51.34
08/08/2018,51.67
08/07/2018,51.97
08/06/2018,52.16
08/03/2018,52.08
08/02/2018,51.73
08/01/2018,51.55
07/30/2018,51.87
07/27/2018,52.03
07/26/2018,51.97
07/25/2018,51.7
07/23/2018,51.26
07/19/2018,51.4
07/18/2018,51.18
07/17/2018,51.31
07/16/2018,51.06
07/13/2018,51.11
07/12/2018,51.31
07/11/2018,51.3
07/10/2018,51.28
07/05/2018,51.53
07/03/2018,51.33
06/29/2018,50.97
06/28/2018,50.84
06/27/2018,50.8
06/26/2018,51.0
06/25/2018,50.56
06/22/2018,50.5
06/21/2018,49.84
06/20/2018,49.99
06/19/2018,49.96
06/18/2018,49.91
06/15/2018,49.85
06/14/2018,50.02
06/13/2018,49.62
06/12/2018,49.5
06/08/2018,49.59
06/07/2018,49.58
06/06/2018,49.28
06/05/2018,49.66
06/04/2018,50.1
06/01/2018,50.03
05/31/2018,50.28
05/30/2018,50.51
05/29/2018,49.9
05/25/2018,50.32
05/23/2018,50.46
05/22/2018,50.2
05/21/2018,50.26
05/18/2018,50.1
05/16/2018,50.5
05/15/2018,50.53
05/14/2018,50.9
05/11/2018,50.79
05/10/2018,50.5
05/09/2018,50.26
05/08/2018,51.0
05/07/2018,51.32
05/03/2018,50.58
05/02/2018,50.87
05/01/2018,50.94
04/30/2018,51.23
04/27/2018,50.86
04/26/2018,50.46
04/25/2018,50.11
04/24/2018,49.85
04/20/2018,49.9
04/18/2018,49.96
04/17/2018,50.13
04/16/2018,49.34
04/12/2018,48.71
04/11/2018,49.17
04/10/2018,49.11
04/09/2018,49.33
04/06/2018,49.02
04/05/2018,49.14
04/04/2018,49.09
04/03/2018,49.36
04/02/2018,48.36
03/28/2018,48.61
03/27/2018,48.25
03/26/2018,47.56
03/23/2018,47.67
03/22/2018,48.1
03/21/2018,48.05
03/20/2018,47.81
03/19/2018,47.88
03/15/2018,47.89
03/14/2018,47.93
03/13/2018,47.61
03/09/2018,47.24
03/08/2018,47.12
03/06/2018,47.44
03/05/2018,47.31
03/02/2018,47.06
02/28/2018,47.66
02/27/2018,47.78
02/26/2018,48.73
02/21/2018,47.82
02/20/2018,47.56
02/16/2018,47.99
02/15/2018,47.32
02/14/2018,47.07
02/13/2018,46.74
02/12/2018,46.53
02/09/2018,45.92
02/08/2018,46.17
02/07/2018,46.69
02/06/2018,46.34
02/05/2018,47.07
02/02/2018,47.95
02/01/2018,48.46
01/31/2018,48.68
01/30/2018,48.61
01/29/2018,48.84
01/26/2018,49.33
01/25/2018,48.97
01/23/2018,49.04
01/22/2018,48.51
01/19/2018,48.24
01/18/2018,48.32
01/17/2018,48.7
01/12/2018,48.57
01/11/2018,48.59
01/10/2018,48.33
01/09/2018,48.75
01/08/2018,48.83
01/05/2018,48.64
01/04/2018,48.65
01/03/2018,48.82
01/02/2018,49.03
12/29/2017,49.06
12/28/2017,48.81
12/27/2017,48.64
12/26/2017,48.66
12/22/2017,48.97
12/21/2017,48.95
12/20/2017,49.65
12/19/2017,49.92
12/18/2017,50.59
12/15/2017,53.12
12/14/2017,53.1
12/13/2017,53.38
12/12/2017,53.7
12/11/2017,53.81
12/08/2017,53.58
12/07/2017,53.61
12/06/2017,53.74
12/05/2017,53.8
12/04/2017,53.93
12/01/2017,53.98
11/30/2017,54.25
11/29/2017,54.18
11/28/2017,53.82
11/27/2017,53.56
11/24/2017,53.7
11/22/2017,53.35
11/21/2017,53.43
11/20/2017,53.14
11/17/2017,53.29
11/16/2017,53.63
11/15/2017,53.56
11/14/2017,54.09
11/13/2017,53.74
11/10/2017,53.76
11/09/2017,53.95
11/08/2017,53.91
11/07/2017,53.9
11/03/2017,53.68
11/02/2017,53.55
11/01/2017,53.51
10/27/2017,53.61
10/26/2017,53.04
10/24/2017,53.16
10/23/2017,53.35
10/20/2017,53.01
10/18/2017,53.18
10/16/2017,52.75
10/13/2017,53.27
10/12/2017,52.83
10/10/2017,52.42
10/05/2017,51.99
10/04/2017,51.84
10/03/2017,51.2
10/02/2017,51.55
09/29/2017,51.12
09/28/2017,51.47
09/27/2017,51.5
09/26/2017,51.93
09/25/2017,52.34
09/21/2017,52.37
09/20/2017,51.87
09/19/2017,52.3
09/18/2017,53.17
09/15/2017,52.74
09/14/2017,52.5
09/13/2017,52.32
09/11/2017,53.5
09/08/2017,52.99
09/07/2017,53.14
09/06/2017,52.67
09/05/2017,52.67
09/01/2017,52.75
08/29/2017,53.21
08/28/2017,52.89
08/25/2017,52.95
08/22/2017,52.71
08/21/2017,52.36
08/18/2017,52.57
08/16/2017,52.28
08/11/2017,51.55
08/10/2017,51.93
08/09/2017,51.81
08/08/2017,52.2
08/07/2017,52.19
08/04/2017,51.83
08/03/2017,51.69
08/02/2017,51.72
08/01/2017,51.53
07/31/2017,51.25
07/28/2017,51.09
07/27/2017,50.95
07/26/2017,50.97
07/25/2017,50.65
07/24/2017,51.21
07/21/2017,51.24
07/20/2017,50.98
07/19/2017,50.97
07/18/2017,50.23
07/17/2017,50.33
07/14/2017,49.84
07/13/2017,49.78
07/12/2017,49.82
07/11/2017,49.38
07/10/2017,49.46
07/05/2017,49.73
06/30/2017,50.24
06/29/2017,50.32
06/28/2017,51.03
06/27/2017,50.59
06/23/2017,51.03
06/21/2017,51.16
06/20/2017,51.49
06/19/2017,51.76
06/14/2017,51.81
06/13/2017,51.21
06/12/2017,51.3
06/09/2017,51.18
06/08/2017,51.53
06/07/2017,51.9
06/06/2017,51.79
06/05/2017,52.05
06/02/2017,51.85
06/01/2017,51.94
05/31/2017,51.36
05/30/2017,51.22
05/26/2017,50.81
05/25/2017,50.96
05/24/2017,50.69
05/23/2017,50.69
05/22/2017,50.44
05/19/2017,50.12
05/18/2017,49.55
05/17/2017,49.58
05/16/2017,49.88
05/15/2017,49.73
05/12/2017,49.9
05/09/2017,49.5
05/08/2017,49.57
05/04/2017,49.52
05/02/2017,49.34
05/01/2017,49.06
04/28/2017,49.46
04/27/2017,49.71
04/26/2017,49.54
04/25/2017,49.81
04/24/2017,49.5
04/21/2017,49.36
04/20/2017,49.27
04/19/2017,49.34
04/18/2017,49.47
04/17/2017,49.84
04/13/2017,49.67
04/12/2017,49.74
04/10/2017,49.16
04/06/2017,49.73
04/05/2017,49.76
04/04/2017,49.53
04/03/2017,49.58
03/30/2017,49.67
03/29/2017,50.0
03/28/2017,49.83
03/27/2017,49.67
03/24/2017,49.73
03/23/2017,49.75
03/22/2017,49.27
03/21/2017,49.15
03/20/2017,48.66
03/16/2017,48.42
03/15/2017,49.22
03/14/2017,48.18
03/13/2017,48.42
03/10/2017,47.96
03/09/2017,47.96
03/07/2017,48.58
03/06/2017,48.48
03/03/2017,48.54
03/02/2017,48.93
03/01/2017,48.93
02/28/2017,48.85
02/27/2017,48.75
02/24/2017,48.73
02/23/2017,48.11
02/22/2017,47.61
02/21/2017,48.0
02/17/2017,47.04
02/16/2017,47.15
02/15/2017,46.81
02/14/2017,47.07
02/13/2017,47.32
02/10/2017,47.05
02/09/2017,46.96
02/08/2017,47.23
02/07/2017,46.92
02/06/2017,46.7
02/03/2017,46.78
02/01/2017,46.62
01/31/2017,47.35
01/30/2017,47.0
01/27/2017,47.25
01/26/2017,47.56
01/25/2017,47.59
01/24/2017,47.67
01/23/2017,47.79
01/20/2017,47.96
01/18/2017,47.8
01/17/2017,47.92
01/13/2017,47.8
01/12/2017,47.61
01/11/2017,47.5
01/10/2017,47.26
01/09/2017,47.45
01/06/2017,47.75
01/05/2017,47.87
01/04/2017,47.61
01/03/2017,47.32
12/30/2016,47.45
12/28/2016,47.5
12/27/2016,47.61
12/23/2016,47.6
12/22/2016,47.72
12/21/2016,47.68
12/20/2016,47.84
12/19/2016,47.78
12/15/2016,49.08
12/14/2016,49.99
12/13/2016,49.91
12/12/2016,48.97
12/09/2016,48.88
12/08/2016,48.73
12/07/2016,47.92
12/05/2016,46.76
12/02/2016,46.85
12/01/2016,46.26
11/30/2016,46.95
11/29/2016,47.59
11/28/2016,47.6
11/25/2016,46.77
11/22/2016,46.6
11/21/2016,46.51
11/18/2016,45.93
11/17/2016,46.33
11/16/2016,46.05
11/15/2016,46.24
11/14/2016,45.76
11/11/2016,46.37
11/10/2016,46.05
11/08/2016,47.85
11/07/2016,47.83
11/04/2016,47.64
11/03/2016,47.67
11/02/2016,47.19
10/31/2016,48.17
10/28/2016,47.69
10/27/2016,47.63
10/26/2016,47.83
10/21/2016,47.6
10/20/2016,47.77
10/19/2016,47.51
10/18/2016,47.62
10/17/2016,47.22
10/14/2016,47.25
10/13/2016,47.05
10/11/2016,46.84
10/10/2016,47.29
10/07/2016,47.07
10/05/2016,47.05
10/04/2016,47.47
10/03/2016,48.12
09/30/2016,48.62
09/29/2016,49.09
09/27/2016,50.17
09/26/2016,49.98
09/23/2016,50.04
09/22/2016,50.42
09/21/2016,50.0
09/20/2016,49.09
09/19/2016,48.72
09/16/2016,48.4
09/15/2016,48.25
09/14/2016,48.07
09/13/2016,47.98
09/12/2016,48.37
09/09/2016,48.47
09/08/2016,49.67
09/07/2016,49.58
09/06/2016,49.47
09/02/2016,48.9
09/01/2016,48.2
08/31/2016,48.29
08/30/2016,48.05
08/26/2016,48.48
08/25/2016,48.49
08/24/2016,49.01
08/23/2016,48.89
08/22/2016,48.71
08/19/2016,48.74
08/18/2016,48.95
08/17/2016,48.71
08/16/2016,48.36
08/15/2016,48.97
08/12/2016,49.25
08/11/2016,49.12
08/10/2016,49.04
08/09/2016,49.06
08/08/2016,49.07
08/05/2016,49.35
08/04/2016,49.37
08/03/2016,49.45
08/02/2016,49.84
08/01/2016,50.44
07/29/2016,50.28
07/28/2016,50.06
07/26/2016,50.6
07/25/2016,50.55
07/22/2016,50.54
07/20/2016,50.04
07/19/2016,50.12
07/18/2016,50.47
07/15/2016,50.35
07/14/2016,50.22
07/13/2016,50.29
07/12/2016,50.14
07/11/2016,50.5
07/08/2016,50.47
07/07/2016,50.06
07/06/2016,49.98
07/05/2016,50.15
07/01/2016,50.37
06/30/2016,50.03
06/29/2016,49.07
06/28/2016,48.39
06/27/2016,47.9
06/24/2016,47.87
06/23/2016,48.96
06/22/2016,48.84
06/17/2016,48.38
06/16/2016,48.43
06/15/2016,48.45
06/14/2016,48.45
06/13/2016,48.93
06/10/2016,49.28
06/09/2016,49.05
06/07/2016,49.11
06/06/2016,48.73
06/03/2016,48.53
06/02/2016,47.74
06/01/2016,47.93
05/27/2016,47.66
05/26/2016,47.76
05/25/2016,47.25
05/24/2016,47.3
05/23/2016,47.15
05/20/2016,47.15
05/19/2016,46.64
05/18/2016,47.31
05/17/2016,47.53
05/16/2016,48.09
05/13/2016,48.3
05/12/2016,48.5
05/11/2016,48.26
05/10/2016,48.23
05/09/2016,47.77
05/06/2016,47.57
05/05/2016,48.04
05/04/2016,48.11
05/03/2016,47.91
05/02/2016,48.16
04/29/2016,47.75
04/28/2016,47.6
04/27/2016,48.48
04/26/2016,47.48
04/25/2016,47.19
04/22/2016,47.6
04/21/2016,47.27
04/20/2016,48.39
04/19/2016,48.5
04/18/2016,48.41
04/15/2016,48.39
04/14/2016,48.14
04/13/2016,48.25
04/12/2016,48.25
04/11/2016,47.97
04/08/2016,47.67
04/06/2016,47.43
04/05/2016,47.22
04/04/2016,48.22
04/01/2016,48.19
03/31/2016,48.76
03/30/2016,48.68
03/29/2016,48.26
03/28/2016,47.72
03/24/2016,47.72
03/23/2016,47.64
03/22/2016,47.83
03/21/2016,48.01
03/18/2016,48.24
03/17/2016,47.93
03/16/2016,47.66
03/14/2016,47.15
03/11/2016,47.09
03/10/2016,46.75
03/09/2016,47.35
03/08/2016,47.15
03/07/2016,47.05
03/04/2016,47.49
03/03/2016,46.5
03/02/2016,45.34
03/01/2016,45.8
02/29/2016,45.74
02/26/2016,45.9
02/24/2016,45.71
02/23/2016,46.05
02/22/2016,45.84
02/19/2016,45.5
02/18/2016,45.88
02/17/2016,45.09
02/16/2016,44.97
02/12/2016,44.7
02/11/2016,44.7
02/10/2016,45.51
02/09/2016,45.42
02/08/2016,45.49
02/05/2016,45.55
02/04/2016,45.98
02/03/2016,46.0
02/02/2016,45.42
02/01/2016,45.62
01/29/2016,45.45
01/28/2016,44.3
01/27/2016,44.0
01/26/2016,43.7
01/25/2016,43.5
01/22/2016,43.8
01/21/2016,42.85
01/20/2016,43.26
01/19/2016,44.19
01/15/2016,43.88
01/14/2016,44.77
01/13/2016,44.06
01/12/2016,44.3
01/11/2016,44.58
01/08/2016,44.21
01/07/2016,44.44
01/06/2016,44.85
01/05/2016,45.12
01/04/2016,44.59
12/31/2015,45.07
12/30/2015,45.55
12/29/2015,45.51
12/28/2015,45.28
12/24/2015,45.72
12/23/2015,45.38
12/22/2015,44.94
12/21/2015,44.36
12/18/2015,45.87
12/17/2015,46.54
12/16/2015,46.35
12/15/2015,45.61
12/14/2015,44.93
12/11/2015,45.06
12/10/2015,45.63
12/09/2015,45.96
12/08/2015,45.52
12/07/2015,45.87
12/04/2015,46.03
12/03/2015,45.55
12/02/2015,46.03
12/01/2015,46.81
11/30/2015,46.21
11/27/2015,46.44
11/25/2015,46.45
11/24/2015,46.49
11/23/2015,46.53
11/20/2015,46.88
11/19/2015,46.87
11/18/2015,46.57
11/17/2015,46.54
11/16/2015,46.68
11/13/2015,46.53
11/12/2015,46.53
11/11/2015,46.83
11/10/2015,46.6
11/09/2015,46.46
11/06/2015,46.44
11/05/2015,47.84
11/04/2015,48.24
11/03/2015,48.23
11/02/2015,48.05
10/30/2015,48.25
10/29/2015,48.15
10/27/2015,48.53
10/26/2015,48.61
10/23/2015,49.1
10/22/2015,49.49
10/21/2015,49.17
10/20/2015,49.26
10/19/2015,48.94
10/16/2015,49.2
10/15/2015,48.99
10/14/2015,48.35
10/13/2015,48.4
10/12/2015,48.71
10/09/2015,48.31
10/08/2015,47.8
10/07/2015,47.83
10/06/2015,47.36
10/05/2015,47.5
10/02/2015,46.78
10/01/2015,45.85
09/30/2015,46.52
09/29/2015,45.68
09/28/2015,45.74
09/25/2015,46.67
09/24/2015,45.63
09/23/2015,45.54
09/22/2015,45.68
09/21/2015,46.17
09/17/2015,46.69
09/16/2015,46.45
09/15/2015,46.17
09/14/2015,45.87
09/11/2015,45.86
09/10/2015,45.98
09/09/2015,46.44
09/08/2015,46.14
09/04/2015,45.34
09/03/2015,46.11
09/02/2015,45.7
09/01/2015,45.8
08/31/2015,47.46
08/28/2015,47.88
08/27/2015,47.96
08/26/2015,47.35
08/25/2015,47.0
08/24/2015,47.25
08/21/2015,48.89
08/20/2015,50.07
08/19/2015,50.73
08/18/2015,50.83
08/17/2015,50.87
08/14/2015,50.66
08/13/2015,50.74
08/12/2015,50.21
08/11/2015,49.98
08/10/2015,50.2
08/07/2015,49.97
08/06/2015,49.33
08/05/2015,49.47
08/04/2015,49.96
08/03/2015,50.13
07/31/2015,49.81
07/30/2015,49.34
07/29/2015,49.14
07/28/2015,48.69
07/27/2015,48.36
07/24/2015,48.22
07/23/2015,48.24
07/22/2015,48.72
07/21/2015,48.76
07/20/2015,49.06
07/17/2015,49.96
07/16/2015,49.87
07/15/2015,49.46
07/14/2015,49.5
07/13/2015,49.13
07/10/2015,48.7
07/09/2015,48.41
07/08/2015,48.5
07/07/2015,49.48
07/06/2015,48.16
07/02/2015,48.41
07/01/2015,47.95
06/30/2015,47.93
06/29/2015,48.5
06/26/2015,48.4
06/25/2015,48.33
06/24/2015,48.7
06/23/2015,48.97
06/22/2015,49.25
06/19/2015,49.35
06/17/2015,48.85
06/16/2015,48.82
06/15/2015,48.66
06/11/2015,49.25
06/10/2015,49.1
06/08/2015,48.9
06/05/2015,49.26
06/04/2015,49.94
06/03/2015,50.49
06/01/2015,50.8
05/29/2015,50.39
05/27/2015,50.58
05/26/2015,50.12
05/21/2015,51.0
05/20/2015,51.15
05/19/2015,50.88
05/18/2015,50.6
05/15/2015,50.64
05/14/2015,50.0
05/13/2015,49.99
05/12/2015,49.44
05/11/2015,50.03
05/08/2015,50.26
05/07/2015,49.33
05/06/2015,49.48
05/05/2015,49.32
05/04/2015,50.51
05/01/2015,50.07
04/30/2015,49.95
04/29/2015,50.05
04/28/2015,50.4
04/27/2015,50.45
04/24/2015,50.48
04/23/2015,50.09
04/22/2015,49.85
04/21/2015,49.5
04/20/2015,49.8
04/17/2015,49.13
04/16/2015,49.58
04/15/2015,49.97
04/14/2015,49.37
04/13/2015,48.98
04/10/2015,49.29
04/09/2015,49.03
04/08/2015,49.36
04/07/2015,49.69
04/06/2015,50.3
04/02/2015,49.45
04/01/2015,49.2
03/31/2015,49.18
03/30/2015,49.41
03/27/2015,48.8
03/26/2015,48.73
03/25/2015,49.08
03/24/2015,49.5
03/23/2015,49.75
03/20/2015,49.82
03/19/2015,49.39
03/18/2015,49.47
03/17/2015,48.57
03/16/2015,48.37
03/13/2015,47.7
03/12/2015,48.3
03/11/2015,47.5
03/10/2015,47.65
03/09/2015,48.07
03/06/2015,48.14
03/05/2015,49.11
03/04/2015,48.87
03/03/2015,49.31
03/02/2015,49.23
02/27/2015,49.83
02/26/2015,49.91
02/25/2015,50.4
02/24/2015,50.58
02/23/2015,50.28
02/20/2015,50.02
02/19/2015,49.99
02/18/2015,50.6
02/17/2015,49.61
02/13/2015,49.36
02/12/2015,50.04
02/11/2015,49.98
02/10/2015,50.5
02/09/2015,49.66
02/06/2015,50.04
02/05/2015,51.65
02/04/2015,51.63
02/03/2015,52.36
02/02/2015,51.94
01/30/2015,51.69
01/29/2015,52.7
01/28/2015,51.9
01/27/2015,52.6
01/26/2015,52.44
01/23/2015,52.35
01/22/2015,51.91
01/21/2015,52.3
01/20/2015,51.66
01/16/2015,51.33
01/15/2015,51.04
01/14/2015,50.82
01/13/2015,50.76
01/12/2015,50.59
01/09/2015,51.29
01/08/2015,51.28
01/07/2015,51.0
01/06/2015,50.69
01/05/2015,51.0
01/02/2015,51.21
12/31/2014,51.43
12/30/2014,52.25
12/29/2014,52.97
12/26/2014,52.64
12/24/2014,52.39
12/23/2014,51.8
12/22/2014,51.62
12/19/2014,53.11
12/18/2014,52.7
12/17/2014,51.76
12/16/2014,51.11
12/15/2014,50.99
12/12/2014,52.26
12/11/2014,52.3
12/10/2014,52.11
12/09/2014,52.25
12/08/2014,52.17
12/05/2014,52.21
12/04/2014,52.63
12/03/2014,52.62
12/02/2014,52.66
12/01/2014,53.02
11/28/2014,52.85
11/26/2014,52.5
11/25/2014,52.3
11/24/2014,52.27
11/21/2014,52.5
11/20/2014,52.5
11/19/2014,52.43
11/18/2014,52.57
11/17/2014,52.31
11/14/2014,52.11
11/13/2014,52.14
11/12/2014,52.64
11/11/2014,53.41
11/10/2014,53.29
11/07/2014,52.88
11/06/2014,52.83
11/05/2014,53.55
11/04/2014,52.67
11/03/2014,53.37
10/31/2014,52.85
10/30/2014,52.07
10/29/2014,51.16
10/28/2014,51.63
10/27/2014,51.51
10/24/2014,51.38
10/23/2014,51.07
10/22/2014,50.75
10/21/2014,50.44
10/20/2014,50.25
10/17/2014,49.44
10/16/2014,49.51
10/15/2014,48.66
10/14/2014,49.7
10/13/2014,49.64
10/10/2014,49.6
10/09/2014,49.8
10/08/2014,50.81
10/07/2014,50.22
10/06/2014,50.24
10/03/2014,50.26
10/02/2014,50.1
10/01/2014,50.43
09/30/2014,50.82
09/29/2014,51.0
09/26/2014,50.69
09/25/2014,50.68
09/24/2014,50.94
09/23/2014,50.72
09/22/2014,50.93
09/19/2014,51.3
09/18/2014,50.95
09/17/2014,50.74
09/16/2014,51.13
09/15/2014,50.69
09/12/2014,50.6
09/11/2014,51.18
09/10/2014,51.0
09/09/2014,50.82
09/08/2014,51.5
09/05/2014,51.72
09/04/2014,51.65
09/03/2014,51.51
09/02/2014,51.29
08/29/2014,51.4
08/28/2014,51.22
08/27/2014,50.96
08/26/2014,50.81
08/25/2014,51.19
08/22/2014,50.99
08/21/2014,51.43
08/20/2014,51.21
08/19/2014,51.17
08/18/2014,50.87
08/15/2014,50.57
08/14/2014,50.59
08/13/2014,50.14
08/12/2014,49.9
08/11/2014,50.06
08/08/2014,49.93
08/07/2014,49.2
08/06/2014,49.09
08/05/2014,49.56
08/04/2014,50.13
08/01/2014,50.05
07/31/2014,50.17
07/30/2014,51.08
07/29/2014,51.84
07/28/2014,52.14
07/25/2014,51.65
07/24/2014,51.75
07/23/2014,51.46
07/22/2014,51.77
07/21/2014,51.5
07/18/2014,51.46
07/17/2014,51.33
07/16/2014,51.79
07/15/2014,51.42
07/14/2014,51.12
07/11/2014,51.44
07/10/2014,51.4
07/09/2014,51.48
07/08/2014,51.41
07/07/2014,51.74
07/03/2014,51.72
07/02/2014,51.59
07/01/2014,52.42
06/30/2014,52.53
06/27/2014,51.96
06/26/2014,51.69
06/25/2014,51.75
06/24/2014,51.83
06/23/2014,51.76
06/20/2014,51.84
06/19/2014,52.0
06/18/2014,51.54
06/17/2014,50.76
06/16/2014,50.97
06/13/2014,51.02
06/12/2014,50.62
06/11/2014,50.55
06/10/2014,51.0
06/09/2014,51.16
06/06/2014,51.5
06/05/2014,51.47
06/04/2014,51.08
06/03/2014,51.05
06/02/2014,50.83
05/30/2014,50.75
05/28/2014,50.5
05/27/2014,50.1
05/23/2014,49.88
05/22/2014,49.88
05/21/2014,49.77
05/20/2014,49.58
05/19/2014,49.74
05/16/2014,50.18
05/15/2014,50.15
05/14/2014,50.39
05/13/2014,50.45
05/12/2014,50.52
05/09/2014,50.77
05/08/2014,50.74
05/07/2014,51.04
05/06/2014,50.53
05/05/2014,50.85
05/02/2014,50.9
05/01/2014,51.14
04/30/2014,50.61
04/29/2014,50.89
04/28/2014,50.62
04/25/2014,50.91
04/24/2014,51.08
04/23/2014,50.9
04/22/2014,50.95
04/21/2014,50.72
04/17/2014,50.75
04/16/2014,50.8
04/15/2014,50.15
04/14/2014,49.98
04/11/2014,49.69
04/10/2014,49.89
04/09/2014,50.4
04/08/2014,50.22
04/07/2014,50.25
04/04/2014,50.42
04/03/2014,50.37
04/02/2014,50.27
04/01/2014,50.54
03/31/2014,50.45
03/28/2014,50.17
03/27/2014,49.71
03/26/2014,49.53
03/25/2014,49.53
03/24/2014,49.3
03/21/2014,48.89
03/20/2014,49.71
03/19/2014,50.15
03/18/2014,51.32
03/17/2014,50.68
03/14/2014,50.64
03/13/2014,51.05
03/12/2014,51.5
03/11/2014,51.05
03/10/2014,51.98
03/07/2014,52.26
03/06/2014,52.39
03/05/2014,52.42
03/04/2014,52.25
03/03/2014,50.88
02/28/2014,51.5
02/27/2014,50.88
02/26/2014,51.62
02/25/2014,50.92
02/24/2014,50.13
02/21/2014,49.4
02/20/2014,49.18
02/19/2014,49.31
02/18/2014,49.95
02/14/2014,49.37
02/13/2014,48.92
02/12/2014,48.5
02/11/2014,48.87
02/10/2014,48.04
02/07/2014,47.84
02/06/2014,47.74
02/05/2014,47.06
02/04/2014,46.89
02/03/2014,46.86
01/31/2014,48.29
01/30/2014,48.75
01/29/2014,48.21
01/28/2014,48.54
01/27/2014,48.44
01/24/2014,48.48
01/23/2014,49.42
01/22/2014,49.99
01/21/2014,49.87
01/17/2014,49.07
01/16/2014,48.95
01/15/2014,48.7
01/14/2014,48.06
01/13/2014,47.71
01/10/2014,48.0
01/09/2014,47.76
01/08/2014,48.0
01/07/2014,47.56
01/06/2014,47.41
01/03/2014,47.41
01/02/2014,47.23
12/31/2013,48.09
12/30/2013,47.95
12/27/2013,47.94
12/26/2013,47.72
12/24/2013,47.21
12/23/2013,47.25
12/20/2013,47.4
12/19/2013,47.04
12/18/2013,47.54
12/17/2013,47.04
12/16/2013,47.19
12/13/2013,46.82
12/12/2013,46.96
12/11/2013,47.05
12/10/2013,47.75
12/09/2013,47.83
12/06/2013,48.11
12/05/2013,47.65
12/04/2013,47.71
12/03/2013,47.84
12/02/2013,48.11
11/29/2013,48.63
11/27/2013,47.59
11/26/2013,47.62
11/25/2013,47.64
11/22/2013,47.63
11/21/2013,47.45
11/20/2013,47.1
11/19/2013,47.2
11/18/2013,47.75
11/15/2013,47.54
11/14/2013,46.88
11/13/2013,46.88
11/12/2013,46.66
11/11/2013,46.7
11/08/2013,47.04
11/07/2013,46.58
11/06/2013,47.57
11/05/2013,47.1
11/04/2013,47.59
11/01/2013,47.15
10/31/2013,47.26
10/30/2013,47.31
10/29/2013,47.57
10/28/2013,47.34
10/25/2013,47.22
10/24/2013,47.4
10/23/2013,46.8
10/22/2013,47.49
10/21/2013,47.15
10/18/2013,46.52
10/17/2013,45.96
10/16/2013,45.5
10/15/2013,45.68
10/14/2013,46.21
10/11/2013,45.74
10/10/2013,45.19
10/09/2013,44.93
10/08/2013,44.97
10/07/2013,44.75
10/04/2013,45.12
10/03/2013,45.1
10/02/2013,45.74
10/01/2013,45.42
09/30/2013,45.15
09/27/2013,45.46
09/26/2013,45.45
09/25/2013,45.21
09/24/2013,45.22
09/23/2013,45.52
09/20/2013,45.33
09/19/2013,45.34
09/18/2013,45.6
09/17/2013,44.59
09/16/2013,44.93
09/13/2013,44.97
09/12/2013,44.87
09/11/2013,45.21
09/10/2013,45.31
09/09/2013,44.6
09/06/2013,44.02
09/05/2013,43.73
09/04/2013,44.16
09/03/2013,43.89
08/30/2013,43.43
08/29/2013,43.33
08/28/2013,43.85
08/27/2013,43.67
08/26/2013,44.28
08/23/2013,44.32
08/22/2013,44.14
08/21/2013,43.56
08/20/2013,44.17
08/19/2013,44.47
08/16/2013,44.66
08/15/2013,44.78
08/14/2013,44.75
08/13/2013,44.66
08/12/2013,44.66
08/09/2013,44.7
08/08/2013,44.97
08/07/2013,44.5
08/06/2013,44.64
08/05/2013,44.91
08/02/2013,45.39
08/01/2013,45.41
07/31/2013,44.95
07/30/2013,45.17
07/29/2013,44.89
07/26/2013,45.66
07/25/2013,45.98
07/24/2013,46.17
07/23/2013,46.72
07/22/2013,46.87
07/19/2013,46.28
07/18/2013,46.39
07/17/2013,46.24
07/16/2013,46.03
07/15/2013,45.5
07/12/2013,45.55
07/11/2013,45.7
07/10/2013,44.6
07/09/2013,44.04
07/08/2013,43.13
07/05/2013,42.6
07/03/2013,42.38
07/02/2013,42.32
07/01/2013,42.27
07/01/2013,41.58
06/28/2013,41.4
06/27/2013,41.25
06/26/2013,41.79
06/25/2013,41.43
06/24/2013,42.0
06/21/2013,42.09
06/20/2013,43.38
06/19/2013,44.25
06/18/2013,43.92
06/17/2013,43.26
06/13/2013,43.53
06/12/2013,42.93
06/11/2013,43.11
06/10/2013,43.51
06/07/2013,43.53
06/06/2013,43.08
06/05/2013,43.29
06/04/2013,43.59
06/03/2013,43.62
05/31/2013,43.5
05/30/2013,43.89
05/29/2013,43.47
05/28/2013,43.47
05/24/2013,43.7
05/23/2013,43.52
05/22/2013,44.25
05/21/2013,44.49
05/20/2013,44.25
05/17/2013,43.32
05/16/2013,42.57
05/15/2013,42.84
05/14/2013,43.14
05/13/2013,42.99
05/10/2013,43.11
05/09/2013,43.41
05/08/2013,43.47
05/07/2013,42.65
05/06/2013,42.12
05/03/2013,42.06
05/02/2013,41.58
05/01/2013,41.61
04/30/2013,42.12
04/29/2013,41.91
04/26/2013,41.37
04/25/2013,41.49
04/24/2013,41.25
04/23/2013,40.92
04/22/2013,40.59
04/19/2013,40.14
04/18/2013,39.81
04/17/2013,40.23
04/16/2013,40.89
04/15/2013,40.68
04/12/2013,42.3
04/11/2013,42.93
04/10/2013,42.54
04/09/2013,42.33
04/08/2013,41.91
04/05/2013,42.0
04/04/2013,41.76
04/03/2013,41.11
04/02/2013,41.73
04/01/2013,41.79
03/28/2013,42.45
03/27/2013,42.39
03/26/2013,42.45
03/25/2013,42.24
03/22/2013,42.39
03/21/2013,42.27
03/20/2013,41.94
03/19/2013,41.7
03/18/2013,41.97
03/15/2013,42.03
03/14/2013,42.12
03/13/2013,41.97
03/12/2013,42.18
03/11/2013,42.36
03/08/2013,42.51
03/07/2013,42.42
03/06/2013,42.3
03/05/2013,42.33
03/04/2013,41.82
03/01/2013,41.91
02/28/2013,41.85
02/27/2013,42.09
02/26/2013,41.79
02/25/2013,41.61
02/22/2013,42.63
02/21/2013,42.18
02/20/2013,42.45
02/19/2013,43.08
02/15/2013,42.66
02/14/2013,42.75
02/13/2013,42.63
02/12/2013,42.84
02/11/2013,42.96
02/08/2013,42.66
02/07/2013,42.33
02/06/2013,42.54
02/05/2013,42.51
02/04/2013,42.69
02/01/2013,43.26
01/31/2013,42.99
01/30/2013,43.32
01/29/2013,43.08
01/28/2013,42.96
01/25/2013,43.62
01/24/2013,43.62
01/23/2013,43.56
01/22/2013,43.95
01/18/2013,43.95
01/17/2013,44.16
01/16/2013,43.47
01/15/2013,43.95
01/14/2013,43.56
01/11/2013,42.6
01/10/2013,42.54
01/09/2013,42.24
01/08/2013,41.97
01/07/2013,42.12
01/04/2013,42.18
01/03/2013,42.21
01/02/2013,42.24
12/31/2012,41.28
12/28/2012,40.65
12/27/2012,41.04
12/26/2012,40.74
12/24/2012,40.77
12/21/2012,42.72
12/20/2012,43.68
12/19/2012,43.8
12/18/2012,43.68
12/17/2012,42.48
12/14/2012,41.61
12/13/2012,41.13
12/12/2012,41.19
12/11/2012,41.01
12/10/2012,40.65
12/07/2012,40.77
12/06/2012,40.89
12/05/2012,41.22
12/04/2012,41.19
12/03/2012,41.25
11/30/2012,41.22
11/29/2012,41.64
11/28/2012,41.19
11/27/2012,40.8
11/26/2012,40.95
11/23/2012,40.77
11/21/2012,40.05
11/20/2012,40.11
11/19/2012,40.25
11/16/2012,39.21
11/15/2012,39.18
11/14/2012,39.39
11/13/2012,40.5
11/12/2012,41.01
11/09/2012,41.34
11/08/2012,41.39
11/07/2012,41.52
11/06/2012,42.36
11/05/2012,42.27
11/02/2012,42.4
11/01/2012,42.81
10/31/2012,43.2
10/26/2012,43.56
10/25/2012,43.53
10/24/2012,43.14
10/23/2012,43.35
10/22/2012,44.43
10/19/2012,44.13
10/18/2012,44.61
10/17/2012,44.97
10/16/2012,44.85
10/15/2012,44.1
10/12/2012,43.74
10/11/2012,43.68
10/10/2012,43.62
10/09/2012,44.07
10/08/2012,44.38
10/05/2012,44.76
10/04/2012,44.7
10/03/2012,44.31
10/02/2012,44.34
10/01/2012,44.16
09/28/2012,44.25
09/27/2012,45.0
09/26/2012,44.43
09/25/2012,44.85
09/24/2012,45.21
09/21/2012,45.48
09/20/2012,45.42
09/19/2012,45.72
09/18/2012,45.36
09/17/2012,45.39
09/14/2012,45.66
09/13/2012,45.12
09/12/2012,44.25
09/11/2012,44.34
09/10/2012,43.65
09/07/2012,44.01
09/06/2012,43.11
09/05/2012,42.54
09/04/2012,43.29
08/31/2012,43.23
08/30/2012,43.05
08/29/2012,43.71
08/28/2012,44.1
08/27/2012,44.16
08/24/2012,44.46
08/23/2012,44.67
08/22/2012,45.12
08/21/2012,44.97
08/20/2012,44.85
08/17/2012,44.82
08/16/2012,45.12
08/15/2012,44.28
08/14/2012,43.65
08/13/2012,43.38
08/10/2012,43.54
08/09/2012,43.17
08/08/2012,42.66
08/07/2012,42.45
08/06/2012,42.18
08/03/2012,42.03
08/02/2012,41.25
08/01/2012,41.58
07/31/2012,42.42
07/30/2012,42.03
07/27/2012,42.33
07/26/2012,41.52
07/25/2012,40.65
07/24/2012,40.68
07/23/2012,41.13
07/20/2012,42.03
07/19/2012,42.99
07/18/2012,42.61
07/17/2012,42.59
07/16/2012,42.42
07/13/2012,42.24
07/12/2012,41.73
07/11/2012,42.03
07/10/2012,42.06
07/09/2012,42.57
07/06/2012,42.53
07/05/2012,42.96
07/03/2012,43.32
07/02/2012,42.81
06/29/2012,42.75
06/28/2012,41.34
06/27/2012,40.99
06/26/2012,40.32
06/25/2012,40.47
06/22/2012,41.52
06/21/2012,40.77
06/20/2012,41.82
06/19/2012,41.73
06/18/2012,41.21
06/15/2012,40.74
06/14/2012,40.17
06/13/2012,39.77
06/12/2012,40.23
06/11/2012,39.51
06/08/2012,41.13
06/07/2012,41.31
06/06/2012,41.29
06/05/2012,40.26
06/04/2012,39.72
06/01/2012,39.87
05/31/2012,40.95
05/30/2012,40.56
05/29/2012,41.22
05/25/2012,40.83
05/24/2012,40.53
05/23/2012,40.41
05/22/2012,40.29
05/21/2012,40.56
05/18/2012,39.87
05/17/2012,40.35
05/16/2012,40.84
05/15/2012,41.67
05/14/2012,42.81
05/11/2012,43.74
05/10/2012,44.4
05/09/2012,43.74
05/08/2012,44.82
05/07/2012,45.54
05/04/2012,46.23
05/03/2012,46.74
05/02/2012,46.98
05/01/2012,47.16
04/30/2012,47.37
04/27/2012,47.55
04/26/2012,47.58
04/25/2012,47.64
04/24/2012,46.77
04/23/2012,46.71
04/20/2012,47.58
04/19/2012,47.13
04/18/2012,47.52
04/17/2012,47.73
04/16/2012,46.2
04/13/2012,46.38
04/12/2012,47.25
04/11/2012,45.87
04/10/2012,45.39
04/09/2012,46.41
04/05/2012,46.93
04/04/2012,47.22
04/03/2012,48.39
04/02/2012,49.2
03/30/2012,49.35
03/29/2012,49.41
03/28/2012,49.5
03/27/2012,50.67
03/26/2012,51.03
03/23/2012,50.19
03/22/2012,49.83
03/21/2012,50.58
03/20/2012,51.0
03/19/2012,51.42
03/16/2012,50.67
03/15/2012,50.73
03/14/2012,50.58
03/13/2012,51.78
03/12/2012,50.52
03/09/2012,50.31
03/08/2012,50.37
03/07/2012,49.56
03/06/2012,49.17
03/05/2012,50.46
03/02/2012,50.94
03/01/2012,51.45
02/29/2012,51.27
02/28/2012,51.87
02/27/2012,51.51
02/24/2012,52.11
02/23/2012,52.38
02/22/2012,52.68
02/21/2012,52.14
02/17/2012,51.42
02/16/2012,50.64
02/15/2012,49.89
02/14/2012,49.86
02/13/2012,50.31
02/10/2012,49.77
02/09/2012,51.09
02/08/2012,50.88
02/07/2012,51.21
02/06/2012,51.03
02/03/2012,51.06
02/02/2012,50.55
02/01/2012,50.46
01/31/2012,49.92
01/30/2012,50.4
01/27/2012,50.55
01/26/2012,50.25
01/25/2012,50.4
01/24/2012,49.89
01/23/2012,50.64
01/20/2012,50.25
01/19/2012,50.13
01/18/2012,49.62
01/17/2012,48.66
01/13/2012,46.74
01/12/2012,46.71
01/11/2012,45.93
01/10/2012,45.48
01/09/2012,44.73
01/06/2012,44.4
01/05/2012,45.21
01/04/2012,45.39
01/03/2012,45.6
12/30/2011,44.52
12/29/2011,44.31
12/28/2011,43.86
12/27/2011,44.16
12/23/2011,44.49
12/22/2011,49.65
12/21/2011,49.83
12/20/2011,49.86
12/19/2011,48.42
12/16/2011,49.47
12/15/2011,49.68
12/14/2011,49.7
12/13/2011,50.34
12/12/2011,51.36
12/09/2011,52.53
12/08/2011,51.45
12/07/2011,53.31
12/06/2011,53.07
12/05/2011,53.4
12/02/2011,52.68
12/01/2011,52.89
11/30/2011,52.98
11/29/2011,51.06
11/28/2011,50.49
11/25/2011,49.08
11/23/2011,49.32
11/22/2011,50.79
11/21/2011,51.48
11/18/2011,52.95
11/17/2011,52.5
11/16/2011,53.13
11/15/2011,54.72
11/14/2011,54.63
11/11/2011,55.02
11/10/2011,53.82
11/09/2011,53.94
11/08/2011,56.07
11/07/2011,55.8
11/04/2011,55.56
11/03/2011,56.43
11/02/2011,55.62
11/01/2011,54.78
10/31/2011,56.94
10/28/2011,59.13
10/27/2011,59.55
10/26/2011,56.43
10/25/2011,55.5
10/24/2011,56.67
10/21/2011,55.36
10/20/2011,54.36
10/19/2011,54.39
10/18/2011,55.53
10/17/2011,54.42
10/14/2011,55.62
10/13/2011,54.03
10/12/2011,54.63
10/11/2011,53.43
10/10/2011,53.4
10/07/2011,51.36
10/06/2011,51.45
10/05/2011,50.22
10/04/2011,49.08
10/03/2011,48.81
09/30/2011,51.12
09/29/2011,52.05
09/28/2011,51.69
09/27/2011,52.8
09/26/2011,51.33
09/23/2011,51.45
09/22/2011,51.45
09/21/2011,53.85
09/20/2011,54.42
09/19/2011,55.17
09/16/2011,55.98
09/15/2011,55.65
09/14/2011,54.78
09/13/2011,54.91
09/12/2011,53.79
09/09/2011,54.57
09/08/2011,56.37
09/07/2011,57.17
09/06/2011,55.92
09/02/2011,56.97
09/01/2011,58.56
08/31/2011,59.49
08/30/2011,59.52
08/29/2011,59.61
08/26/2011,57.87
08/25/2011,55.65
08/24/2011,56.49
08/23/2011,56.16
08/22/2011,54.6
08/19/2011,54.99
08/18/2011,55.23
08/17/2011,57.81
08/16/2011,57.45
08/15/2011,59.16
08/12/2011,57.24
08/11/2011,57.51
08/10/2011,55.32
08/09/2011,57.09
08/08/2011,54.27
08/05/2011,59.31
08/04/2011,60.03
08/03/2011,65.49
08/02/2011,65.69
08/01/2011,66.84
07/29/2011,66.87
07/28/2011,67.14
07/27/2011,67.5
07/26/2011,69.36
07/25/2011,68.79
07/22/2011,68.85
07/21/2011,67.05
07/20/2011,65.85
07/19/2011,65.31
07/18/2011,64.23
07/15/2011,64.95
07/14/2011,64.35
07/13/2011,64.83
07/12/2011,63.87
07/11/2011,63.6
07/08/2011,65.91
07/07/2011,66.63
07/06/2011,65.47
07/05/2011,65.1
07/01/2011,65.55
06/30/2011,64.56
06/29/2011,63.36
06/28/2011,62.43
06/27/2011,62.01
06/24/2011,62.67
06/23/2011,63.57
06/22/2011,63.48
06/21/2011,63.84
06/20/2011,62.13
06/17/2011,62.97
06/16/2011,62.43
06/15/2011,62.43
06/14/2011,63.9
06/13/2011,63.36
06/10/2011,63.54
06/09/2011,64.47
06/08/2011,64.14
06/07/2011,65.7
06/06/2011,65.52
06/03/2011,66.39
06/02/2011,66.93
06/01/2011,67.26
05/31/2011,68.1
05/27/2011,68.37
05/26/2011,67.35
05/25/2011,66.42
05/24/2011,66.18
05/23/2011,65.73
05/20/2011,66.87
05/19/2011,67.35
05/18/2011,67.5
05/17/2011,66.48
05/16/2011,66.12
05/13/2011,66.6
05/12/2011,67.41
05/11/2011,67.71
05/10/2011,69.03
05/09/2011,68.37
05/06/2011,67.74
05/05/2011,67.32
05/04/2011,69.06
05/03/2011,69.78
05/02/2011,70.08
04/29/2011,70.47
04/28/2011,70.14
04/27/2011,69.81
04/26/2011,69.39
04/25/2011,68.91
04/21/2011,68.94
04/20/2011,69.12
04/19/2011,67.98
04/18/2011,67.47
04/15/2011,68.04
04/14/2011,67.95
04/13/2011,67.32
04/12/2011,67.2
04/11/2011,69.06
04/08/2011,69.57
04/07/2011,69.12
04/06/2011,69.48
04/05/2011,69.87
04/04/2011,69.9
04/01/2011,69.48
03/31/2011,69.03
03/30/2011,69.84
03/29/2011,68.64
03/28/2011,69.06
03/25/2011,70.65
03/24/2011,70.95
03/23/2011,70.56
03/22/2011,70.8
03/21/2011,71.16
03/18/2011,68.43
03/17/2011,65.85
03/16/2011,63.69
03/15/2011,64.32
03/14/2011,67.38
03/11/2011,76.53
03/10/2011,76.77
03/09/2011,79.08
03/08/2011,79.11
03/07/2011,78.93
03/04/2011,80.19
03/03/2011,80.76
03/02/2011,79.59
03/01/2011,79.71
02/28/2011,80.31
02/25/2011,79.71
02/24/2011,78.54
02/23/2011,78.33
02/22/2011,78.06
02/18/2011,81.33
02/17/2011,81.75
02/16/2011,81.09
02/15/2011,81.54
02/14/2011,82.17
02/11/2011,81.54
02/10/2011,81.42
02/09/2011,81.84
02/08/2011,82.2
02/07/2011,82.23
02/04/2011,81.87
02/03/2011,82.35
02/02/2011,81.18
02/01/2011,80.76
01/31/2011,78.39
01/28/2011,76.65
01/27/2011,77.82
01/26/2011,77.76
01/25/2011,76.74
01/24/2011,77.07
01/21/2011,76.83
01/20/2011,76.91
01/19/2011,77.88
01/18/2011,78.81
01/14/2011,77.46
01/13/2011,76.86
01/12/2011,76.35
01/11/2011,75.48
01/10/2011,74.55
01/07/2011,74.46
01/06/2011,74.64
01/05/2011,75.45
01/04/2011,76.14
01/03/2011,76.98
12/31/2010,76.05
12/30/2010,75.99
12/29/2010,75.87
12/28/2010,74.97
12/27/2010,75.03
12/23/2010,75.36
12/22/2010,77.97
12/21/2010,78.15
12/20/2010,78.06
12/17/2010,77.52
12/16/2010,77.04
12/15/2010,77.1
12/14/2010,77.82
12/13/2010,78.36
12/10/2010,77.25
12/09/2010,76.74
12/08/2010,76.14
12/07/2010,77.55
12/06/2010,77.91
12/03/2010,77.43
12/02/2010,76.83
12/01/2010,75.93
11/30/2010,73.59
11/29/2010,74.34
11/26/2010,74.58
11/24/2010,73.65
11/23/2010,70.59
11/22/2010,71.82
11/19/2010,72.09
11/18/2010,71.67
11/17/2010,69.57
11/16/2010,68.76
11/15/2010,71.76
11/12/2010,72.15
11/11/2010,74.19
11/10/2010,74.04
11/09/2010,73.71
11/08/2010,74.37
11/05/2010,71.58
11/04/2010,71.19
11/03/2010,69.54
11/02/2010,68.91
11/01/2010,67.38
10/29/2010,67.38
10/28/2010,67.53
10/27/2010,67.14
10/26/2010,68.07
10/25/2010,67.71
10/22/2010,66.6
10/21/2010,66.06
10/20/2010,66.75
10/19/2010,65.25
10/18/2010,66.0
10/15/2010,66.45
10/14/2010,66.57
10/13/2010,65.86
10/12/2010,65.4
10/11/2010,65.34
10/08/2010,65.28
10/07/2010,64.44
10/06/2010,64.17
10/05/2010,63.48
10/04/2010,62.82
10/01/2010,64.02
09/30/2010,63.39
09/29/2010,63.9
09/28/2010,64.02
09/27/2010,63.48
09/24/2010,63.24
09/23/2010,61.98
09/22/2010,62.56
09/21/2010,62.55
09/20/2010,62.67
09/17/2010,62.16
09/16/2010,62.58
09/15/2010,63.51
09/14/2010,63.93
09/13/2010,63.54
09/10/2010,62.43
09/09/2010,62.25
09/08/2010,61.86
09/07/2010,61.23
09/03/2010,62.04
09/02/2010,61.2
09/01/2010,60.69
08/31/2010,58.89
08/30/2010,59.52
08/27/2010,60.03
08/26/2010,58.89
08/25/2010,58.83
08/24/2010,58.59
08/23/2010,59.88
08/20/2010,60.21
08/19/2010,60.9
08/18/2010,61.83
08/17/2010,61.2
08/16/2010,59.88
08/13/2010,59.91
08/12/2010,59.97
08/11/2010,60.12
08/10/2010,62.37
08/09/2010,63.0
08/06/2010,62.76
08/05/2010,63.24
08/04/2010,62.55
08/03/2010,62.19
08/02/2010,62.49
07/30/2010,61.5
07/29/2010,61.41
07/28/2010,61.26
07/27/2010,61.38
07/26/2010,60.06
07/23/2010,59.67
07/22/2010,58.89
07/21/2010,57.6
07/20/2010,58.83
07/19/2010,57.75
07/16/2010,57.66
07/15/2010,59.49
07/14/2010,59.4
07/13/2010,59.55
07/12/2010,58.92
07/09/2010,58.44
07/08/2010,57.72
07/07/2010,57.45
07/06/2010,55.74
07/02/2010,55.47
07/01/2010,55.53
06/30/2010,55.56
06/29/2010,56.13
06/28/2010,58.24
06/25/2010,58.77
06/24/2010,57.99
06/23/2010,59.19
06/22/2010,59.21
06/21/2010,60.57
06/18/2010,60.75
06/17/2010,60.09
06/16/2010,60.39
06/15/2010,60.12
06/14/2010,58.86
06/11/2010,58.5
06/10/2010,58.29
06/09/2010,56.94
06/08/2010,57.57
06/07/2010,56.79
06/04/2010,57.33
06/03/2010,59.73
06/02/2010,59.19
06/01/2010,57.66
05/28/2010,58.81
05/27/2010,58.95
05/26/2010,56.1
05/25/2010,56.52
05/24/2010,56.19
05/21/2010,56.76
05/20/2010,55.89
05/19/2010,58.34
05/18/2010,59.07
05/17/2010,60.63
05/14/2010,61.59
05/13/2010,62.55
05/12/2010,63.0
05/11/2010,62.34
05/10/2010,62.4
05/07/2010,59.61
05/06/2010,60.87
05/05/2010,62.91
05/04/2010,64.08
05/03/2010,66.48
04/30/2010,66.78
04/29/2010,67.08
04/28/2010,66.87
04/27/2010,66.78
04/26/2010,68.14
04/23/2010,68.07
04/22/2010,67.89
04/21/2010,67.92
04/20/2010,68.34
04/19/2010,67.53
04/16/2010,67.77
04/15/2010,69.18
04/14/2010,69.69
04/13/2010,69.33
04/12/2010,70.2
04/09/2010,70.02
04/08/2010,69.42
04/07/2010,69.75
04/06/2010,70.59
04/05/2010,70.44
04/01/2010,69.45
