,Date,CrudeOil
0,2023-11-03,80.51
1,2023-11-02,82.46
2,2023-11-01,80.44
3,2023-10-31,81.02
4,2023-10-30,82.31
5,2023-10-27,85.54
6,2023-10-26,83.21
7,2023-10-25,85.39
8,2023-10-24,83.74
9,2023-10-23,85.49
10,2023-10-20,88.75
11,2023-10-19,89.37
12,2023-10-18,88.32
13,2023-10-17,86.66
14,2023-10-16,86.66
15,2023-10-13,87.69
16,2023-10-12,82.91
17,2023-10-11,83.49
18,2023-10-10,85.97
19,2023-10-09,86.38
20,2023-10-06,82.79
21,2023-10-05,82.31
22,2023-10-04,84.22
23,2023-10-03,89.23
24,2023-10-02,88.82
25,2023-09-29,90.79
26,2023-09-28,91.71
27,2023-09-27,93.68
28,2023-09-26,90.39
29,2023-09-25,89.68
30,2023-09-22,90.03
31,2023-09-21,89.63
32,2023-09-20,90.28
33,2023-09-19,91.20
34,2023-09-18,91.48
35,2023-09-15,90.77
36,2023-09-14,90.16
37,2023-09-13,88.52
38,2023-09-12,88.84
39,2023-09-11,87.29
40,2023-09-08,87.51
41,2023-09-07,86.87
42,2023-09-06,87.54
43,2023-09-05,86.69
44,2023-09-04,85.82
45,2023-09-03,85.85
46,2023-09-01,85.55
47,2023-08-31,83.63
48,2023-08-30,81.63
49,2023-08-29,81.16
50,2023-08-28,80.10
51,2023-08-25,79.83
52,2023-08-24,79.05
53,2023-08-23,78.89
54,2023-08-22,80.35
55,2023-08-21,80.72
56,2023-08-18,81.25
57,2023-08-17,80.39
58,2023-08-16,79.38
59,2023-08-15,80.99
60,2023-08-14,82.51
61,2023-08-11,83.19
62,2023-08-10,82.82
63,2023-08-09,84.40
64,2023-08-08,82.92
65,2023-08-07,81.94
66,2023-08-04,82.82
67,2023-08-03,81.55
68,2023-08-02,79.49
69,2023-08-01,81.37
70,2023-07-31,81.80
71,2023-07-28,80.58
72,2023-07-27,80.09
73,2023-07-26,78.78
74,2023-07-25,79.63
75,2023-07-24,78.74
76,2023-07-21,77.07
77,2023-07-20,75.63
78,2023-07-19,75.35
79,2023-07-18,75.75
80,2023-07-17,74.15
81,2023-07-14,75.42
82,2023-07-13,76.89
83,2023-07-12,75.75
84,2023-07-11,74.83
85,2023-07-10,72.99
86,2023-07-07,73.86
87,2023-07-06,71.80
88,2023-07-05,71.79
89,2023-07-04,71.06
90,2023-07-03,69.79
91,2023-06-30,70.64
92,2023-06-29,69.86
93,2023-06-28,69.56
94,2023-06-27,67.70
95,2023-06-26,69.37
96,2023-06-23,69.16
97,2023-06-22,69.51
98,2023-06-21,72.53
99,2023-06-20,70.50
100,2023-06-19,71.31
101,2023-06-18,71.47
102,2023-06-16,71.78
103,2023-06-15,70.62
104,2023-06-14,68.27
105,2023-06-13,69.42
106,2023-06-12,67.12
107,2023-06-09,70.17
108,2023-06-08,71.29
109,2023-06-07,72.53
110,2023-06-06,71.74
111,2023-06-05,72.15
112,2023-06-02,71.74
113,2023-06-01,70.10
114,2023-05-31,68.09
115,2023-05-30,69.46
116,2023-05-29,72.87
117,2023-05-28,73.22
118,2023-05-26,72.67
119,2023-05-25,71.83
120,2023-05-24,74.34
121,2023-05-23,72.91
122,2023-05-22,71.99
123,2023-05-19,71.55
124,2023-05-18,71.86
125,2023-05-17,72.83
126,2023-05-16,70.86
127,2023-05-15,71.11
128,2023-05-12,70.04
129,2023-05-11,70.87
130,2023-05-10,72.56
131,2023-05-09,73.71
132,2023-05-08,73.16
133,2023-05-05,71.34
134,2023-05-04,68.56
135,2023-05-03,68.60
136,2023-05-02,71.66
137,2023-05-01,75.66
138,2023-04-28,76.78
139,2023-04-27,74.76
140,2023-04-26,74.30
141,2023-04-25,77.07
142,2023-04-24,78.76
143,2023-04-21,77.87
144,2023-04-20,77.29
145,2023-04-19,79.16
146,2023-04-18,80.86
147,2023-04-17,80.83
148,2023-04-14,82.52
149,2023-04-13,82.16
150,2023-04-12,83.26
151,2023-04-11,81.53
152,2023-04-10,79.74
153,2023-04-06,80.70
154,2023-04-05,80.61
155,2023-04-04,80.71
156,2023-04-03,80.42
157,2023-03-31,75.67
158,2023-03-30,74.37
159,2023-03-29,72.97
160,2023-03-28,73.20
161,2023-03-27,72.81
162,2023-03-24,69.26
163,2023-03-23,69.96
164,2023-03-22,70.90
165,2023-03-21,69.33
166,2023-03-20,67.64
167,2023-03-17,66.74
168,2023-03-16,68.35
169,2023-03-15,67.61
170,2023-03-14,71.33
171,2023-03-13,74.80
172,2023-03-10,76.68
173,2023-03-09,75.72
174,2023-03-08,76.66
175,2023-03-07,77.58
176,2023-03-06,80.46
177,2023-03-03,79.68
178,2023-03-02,78.16
179,2023-03-01,77.69
180,2023-02-28,77.05
181,2023-02-27,75.68
182,2023-02-24,76.32
183,2023-02-23,75.39
184,2023-02-22,73.95
185,2023-02-21,76.16
186,2023-02-20,77.30
187,2023-02-19,76.67
188,2023-02-17,76.34
189,2023-02-16,78.49
190,2023-02-15,78.59
191,2023-02-14,79.06
192,2023-02-13,80.14
193,2023-02-10,79.72
194,2023-02-09,78.06
195,2023-02-08,78.47
196,2023-02-07,77.14
197,2023-02-06,74.11
198,2023-02-03,73.39
199,2023-02-02,75.88
200,2023-02-01,76.41
201,2023-01-31,78.87
202,2023-01-30,77.90
203,2023-01-27,79.68
204,2023-01-26,81.01
205,2023-01-25,80.15
206,2023-01-24,80.13
207,2023-01-23,81.62
208,2023-01-20,81.64
209,2023-01-19,80.61
210,2023-01-18,79.80
211,2023-01-17,80.45
212,2023-01-16,79.04
213,2023-01-15,79.78
214,2023-01-13,80.11
215,2023-01-12,78.65
216,2023-01-11,77.68
217,2023-01-10,75.37
218,2023-01-09,74.92
219,2023-01-06,74.04
220,2023-01-05,73.92
221,2023-01-04,73.10
222,2023-01-03,77.12
223,2023-01-02,80.47
224,2022-12-30,80.47
225,2022-12-29,78.61
226,2022-12-28,78.60
227,2022-12-27,79.77
228,2022-12-26,80.97
229,2022-12-23,79.34
230,2022-12-22,78.45
231,2022-12-21,78.24
232,2022-12-20,76.23
233,2022-12-19,75.89
234,2022-12-16,74.45
235,2022-12-15,76.25
236,2022-12-14,77.27
237,2022-12-13,75.19
238,2022-12-12,73.44
239,2022-12-11,71.90
240,2022-12-09,71.50
241,2022-12-08,72.06
242,2022-12-07,72.58
243,2022-12-06,74.47
244,2022-12-05,77.40
245,2022-12-04,81.15
246,2022-12-02,80.30
247,2022-12-01,81.33
248,2022-11-30,80.56
249,2022-11-29,78.20
250,2022-11-28,77.24
251,2022-11-25,76.28
252,2022-11-24,77.95
253,2022-11-23,77.94
254,2022-11-22,80.95
255,2022-11-21,79.73
256,2022-11-18,80.08
257,2022-11-17,81.64
258,2022-11-16,85.59
259,2022-11-15,86.92
260,2022-11-14,85.87
261,2022-11-11,88.96
262,2022-11-10,86.47
263,2022-11-09,85.83
264,2022-11-08,88.91
265,2022-11-07,91.79
266,2022-11-04,92.61
267,2022-11-03,88.17
268,2022-11-02,90.00
269,2022-11-01,88.37
270,2022-10-31,86.53
271,2022-10-28,87.90
272,2022-10-27,89.08
273,2022-10-26,87.91
274,2022-10-25,85.32
275,2022-10-24,84.58
276,2022-10-21,85.05
277,2022-10-20,85.98
278,2022-10-19,85.55
279,2022-10-18,82.82
280,2022-10-17,85.46
281,2022-10-14,85.61
282,2022-10-13,89.11
283,2022-10-12,87.27
284,2022-10-11,89.35
285,2022-10-10,91.13
286,2022-10-07,92.64
287,2022-10-06,88.45
288,2022-10-05,87.76
289,2022-10-04,86.52
290,2022-10-03,83.63
291,2022-09-30,79.49
292,2022-09-29,81.23
293,2022-09-28,82.15
294,2022-09-27,78.50
295,2022-09-26,76.71
296,2022-09-23,78.74
297,2022-09-22,83.49
298,2022-09-21,82.94
299,2022-09-20,84.45
300,2022-09-19,85.73
301,2022-09-16,85.11
302,2022-09-15,85.10
303,2022-09-14,88.48
304,2022-09-13,87.31
305,2022-09-12,87.78
306,2022-09-09,86.79
307,2022-09-08,83.54
308,2022-09-07,81.94
309,2022-09-06,86.88
310,2022-09-05,88.96
311,2022-09-04,88.25
312,2022-09-02,86.87
313,2022-09-01,86.61
314,2022-08-31,89.55
315,2022-08-30,91.64
316,2022-08-29,97.01
317,2022-08-26,93.06
318,2022-08-25,92.52
319,2022-08-24,94.89
320,2022-08-23,93.74
321,2022-08-22,90.23
322,2022-08-19,90.77
323,2022-08-18,90.50
324,2022-08-17,88.11
325,2022-08-16,86.53
326,2022-08-15,89.41
327,2022-08-12,92.09
328,2022-08-11,94.34
329,2022-08-10,91.93
330,2022-08-09,90.50
331,2022-08-08,90.76
332,2022-08-05,89.01
333,2022-08-04,88.54
334,2022-08-03,90.66
335,2022-08-02,94.42
336,2022-08-01,93.89
337,2022-07-29,98.62
338,2022-07-28,96.42
339,2022-07-27,97.26
340,2022-07-26,94.98
341,2022-07-25,96.70
342,2022-07-22,94.70
343,2022-07-21,96.35
344,2022-07-20,102.26
345,2022-07-19,104.22
346,2022-07-18,102.60
347,2022-07-15,97.59
348,2022-07-14,95.78
349,2022-07-13,96.30
350,2022-07-12,95.84
351,2022-07-11,104.09
352,2022-07-08,104.79
353,2022-07-07,102.73
354,2022-07-06,98.53
355,2022-07-05,99.50
356,2022-07-04,110.40
357,2022-07-03,108.19
358,2022-07-01,108.43
359,2022-06-30,105.76
360,2022-06-29,109.78
361,2022-06-28,111.76
362,2022-06-27,109.57
363,2022-06-24,107.62
364,2022-06-23,104.27
365,2022-06-22,106.19
366,2022-06-21,110.65
367,2022-06-20,108.84
368,2022-06-19,108.94
369,2022-06-17,109.56
370,2022-06-16,117.59
371,2022-06-15,115.31
372,2022-06-14,118.93
373,2022-06-13,120.93
374,2022-06-10,120.67
375,2022-06-09,121.51
376,2022-06-08,122.11
377,2022-06-07,119.41
378,2022-06-06,118.50
379,2022-06-03,118.87
380,2022-06-02,116.87
381,2022-06-01,115.26
382,2022-05-31,114.67
383,2022-05-30,117.61
384,2022-05-29,115.61
385,2022-05-27,115.07
386,2022-05-26,114.09
387,2022-05-25,110.33
388,2022-05-24,109.77
389,2022-05-23,110.29
390,2022-05-20,113.23
391,2022-05-19,112.21
392,2022-05-18,109.59
393,2022-05-17,112.40
394,2022-05-16,114.20
395,2022-05-13,110.49
396,2022-05-12,106.13
397,2022-05-11,105.71
398,2022-05-10,99.76
399,2022-05-09,103.09
400,2022-05-06,109.77
401,2022-05-05,108.26
402,2022-05-04,107.81
403,2022-05-03,102.41
404,2022-05-02,105.17
405,2022-04-29,104.69
406,2022-04-28,105.36
407,2022-04-27,102.02
408,2022-04-26,101.70
409,2022-04-25,98.54
410,2022-04-22,102.07
411,2022-04-21,103.79
412,2022-04-20,102.75
413,2022-04-19,102.56
414,2022-04-18,108.21
415,2022-04-14,106.95
416,2022-04-13,104.25
417,2022-04-12,100.60
418,2022-04-11,94.29
419,2022-04-08,98.26
420,2022-04-07,96.03
421,2022-04-06,96.23
422,2022-04-05,101.96
423,2022-04-04,103.28
424,2022-04-01,99.27
425,2022-03-31,100.28
426,2022-03-30,107.82
427,2022-03-29,104.24
428,2022-03-28,105.96
429,2022-03-25,113.90
430,2022-03-24,112.34
431,2022-03-23,114.93
432,2022-03-22,111.76
433,2022-03-21,112.12
434,2022-03-18,104.70
435,2022-03-17,102.98
436,2022-03-16,95.04
437,2022-03-15,96.44
438,2022-03-14,103.01
439,2022-03-11,109.33
440,2022-03-10,106.02
441,2022-03-09,108.70
442,2022-03-08,123.70
443,2022-03-07,119.40
444,2022-03-04,115.68
445,2022-03-03,107.67
446,2022-03-02,110.60
447,2022-03-01,103.41
448,2022-02-28,95.72
449,2022-02-25,91.59
450,2022-02-24,92.81
451,2022-02-23,92.10
452,2022-02-22,92.35
453,2022-02-21,92.65
454,2022-02-20,91.62
455,2022-02-18,91.07
456,2022-02-17,91.76
457,2022-02-16,93.66
458,2022-02-15,92.07
459,2022-02-14,95.46
460,2022-02-11,93.10
461,2022-02-10,89.88
462,2022-02-09,89.66
463,2022-02-08,89.36
464,2022-02-07,91.32
465,2022-02-04,92.31
466,2022-02-03,90.27
467,2022-02-02,88.26
468,2022-02-01,88.20
469,2022-01-31,88.15
470,2022-01-28,86.82
471,2022-01-27,86.61
472,2022-01-26,87.35
473,2022-01-25,85.60
474,2022-01-24,83.31
475,2022-01-21,85.14
476,2022-01-20,86.90
477,2022-01-19,86.96
478,2022-01-18,85.43
479,2022-01-17,83.69
480,2022-01-16,83.83
481,2022-01-14,83.82
482,2022-01-13,82.12
483,2022-01-12,82.64
484,2022-01-11,81.22
485,2022-01-10,78.23
486,2022-01-07,78.90
487,2022-01-06,79.46
488,2022-01-05,77.85
489,2022-01-04,76.99
490,2022-01-03,76.08
491,2021-12-31,75.21
492,2021-12-30,76.99
493,2021-12-29,76.56
494,2021-12-28,75.98
495,2021-12-27,75.57
496,2021-12-23,73.79
497,2021-12-22,72.76
498,2021-12-21,71.12
499,2021-12-20,68.23
500,2021-12-17,70.86
501,2021-12-16,72.38
502,2021-12-15,70.87
503,2021-12-14,70.73
504,2021-12-13,71.29
505,2021-12-10,71.67
506,2021-12-09,70.94
507,2021-12-08,72.36
508,2021-12-07,72.05
509,2021-12-06,69.49
510,2021-12-03,66.26
511,2021-12-02,66.50
512,2021-12-01,65.57
513,2021-11-30,66.18
514,2021-11-29,69.95
515,2021-11-26,68.15
516,2021-11-25,77.41
517,2021-11-24,78.39
518,2021-11-23,78.50
519,2021-11-22,76.75
520,2021-11-19,76.10
521,2021-11-18,79.01
522,2021-11-17,78.36
523,2021-11-16,80.76
524,2021-11-15,80.88
525,2021-11-12,80.79
526,2021-11-11,81.59
527,2021-11-10,81.34
528,2021-11-09,84.15
529,2021-11-08,81.93
530,2021-11-05,81.27
531,2021-11-04,78.81
532,2021-11-03,80.86
533,2021-11-02,83.91
534,2021-11-01,84.05
535,2021-10-29,83.57
536,2021-10-28,82.81
537,2021-10-27,82.66
538,2021-10-26,84.65
539,2021-10-25,83.76
540,2021-10-22,83.76
541,2021-10-21,82.50
542,2021-10-20,83.87
543,2021-10-19,82.96
544,2021-10-18,82.44
545,2021-10-15,82.28
546,2021-10-14,81.31
547,2021-10-13,80.44
548,2021-10-12,80.64
549,2021-10-11,80.52
550,2021-10-08,79.35
551,2021-10-07,78.30
552,2021-10-06,77.43
553,2021-10-05,78.93
554,2021-10-04,77.62
555,2021-10-01,75.88
556,2021-09-30,75.03
557,2021-09-29,74.83
558,2021-09-28,75.29
559,2021-09-27,75.45
560,2021-09-24,73.98
561,2021-09-23,73.30
562,2021-09-22,72.23
563,2021-09-21,70.56
564,2021-09-20,70.29
565,2021-09-17,71.97
566,2021-09-16,72.61
567,2021-09-15,72.61
568,2021-09-14,70.46
569,2021-09-13,70.45
570,2021-09-10,69.72
571,2021-09-09,68.14
572,2021-09-08,69.30
573,2021-09-07,68.35
574,2021-09-06,68.80
575,2021-09-05,68.75
576,2021-09-03,69.29
577,2021-09-02,69.99
578,2021-09-01,68.59
579,2021-08-31,68.50
580,2021-08-30,69.21
581,2021-08-27,68.74
582,2021-08-26,67.42
583,2021-08-25,68.36
584,2021-08-24,67.54
585,2021-08-23,65.64
586,2021-08-20,62.32
587,2021-08-19,63.69
588,2021-08-18,65.46
589,2021-08-17,66.59
590,2021-08-16,67.29
591,2021-08-13,68.44
592,2021-08-12,69.09
593,2021-08-11,69.25
594,2021-08-10,68.29
595,2021-08-09,66.48
596,2021-08-06,68.28
597,2021-08-05,69.09
598,2021-08-04,68.15
599,2021-08-03,70.56
600,2021-08-02,71.26
601,2021-07-30,73.95
602,2021-07-29,73.62
603,2021-07-28,72.39
604,2021-07-27,71.65
605,2021-07-26,71.91
606,2021-07-23,72.07
607,2021-07-22,71.91
608,2021-07-21,70.30
609,2021-07-20,67.42
610,2021-07-19,66.42
611,2021-07-16,71.81
612,2021-07-15,71.65
613,2021-07-14,73.13
614,2021-07-13,75.25
615,2021-07-12,74.10
616,2021-07-09,74.56
617,2021-07-08,72.94
618,2021-07-07,72.20
619,2021-07-06,73.37
620,2021-07-05,76.25
621,2021-07-04,75.14
622,2021-07-02,75.16
623,2021-07-01,75.23
624,2021-06-30,73.47
625,2021-06-29,72.98
626,2021-06-28,72.91
627,2021-06-25,74.05
628,2021-06-24,73.30
629,2021-06-23,73.08
630,2021-06-22,73.06
631,2021-06-21,73.66
632,2021-06-18,71.64
633,2021-06-17,71.04
634,2021-06-16,72.15
635,2021-06-15,72.12
636,2021-06-14,70.88
637,2021-06-11,70.91
638,2021-06-10,70.29
639,2021-06-09,69.96
640,2021-06-08,70.05
641,2021-06-07,69.23
642,2021-06-04,69.62
643,2021-06-03,68.81
644,2021-06-02,68.83
645,2021-06-01,67.72
646,2021-05-31,66.96
647,2021-05-30,66.59
648,2021-05-28,66.32
649,2021-05-27,66.85
650,2021-05-26,66.21
651,2021-05-25,66.07
652,2021-05-24,66.05
653,2021-05-21,63.58
654,2021-05-20,62.05
655,2021-05-19,63.36
656,2021-05-18,65.49
657,2021-05-17,66.27
658,2021-05-14,65.37
659,2021-05-13,63.82
660,2021-05-12,66.08
661,2021-05-11,65.28
662,2021-05-10,64.92
663,2021-05-07,64.90
664,2021-05-06,64.71
665,2021-05-05,65.63
666,2021-05-04,65.69
667,2021-05-03,64.49
668,2021-04-30,63.58
669,2021-04-29,65.01
670,2021-04-28,63.86
671,2021-04-27,62.94
672,2021-04-26,61.91
673,2021-04-23,62.14
674,2021-04-22,61.43
675,2021-04-21,61.35
676,2021-04-20,62.44
677,2021-04-19,63.38
678,2021-04-16,63.13
679,2021-04-15,63.46
680,2021-04-14,63.15
681,2021-04-13,60.18
682,2021-04-12,59.70
683,2021-04-09,59.32
684,2021-04-08,59.60
685,2021-04-07,59.77
686,2021-04-06,59.33
687,2021-04-05,58.65
688,2021-04-01,61.45
689,2021-03-31,59.16
690,2021-03-30,60.55
691,2021-03-29,61.56
692,2021-03-26,60.97
693,2021-03-25,58.56
694,2021-03-24,61.18
695,2021-03-23,57.76
696,2021-03-22,61.55
697,2021-03-19,61.42
698,2021-03-18,60.00
699,2021-03-17,64.60
700,2021-03-16,64.80
701,2021-03-15,65.39
702,2021-03-12,65.61
703,2021-03-11,66.02
704,2021-03-10,64.44
705,2021-03-09,64.01
706,2021-03-08,65.05
707,2021-03-05,66.09
708,2021-03-04,63.83
709,2021-03-03,61.28
710,2021-03-02,59.75
711,2021-03-01,60.64
712,2021-02-26,61.50
713,2021-02-25,63.53
714,2021-02-24,63.22
715,2021-02-23,61.67
716,2021-02-22,61.49
717,2021-02-19,59.24
718,2021-02-18,60.52
719,2021-02-17,61.14
720,2021-02-16,60.05
721,2021-02-15,60.09
722,2021-02-14,60.37
723,2021-02-12,59.47
724,2021-02-11,58.24
725,2021-02-10,58.68
726,2021-02-09,58.36
727,2021-02-08,57.97
728,2021-02-05,56.85
729,2021-02-04,56.23
730,2021-02-03,55.69
731,2021-02-02,54.76
732,2021-02-01,53.55
733,2021-01-29,52.20
734,2021-01-28,52.34
735,2021-01-27,52.85
736,2021-01-26,52.61
737,2021-01-25,52.77
738,2021-01-22,52.27
739,2021-01-21,53.13
740,2021-01-20,53.24
741,2021-01-19,52.98
742,2021-01-18,52.36
743,2021-01-17,52.20
744,2021-01-15,52.36
745,2021-01-14,53.57
746,2021-01-13,52.91
747,2021-01-12,53.21
748,2021-01-11,52.25
749,2021-01-08,52.24
750,2021-01-07,50.83
751,2021-01-06,50.63
752,2021-01-05,49.93
753,2021-01-04,47.62
754,2020-12-31,48.52
755,2020-12-30,48.40
756,2020-12-29,48.00
757,2020-12-28,47.62
758,2020-12-24,48.23
759,2020-12-23,48.12
760,2020-12-22,47.02
761,2020-12-21,47.74
762,2020-12-18,49.10
763,2020-12-17,48.36
764,2020-12-16,47.82
765,2020-12-15,47.62
766,2020-12-14,46.99
767,2020-12-11,46.57
768,2020-12-10,46.78
769,2020-12-09,45.52
770,2020-12-08,45.60
771,2020-12-07,45.76
772,2020-12-04,46.26
773,2020-12-03,45.64
774,2020-12-02,45.28
775,2020-12-01,44.55
776,2020-11-30,45.34
777,2020-11-27,45.53
778,2020-11-26,44.98
779,2020-11-25,45.71
780,2020-11-24,44.91
781,2020-11-23,43.06
782,2020-11-20,42.15
783,2020-11-19,41.74
784,2020-11-18,41.82
785,2020-11-17,41.43
786,2020-11-16,41.34
787,2020-11-13,40.13
788,2020-11-12,41.12
789,2020-11-11,41.45
790,2020-11-10,41.36
791,2020-11-09,40.29
792,2020-11-06,37.14
793,2020-11-05,38.79
794,2020-11-04,39.15
795,2020-11-03,37.66
796,2020-11-02,36.81
797,2020-10-30,35.79
798,2020-10-29,36.17
799,2020-10-28,37.39
800,2020-10-27,39.57
801,2020-10-26,38.56
802,2020-10-23,39.85
803,2020-10-22,40.64
804,2020-10-21,40.03
805,2020-10-20,41.46
806,2020-10-19,40.83
807,2020-10-16,40.88
808,2020-10-15,40.96
809,2020-10-14,41.04
810,2020-10-13,40.20
811,2020-10-12,39.43
812,2020-10-09,40.60
813,2020-10-08,41.19
814,2020-10-07,39.95
815,2020-10-06,40.67
816,2020-10-05,39.22
817,2020-10-02,37.05
818,2020-10-01,38.72
819,2020-09-30,40.22
820,2020-09-29,39.29
821,2020-09-28,40.60
822,2020-09-25,40.25
823,2020-09-24,40.31
824,2020-09-23,39.93
825,2020-09-22,39.60
826,2020-09-21,39.31
827,2020-09-18,41.11
828,2020-09-17,40.97
829,2020-09-16,40.16
830,2020-09-15,38.28
831,2020-09-14,37.26
832,2020-09-11,37.33
833,2020-09-10,37.30
834,2020-09-09,38.05
835,2020-09-08,36.76
836,2020-09-07,39.20
837,2020-09-06,38.75
838,2020-09-04,39.77
839,2020-09-03,41.37
840,2020-09-02,41.51
841,2020-09-01,42.76
842,2020-08-31,42.61
843,2020-08-28,42.97
844,2020-08-27,43.04
845,2020-08-26,43.39
846,2020-08-25,43.35
847,2020-08-24,42.62
848,2020-08-21,42.34
849,2020-08-20,42.58
850,2020-08-19,42.93
851,2020-08-18,42.89
852,2020-08-17,42.89
853,2020-08-14,42.01
854,2020-08-13,42.24
855,2020-08-12,42.67
856,2020-08-11,41.61
857,2020-08-10,41.94
858,2020-08-07,41.22
859,2020-08-06,41.95
860,2020-08-05,42.19
861,2020-08-04,41.70
862,2020-08-03,41.01
863,2020-07-31,40.27
864,2020-07-30,39.92
865,2020-07-29,41.27
866,2020-07-28,41.04
867,2020-07-27,41.60
868,2020-07-24,41.29
869,2020-07-23,41.07
870,2020-07-22,41.90
871,2020-07-21,41.96
872,2020-07-20,40.81
873,2020-07-17,40.59
874,2020-07-16,40.75
875,2020-07-15,41.20
876,2020-07-14,40.29
877,2020-07-13,40.10
878,2020-07-10,40.55
879,2020-07-09,39.62
880,2020-07-08,40.90
881,2020-07-07,40.62
882,2020-07-06,40.63
883,2020-07-03,40.28
884,2020-07-02,40.65
885,2020-07-01,39.82
886,2020-06-30,39.27
887,2020-06-29,39.70
888,2020-06-26,38.49
889,2020-06-25,38.72
890,2020-06-24,38.01
891,2020-06-23,40.37
892,2020-06-22,40.46
893,2020-06-19,39.75
894,2020-06-18,38.84
895,2020-06-17,37.96
896,2020-06-16,38.38
897,2020-06-15,37.12
898,2020-06-12,36.26
899,2020-06-11,36.34
900,2020-06-10,39.60
901,2020-06-09,38.94
902,2020-06-08,38.19
903,2020-06-05,39.55
904,2020-06-04,37.41
905,2020-06-03,37.29
906,2020-06-02,36.81
907,2020-06-01,35.44
908,2020-05-29,35.49
909,2020-05-28,33.71
910,2020-05-27,32.81
911,2020-05-26,34.35
912,2020-05-25,33.92
913,2020-05-24,32.90
914,2020-05-22,33.25
915,2020-05-21,33.92
916,2020-05-20,33.49
917,2020-05-19,32.50
918,2020-05-18,31.82
919,2020-05-15,29.43
920,2020-05-14,27.56
921,2020-05-13,25.29
922,2020-05-12,25.78
923,2020-05-11,24.14
924,2020-05-08,24.74
925,2020-05-07,23.55
926,2020-05-06,23.99
927,2020-05-05,24.56
928,2020-05-04,20.39
929,2020-05-01,19.78
930,2020-04-30,18.84
931,2020-04-29,15.06
932,2020-04-28,12.34
933,2020-04-27,12.78
934,2020-04-24,16.94
935,2020-04-23,16.50
936,2020-04-22,13.78
937,2020-04-21,10.01
938,2020-04-20,-37.63
939,2020-04-17,18.27
940,2020-04-16,19.87
941,2020-04-15,19.87
942,2020-04-14,20.11
943,2020-04-13,22.41
944,2020-04-09,22.76
945,2020-04-08,25.09
946,2020-04-07,23.63
947,2020-04-06,26.08
948,2020-04-03,28.34
949,2020-04-02,25.32
950,2020-04-01,20.31
951,2020-03-31,20.48
952,2020-03-30,20.09
953,2020-03-27,21.51
954,2020-03-26,22.60
955,2020-03-25,24.49
956,2020-03-24,24.01
957,2020-03-23,23.36
958,2020-03-20,22.43
959,2020-03-19,25.22
960,2020-03-18,20.37
961,2020-03-17,26.95
962,2020-03-16,28.70
963,2020-03-13,31.73
964,2020-03-12,31.50
965,2020-03-11,32.98
966,2020-03-10,34.36
967,2020-03-09,31.13
968,2020-03-06,41.28
969,2020-03-05,45.90
970,2020-03-04,46.78
971,2020-03-03,47.18
972,2020-03-02,46.75
973,2020-02-28,44.76
974,2020-02-27,47.09
975,2020-02-26,48.73
976,2020-02-25,49.90
977,2020-02-24,51.43
978,2020-02-21,53.38
979,2020-02-20,53.78
980,2020-02-19,53.29
981,2020-02-18,52.05
982,2020-02-17,52.20
983,2020-02-16,52.36
984,2020-02-14,52.05
985,2020-02-13,51.42
986,2020-02-12,51.17
987,2020-02-11,49.94
988,2020-02-10,49.57
989,2020-02-07,50.32
990,2020-02-06,50.95
991,2020-02-05,50.75
992,2020-02-04,49.61
993,2020-02-03,50.11
994,2020-01-31,51.56
995,2020-01-30,52.14
996,2020-01-29,53.33
997,2020-01-28,53.48
998,2020-01-27,53.14
999,2020-01-24,54.19
1000,2020-01-23,55.59
1001,2020-01-22,56.74
1002,2020-01-21,58.34
1003,2020-01-20,58.73
1004,2020-01-19,59.27
1005,2020-01-17,58.54
1006,2020-01-16,58.52
1007,2020-01-15,57.81
1008,2020-01-14,58.23
1009,2020-01-13,58.08
1010,2020-01-10,59.04
1011,2020-01-09,59.56
1012,2020-01-08,59.61
1013,2020-01-07,62.70
1014,2020-01-06,63.27
1015,2020-01-03,63.05
1016,2020-01-02,61.18
1017,2020-01-01,61.33
1018,2019-12-31,61.06
1019,2019-12-30,61.68
1020,2019-12-27,61.72
1021,2019-12-26,61.68
1022,2019-12-25,61.19
1023,2019-12-24,61.11
1024,2019-12-23,60.52
1025,2019-12-20,60.44
1026,2019-12-19,61.22
1027,2019-12-18,60.93
1028,2019-12-17,60.94
1029,2019-12-16,60.21
1030,2019-12-13,60.07
1031,2019-12-12,59.18
1032,2019-12-11,58.76
1033,2019-12-10,59.24
1034,2019-12-09,59.02
1035,2019-12-06,59.20
1036,2019-12-05,58.43
1037,2019-12-04,58.43
1038,2019-12-03,56.10
1039,2019-12-02,55.96
1040,2019-11-29,55.17
1041,2019-11-28,58.08
1042,2019-11-27,58.11
1043,2019-11-26,58.41
1044,2019-11-25,58.01
1045,2019-11-22,57.77
1046,2019-11-21,58.58
1047,2019-11-20,57.11
1048,2019-11-19,55.21
1049,2019-11-18,57.05
1050,2019-11-15,57.72
1051,2019-11-14,56.77
1052,2019-11-13,57.12
1053,2019-11-12,56.80
1054,2019-11-11,56.86
1055,2019-11-08,57.24
1056,2019-11-07,57.15
1057,2019-11-06,56.35
1058,2019-11-05,57.23
1059,2019-11-04,56.54
1060,2019-11-01,56.20
1061,2019-10-31,54.18
1062,2019-10-30,55.06
1063,2019-10-29,55.54
1064,2019-10-28,55.81
1065,2019-10-25,56.66
1066,2019-10-24,56.23
1067,2019-10-23,55.97
1068,2019-10-22,54.16
1069,2019-10-21,53.31
1070,2019-10-18,53.78
1071,2019-10-17,53.93
1072,2019-10-16,53.36
1073,2019-10-15,52.81
1074,2019-10-14,53.59
1075,2019-10-11,54.70
1076,2019-10-10,53.55
1077,2019-10-09,52.59
1078,2019-10-08,52.63
1079,2019-10-07,52.75
1080,2019-10-04,52.81
1081,2019-10-03,52.45
1082,2019-10-02,52.64
1083,2019-10-01,53.62
1084,2019-09-30,54.07
1085,2019-09-27,55.91
1086,2019-09-26,56.41
1087,2019-09-25,56.49
1088,2019-09-24,57.29
1089,2019-09-23,58.64
1090,2019-09-20,58.09
1091,2019-09-19,58.13
1092,2019-09-18,58.11
1093,2019-09-17,59.34
1094,2019-09-16,62.90
1095,2019-09-13,54.85
1096,2019-09-12,55.09
1097,2019-09-11,55.75
1098,2019-09-10,57.40
1099,2019-09-09,57.85
1100,2019-09-06,56.52
1101,2019-09-05,56.30
1102,2019-09-04,56.26
1103,2019-09-03,53.94
1104,2019-09-02,54.66
1105,2019-09-01,54.80
1106,2019-08-30,55.10
1107,2019-08-29,56.71
1108,2019-08-28,55.78
1109,2019-08-27,54.93
1110,2019-08-26,53.64
1111,2019-08-23,54.17
1112,2019-08-22,55.35
1113,2019-08-21,55.68
1114,2019-08-20,56.34
1115,2019-08-19,56.21
1116,2019-08-16,54.87
1117,2019-08-15,54.47
1118,2019-08-14,55.23
1119,2019-08-13,57.10
1120,2019-08-12,54.93
1121,2019-08-09,54.50
1122,2019-08-08,52.54
1123,2019-08-07,51.09
1124,2019-08-06,53.63
1125,2019-08-05,54.69
1126,2019-08-02,55.66
1127,2019-08-01,53.95
1128,2019-07-31,58.58
1129,2019-07-30,58.05
1130,2019-07-29,56.87
1131,2019-07-26,56.20
1132,2019-07-25,56.02
1133,2019-07-24,55.88
1134,2019-07-23,56.77
1135,2019-07-22,56.22
1136,2019-07-19,55.63
1137,2019-07-18,55.30
1138,2019-07-17,56.78
1139,2019-07-16,57.62
1140,2019-07-15,59.58
1141,2019-07-12,60.21
1142,2019-07-11,60.20
1143,2019-07-10,60.43
1144,2019-07-09,57.83
1145,2019-07-08,57.66
1146,2019-07-05,57.51
1147,2019-07-04,56.80
1148,2019-07-03,57.34
1149,2019-07-02,56.25
1150,2019-07-01,59.09
1151,2019-06-28,58.47
1152,2019-06-27,59.43
1153,2019-06-26,59.38
1154,2019-06-25,57.83
1155,2019-06-24,57.90
1156,2019-06-21,57.43
1157,2019-06-20,56.65
1158,2019-06-19,53.76
1159,2019-06-18,53.90
1160,2019-06-17,51.93
1161,2019-06-14,52.51
1162,2019-06-13,52.28
1163,2019-06-12,51.14
1164,2019-06-11,53.27
1165,2019-06-10,53.26
1166,2019-06-07,53.99
1167,2019-06-06,52.59
1168,2019-06-05,51.68
1169,2019-06-04,53.48
1170,2019-06-03,53.25
1171,2019-05-31,53.50
1172,2019-05-30,56.59
1173,2019-05-29,58.81
1174,2019-05-28,59.14
1175,2019-05-27,59.16
1176,2019-05-26,58.77
1177,2019-05-24,58.63
1178,2019-05-23,57.91
1179,2019-05-22,61.42
1180,2019-05-21,62.99
1181,2019-05-20,63.10
1182,2019-05-17,62.76
1183,2019-05-16,62.87
1184,2019-05-15,62.02
1185,2019-05-14,61.78
1186,2019-05-13,61.04
1187,2019-05-10,61.66
1188,2019-05-09,61.70
1189,2019-05-08,62.12
1190,2019-05-07,61.40
1191,2019-05-06,62.25
1192,2019-05-03,61.94
1193,2019-05-02,61.81
1194,2019-05-01,63.60
1195,2019-04-30,63.91
1196,2019-04-29,63.50
1197,2019-04-26,63.30
1198,2019-04-25,65.21
1199,2019-04-24,65.89
1200,2019-04-23,66.30
1201,2019-04-22,65.70
1202,2019-04-18,64.00
1203,2019-04-17,63.76
1204,2019-04-16,64.05
1205,2019-04-15,63.40
1206,2019-04-12,63.89
1207,2019-04-11,63.58
1208,2019-04-10,64.61
1209,2019-04-09,63.98
1210,2019-04-08,64.40
1211,2019-04-05,63.08
1212,2019-04-04,62.10
1213,2019-04-03,62.46
1214,2019-04-02,62.58
1215,2019-04-01,61.59
1216,2019-03-29,60.14
1217,2019-03-28,59.30
1218,2019-03-27,59.41
1219,2019-03-26,59.94
1220,2019-03-25,58.82
1221,2019-03-22,59.04
1222,2019-03-21,59.98
1223,2019-03-20,59.83
1224,2019-03-19,59.03
1225,2019-03-18,59.09
1226,2019-03-15,58.52
1227,2019-03-14,58.61
1228,2019-03-13,58.26
1229,2019-03-12,56.87
1230,2019-03-11,56.79
1231,2019-03-08,56.07
1232,2019-03-07,56.66
1233,2019-03-06,56.22
1234,2019-03-05,56.56
1235,2019-03-04,56.59
1236,2019-03-01,55.80
1237,2019-02-28,57.22
1238,2019-02-27,56.94
1239,2019-02-26,55.50
1240,2019-02-25,55.48
1241,2019-02-22,57.26
1242,2019-02-21,56.96
1243,2019-02-20,56.92
1244,2019-02-19,56.09
1245,2019-02-18,56.27
1246,2019-02-17,56.33
1247,2019-02-15,55.59
1248,2019-02-14,54.41
1249,2019-02-13,53.90
1250,2019-02-12,53.10
1251,2019-02-11,52.41
1252,2019-02-08,52.72
1253,2019-02-07,52.64
1254,2019-02-06,54.01
1255,2019-02-05,53.66
1256,2019-02-04,54.56
1257,2019-02-01,55.26
1258,2019-01-31,53.79
1259,2019-01-30,54.23
1260,2019-01-29,53.31
1261,2019-01-28,51.99
1262,2019-01-25,53.69
1263,2019-01-24,53.13
1264,2019-01-23,52.62
1265,2019-01-22,52.57
1266,2019-01-21,54.24
1267,2019-01-20,53.65
1268,2019-01-18,53.80
1269,2019-01-17,52.07
1270,2019-01-16,52.31
1271,2019-01-15,52.11
1272,2019-01-14,50.51
1273,2019-01-11,51.59
1274,2019-01-10,52.59
1275,2019-01-09,52.36
1276,2019-01-08,49.78
1277,2019-01-07,48.52
1278,2019-01-04,47.96
1279,2019-01-03,47.09
1280,2019-01-02,46.54
1281,2019-01-01,45.89
1282,2018-12-31,45.41
1283,2018-12-28,45.33
1284,2018-12-27,44.61
1285,2018-12-26,46.22
1286,2018-12-25,43.16
1287,2018-12-24,42.53
1288,2018-12-21,45.59
1289,2018-12-20,45.88
1290,2018-12-19,47.20
1291,2018-12-18,46.24
1292,2018-12-17,49.88
1293,2018-12-14,51.20
1294,2018-12-13,52.58
1295,2018-12-12,51.15
1296,2018-12-11,51.65
1297,2018-12-10,51.00
1298,2018-12-07,52.61
1299,2018-12-06,51.49
1300,2018-12-05,52.89
1301,2018-12-04,53.25
1302,2018-12-03,52.95
1303,2018-11-30,50.93
1304,2018-11-29,51.45
1305,2018-11-28,50.29
1306,2018-11-27,51.56
1307,2018-11-26,51.63
1308,2018-11-23,50.42
1309,2018-11-22,54.02
1310,2018-11-21,54.63
1311,2018-11-20,53.43
1312,2018-11-19,56.76
1313,2018-11-16,56.46
1314,2018-11-15,56.46
1315,2018-11-14,56.25
1316,2018-11-13,55.69
1317,2018-11-12,59.93
1318,2018-11-09,60.19
1319,2018-11-08,60.67
1320,2018-11-07,61.67
1321,2018-11-06,62.21
1322,2018-11-05,63.10
1323,2018-11-02,63.14
1324,2018-11-01,63.69
1325,2018-10-31,65.31
1326,2018-10-30,66.18
1327,2018-10-29,67.04
1328,2018-10-26,67.59
1329,2018-10-25,67.33
1330,2018-10-24,66.82
1331,2018-10-23,66.43
1332,2018-10-22,69.17
1333,2018-10-19,69.12
1334,2018-10-18,68.65
1335,2018-10-17,69.75
1336,2018-10-16,71.92
1337,2018-10-15,71.78
1338,2018-10-12,71.34
1339,2018-10-11,70.97
1340,2018-10-10,73.17
1341,2018-10-09,74.96
1342,2018-10-08,74.29
1343,2018-10-05,74.34
1344,2018-10-04,74.33
1345,2018-10-03,76.41
1346,2018-10-02,75.23
1347,2018-10-01,75.30
1348,2018-09-28,73.25
1349,2018-09-27,72.12
1350,2018-09-26,71.57
1351,2018-09-25,72.28
1352,2018-09-24,72.08
1353,2018-09-21,70.78
1354,2018-09-20,70.80
1355,2018-09-19,71.12
1356,2018-09-18,69.85
1357,2018-09-17,68.91
1358,2018-09-14,68.99
1359,2018-09-13,68.59
1360,2018-09-12,70.37
1361,2018-09-11,69.25
1362,2018-09-10,67.54
1363,2018-09-07,67.75
1364,2018-09-06,67.77
1365,2018-09-05,68.72
1366,2018-09-04,69.87
1367,2018-09-03,70.12
1368,2018-09-02,69.92
1369,2018-08-31,69.80
1370,2018-08-30,70.25
1371,2018-08-29,69.51
1372,2018-08-28,68.53
1373,2018-08-27,68.87
1374,2018-08-24,68.72
1375,2018-08-23,67.83
1376,2018-08-22,67.86
1377,2018-08-21,67.35
1378,2018-08-20,66.43
1379,2018-08-17,65.91
1380,2018-08-16,65.46
1381,2018-08-15,65.01
1382,2018-08-14,67.04
1383,2018-08-13,67.20
1384,2018-08-10,67.63
1385,2018-08-09,66.81
1386,2018-08-08,66.94
1387,2018-08-07,69.17
1388,2018-08-06,69.01
1389,2018-08-03,68.49
1390,2018-08-02,68.96
1391,2018-08-01,67.66
1392,2018-07-31,68.76
1393,2018-07-30,70.13
1394,2018-07-27,68.69
1395,2018-07-26,69.61
1396,2018-07-25,69.30
1397,2018-07-24,68.52
1398,2018-07-23,67.89
1399,2018-07-20,70.46
1400,2018-07-19,69.46
1401,2018-07-18,68.76
1402,2018-07-17,68.08
1403,2018-07-16,68.06
1404,2018-07-13,71.01
1405,2018-07-12,70.33
1406,2018-07-11,70.38
1407,2018-07-10,74.11
1408,2018-07-09,73.85
1409,2018-07-06,73.80
1410,2018-07-05,72.94
1411,2018-07-04,74.13
1412,2018-07-03,74.14
1413,2018-07-02,73.94
1414,2018-06-29,74.15
1415,2018-06-28,73.45
1416,2018-06-27,72.76
1417,2018-06-26,70.53
1418,2018-06-25,68.08
1419,2018-06-22,68.58
1420,2018-06-21,65.54
1421,2018-06-20,66.22
1422,2018-06-19,65.07
1423,2018-06-18,65.85
1424,2018-06-15,65.06
1425,2018-06-14,66.89
1426,2018-06-13,66.64
1427,2018-06-12,66.36
1428,2018-06-11,66.10
1429,2018-06-08,65.74
1430,2018-06-07,65.95
1431,2018-06-06,64.73
1432,2018-06-05,65.52
1433,2018-06-04,64.75
1434,2018-06-01,65.81
1435,2018-05-31,67.04
1436,2018-05-30,68.21
1437,2018-05-29,66.73
1438,2018-05-28,67.05
1439,2018-05-27,67.36
1440,2018-05-25,67.88
1441,2018-05-24,70.71
1442,2018-05-23,71.84
1443,2018-05-22,72.13
1444,2018-05-21,72.24
1445,2018-05-18,71.28
1446,2018-05-17,71.49
1447,2018-05-16,71.49
1448,2018-05-15,71.31
1449,2018-05-14,70.96
1450,2018-05-11,70.70
1451,2018-05-10,71.36
1452,2018-05-09,71.14
1453,2018-05-08,69.06
1454,2018-05-07,70.73
1455,2018-05-04,69.72
1456,2018-05-03,68.43
1457,2018-05-02,67.93
1458,2018-05-01,67.25
1459,2018-04-30,68.57
1460,2018-04-27,68.10
1461,2018-04-26,68.19
1462,2018-04-25,68.05
1463,2018-04-24,67.70
1464,2018-04-23,68.64
1465,2018-04-20,68.38
1466,2018-04-19,68.29
1467,2018-04-18,68.47
1468,2018-04-17,66.52
1469,2018-04-16,66.22
1470,2018-04-13,67.39
1471,2018-04-12,67.07
1472,2018-04-11,66.82
1473,2018-04-10,65.51
1474,2018-04-09,63.42
1475,2018-04-06,62.06
1476,2018-04-05,63.54
1477,2018-04-04,63.37
1478,2018-04-03,63.51
1479,2018-04-02,63.01
1480,2018-03-29,64.94
1481,2018-03-28,64.38
1482,2018-03-27,65.25
1483,2018-03-26,65.55
1484,2018-03-23,65.88
1485,2018-03-22,64.30
1486,2018-03-21,65.17
1487,2018-03-20,63.40
1488,2018-03-19,62.06
1489,2018-03-16,62.34
1490,2018-03-15,61.19
1491,2018-03-14,60.96
1492,2018-03-13,60.71
1493,2018-03-12,61.36
1494,2018-03-09,62.04
1495,2018-03-08,60.12
1496,2018-03-07,61.15
1497,2018-03-06,62.60
1498,2018-03-05,62.57
1499,2018-03-02,61.25
1500,2018-03-01,60.99
1501,2018-02-28,61.64
1502,2018-02-27,63.01
1503,2018-02-26,63.91
1504,2018-02-23,63.55
1505,2018-02-22,62.77
1506,2018-02-21,61.68
1507,2018-02-20,61.90
1508,2018-02-19,62.38
1509,2018-02-18,61.72
1510,2018-02-16,61.68
1511,2018-02-15,61.34
1512,2018-02-14,60.60
1513,2018-02-13,59.19
1514,2018-02-12,59.29
1515,2018-02-09,59.20
1516,2018-02-08,61.15
1517,2018-02-07,61.79
1518,2018-02-06,63.39
1519,2018-02-05,64.15
1520,2018-02-02,65.45
1521,2018-02-01,65.80
1522,2018-01-31,64.73
1523,2018-01-30,64.50
1524,2018-01-29,65.56
1525,2018-01-26,66.14
1526,2018-01-25,65.51
1527,2018-01-24,65.61
1528,2018-01-23,64.47
1529,2018-01-22,63.49
1530,2018-01-19,63.37
1531,2018-01-18,63.95
1532,2018-01-17,63.97
1533,2018-01-16,63.73
1534,2018-01-15,64.73
1535,2018-01-14,64.28
1536,2018-01-12,64.30
1537,2018-01-11,63.80
1538,2018-01-10,63.57
1539,2018-01-09,62.96
1540,2018-01-08,61.73
1541,2018-01-05,61.44
1542,2018-01-04,62.01
1543,2018-01-03,61.63
1544,2018-01-02,60.37
1545,2018-01-01,60.24
1546,2017-12-29,60.42
1547,2017-12-28,59.84
1548,2017-12-27,59.64
1549,2017-12-26,59.97
1550,2017-12-25,58.59
1551,2017-12-22,58.47
1552,2017-12-21,58.36
1553,2017-12-20,58.09
1554,2017-12-19,57.46
1555,2017-12-18,57.16
1556,2017-12-15,57.30
1557,2017-12-14,57.04
1558,2017-12-13,56.60
1559,2017-12-12,57.14
1560,2017-12-11,57.99
1561,2017-12-08,57.36
1562,2017-12-07,56.69
1563,2017-12-06,55.96
1564,2017-12-05,57.62
1565,2017-12-04,57.47
1566,2017-12-01,58.36
1567,2017-11-30,57.40
1568,2017-11-29,57.30
1569,2017-11-28,57.99
1570,2017-11-27,58.11
1571,2017-11-24,58.95
1572,2017-11-23,58.38
1573,2017-11-22,58.02
1574,2017-11-21,56.83
1575,2017-11-20,56.09
1576,2017-11-17,56.55
1577,2017-11-16,55.14
1578,2017-11-15,55.33
1579,2017-11-14,55.70
1580,2017-11-13,56.76
1581,2017-11-10,56.74
1582,2017-11-09,57.17
1583,2017-11-08,56.81
1584,2017-11-07,57.20
1585,2017-11-06,57.35
1586,2017-11-03,55.64
1587,2017-11-02,54.54
1588,2017-11-01,54.30
1589,2017-10-31,54.38
1590,2017-10-30,54.15
1591,2017-10-27,53.90
1592,2017-10-26,52.64
1593,2017-10-25,52.18
1594,2017-10-24,52.47
1595,2017-10-23,51.90
1596,2017-10-20,51.47
1597,2017-10-19,51.29
1598,2017-10-18,52.04
1599,2017-10-17,51.88
1600,2017-10-16,51.87
1601,2017-10-13,51.45
1602,2017-10-12,50.60
1603,2017-10-11,51.30
1604,2017-10-10,50.92
1605,2017-10-09,49.58
1606,2017-10-06,49.29
1607,2017-10-05,50.79
1608,2017-10-04,49.98
1609,2017-10-03,50.42
1610,2017-10-02,50.58
1611,2017-09-29,51.67
1612,2017-09-28,51.56
1613,2017-09-27,52.14
1614,2017-09-26,51.88
1615,2017-09-25,52.22
1616,2017-09-22,50.66
1617,2017-09-21,50.55
1618,2017-09-20,50.41
1619,2017-09-19,49.48
1620,2017-09-18,49.91
1621,2017-09-15,49.89
1622,2017-09-14,49.89
1623,2017-09-13,49.30
1624,2017-09-12,48.23
1625,2017-09-11,48.07
1626,2017-09-08,47.48
1627,2017-09-07,49.09
1628,2017-09-06,49.16
1629,2017-09-05,48.66
1630,2017-09-04,47.41
1631,2017-09-03,47.32
1632,2017-09-01,47.29
1633,2017-08-31,47.23
1634,2017-08-30,45.96
1635,2017-08-29,46.44
1636,2017-08-28,46.57
1637,2017-08-25,47.87
1638,2017-08-24,47.43
1639,2017-08-23,48.41
1640,2017-08-22,47.64
1641,2017-08-21,47.37
1642,2017-08-18,48.51
1643,2017-08-17,47.09
1644,2017-08-16,46.78
1645,2017-08-15,47.55
1646,2017-08-14,47.59
1647,2017-08-11,48.82
1648,2017-08-10,48.59
1649,2017-08-09,49.56
1650,2017-08-08,49.17
1651,2017-08-07,49.39
1652,2017-08-04,49.58
1653,2017-08-03,49.03
1654,2017-08-02,49.59
1655,2017-08-01,49.16
1656,2017-07-31,50.17
1657,2017-07-28,49.71
1658,2017-07-27,49.04
1659,2017-07-26,48.75
1660,2017-07-25,47.89
1661,2017-07-24,46.34
1662,2017-07-21,45.77
1663,2017-07-20,46.79
1664,2017-07-19,47.12
1665,2017-07-18,46.40
1666,2017-07-17,46.02
1667,2017-07-14,46.54
1668,2017-07-13,46.08
1669,2017-07-12,45.49
1670,2017-07-11,45.04
1671,2017-07-10,44.40
1672,2017-07-07,44.23
1673,2017-07-06,45.52
1674,2017-07-05,45.13
1675,2017-07-04,47.13
1676,2017-07-03,47.07
1677,2017-06-30,46.04
1678,2017-06-29,44.93
1679,2017-06-28,44.74
1680,2017-06-27,44.24
1681,2017-06-26,43.38
1682,2017-06-23,43.01
1683,2017-06-22,42.74
1684,2017-06-21,42.53
1685,2017-06-20,43.23
1686,2017-06-19,44.20
1687,2017-06-16,44.74
1688,2017-06-15,44.46
1689,2017-06-14,44.73
1690,2017-06-13,46.46
1691,2017-06-12,46.08
1692,2017-06-09,45.83
1693,2017-06-08,45.64
1694,2017-06-07,45.72
1695,2017-06-06,48.19
1696,2017-06-05,47.40
1697,2017-06-02,47.66
1698,2017-06-01,48.36
1699,2017-05-31,48.32
1700,2017-05-30,49.66
1701,2017-05-29,49.97
1702,2017-05-28,49.94
1703,2017-05-26,49.80
1704,2017-05-25,48.90
1705,2017-05-24,51.36
1706,2017-05-23,51.47
1707,2017-05-22,50.73
1708,2017-05-19,50.33
1709,2017-05-18,49.35
1710,2017-05-17,49.07
1711,2017-05-16,48.66
1712,2017-05-15,48.85
1713,2017-05-12,47.84
1714,2017-05-11,47.83
1715,2017-05-10,47.33
1716,2017-05-09,45.88
1717,2017-05-08,46.43
1718,2017-05-05,46.22
1719,2017-05-04,45.52
1720,2017-05-03,47.82
1721,2017-05-02,47.66
1722,2017-05-01,48.84
1723,2017-04-28,49.33
1724,2017-04-27,48.97
1725,2017-04-26,49.62
1726,2017-04-25,49.56
1727,2017-04-24,49.23
1728,2017-04-21,49.62
1729,2017-04-20,50.27
1730,2017-04-19,50.44
1731,2017-04-18,52.41
1732,2017-04-17,52.65
1733,2017-04-13,53.18
1734,2017-04-12,53.11
1735,2017-04-11,53.40
1736,2017-04-10,53.08
1737,2017-04-07,52.24
1738,2017-04-06,51.70
1739,2017-04-05,51.15
1740,2017-04-04,51.03
1741,2017-04-03,50.24
1742,2017-03-31,50.60
1743,2017-03-30,50.35
1744,2017-03-29,49.51
1745,2017-03-28,48.37
1746,2017-03-27,47.73
1747,2017-03-24,47.97
1748,2017-03-23,47.70
1749,2017-03-22,48.04
1750,2017-03-21,47.34
1751,2017-03-20,48.22
1752,2017-03-17,48.78
1753,2017-03-16,48.75
1754,2017-03-15,48.86
1755,2017-03-14,47.72
1756,2017-03-13,48.40
1757,2017-03-10,48.49
1758,2017-03-09,49.28
1759,2017-03-08,50.28
1760,2017-03-07,53.14
1761,2017-03-06,53.20
1762,2017-03-03,53.33
1763,2017-03-02,52.61
1764,2017-03-01,53.83
1765,2017-02-28,54.01
1766,2017-02-27,54.05
1767,2017-02-24,53.99
1768,2017-02-23,54.45
1769,2017-02-22,53.59
1770,2017-02-21,54.06
1771,2017-02-20,53.97
1772,2017-02-19,53.79
1773,2017-02-17,53.40
1774,2017-02-16,53.36
1775,2017-02-15,53.11
1776,2017-02-14,53.20
1777,2017-02-13,52.93
1778,2017-02-10,53.86
1779,2017-02-09,53.00
1780,2017-02-08,52.34
1781,2017-02-07,52.17
1782,2017-02-06,53.01
1783,2017-02-03,53.83
1784,2017-02-02,53.54
1785,2017-02-01,53.88
1786,2017-01-31,52.81
1787,2017-01-30,52.63
1788,2017-01-27,53.17
1789,2017-01-26,53.78
1790,2017-01-25,52.75
1791,2017-01-24,53.18
1792,2017-01-23,52.75
1793,2017-01-20,52.42
1794,2017-01-19,51.37
1795,2017-01-18,51.08
1796,2017-01-17,52.48
1797,2017-01-16,52.52
1798,2017-01-15,52.45
1799,2017-01-13,52.37
1800,2017-01-12,53.01
1801,2017-01-11,52.25
1802,2017-01-10,50.82
1803,2017-01-09,51.96
1804,2017-01-06,53.99
1805,2017-01-05,53.76
1806,2017-01-04,53.26
1807,2017-01-03,52.33
1808,2017-01-02,54.03
1809,2016-12-30,53.72
1810,2016-12-29,53.77
1811,2016-12-28,54.06
1812,2016-12-27,53.90
1813,2016-12-26,53.19
1814,2016-12-23,53.02
1815,2016-12-22,52.95
1816,2016-12-21,52.49
1817,2016-12-20,52.23
1818,2016-12-19,52.12
1819,2016-12-16,51.90
1820,2016-12-15,50.90
1821,2016-12-14,51.04
1822,2016-12-13,52.98
1823,2016-12-12,52.83
1824,2016-12-09,51.50
1825,2016-12-08,50.84
1826,2016-12-07,49.77
1827,2016-12-06,50.93
1828,2016-12-05,51.79
1829,2016-12-02,51.68
1830,2016-12-01,51.06
1831,2016-11-30,49.44
1832,2016-11-29,45.23
1833,2016-11-28,47.08
1834,2016-11-25,46.06
1835,2016-11-24,47.98
1836,2016-11-23,47.96
1837,2016-11-22,48.03
1838,2016-11-21,47.49
1839,2016-11-18,45.69
1840,2016-11-17,45.42
1841,2016-11-16,45.57
1842,2016-11-15,45.81
1843,2016-11-14,43.32
1844,2016-11-11,43.41
1845,2016-11-10,44.66
1846,2016-11-09,45.27
1847,2016-11-08,44.98
1848,2016-11-07,44.89
1849,2016-11-04,44.07
1850,2016-11-03,44.66
1851,2016-11-02,45.34
1852,2016-11-01,46.67
1853,2016-10-31,46.86
1854,2016-10-28,48.70
1855,2016-10-27,49.72
1856,2016-10-26,49.18
1857,2016-10-25,49.96
1858,2016-10-24,50.52
1859,2016-10-21,50.85
1860,2016-10-20,50.43
1861,2016-10-19,51.60
1862,2016-10-18,50.29
1863,2016-10-17,49.94
1864,2016-10-14,50.35
1865,2016-10-13,50.44
1866,2016-10-12,50.18
1867,2016-10-11,50.79
1868,2016-10-10,51.35
1869,2016-10-07,49.81
1870,2016-10-06,50.44
1871,2016-10-05,49.83
1872,2016-10-04,48.69
1873,2016-10-03,48.81
1874,2016-09-30,48.24
1875,2016-09-29,47.83
1876,2016-09-28,47.05
1877,2016-09-27,44.67
1878,2016-09-26,45.93
1879,2016-09-23,44.48
1880,2016-09-22,46.32
1881,2016-09-21,45.34
1882,2016-09-20,43.44
1883,2016-09-19,43.30
1884,2016-09-16,43.03
1885,2016-09-15,43.91
1886,2016-09-14,43.58
1887,2016-09-13,44.90
1888,2016-09-12,46.29
1889,2016-09-09,45.88
1890,2016-09-08,47.62
1891,2016-09-07,45.50
1892,2016-09-06,44.83
1893,2016-09-05,45.07
1894,2016-09-04,44.11
1895,2016-09-02,44.44
1896,2016-09-01,43.16
1897,2016-08-31,44.70
1898,2016-08-30,46.35
1899,2016-08-29,46.98
1900,2016-08-26,47.64
1901,2016-08-25,47.33
1902,2016-08-24,46.77
1903,2016-08-23,48.10
1904,2016-08-22,47.05
1905,2016-08-19,48.52
1906,2016-08-18,48.22
1907,2016-08-17,46.79
1908,2016-08-16,46.58
1909,2016-08-15,45.74
1910,2016-08-12,44.49
1911,2016-08-11,43.49
1912,2016-08-10,41.71
1913,2016-08-09,42.77
1914,2016-08-08,43.02
1915,2016-08-05,41.80
1916,2016-08-04,41.93
1917,2016-08-03,40.83
1918,2016-08-02,39.51
1919,2016-08-01,40.06
1920,2016-07-29,41.60
1921,2016-07-28,41.14
1922,2016-07-27,41.92
1923,2016-07-26,42.92
1924,2016-07-25,43.13
1925,2016-07-22,44.19
1926,2016-07-21,44.75
1927,2016-07-20,44.94
1928,2016-07-19,44.65
1929,2016-07-18,45.24
1930,2016-07-15,45.95
1931,2016-07-14,45.68
1932,2016-07-13,44.75
1933,2016-07-12,46.80
1934,2016-07-11,44.76
1935,2016-07-08,45.41
1936,2016-07-07,45.14
1937,2016-07-06,47.43
1938,2016-07-05,46.60
1939,2016-07-04,48.65
1940,2016-07-03,49.01
1941,2016-07-01,48.99
1942,2016-06-30,48.33
1943,2016-06-29,49.88
1944,2016-06-28,47.85
1945,2016-06-27,46.33
1946,2016-06-24,47.64
1947,2016-06-23,50.11
1948,2016-06-22,49.13
1949,2016-06-21,48.85
1950,2016-06-20,49.37
1951,2016-06-17,47.98
1952,2016-06-16,46.21
1953,2016-06-15,48.01
1954,2016-06-14,48.49
1955,2016-06-13,48.88
1956,2016-06-10,49.07
1957,2016-06-09,50.56
1958,2016-06-08,51.23
1959,2016-06-07,50.36
1960,2016-06-06,49.69
1961,2016-06-03,48.62
1962,2016-06-02,49.17
1963,2016-06-01,49.01
1964,2016-05-31,49.10
1965,2016-05-30,49.51
1966,2016-05-29,49.58
1967,2016-05-27,49.33
1968,2016-05-26,49.48
1969,2016-05-25,49.56
1970,2016-05-24,48.62
1971,2016-05-23,48.08
1972,2016-05-20,47.75
1973,2016-05-19,48.16
1974,2016-05-18,48.19
1975,2016-05-17,48.31
1976,2016-05-16,47.72
1977,2016-05-13,46.21
1978,2016-05-12,46.70
1979,2016-05-11,46.23
1980,2016-05-10,44.66
1981,2016-05-09,43.44
1982,2016-05-06,44.66
1983,2016-05-05,44.32
1984,2016-05-04,43.78
1985,2016-05-03,43.65
1986,2016-05-02,44.78
1987,2016-04-29,45.92
1988,2016-04-28,46.03
1989,2016-04-27,45.33
1990,2016-04-26,44.04
1991,2016-04-25,42.64
1992,2016-04-22,43.73
1993,2016-04-21,43.18
1994,2016-04-20,42.63
1995,2016-04-19,41.08
1996,2016-04-18,39.78
1997,2016-04-15,40.36
1998,2016-04-14,41.50
1999,2016-04-13,41.76
2000,2016-04-12,42.17
2001,2016-04-11,40.36
2002,2016-04-08,39.72
2003,2016-04-07,37.26
2004,2016-04-06,37.75
2005,2016-04-05,35.89
2006,2016-04-04,35.70
2007,2016-04-01,36.79
2008,2016-03-31,38.34
2009,2016-03-30,38.32
2010,2016-03-29,38.28
2011,2016-03-28,39.39
2012,2016-03-24,39.46
2013,2016-03-23,39.79
2014,2016-03-22,41.45
2015,2016-03-21,39.91
2016,2016-03-18,39.44
2017,2016-03-17,40.20
2018,2016-03-16,38.46
2019,2016-03-15,36.34
2020,2016-03-14,37.18
2021,2016-03-11,38.50
2022,2016-03-10,37.84
2023,2016-03-09,38.29
2024,2016-03-08,36.50
2025,2016-03-07,37.90
2026,2016-03-04,35.92
2027,2016-03-03,34.57
2028,2016-03-02,34.66
2029,2016-03-01,34.40
2030,2016-02-29,33.75
2031,2016-02-26,32.78
2032,2016-02-25,33.07
2033,2016-02-24,32.15
2034,2016-02-23,31.87
2035,2016-02-22,31.48
2036,2016-02-19,29.64
2037,2016-02-18,30.77
2038,2016-02-17,30.66
2039,2016-02-16,29.04
2040,2016-02-15,30.60
2041,2016-02-14,29.08
2042,2016-02-12,29.44
2043,2016-02-11,26.21
2044,2016-02-10,27.45
2045,2016-02-09,27.94
2046,2016-02-08,29.69
2047,2016-02-05,30.89
2048,2016-02-04,31.72
2049,2016-02-03,32.28
2050,2016-02-02,29.88
2051,2016-02-01,31.62
2052,2016-01-29,33.62
2053,2016-01-28,33.22
2054,2016-01-27,32.30
2055,2016-01-26,31.45
2056,2016-01-25,30.34
2057,2016-01-22,32.19
2058,2016-01-21,29.53
2059,2016-01-20,26.55
2060,2016-01-19,28.46
2061,2016-01-18,30.02
2062,2016-01-17,29.75
2063,2016-01-15,29.42
2064,2016-01-14,31.20
2065,2016-01-13,30.48
2066,2016-01-12,30.44
2067,2016-01-11,31.41
2068,2016-01-08,33.16
2069,2016-01-07,33.27
2070,2016-01-06,33.97
2071,2016-01-05,35.97
2072,2016-01-04,36.76
2073,2015-12-31,37.04
2074,2015-12-30,36.60
2075,2015-12-29,37.87
2076,2015-12-28,36.81
2077,2015-12-24,38.10
2078,2015-12-23,37.50
2079,2015-12-22,36.14
2080,2015-12-21,34.74
2081,2015-12-18,34.73
2082,2015-12-17,34.95
2083,2015-12-16,35.52
2084,2015-12-15,37.35
2085,2015-12-14,36.31
2086,2015-12-11,35.62
2087,2015-12-10,36.76
2088,2015-12-09,37.16
2089,2015-12-08,37.51
2090,2015-12-07,37.65
2091,2015-12-04,39.97
2092,2015-12-03,41.08
2093,2015-12-02,39.94
2094,2015-12-01,41.85
2095,2015-11-30,41.65
2096,2015-11-27,41.71
2097,2015-11-26,42.59
2098,2015-11-25,43.04
2099,2015-11-24,42.87
2100,2015-11-23,41.75
2101,2015-11-20,40.39
2102,2015-11-19,40.54
2103,2015-11-18,40.75
2104,2015-11-17,40.67
2105,2015-11-16,41.74
2106,2015-11-13,40.74
2107,2015-11-12,41.75
2108,2015-11-11,42.93
2109,2015-11-10,44.21
2110,2015-11-09,43.87
2111,2015-11-06,44.29
2112,2015-11-05,45.20
2113,2015-11-04,46.32
2114,2015-11-03,47.90
2115,2015-11-02,46.14
2116,2015-10-30,46.59
2117,2015-10-29,46.06
2118,2015-10-28,45.94
2119,2015-10-27,43.20
2120,2015-10-26,43.98
2121,2015-10-23,44.60
2122,2015-10-22,45.38
2123,2015-10-21,45.20
2124,2015-10-20,45.55
2125,2015-10-19,45.89
2126,2015-10-16,47.26
2127,2015-10-15,46.38
2128,2015-10-14,46.64
2129,2015-10-13,46.66
2130,2015-10-12,47.10
2131,2015-10-09,49.63
2132,2015-10-08,49.43
2133,2015-10-07,47.81
2134,2015-10-06,48.53
2135,2015-10-05,46.26
2136,2015-10-02,45.54
2137,2015-10-01,44.74
2138,2015-09-30,45.09
2139,2015-09-29,45.23
2140,2015-09-28,44.43
2141,2015-09-25,45.70
2142,2015-09-24,44.91
2143,2015-09-23,44.48
2144,2015-09-22,45.83
2145,2015-09-21,46.68
2146,2015-09-18,44.68
2147,2015-09-17,46.90
2148,2015-09-16,47.15
2149,2015-09-15,44.59
2150,2015-09-14,44.00
2151,2015-09-11,44.63
2152,2015-09-10,45.92
2153,2015-09-09,44.15
2154,2015-09-08,45.94
2155,2015-09-07,44.70
2156,2015-09-06,45.72
2157,2015-09-04,46.05
2158,2015-09-03,46.75
2159,2015-09-02,46.25
2160,2015-09-01,45.41
2161,2015-08-31,49.20
2162,2015-08-28,45.22
2163,2015-08-27,42.56
2164,2015-08-26,38.60
2165,2015-08-25,39.31
2166,2015-08-24,38.24
2167,2015-08-21,40.45
2168,2015-08-20,41.14
2169,2015-08-19,40.80
2170,2015-08-18,42.62
2171,2015-08-17,41.87
2172,2015-08-14,42.50
2173,2015-08-13,42.23
2174,2015-08-12,43.30
2175,2015-08-11,43.08
2176,2015-08-10,44.96
2177,2015-08-07,43.87
2178,2015-08-06,44.66
2179,2015-08-05,45.15
2180,2015-08-04,45.74
2181,2015-08-03,45.17
2182,2015-07-31,47.12
2183,2015-07-30,48.52
2184,2015-07-29,48.79
2185,2015-07-28,47.98
2186,2015-07-27,47.39
2187,2015-07-24,48.14
2188,2015-07-23,48.45
2189,2015-07-22,49.19
2190,2015-07-21,50.36
2191,2015-07-20,50.15
2192,2015-07-17,50.89
2193,2015-07-16,50.91
2194,2015-07-15,51.41
2195,2015-07-14,53.04
2196,2015-07-13,52.20
2197,2015-07-10,52.74
2198,2015-07-09,52.78
2199,2015-07-08,51.65
2200,2015-07-07,52.33
2201,2015-07-06,52.53
2202,2015-07-03,55.52
2203,2015-07-02,56.93
2204,2015-07-01,56.96
2205,2015-06-30,59.47
2206,2015-06-29,58.33
2207,2015-06-26,59.63
2208,2015-06-25,59.70
2209,2015-06-24,60.27
2210,2015-06-23,61.01
2211,2015-06-22,59.68
2212,2015-06-19,59.61
2213,2015-06-18,60.45
2214,2015-06-17,59.92
2215,2015-06-16,59.97
2216,2015-06-15,59.52
2217,2015-06-12,59.96
2218,2015-06-11,60.77
2219,2015-06-10,61.43
2220,2015-06-09,60.14
2221,2015-06-08,58.14
2222,2015-06-05,59.13
2223,2015-06-04,58.00
2224,2015-06-03,59.64
2225,2015-06-02,61.26
2226,2015-06-01,60.20
2227,2015-05-29,60.30
2228,2015-05-28,57.68
2229,2015-05-27,57.51
2230,2015-05-26,58.03
2231,2015-05-25,59.85
2232,2015-05-24,59.92
2233,2015-05-22,59.72
2234,2015-05-21,60.72
2235,2015-05-20,58.98
2236,2015-05-19,57.26
2237,2015-05-18,59.43
2238,2015-05-15,59.69
2239,2015-05-14,59.88
2240,2015-05-13,60.50
2241,2015-05-12,60.75
2242,2015-05-11,59.25
2243,2015-05-08,59.39
2244,2015-05-07,58.94
2245,2015-05-06,60.93
2246,2015-05-05,60.40
2247,2015-05-04,58.93
2248,2015-05-01,59.15
2249,2015-04-30,59.63
2250,2015-04-29,58.58
2251,2015-04-28,57.06
2252,2015-04-27,56.99
2253,2015-04-24,57.15
2254,2015-04-23,57.74
2255,2015-04-22,56.16
2256,2015-04-21,55.26
2257,2015-04-20,56.38
2258,2015-04-17,55.74
2259,2015-04-16,56.71
2260,2015-04-15,56.39
2261,2015-04-14,53.29
2262,2015-04-13,51.91
2263,2015-04-10,51.64
2264,2015-04-09,50.79
2265,2015-04-08,50.42
2266,2015-04-07,53.98
2267,2015-04-06,52.14
2268,2015-04-03,49.14
2269,2015-04-02,49.14
2270,2015-04-01,50.09
2271,2015-03-31,47.60
2272,2015-03-30,48.68
2273,2015-03-27,48.87
2274,2015-03-26,51.43
2275,2015-03-25,49.21
2276,2015-03-24,47.51
2277,2015-03-23,47.45
2278,2015-03-20,45.72
2279,2015-03-19,43.96
2280,2015-03-18,44.66
2281,2015-03-17,43.46
2282,2015-03-16,43.88
2283,2015-03-13,44.84
2284,2015-03-12,47.05
2285,2015-03-11,48.17
2286,2015-03-10,48.29
2287,2015-03-09,50.00
2288,2015-03-06,49.61
2289,2015-03-05,50.76
2290,2015-03-04,51.53
2291,2015-03-03,50.52
2292,2015-03-02,49.59
2293,2015-02-27,49.76
2294,2015-02-26,48.17
2295,2015-02-25,50.99
2296,2015-02-24,49.28
2297,2015-02-23,49.45
2298,2015-02-20,50.34
2299,2015-02-19,51.16
2300,2015-02-18,52.14
2301,2015-02-17,53.53
2302,2015-02-16,53.61
2303,2015-02-15,54.06
2304,2015-02-13,52.78
2305,2015-02-12,51.21
2306,2015-02-11,48.84
2307,2015-02-10,50.02
2308,2015-02-09,52.86
2309,2015-02-06,51.69
2310,2015-02-05,50.48
2311,2015-02-04,48.45
2312,2015-02-03,53.05
2313,2015-02-02,49.57
2314,2015-01-30,48.24
2315,2015-01-29,44.53
2316,2015-01-28,44.45
2317,2015-01-27,46.23
2318,2015-01-26,45.15
2319,2015-01-23,45.59
2320,2015-01-22,46.31
2321,2015-01-21,47.78
2322,2015-01-20,46.39
2323,2015-01-19,47.78
2324,2015-01-18,48.85
2325,2015-01-16,48.69
2326,2015-01-15,46.25
2327,2015-01-14,48.48
2328,2015-01-13,45.89
2329,2015-01-12,46.07
2330,2015-01-09,48.36
2331,2015-01-08,48.79
2332,2015-01-07,48.65
2333,2015-01-06,47.93
2334,2015-01-05,50.04
2335,2015-01-02,52.69
2336,2015-01-01,54.56
2337,2014-12-31,53.27
2338,2014-12-30,54.12
2339,2014-12-29,53.61
2340,2014-12-26,54.73
2341,2014-12-25,55.92
2342,2014-12-24,55.84
2343,2014-12-23,57.12
2344,2014-12-22,55.26
2345,2014-12-19,56.52
2346,2014-12-18,54.11
2347,2014-12-17,56.47
2348,2014-12-16,55.93
2349,2014-12-15,55.91
2350,2014-12-12,57.81
2351,2014-12-11,59.95
2352,2014-12-10,60.94
2353,2014-12-09,63.82
2354,2014-12-08,63.05
2355,2014-12-05,65.84
2356,2014-12-04,66.81
2357,2014-12-03,67.38
2358,2014-12-02,66.88
2359,2014-12-01,69.00
2360,2014-11-28,66.15
2361,2014-11-27,68.55
2362,2014-11-26,73.69
2363,2014-11-25,74.09
2364,2014-11-24,75.78
2365,2014-11-21,76.51
2366,2014-11-20,75.58
2367,2014-11-19,74.58
2368,2014-11-18,74.61
2369,2014-11-17,75.64
2370,2014-11-14,75.82
2371,2014-11-13,74.21
2372,2014-11-12,77.18
2373,2014-11-11,77.94
2374,2014-11-10,77.40
2375,2014-11-07,78.65
2376,2014-11-06,77.91
2377,2014-11-05,78.68
2378,2014-11-04,77.19
2379,2014-11-03,78.78
2380,2014-10-31,80.54
2381,2014-10-30,81.12
2382,2014-10-29,82.20
2383,2014-10-28,81.42
2384,2014-10-27,81.00
2385,2014-10-24,81.01
2386,2014-10-23,82.09
2387,2014-10-22,80.52
2388,2014-10-21,82.81
2389,2014-10-20,82.71
2390,2014-10-17,82.75
2391,2014-10-16,82.70
2392,2014-10-15,81.78
2393,2014-10-14,81.84
2394,2014-10-13,85.74
2395,2014-10-10,85.82
2396,2014-10-09,85.77
2397,2014-10-08,87.31
2398,2014-10-07,88.85
2399,2014-10-06,90.34
2400,2014-10-03,89.74
2401,2014-10-02,91.01
2402,2014-10-01,90.73
2403,2014-09-30,91.16
2404,2014-09-29,94.57
2405,2014-09-26,93.54
2406,2014-09-25,92.53
2407,2014-09-24,92.80
2408,2014-09-23,91.56
2409,2014-09-22,91.52
2410,2014-09-19,92.41
2411,2014-09-18,93.07
2412,2014-09-17,94.42
2413,2014-09-16,94.88
2414,2014-09-15,92.92
2415,2014-09-12,92.27
2416,2014-09-11,92.83
2417,2014-09-10,91.67
2418,2014-09-09,92.75
2419,2014-09-08,92.66
2420,2014-09-05,93.29
2421,2014-09-04,94.45
2422,2014-09-03,95.54
2423,2014-09-02,92.88
2424,2014-09-01,95.83
2425,2014-08-29,95.96
2426,2014-08-28,94.55
2427,2014-08-27,93.88
2428,2014-08-26,93.86
2429,2014-08-25,93.35
2430,2014-08-22,93.65
2431,2014-08-21,93.96
2432,2014-08-20,96.07
2433,2014-08-19,94.48
2434,2014-08-18,96.41
2435,2014-08-15,97.35
2436,2014-08-14,95.58
2437,2014-08-13,97.59
2438,2014-08-12,97.37
2439,2014-08-11,98.08
2440,2014-08-08,97.65
2441,2014-08-07,97.34
2442,2014-08-06,96.92
2443,2014-08-05,97.38
2444,2014-08-04,98.29
2445,2014-08-01,97.88
2446,2014-07-31,98.17
2447,2014-07-30,100.27
2448,2014-07-29,100.97
2449,2014-07-28,101.67
2450,2014-07-25,102.09
2451,2014-07-24,102.07
2452,2014-07-23,103.12
2453,2014-07-22,104.42
2454,2014-07-21,104.59
2455,2014-07-18,103.13
2456,2014-07-17,103.19
2457,2014-07-16,101.20
2458,2014-07-15,99.96
2459,2014-07-14,100.91
2460,2014-07-11,100.83
2461,2014-07-10,102.93
2462,2014-07-09,102.29
2463,2014-07-08,103.40
2464,2014-07-07,103.53
2465,2014-07-04,103.76
2466,2014-07-03,104.06
2467,2014-07-02,104.48
2468,2014-07-01,105.34
2469,2014-06-30,105.37
2470,2014-06-27,105.74
2471,2014-06-26,105.84
2472,2014-06-25,106.50
2473,2014-06-24,106.03
2474,2014-06-23,106.17
2475,2014-06-20,107.26
2476,2014-06-19,106.43
2477,2014-06-18,105.97
2478,2014-06-17,106.36
2479,2014-06-16,106.90
2480,2014-06-13,106.91
2481,2014-06-12,106.53
2482,2014-06-11,104.40
2483,2014-06-10,104.35
2484,2014-06-09,104.41
2485,2014-06-06,102.66
2486,2014-06-05,102.48
2487,2014-06-04,102.64
2488,2014-06-03,102.66
2489,2014-06-02,102.47
2490,2014-05-30,102.71
2491,2014-05-29,103.58
2492,2014-05-28,102.72
2493,2014-05-27,104.11
2494,2014-05-26,104.28
2495,2014-05-23,104.35
2496,2014-05-22,103.74
2497,2014-05-21,104.07
2498,2014-05-20,102.44
2499,2014-05-19,102.61
2500,2014-05-16,102.02
2501,2014-05-15,101.50
2502,2014-05-14,102.37
2503,2014-05-13,101.70
2504,2014-05-12,100.59
2505,2014-05-09,99.99
2506,2014-05-08,100.26
2507,2014-05-07,100.77
2508,2014-05-06,99.50
2509,2014-05-05,99.48
2510,2014-05-02,99.76
2511,2014-05-01,99.42
2512,2014-04-30,99.74
2513,2014-04-29,101.28
2514,2014-04-28,100.84
2515,2014-04-25,100.60
2516,2014-04-24,101.94
2517,2014-04-23,101.44
2518,2014-04-22,102.13
2519,2014-04-21,104.37
2520,2014-04-17,104.30
2521,2014-04-16,103.76
2522,2014-04-15,103.75
2523,2014-04-14,104.05
2524,2014-04-11,103.74
2525,2014-04-10,103.40
2526,2014-04-09,103.60
2527,2014-04-08,102.56
2528,2014-04-07,100.44
2529,2014-04-04,101.14
2530,2014-04-03,100.29
2531,2014-04-02,99.62
2532,2014-04-01,99.74
2533,2014-03-31,101.58
2534,2014-03-28,101.67
2535,2014-03-27,101.28
2536,2014-03-26,100.26
2537,2014-03-25,99.19
2538,2014-03-24,99.60
2539,2014-03-21,99.46
2540,2014-03-20,99.43
2541,2014-03-19,100.37
2542,2014-03-18,99.70
2543,2014-03-17,98.08
2544,2014-03-14,98.89
2545,2014-03-13,98.20
2546,2014-03-12,97.99
2547,2014-03-11,100.03
2548,2014-03-10,101.12
2549,2014-03-07,102.58
2550,2014-03-06,101.56
2551,2014-03-05,101.45
2552,2014-03-04,103.33
2553,2014-03-03,104.92
2554,2014-02-28,102.59
2555,2014-02-27,102.40
2556,2014-02-26,102.59
2557,2014-02-25,101.83
2558,2014-02-24,102.82
2559,2014-02-21,102.20
2560,2014-02-20,102.92
2561,2014-02-19,103.31
2562,2014-02-18,102.43
2563,2014-02-17,100.58
2564,2014-02-14,100.30
2565,2014-02-13,100.35
2566,2014-02-12,100.37
2567,2014-02-11,99.94
2568,2014-02-10,100.06
2569,2014-02-07,99.88
2570,2014-02-06,97.84
2571,2014-02-05,97.38
2572,2014-02-04,97.19
2573,2014-02-03,96.43
2574,2014-01-31,97.49
2575,2014-01-30,98.23
2576,2014-01-29,97.36
2577,2014-01-28,97.41
2578,2014-01-27,95.72
2579,2014-01-24,96.64
2580,2014-01-23,97.32
2581,2014-01-22,96.73
2582,2014-01-21,94.99
2583,2014-01-20,93.93
2584,2014-01-17,94.37
2585,2014-01-16,93.96
2586,2014-01-15,94.17
2587,2014-01-14,92.59
2588,2014-01-13,91.80
2589,2014-01-10,92.72
2590,2014-01-09,91.66
2591,2014-01-08,92.33
2592,2014-01-07,93.67
2593,2014-01-06,93.43
2594,2014-01-03,93.96
2595,2014-01-02,95.44
2596,2014-01-01,98.70
2597,2013-12-31,98.42
2598,2013-12-30,99.29
2599,2013-12-27,100.32
2600,2013-12-26,99.55
2601,2013-12-24,99.22
2602,2013-12-23,98.91
2603,2013-12-20,99.32
2604,2013-12-19,98.77
2605,2013-12-18,97.80
2606,2013-12-17,97.22
2607,2013-12-16,97.48
2608,2013-12-13,96.60
2609,2013-12-12,97.50
2610,2013-12-11,97.44
2611,2013-12-10,98.51
2612,2013-12-09,97.34
2613,2013-12-06,97.65
2614,2013-12-05,97.38
2615,2013-12-04,97.20
2616,2013-12-03,96.04
2617,2013-12-02,93.82
2618,2013-11-29,92.72
2619,2013-11-28,92.28
2620,2013-11-27,92.30
2621,2013-11-26,93.68
2622,2013-11-25,94.09
2623,2013-11-22,94.84
2624,2013-11-21,95.44
2625,2013-11-20,93.33
2626,2013-11-19,93.34
2627,2013-11-18,93.03
2628,2013-11-15,93.84
2629,2013-11-14,93.76
2630,2013-11-13,93.88
2631,2013-11-12,93.04
2632,2013-11-11,95.14
2633,2013-11-08,94.60
2634,2013-11-07,94.20
2635,2013-11-06,94.80
2636,2013-11-05,93.37
2637,2013-11-04,94.62
2638,2013-11-01,94.61
2639,2013-10-31,96.38
2640,2013-10-30,96.77
2641,2013-10-29,98.20
2642,2013-10-28,98.68
2643,2013-10-25,97.85
2644,2013-10-24,97.11
2645,2013-10-23,96.86
2646,2013-10-22,97.80
2647,2013-10-21,99.22
2648,2013-10-18,100.81
2649,2013-10-17,100.67
2650,2013-10-16,102.29
2651,2013-10-15,101.21
2652,2013-10-14,102.41
2653,2013-10-11,102.02
2654,2013-10-10,103.01
2655,2013-10-09,101.61
2656,2013-10-08,103.49
2657,2013-10-07,103.03
2658,2013-10-04,103.84
2659,2013-10-03,103.31
2660,2013-10-02,104.10
2661,2013-10-01,102.04
2662,2013-09-30,102.33
2663,2013-09-27,102.87
2664,2013-09-26,103.03
2665,2013-09-25,102.66
2666,2013-09-24,103.13
2667,2013-09-23,103.59
2668,2013-09-20,104.68
2669,2013-09-19,106.39
2670,2013-09-18,108.07
2671,2013-09-17,105.42
2672,2013-09-16,106.59
2673,2013-09-13,108.21
2674,2013-09-12,108.60
2675,2013-09-11,107.56
2676,2013-09-10,107.39
2677,2013-09-09,109.52
2678,2013-09-06,110.53
2679,2013-09-05,108.37
2680,2013-09-04,107.23
2681,2013-09-03,108.54
2682,2013-09-02,106.75
2683,2013-08-30,107.65
2684,2013-08-29,108.80
2685,2013-08-28,110.10
2686,2013-08-27,109.01
2687,2013-08-26,105.92
2688,2013-08-23,106.42
2689,2013-08-22,105.03
2690,2013-08-21,103.85
2691,2013-08-20,104.96
2692,2013-08-19,107.10
2693,2013-08-16,107.46
2694,2013-08-15,107.33
2695,2013-08-14,106.85
2696,2013-08-13,106.83
2697,2013-08-12,106.11
2698,2013-08-09,105.97
2699,2013-08-08,103.40
2700,2013-08-07,104.37
2701,2013-08-06,105.30
2702,2013-08-05,106.56
2703,2013-08-02,106.94
2704,2013-08-01,107.89
2705,2013-07-31,105.03
2706,2013-07-30,103.08
2707,2013-07-29,104.55
2708,2013-07-26,104.70
2709,2013-07-25,105.49
2710,2013-07-24,105.39
2711,2013-07-23,107.23
2712,2013-07-22,106.91
2713,2013-07-19,108.05
2714,2013-07-18,108.04
2715,2013-07-17,106.48
2716,2013-07-16,106.00
2717,2013-07-15,106.32
2718,2013-07-12,105.95
2719,2013-07-11,104.91
2720,2013-07-10,106.52
2721,2013-07-09,103.53
2722,2013-07-08,103.14
2723,2013-07-05,103.22
2724,2013-07-04,101.40
2725,2013-07-03,101.24
2726,2013-07-02,99.60
2727,2013-07-01,97.99
2728,2013-06-28,96.56
2729,2013-06-27,97.05
2730,2013-06-26,95.50
2731,2013-06-25,95.32
2732,2013-06-24,95.18
2733,2013-06-21,93.69
2734,2013-06-20,95.40
2735,2013-06-19,98.24
2736,2013-06-18,98.44
2737,2013-06-17,97.77
2738,2013-06-14,97.85
2739,2013-06-13,96.69
2740,2013-06-12,95.88
2741,2013-06-11,95.38
2742,2013-06-10,95.77
2743,2013-06-07,96.03
2744,2013-06-06,94.76
2745,2013-06-05,93.74
2746,2013-06-04,93.31
2747,2013-06-03,93.45
2748,2013-05-31,91.97
2749,2013-05-30,93.61
2750,2013-05-29,93.13
2751,2013-05-28,95.01
2752,2013-05-27,93.83
2753,2013-05-24,94.15
2754,2013-05-23,94.25
2755,2013-05-22,94.28
2756,2013-05-21,96.16
2757,2013-05-20,96.71
2758,2013-05-17,96.02
2759,2013-05-16,95.16
2760,2013-05-15,94.30
2761,2013-05-14,94.21
2762,2013-05-13,95.17
2763,2013-05-10,96.04
2764,2013-05-09,96.39
2765,2013-05-08,96.62
2766,2013-05-07,95.62
2767,2013-05-06,96.16
2768,2013-05-03,95.61
2769,2013-05-02,93.99
2770,2013-05-01,91.03
2771,2013-04-30,93.46
2772,2013-04-29,94.50
2773,2013-04-26,93.00
2774,2013-04-25,93.64
2775,2013-04-24,91.43
2776,2013-04-23,89.18
2777,2013-04-22,88.76
2778,2013-04-19,88.01
2779,2013-04-18,87.73
2780,2013-04-17,86.68
2781,2013-04-16,88.72
2782,2013-04-15,88.71
2783,2013-04-12,91.29
2784,2013-04-11,93.51
2785,2013-04-10,94.64
2786,2013-04-09,94.20
2787,2013-04-08,93.36
2788,2013-04-05,92.70
2789,2013-04-04,93.26
2790,2013-04-03,94.45
2791,2013-04-02,97.19
2792,2013-04-01,97.07
2793,2013-03-28,97.23
2794,2013-03-27,96.58
2795,2013-03-26,96.34
2796,2013-03-25,94.81
2797,2013-03-22,93.71
2798,2013-03-21,92.45
2799,2013-03-20,92.96
2800,2013-03-19,92.16
2801,2013-03-18,93.74
2802,2013-03-15,93.45
2803,2013-03-14,93.03
2804,2013-03-13,92.52
2805,2013-03-12,92.54
2806,2013-03-11,92.06
2807,2013-03-08,91.95
2808,2013-03-07,91.56
2809,2013-03-06,90.43
2810,2013-03-05,90.82
2811,2013-03-04,90.12
2812,2013-03-01,90.68
2813,2013-02-28,92.05
2814,2013-02-27,92.76
2815,2013-02-26,92.63
2816,2013-02-25,93.11
2817,2013-02-22,93.13
2818,2013-02-21,92.84
2819,2013-02-20,94.46
2820,2013-02-19,96.66
2821,2013-02-15,95.86
2822,2013-02-14,97.31
2823,2013-02-13,97.01
2824,2013-02-12,97.51
2825,2013-02-11,97.03
2826,2013-02-08,95.72
2827,2013-02-07,95.83
2828,2013-02-06,96.62
2829,2013-02-05,96.64
2830,2013-02-04,96.17
2831,2013-02-01,97.77
2832,2013-01-31,97.49
2833,2013-01-30,97.94
2834,2013-01-29,97.57
2835,2013-01-28,96.44
2836,2013-01-25,95.88
2837,2013-01-24,95.95
2838,2013-01-23,95.23
2839,2013-01-22,96.24
2840,2013-01-18,95.56
2841,2013-01-17,95.49
2842,2013-01-16,94.24
2843,2013-01-15,93.28
2844,2013-01-14,94.14
2845,2013-01-11,93.56
2846,2013-01-10,93.82
2847,2013-01-09,93.10
2848,2013-01-08,93.15
2849,2013-01-07,93.19
2850,2013-01-04,93.09
2851,2013-01-03,92.92
2852,2013-01-02,93.12
2853,2012-12-31,91.82
2854,2012-12-28,90.80
2855,2012-12-27,90.87
2856,2012-12-26,90.98
2857,2012-12-24,88.61
2858,2012-12-21,88.66
2859,2012-12-20,90.13
2860,2012-12-19,89.51
2861,2012-12-18,87.93
2862,2012-12-17,87.20
2863,2012-12-14,86.73
2864,2012-12-13,85.89
2865,2012-12-12,86.77
2866,2012-12-11,85.79
2867,2012-12-10,85.56
2868,2012-12-07,85.93
2869,2012-12-06,86.26
2870,2012-12-05,87.88
2871,2012-12-04,88.50
2872,2012-12-03,89.09
2873,2012-11-30,88.91
2874,2012-11-29,88.07
2875,2012-11-28,86.49
2876,2012-11-27,87.18
2877,2012-11-26,87.74
2878,2012-11-23,88.28
2879,2012-11-21,87.38
2880,2012-11-20,86.75
2881,2012-11-19,89.28
2882,2012-11-16,86.67
2883,2012-11-15,85.45
2884,2012-11-14,86.32
2885,2012-11-13,85.38
2886,2012-11-12,85.57
2887,2012-11-09,86.07
2888,2012-11-08,85.09
2889,2012-11-07,84.44
2890,2012-11-06,88.71
2891,2012-11-05,85.65
2892,2012-11-02,84.86
2893,2012-11-01,87.09
2894,2012-10-31,86.24
2895,2012-10-30,85.68
2896,2012-10-29,85.54
2897,2012-10-26,86.28
2898,2012-10-25,86.05
2899,2012-10-24,85.73
2900,2012-10-23,86.67
2901,2012-10-22,88.73
2902,2012-10-19,90.05
2903,2012-10-18,92.10
2904,2012-10-17,92.12
2905,2012-10-16,92.09
2906,2012-10-15,91.85
2907,2012-10-12,91.86
2908,2012-10-11,92.07
2909,2012-10-10,91.25
2910,2012-10-09,92.39
2911,2012-10-08,89.33
2912,2012-10-05,89.88
2913,2012-10-04,91.71
2914,2012-10-03,88.14
2915,2012-10-02,91.89
2916,2012-10-01,92.48
2917,2012-09-28,92.19
2918,2012-09-27,91.85
2919,2012-09-26,89.98
2920,2012-09-25,91.37
2921,2012-09-24,91.93
2922,2012-09-21,92.89
2923,2012-09-20,91.87
2924,2012-09-19,91.98
2925,2012-09-18,95.29
2926,2012-09-17,96.62
2927,2012-09-14,99.00
2928,2012-09-13,98.31
2929,2012-09-12,97.01
2930,2012-09-11,97.17
2931,2012-09-10,96.54
2932,2012-09-07,96.42
2933,2012-09-06,95.53
2934,2012-09-05,95.36
2935,2012-09-04,95.30
2936,2012-08-31,96.47
2937,2012-08-30,94.62
2938,2012-08-29,95.49
2939,2012-08-28,96.33
2940,2012-08-27,95.47
2941,2012-08-24,96.15
2942,2012-08-23,96.27
2943,2012-08-22,97.26
2944,2012-08-21,96.68
2945,2012-08-20,95.97
2946,2012-08-17,96.01
2947,2012-08-16,95.60
2948,2012-08-15,94.33
2949,2012-08-14,93.43
2950,2012-08-13,92.73
2951,2012-08-10,92.87
2952,2012-08-09,93.36
2953,2012-08-08,93.35
2954,2012-08-07,93.67
2955,2012-08-06,92.20
2956,2012-08-03,91.40
2957,2012-08-02,87.13
2958,2012-08-01,88.91
2959,2012-07-31,88.06
2960,2012-07-30,89.78
2961,2012-07-27,90.13
2962,2012-07-26,89.39
2963,2012-07-25,88.97
2964,2012-07-24,88.50
2965,2012-07-23,88.14
2966,2012-07-20,91.44
2967,2012-07-19,92.66
2968,2012-07-18,89.87
2969,2012-07-17,89.22
2970,2012-07-16,88.43
2971,2012-07-13,87.10
2972,2012-07-12,86.08
2973,2012-07-11,85.81
2974,2012-07-10,83.91
2975,2012-07-09,85.99
2976,2012-07-06,84.45
2977,2012-07-05,87.22
2978,2012-07-03,87.66
2979,2012-07-02,83.75
2980,2012-06-29,84.96
2981,2012-06-28,77.69
2982,2012-06-27,80.21
2983,2012-06-26,79.36
2984,2012-06-25,79.21
2985,2012-06-22,79.76
2986,2012-06-21,78.20
2987,2012-06-20,81.80
2988,2012-06-19,84.03
2989,2012-06-18,83.27
2990,2012-06-15,84.03
2991,2012-06-14,83.91
2992,2012-06-13,82.62
2993,2012-06-12,83.32
2994,2012-06-11,82.70
2995,2012-06-08,84.10
2996,2012-06-07,84.82
2997,2012-06-06,85.02
2998,2012-06-05,84.29
2999,2012-06-04,83.98
3000,2012-06-01,83.23
3001,2012-05-31,86.53
3002,2012-05-30,87.82
3003,2012-05-29,90.76
3004,2012-05-25,90.86
3005,2012-05-24,90.66
3006,2012-05-23,89.90
3007,2012-05-22,91.66
3008,2012-05-21,92.57
3009,2012-05-18,91.48
3010,2012-05-17,92.56
3011,2012-05-16,92.81
3012,2012-05-15,93.98
3013,2012-05-14,94.78
3014,2012-05-11,96.13
3015,2012-05-10,97.08
3016,2012-05-09,96.81
3017,2012-05-08,97.01
3018,2012-05-07,97.94
3019,2012-05-04,98.49
3020,2012-05-03,102.54
3021,2012-05-02,105.22
3022,2012-05-01,106.16
3023,2012-04-30,104.87
3024,2012-04-27,104.93
3025,2012-04-26,104.55
3026,2012-04-25,104.12
3027,2012-04-24,103.55
3028,2012-04-23,103.11
3029,2012-04-20,103.05
3030,2012-04-19,102.27
3031,2012-04-18,102.67
3032,2012-04-17,104.20
3033,2012-04-16,102.93
3034,2012-04-13,102.83
3035,2012-04-12,103.64
3036,2012-04-11,102.70
3037,2012-04-10,101.02
3038,2012-04-09,102.46
3039,2012-04-05,103.31
3040,2012-04-04,101.47
3041,2012-04-03,104.01
3042,2012-04-02,105.23
3043,2012-03-30,103.02
3044,2012-03-29,102.78
3045,2012-03-28,105.41
3046,2012-03-27,107.33
3047,2012-03-26,107.03
3048,2012-03-23,106.87
3049,2012-03-22,105.35
3050,2012-03-21,107.27
3051,2012-03-20,105.61
3052,2012-03-19,108.09
3053,2012-03-16,107.06
3054,2012-03-15,105.11
3055,2012-03-14,105.43
3056,2012-03-13,106.71
3057,2012-03-12,106.34
3058,2012-03-09,107.40
3059,2012-03-08,106.58
3060,2012-03-07,106.16
3061,2012-03-06,104.70
3062,2012-03-05,106.72
3063,2012-03-02,106.70
3064,2012-03-01,108.84
3065,2012-02-29,107.07
3066,2012-02-28,106.55
3067,2012-02-27,108.56
3068,2012-02-24,109.77
3069,2012-02-23,107.83
3070,2012-02-22,106.28
3071,2012-02-21,105.84
3072,2012-02-17,103.24
3073,2012-02-16,102.31
3074,2012-02-15,101.80
3075,2012-02-14,100.74
3076,2012-02-13,100.91
3077,2012-02-10,98.67
3078,2012-02-09,99.84
3079,2012-02-08,98.71
3080,2012-02-07,98.41
3081,2012-02-06,96.91
3082,2012-02-03,97.84
3083,2012-02-02,96.36
3084,2012-02-01,97.61
3085,2012-01-31,98.48
3086,2012-01-30,98.78
3087,2012-01-27,99.56
3088,2012-01-26,99.70
3089,2012-01-25,99.40
3090,2012-01-24,98.95
3091,2012-01-23,99.58
3092,2012-01-20,98.46
3093,2012-01-19,100.39
3094,2012-01-18,100.59
3095,2012-01-17,100.71
3096,2012-01-13,98.70
3097,2012-01-12,99.10
3098,2012-01-11,100.87
3099,2012-01-10,102.24
3100,2012-01-09,101.31
3101,2012-01-06,101.56
3102,2012-01-05,101.81
3103,2012-01-04,103.22
3104,2012-01-03,102.96
3105,2011-12-30,98.83
3106,2011-12-29,99.65
3107,2011-12-28,99.36
3108,2011-12-27,101.34
3109,2011-12-23,99.68
3110,2011-12-22,99.53
3111,2011-12-21,98.67
3112,2011-12-20,97.22
3113,2011-12-19,93.88
3114,2011-12-16,93.53
3115,2011-12-15,93.87
3116,2011-12-14,94.95
3117,2011-12-13,100.14
3118,2011-12-12,97.77
3119,2011-12-09,99.41
3120,2011-12-08,98.34
3121,2011-12-07,100.49
3122,2011-12-06,101.28
3123,2011-12-05,100.99
3124,2011-12-02,100.96
3125,2011-12-01,100.20
3126,2011-11-30,100.36
3127,2011-11-29,99.79
3128,2011-11-28,98.21
3129,2011-11-25,96.77
3130,2011-11-23,96.17
3131,2011-11-22,98.01
3132,2011-11-21,96.92
3133,2011-11-18,97.41
3134,2011-11-17,98.82
3135,2011-11-16,102.59
3136,2011-11-15,99.37
3137,2011-11-14,98.14
3138,2011-11-11,98.99
3139,2011-11-10,97.78
3140,2011-11-09,95.74
3141,2011-11-08,96.80
3142,2011-11-07,95.52
3143,2011-11-04,94.26
3144,2011-11-03,94.07
3145,2011-11-02,92.51
3146,2011-11-01,92.19
3147,2011-10-31,93.19
3148,2011-10-28,93.32
3149,2011-10-27,93.96
3150,2011-10-26,90.20
3151,2011-10-25,93.17
3152,2011-10-24,91.27
3153,2011-10-21,87.40
3154,2011-10-20,85.30
3155,2011-10-19,86.11
3156,2011-10-18,88.34
3157,2011-10-17,86.38
3158,2011-10-14,86.80
3159,2011-10-13,84.23
3160,2011-10-12,85.57
3161,2011-10-11,85.81
3162,2011-10-10,85.41
3163,2011-10-07,82.98
3164,2011-10-06,82.59
3165,2011-10-05,79.68
3166,2011-10-04,75.67
3167,2011-10-03,77.61
3168,2011-09-30,79.20
3169,2011-09-29,82.14
3170,2011-09-28,81.21
3171,2011-09-27,84.45
3172,2011-09-26,80.24
3173,2011-09-23,79.85
3174,2011-09-22,80.51
3175,2011-09-21,85.92
3176,2011-09-20,86.89
3177,2011-09-19,85.70
3178,2011-09-16,87.96
3179,2011-09-15,89.40
3180,2011-09-14,88.91
3181,2011-09-13,90.21
3182,2011-09-12,88.19
3183,2011-09-09,87.24
3184,2011-09-08,89.05
3185,2011-09-07,89.34
3186,2011-09-06,86.02
3187,2011-09-02,86.45
3188,2011-09-01,88.93
3189,2011-08-31,88.81
3190,2011-08-30,88.90
3191,2011-08-29,87.27
3192,2011-08-26,85.37
3193,2011-08-25,85.30
3194,2011-08-24,85.16
3195,2011-08-23,85.44
3196,2011-08-22,84.12
3197,2011-08-19,82.26
3198,2011-08-18,82.38
3199,2011-08-17,87.58
3200,2011-08-16,86.65
3201,2011-08-15,87.88
3202,2011-08-12,85.38
3203,2011-08-11,85.72
3204,2011-08-10,82.89
3205,2011-08-09,79.30
3206,2011-08-08,81.31
3207,2011-08-05,86.88
3208,2011-08-04,86.63
3209,2011-08-03,91.93
3210,2011-08-02,93.79
3211,2011-08-01,94.89
3212,2011-07-29,95.70
3213,2011-07-28,97.44
3214,2011-07-27,97.40
3215,2011-07-26,99.59
3216,2011-07-25,99.20
3217,2011-07-22,99.87
3218,2011-07-21,99.13
3219,2011-07-20,98.14
3220,2011-07-19,97.50
3221,2011-07-18,95.93
3222,2011-07-15,97.24
3223,2011-07-14,95.69
3224,2011-07-13,98.05
3225,2011-07-12,97.43
3226,2011-07-11,95.15
3227,2011-07-08,96.20
3228,2011-07-07,98.67
3229,2011-07-06,96.65
3230,2011-07-05,96.89
3231,2011-07-01,94.94
3232,2011-06-30,95.42
3233,2011-06-29,94.77
3234,2011-06-28,92.89
3235,2011-06-27,90.61
3236,2011-06-24,91.16
3237,2011-06-23,91.02
3238,2011-06-22,95.41
3239,2011-06-21,93.40
3240,2011-06-20,93.26
3241,2011-06-17,93.01
3242,2011-06-16,94.95
3243,2011-06-15,94.81
3244,2011-06-14,99.37
3245,2011-06-13,97.30
3246,2011-06-10,99.29
3247,2011-06-09,101.93
3248,2011-06-08,100.74
3249,2011-06-07,99.09
3250,2011-06-06,99.01
3251,2011-06-03,100.22
3252,2011-06-02,100.40
3253,2011-06-01,100.29
3254,2011-05-31,102.70
3255,2011-05-27,100.59
3256,2011-05-26,100.23
3257,2011-05-25,101.32
3258,2011-05-24,99.59
3259,2011-05-23,97.70
3260,2011-05-20,99.49
3261,2011-05-19,98.44
3262,2011-05-18,100.10
3263,2011-05-17,96.91
3264,2011-05-16,97.37
3265,2011-05-13,99.65
3266,2011-05-12,98.97
3267,2011-05-11,98.21
3268,2011-05-10,103.88
3269,2011-05-09,102.55
3270,2011-05-06,97.18
3271,2011-05-05,99.80
3272,2011-05-04,109.24
3273,2011-05-03,111.05
3274,2011-05-02,113.52
3275,2011-04-29,113.93
3276,2011-04-28,112.86
3277,2011-04-27,112.76
3278,2011-04-26,112.21
3279,2011-04-25,112.28
3280,2011-04-21,112.29
3281,2011-04-20,111.45
3282,2011-04-19,108.15
3283,2011-04-18,107.12
3284,2011-04-15,109.66
3285,2011-04-14,108.11
3286,2011-04-13,107.11
3287,2011-04-12,106.25
3288,2011-04-11,109.92
3289,2011-04-08,112.79
3290,2011-04-07,110.30
3291,2011-04-06,108.83
3292,2011-04-05,108.34
3293,2011-04-04,108.47
3294,2011-04-01,107.94
3295,2011-03-31,106.72
3296,2011-03-30,104.27
3297,2011-03-29,104.79
3298,2011-03-28,103.98
3299,2011-03-25,105.40
3300,2011-03-24,105.60
3301,2011-03-23,105.75
3302,2011-03-22,104.00
3303,2011-03-21,102.33
3304,2011-03-18,101.07
3305,2011-03-17,101.42
3306,2011-03-16,97.98
3307,2011-03-15,97.18
3308,2011-03-14,101.19
3309,2011-03-11,101.16
3310,2011-03-10,102.70
3311,2011-03-09,104.38
3312,2011-03-08,105.02
3313,2011-03-07,105.44
3314,2011-03-04,104.42
3315,2011-03-03,101.91
3316,2011-03-02,102.23
3317,2011-03-01,99.63
3318,2011-02-28,96.97
3319,2011-02-25,97.88
3320,2011-02-24,97.28
3321,2011-02-23,98.10
3322,2011-02-22,93.57
3323,2011-02-18,86.20
3324,2011-02-17,86.36
3325,2011-02-16,84.99
3326,2011-02-15,84.32
3327,2011-02-14,84.81
3328,2011-02-11,85.58
3329,2011-02-10,86.73
3330,2011-02-09,86.71
3331,2011-02-08,86.94
3332,2011-02-07,87.48
3333,2011-02-04,89.03
3334,2011-02-03,90.54
3335,2011-02-02,90.86
3336,2011-02-01,90.77
3337,2011-01-31,92.19
3338,2011-01-28,89.34
3339,2011-01-27,85.64
3340,2011-01-26,87.33
3341,2011-01-25,86.19
3342,2011-01-24,87.87
3343,2011-01-21,89.11
3344,2011-01-20,88.86
3345,2011-01-19,90.86
3346,2011-01-18,91.38
3347,2011-01-14,91.54
3348,2011-01-13,91.40
3349,2011-01-12,91.86
3350,2011-01-11,91.11
3351,2011-01-10,89.25
3352,2011-01-07,88.03
3353,2011-01-06,88.38
3354,2011-01-05,90.30
3355,2011-01-04,89.38
3356,2011-01-03,91.55
3357,2010-12-31,91.38
3358,2010-12-30,89.84
3359,2010-12-29,91.12
3360,2010-12-28,91.49
3361,2010-12-27,91.00
3362,2010-12-23,91.51
3363,2010-12-22,90.48
3364,2010-12-21,89.82
3365,2010-12-20,88.81
3366,2010-12-17,88.02
3367,2010-12-16,87.70
3368,2010-12-15,88.62
3369,2010-12-14,88.28
3370,2010-12-13,88.61
3371,2010-12-10,87.79
3372,2010-12-09,88.37
3373,2010-12-08,88.28
3374,2010-12-07,88.69
3375,2010-12-06,89.38
3376,2010-12-03,89.19
3377,2010-12-02,88.00
3378,2010-12-01,86.75
3379,2010-11-30,84.11
3380,2010-11-29,85.73
3381,2010-11-26,83.76
3382,2010-11-24,83.86
3383,2010-11-23,81.25
3384,2010-11-22,81.74
3385,2010-11-19,81.51
3386,2010-11-18,81.85
3387,2010-11-17,80.44
3388,2010-11-16,82.34
3389,2010-11-15,84.86
3390,2010-11-12,84.88
3391,2010-11-11,87.81
3392,2010-11-10,87.81
3393,2010-11-09,86.72
3394,2010-11-08,87.06
3395,2010-11-05,86.85
3396,2010-11-04,86.49
3397,2010-11-03,84.69
3398,2010-11-02,83.90
3399,2010-11-01,82.95
3400,2010-10-29,81.43
3401,2010-10-28,82.18
3402,2010-10-27,81.94
3403,2010-10-26,82.55
3404,2010-10-25,82.52
3405,2010-10-22,81.69
3406,2010-10-21,80.56
3407,2010-10-20,81.77
3408,2010-10-19,79.49
3409,2010-10-18,83.08
3410,2010-10-15,81.25
3411,2010-10-14,82.69
3412,2010-10-13,83.01
3413,2010-10-12,81.67
3414,2010-10-11,82.21
3415,2010-10-08,82.66
3416,2010-10-07,81.67
3417,2010-10-06,83.23
3418,2010-10-05,82.82
3419,2010-10-04,81.47
3420,2010-10-01,81.58
3421,2010-09-30,79.97
3422,2010-09-29,77.86
3423,2010-09-28,76.18
3424,2010-09-27,76.52
3425,2010-09-24,76.49
3426,2010-09-23,75.18
3427,2010-09-22,74.71
3428,2010-09-21,73.52
3429,2010-09-20,74.86
3430,2010-09-17,73.66
3431,2010-09-16,74.57
3432,2010-09-15,76.02
3433,2010-09-14,76.80
3434,2010-09-13,77.19
3435,2010-09-10,76.45
3436,2010-09-09,74.25
3437,2010-09-08,74.67
3438,2010-09-07,74.09
3439,2010-09-03,74.60
3440,2010-09-02,75.02
3441,2010-09-01,73.91
3442,2010-08-31,71.92
3443,2010-08-30,74.70
3444,2010-08-27,75.17
3445,2010-08-26,73.36
3446,2010-08-25,72.52
3447,2010-08-24,71.63
3448,2010-08-23,73.10
3449,2010-08-20,73.46
3450,2010-08-19,74.43
3451,2010-08-18,75.42
3452,2010-08-17,75.77
3453,2010-08-16,75.24
3454,2010-08-13,75.39
3455,2010-08-12,75.74
3456,2010-08-11,78.02
3457,2010-08-10,80.25
3458,2010-08-09,81.48
3459,2010-08-06,80.70
3460,2010-08-05,82.01
3461,2010-08-04,82.47
3462,2010-08-03,82.55
3463,2010-08-02,81.34
3464,2010-07-30,78.95
3465,2010-07-29,78.36
3466,2010-07-28,76.99
3467,2010-07-27,77.50
3468,2010-07-26,78.98
3469,2010-07-23,78.98
3470,2010-07-22,79.30
3471,2010-07-21,76.56
3472,2010-07-20,77.44
3473,2010-07-19,76.54
3474,2010-07-16,76.01
3475,2010-07-15,76.62
3476,2010-07-14,77.04
3477,2010-07-13,77.15
3478,2010-07-12,74.95
3479,2010-07-09,76.09
3480,2010-07-08,75.44
3481,2010-07-07,74.07
3482,2010-07-06,71.98
3483,2010-07-02,72.14
3484,2010-07-01,72.95
3485,2010-06-30,75.63
3486,2010-06-29,75.94
3487,2010-06-28,78.25
3488,2010-06-25,78.86
3489,2010-06-24,76.51
3490,2010-06-23,76.35
3491,2010-06-22,77.21
3492,2010-06-21,77.82
3493,2010-06-18,77.18
3494,2010-06-17,76.79
3495,2010-06-16,77.67
3496,2010-06-15,76.94
3497,2010-06-14,75.12
3498,2010-06-11,73.78
3499,2010-06-10,75.48
3500,2010-06-09,74.38
3501,2010-06-08,71.99
3502,2010-06-07,71.44
3503,2010-06-04,71.51
3504,2010-06-03,74.61
3505,2010-06-02,72.86
3506,2010-06-01,72.58
3507,2010-05-28,73.97
3508,2010-05-27,74.55
3509,2010-05-26,71.51
3510,2010-05-25,68.75
3511,2010-05-24,70.21
3512,2010-05-21,70.04
3513,2010-05-20,68.01
3514,2010-05-19,69.87
3515,2010-05-18,69.41
3516,2010-05-17,70.08
3517,2010-05-14,71.61
3518,2010-05-13,74.40
3519,2010-05-12,75.65
3520,2010-05-11,76.37
3521,2010-05-10,76.80
3522,2010-05-07,75.11
3523,2010-05-06,77.11
3524,2010-05-05,79.97
3525,2010-05-04,82.74
3526,2010-05-03,86.19
3527,2010-04-30,86.15
3528,2010-04-29,85.17
3529,2010-04-28,83.22
3530,2010-04-27,82.44
3531,2010-04-26,84.20
3532,2010-04-23,85.12
3533,2010-04-22,83.70
3534,2010-04-21,83.68
3535,2010-04-20,83.45
3536,2010-04-19,81.45
3537,2010-04-16,83.24
3538,2010-04-15,85.51
3539,2010-04-14,85.84
3540,2010-04-13,84.05
3541,2010-04-12,84.34
3542,2010-04-09,84.92
3543,2010-04-08,85.39
3544,2010-04-07,85.88
3545,2010-04-06,86.84
3546,2010-04-05,86.62
3547,2010-04-01,84.87
3548,2010-03-31,83.76
3549,2010-03-30,82.37
3550,2010-03-29,82.17
3551,2010-03-26,80.00
3552,2010-03-25,80.53
3553,2010-03-24,80.61
3554,2010-03-23,81.91
3555,2010-03-22,81.25
3556,2010-03-19,80.68
3557,2010-03-18,82.20
3558,2010-03-17,82.93
3559,2010-03-16,81.70
3560,2010-03-15,79.80
3561,2010-03-12,81.24
3562,2010-03-11,82.11
3563,2010-03-10,82.09
3564,2010-03-09,81.49
3565,2010-03-08,81.87
3566,2010-03-05,81.50
3567,2010-03-04,80.21
3568,2010-03-03,80.87
3569,2010-03-02,79.68
3570,2010-03-01,78.70
3571,2010-02-26,79.66
3572,2010-02-25,78.17
3573,2010-02-24,80.00
3574,2010-02-23,78.86
3575,2010-02-22,80.16
3576,2010-02-19,79.81
3577,2010-02-18,79.06
3578,2010-02-17,77.33
3579,2010-02-16,77.01
3580,2010-02-12,74.13
3581,2010-02-11,75.28
3582,2010-02-10,74.52
3583,2010-02-09,73.75
3584,2010-02-08,71.89
3585,2010-02-05,71.19
3586,2010-02-04,73.14
3587,2010-02-03,76.98
3588,2010-02-02,77.23
3589,2010-02-01,74.43
3590,2010-01-29,72.89
3591,2010-01-28,73.64
3592,2010-01-27,73.67
3593,2010-01-26,74.71
3594,2010-01-25,75.26
3595,2010-01-22,74.54
3596,2010-01-21,76.08
3597,2010-01-20,77.62
3598,2010-01-19,79.02
3599,2010-01-15,78.00
3600,2010-01-14,79.39
3601,2010-01-13,79.65
3602,2010-01-12,80.79
3603,2010-01-11,82.52
3604,2010-01-08,82.75
3605,2010-01-07,82.66
3606,2010-01-06,83.18
3607,2010-01-05,81.77
3608,2010-01-04,81.51
