,Date,IXIC
0,2023-11-03,"13,478.28"
1,2023-11-02,"13,294.19"
2,2023-11-01,"13,061.47"
3,2023-10-31,"12,851.24"
4,2023-10-30,"12,789.48"
5,2023-10-27,"12,643.01"
6,2023-10-26,"12,595.61"
7,2023-10-25,"12,821.22"
8,2023-10-24,"13,139.88"
9,2023-10-23,"13,018.33"
10,2023-10-20,"12,983.81"
11,2023-10-19,"13,186.17"
12,2023-10-18,"13,314.30"
13,2023-10-17,"13,533.75"
14,2023-10-16,"13,567.98"
15,2023-10-13,"13,407.23"
16,2023-10-12,"13,574.22"
17,2023-10-11,"13,659.68"
18,2023-10-10,"13,562.84"
19,2023-10-09,"13,484.24"
20,2023-10-06,"13,431.34"
21,2023-10-05,"13,219.83"
22,2023-10-04,"13,236.01"
23,2023-10-03,"13,059.47"
24,2023-10-02,"13,307.77"
25,2023-09-29,"13,219.32"
26,2023-09-28,"13,201.28"
27,2023-09-27,"13,092.85"
28,2023-09-26,"13,063.61"
29,2023-09-25,"13,271.32"
30,2023-09-22,"13,211.81"
31,2023-09-21,"13,223.99"
32,2023-09-20,"13,469.13"
33,2023-09-19,"13,678.19"
34,2023-09-18,"13,710.24"
35,2023-09-15,"13,708.33"
36,2023-09-14,"13,926.05"
37,2023-09-13,"13,813.58"
38,2023-09-12,"13,773.62"
39,2023-09-11,"13,917.89"
40,2023-09-08,"13,761.53"
41,2023-09-07,"13,748.83"
42,2023-09-06,"13,872.47"
43,2023-09-05,"14,020.95"
44,2023-09-01,"14,031.82"
45,2023-08-31,"14,034.97"
46,2023-08-30,"14,019.31"
47,2023-08-29,"13,943.76"
48,2023-08-28,"13,705.13"
49,2023-08-25,"13,590.65"
50,2023-08-24,"13,463.97"
51,2023-08-23,"13,721.03"
52,2023-08-22,"13,505.87"
53,2023-08-21,"13,497.59"
54,2023-08-18,"13,290.78"
55,2023-08-17,"13,316.93"
56,2023-08-16,"13,474.63"
57,2023-08-15,"13,631.05"
58,2023-08-14,"13,788.33"
59,2023-08-11,"13,644.85"
60,2023-08-10,"13,737.99"
61,2023-08-09,"13,722.02"
62,2023-08-08,"13,884.32"
63,2023-08-07,"13,994.40"
64,2023-08-04,"13,909.24"
65,2023-08-03,"13,959.71"
66,2023-08-02,"13,973.45"
67,2023-08-01,"14,283.91"
68,2023-07-31,"14,346.02"
69,2023-07-28,"14,316.66"
70,2023-07-27,"14,050.11"
71,2023-07-26,"14,127.28"
72,2023-07-25,"14,144.55"
73,2023-07-24,"14,058.87"
74,2023-07-21,"14,032.80"
75,2023-07-20,"14,063.31"
76,2023-07-19,"14,358.02"
77,2023-07-18,"14,353.64"
78,2023-07-17,"14,244.95"
79,2023-07-14,"14,113.70"
80,2023-07-13,"14,138.57"
81,2023-07-12,"13,918.96"
82,2023-07-11,"13,760.70"
83,2023-07-10,"13,685.48"
84,2023-07-07,"13,660.72"
85,2023-07-06,"13,679.04"
86,2023-07-05,"13,791.65"
87,2023-07-03,"13,816.77"
88,2023-06-30,"13,787.92"
89,2023-06-29,"13,591.33"
90,2023-06-28,"13,591.75"
91,2023-06-27,"13,555.67"
92,2023-06-26,"13,335.78"
93,2023-06-23,"13,492.52"
94,2023-06-22,"13,630.61"
95,2023-06-21,"13,502.20"
96,2023-06-20,"13,667.29"
97,2023-06-16,"13,689.57"
98,2023-06-15,"13,782.82"
99,2023-06-14,"13,626.48"
100,2023-06-13,"13,573.32"
101,2023-06-12,"13,461.92"
102,2023-06-09,"13,259.14"
103,2023-06-08,"13,238.52"
104,2023-06-07,"13,104.89"
105,2023-06-06,"13,276.42"
106,2023-06-05,"13,229.43"
107,2023-06-02,"13,240.77"
108,2023-06-01,"13,100.98"
109,2023-05-31,"12,935.29"
110,2023-05-30,"13,017.43"
111,2023-05-26,"12,975.69"
112,2023-05-25,"12,698.09"
113,2023-05-24,"12,484.16"
114,2023-05-23,"12,560.25"
115,2023-05-22,"12,720.78"
116,2023-05-19,"12,657.90"
117,2023-05-18,"12,688.84"
118,2023-05-17,"12,500.57"
119,2023-05-16,"12,343.05"
120,2023-05-15,"12,365.21"
121,2023-05-12,"12,284.74"
122,2023-05-11,"12,328.51"
123,2023-05-10,"12,306.44"
124,2023-05-09,"12,179.55"
125,2023-05-08,"12,256.92"
126,2023-05-05,"12,235.41"
127,2023-05-04,"11,966.40"
128,2023-05-03,"12,025.33"
129,2023-05-02,"12,080.51"
130,2023-05-01,"12,212.60"
131,2023-04-28,"12,226.58"
132,2023-04-27,"12,142.24"
133,2023-04-26,"11,854.35"
134,2023-04-25,"11,799.16"
135,2023-04-24,"12,037.20"
136,2023-04-21,"12,072.46"
137,2023-04-20,"12,059.56"
138,2023-04-19,"12,157.23"
139,2023-04-18,"12,153.41"
140,2023-04-17,"12,157.72"
141,2023-04-14,"12,123.46"
142,2023-04-13,"12,166.27"
143,2023-04-12,"11,929.34"
144,2023-04-11,"12,031.88"
145,2023-04-10,"12,084.36"
146,2023-04-06,"12,087.96"
147,2023-04-05,"11,996.86"
148,2023-04-04,"12,126.33"
149,2023-04-03,"12,189.45"
150,2023-03-31,"12,221.91"
151,2023-03-30,"12,013.47"
152,2023-03-29,"11,926.24"
153,2023-03-28,"11,716.08"
154,2023-03-27,"11,768.84"
155,2023-03-24,"11,823.96"
156,2023-03-23,"11,787.40"
157,2023-03-22,"11,669.96"
158,2023-03-21,"11,860.11"
159,2023-03-20,"11,675.54"
160,2023-03-17,"11,630.51"
161,2023-03-16,"11,717.28"
162,2023-03-15,"11,434.05"
163,2023-03-14,"11,428.15"
164,2023-03-13,"11,188.84"
165,2023-03-10,"11,138.89"
166,2023-03-09,"11,338.36"
167,2023-03-08,"11,576.00"
168,2023-03-07,"11,530.33"
169,2023-03-06,"11,675.74"
170,2023-03-03,"11,689.01"
171,2023-03-02,"11,462.98"
172,2023-03-01,"11,379.48"
173,2023-02-28,"11,455.54"
174,2023-02-27,"11,466.98"
175,2023-02-24,"11,394.94"
176,2023-02-23,"11,590.40"
177,2023-02-22,"11,507.07"
178,2023-02-21,"11,492.30"
179,2023-02-17,"11,787.27"
180,2023-02-16,"11,855.83"
181,2023-02-15,"12,070.59"
182,2023-02-14,"11,960.14"
183,2023-02-13,"11,891.79"
184,2023-02-10,"11,718.12"
185,2023-02-09,"11,789.58"
186,2023-02-08,"11,910.52"
187,2023-02-07,"12,113.79"
188,2023-02-06,"11,887.45"
189,2023-02-03,"12,006.96"
190,2023-02-02,"12,200.82"
191,2023-02-01,"11,816.32"
192,2023-01-31,"11,584.55"
193,2023-01-30,"11,393.81"
194,2023-01-27,"11,621.71"
195,2023-01-26,"11,512.41"
196,2023-01-25,"11,313.36"
197,2023-01-24,"11,334.27"
198,2023-01-23,"11,364.41"
199,2023-01-20,"11,140.43"
200,2023-01-19,"10,852.27"
201,2023-01-18,"10,957.01"
202,2023-01-17,"11,095.11"
203,2023-01-13,"11,079.16"
204,2023-01-12,"11,001.11"
205,2023-01-11,"10,931.67"
206,2023-01-10,"10,742.63"
207,2023-01-09,"10,635.65"
208,2023-01-06,"10,569.29"
209,2023-01-05,"10,305.24"
210,2023-01-04,"10,458.76"
211,2023-01-03,"10,386.99"
212,2022-12-30,"10,466.48"
213,2022-12-29,"10,478.09"
214,2022-12-28,"10,213.29"
215,2022-12-27,"10,353.23"
216,2022-12-23,"10,497.86"
217,2022-12-22,"10,476.12"
218,2022-12-21,"10,709.37"
219,2022-12-20,"10,547.11"
220,2022-12-19,"10,546.03"
221,2022-12-16,"10,705.41"
222,2022-12-15,"10,810.53"
223,2022-12-14,"11,170.89"
224,2022-12-13,"11,256.81"
225,2022-12-12,"11,143.74"
226,2022-12-09,"11,004.62"
227,2022-12-08,"11,082.00"
228,2022-12-07,"10,958.55"
229,2022-12-06,"11,014.89"
230,2022-12-05,"11,239.94"
231,2022-12-02,"11,461.50"
232,2022-12-01,"11,482.45"
233,2022-11-30,"11,468.00"
234,2022-11-29,"10,983.78"
235,2022-11-28,"11,049.50"
236,2022-11-25,"11,226.36"
237,2022-11-23,"11,285.32"
238,2022-11-22,"11,174.41"
239,2022-11-21,"11,024.51"
240,2022-11-18,"11,146.06"
241,2022-11-17,"11,144.96"
242,2022-11-16,"11,183.66"
243,2022-11-15,"11,358.41"
244,2022-11-14,"11,196.22"
245,2022-11-11,"11,323.33"
246,2022-11-10,"11,114.15"
247,2022-11-09,"10,353.17"
248,2022-11-08,"10,616.20"
249,2022-11-07,"10,564.52"
250,2022-11-04,"10,475.25"
251,2022-11-03,"10,342.94"
252,2022-11-02,"10,524.80"
253,2022-11-01,"10,890.84"
254,2022-10-31,"10,988.15"
255,2022-10-28,"11,102.45"
256,2022-10-27,"10,792.67"
257,2022-10-26,"10,970.99"
258,2022-10-25,"11,199.12"
259,2022-10-24,"10,952.61"
260,2022-10-21,"10,859.72"
261,2022-10-20,"10,614.84"
262,2022-10-19,"10,680.51"
263,2022-10-18,"10,772.40"
264,2022-10-17,"10,675.80"
265,2022-10-14,"10,321.39"
266,2022-10-13,"10,649.15"
267,2022-10-12,"10,417.10"
268,2022-10-11,"10,426.19"
269,2022-10-10,"10,542.10"
270,2022-10-07,"10,652.41"
271,2022-10-06,"11,073.31"
272,2022-10-05,"11,148.64"
273,2022-10-04,"11,176.41"
274,2022-10-03,"10,815.43"
275,2022-09-30,"10,575.62"
276,2022-09-29,"10,737.51"
277,2022-09-28,"11,051.64"
278,2022-09-27,"10,829.50"
279,2022-09-26,"10,802.92"
280,2022-09-23,"10,867.93"
281,2022-09-22,"11,066.80"
282,2022-09-21,"11,220.19"
283,2022-09-20,"11,425.05"
284,2022-09-19,"11,535.02"
285,2022-09-16,"11,448.40"
286,2022-09-15,"11,552.36"
287,2022-09-14,"11,719.68"
288,2022-09-13,"11,633.57"
289,2022-09-12,"12,266.41"
290,2022-09-09,"12,112.31"
291,2022-09-08,"11,862.13"
292,2022-09-07,"11,791.90"
293,2022-09-06,"11,544.91"
294,2022-09-02,"11,630.86"
295,2022-09-01,"11,785.13"
296,2022-08-31,"11,816.20"
297,2022-08-30,"11,883.14"
298,2022-08-29,"12,017.67"
299,2022-08-26,"12,141.71"
300,2022-08-25,"12,639.26"
301,2022-08-24,"12,431.53"
302,2022-08-23,"12,381.30"
303,2022-08-22,"12,381.57"
304,2022-08-19,"12,705.21"
305,2022-08-18,"12,965.34"
306,2022-08-17,"12,938.12"
307,2022-08-16,"13,102.55"
308,2022-08-15,"13,128.05"
309,2022-08-12,"13,047.19"
310,2022-08-11,"12,779.91"
311,2022-08-10,"12,854.80"
312,2022-08-09,"12,493.93"
313,2022-08-08,"12,644.46"
314,2022-08-05,"12,657.55"
315,2022-08-04,"12,720.58"
316,2022-08-03,"12,668.16"
317,2022-08-02,"12,348.76"
318,2022-08-01,"12,368.98"
319,2022-07-29,"12,390.69"
320,2022-07-28,"12,162.59"
321,2022-07-27,"12,032.42"
322,2022-07-26,"11,562.58"
323,2022-07-25,"11,782.67"
324,2022-07-22,"11,834.11"
325,2022-07-21,"12,059.61"
326,2022-07-20,"11,897.65"
327,2022-07-19,"11,713.15"
328,2022-07-18,"11,360.05"
329,2022-07-15,"11,452.42"
330,2022-07-14,"11,251.18"
331,2022-07-13,"11,247.58"
332,2022-07-12,"11,264.73"
333,2022-07-11,"11,372.60"
334,2022-07-08,"11,635.31"
335,2022-07-07,"11,621.35"
336,2022-07-06,"11,361.85"
337,2022-07-05,"11,322.24"
338,2022-07-01,"11,127.84"
339,2022-06-30,"11,028.74"
340,2022-06-29,"11,177.89"
341,2022-06-28,"11,181.54"
342,2022-06-27,"11,524.55"
343,2022-06-24,"11,607.62"
344,2022-06-23,"11,232.19"
345,2022-06-22,"11,053.08"
346,2022-06-21,"11,069.30"
347,2022-06-17,"10,798.35"
348,2022-06-16,"10,646.10"
349,2022-06-15,"11,099.16"
350,2022-06-14,"10,828.34"
351,2022-06-13,"10,809.22"
352,2022-06-10,"11,340.02"
353,2022-06-09,"11,754.23"
354,2022-06-08,"12,086.27"
355,2022-06-07,"12,175.23"
356,2022-06-06,"12,061.37"
357,2022-06-03,"12,012.73"
358,2022-06-02,"12,316.90"
359,2022-06-01,"11,994.46"
360,2022-05-31,"12,081.39"
361,2022-05-27,"12,131.13"
362,2022-05-26,"11,740.65"
363,2022-05-25,"11,434.74"
364,2022-05-24,"11,264.45"
365,2022-05-23,"11,535.28"
366,2022-05-20,"11,354.62"
367,2022-05-19,"11,388.50"
368,2022-05-18,"11,418.15"
369,2022-05-17,"11,984.52"
370,2022-05-16,"11,662.79"
371,2022-05-13,"11,805.00"
372,2022-05-12,"11,370.96"
373,2022-05-11,"11,364.24"
374,2022-05-10,"11,737.67"
375,2022-05-09,"11,623.25"
376,2022-05-06,"12,144.66"
377,2022-05-05,"12,317.69"
378,2022-05-04,"12,964.86"
379,2022-05-03,"12,563.76"
380,2022-05-02,"12,536.02"
381,2022-04-29,"12,334.64"
382,2022-04-28,"12,871.53"
383,2022-04-27,"12,488.93"
384,2022-04-26,"12,490.74"
385,2022-04-25,"13,004.85"
386,2022-04-22,"12,839.29"
387,2022-04-21,"13,174.65"
388,2022-04-20,"13,453.07"
389,2022-04-19,"13,619.66"
390,2022-04-18,"13,332.36"
391,2022-04-14,"13,351.08"
392,2022-04-13,"13,643.59"
393,2022-04-12,"13,371.57"
394,2022-04-11,"13,411.96"
395,2022-04-08,"13,711.00"
396,2022-04-07,"13,897.30"
397,2022-04-06,"13,888.82"
398,2022-04-05,"14,204.17"
399,2022-04-04,"14,532.55"
400,2022-04-01,"14,261.50"
401,2022-03-31,"14,220.52"
402,2022-03-30,"14,442.28"
403,2022-03-29,"14,619.64"
404,2022-03-28,"14,354.90"
405,2022-03-25,"14,169.30"
406,2022-03-24,"14,191.84"
407,2022-03-23,"13,922.60"
408,2022-03-22,"14,108.82"
409,2022-03-21,"13,838.46"
410,2022-03-18,"13,893.84"
411,2022-03-17,"13,614.78"
412,2022-03-16,"13,436.55"
413,2022-03-15,"12,948.62"
414,2022-03-14,"12,581.22"
415,2022-03-11,"12,843.81"
416,2022-03-10,"13,129.96"
417,2022-03-09,"13,255.55"
418,2022-03-08,"12,795.55"
419,2022-03-07,"12,830.96"
420,2022-03-04,"13,313.44"
421,2022-03-03,"13,537.94"
422,2022-03-02,"13,752.02"
423,2022-03-01,"13,532.46"
424,2022-02-28,"13,751.40"
425,2022-02-25,"13,694.62"
426,2022-02-24,"13,473.58"
427,2022-02-23,"13,037.49"
428,2022-02-22,"13,381.52"
429,2022-02-18,"13,548.07"
430,2022-02-17,"13,716.72"
431,2022-02-16,"14,124.09"
432,2022-02-15,"14,139.76"
433,2022-02-14,"13,790.92"
434,2022-02-11,"13,791.15"
435,2022-02-10,"14,185.64"
436,2022-02-09,"14,490.37"
437,2022-02-08,"14,194.46"
438,2022-02-07,"14,015.67"
439,2022-02-04,"14,098.01"
440,2022-02-03,"13,878.82"
441,2022-02-02,"14,417.55"
442,2022-02-01,"14,346.00"
443,2022-01-31,"14,239.88"
444,2022-01-28,"13,770.57"
445,2022-01-27,"13,352.78"
446,2022-01-26,"13,542.12"
447,2022-01-25,"13,539.29"
448,2022-01-24,"13,855.13"
449,2022-01-21,"13,768.92"
450,2022-01-20,"14,154.02"
451,2022-01-19,"14,340.25"
452,2022-01-18,"14,506.90"
453,2022-01-14,"14,893.75"
454,2022-01-13,"14,806.81"
455,2022-01-12,"15,188.39"
456,2022-01-11,"15,153.45"
457,2022-01-10,"14,942.83"
458,2022-01-07,"14,935.90"
459,2022-01-06,"15,080.87"
460,2022-01-05,"15,100.17"
461,2022-01-04,"15,622.72"
462,2022-01-03,"15,832.80"
463,2021-12-31,"15,644.97"
464,2021-12-30,"15,741.56"
465,2021-12-29,"15,766.22"
466,2021-12-28,"15,781.72"
467,2021-12-27,"15,871.26"
468,2021-12-23,"15,653.37"
469,2021-12-22,"15,521.89"
470,2021-12-21,"15,341.09"
471,2021-12-20,"14,980.94"
472,2021-12-17,"15,169.68"
473,2021-12-16,"15,180.43"
474,2021-12-15,"15,565.58"
475,2021-12-14,"15,237.64"
476,2021-12-13,"15,413.28"
477,2021-12-10,"15,630.60"
478,2021-12-09,"15,517.37"
479,2021-12-08,"15,786.99"
480,2021-12-07,"15,686.92"
481,2021-12-06,"15,225.15"
482,2021-12-03,"15,085.47"
483,2021-12-02,"15,381.32"
484,2021-12-01,"15,254.05"
485,2021-11-30,"15,537.69"
486,2021-11-29,"15,782.83"
487,2021-11-26,"15,491.66"
488,2021-11-24,"15,845.23"
489,2021-11-23,"15,775.14"
490,2021-11-22,"15,854.76"
491,2021-11-19,"16,057.44"
492,2021-11-18,"15,993.71"
493,2021-11-17,"15,921.57"
494,2021-11-16,"15,973.86"
495,2021-11-15,"15,853.85"
496,2021-11-12,"15,860.96"
497,2021-11-11,"15,704.28"
498,2021-11-10,"15,622.71"
499,2021-11-09,"15,886.54"
500,2021-11-08,"15,982.36"
501,2021-11-05,"15,971.59"
502,2021-11-04,"15,940.31"
503,2021-11-03,"15,811.58"
504,2021-11-02,"15,649.60"
505,2021-11-01,"15,595.92"
506,2021-10-29,"15,498.39"
507,2021-10-28,"15,448.12"
508,2021-10-27,"15,235.84"
509,2021-10-26,"15,235.71"
510,2021-10-25,"15,226.71"
511,2021-10-22,"15,090.20"
512,2021-10-21,"15,215.70"
513,2021-10-20,"15,121.68"
514,2021-10-19,"15,129.09"
515,2021-10-18,"15,021.81"
516,2021-10-15,"14,897.34"
517,2021-10-14,"14,823.43"
518,2021-10-13,"14,571.63"
519,2021-10-12,"14,465.92"
520,2021-10-11,"14,486.20"
521,2021-10-08,"14,579.54"
522,2021-10-07,"14,654.02"
523,2021-10-06,"14,501.91"
524,2021-10-05,"14,433.83"
525,2021-10-04,"14,255.49"
526,2021-10-01,"14,566.70"
527,2021-09-30,"14,448.58"
528,2021-09-29,"14,512.44"
529,2021-09-28,"14,546.68"
530,2021-09-27,"14,969.97"
531,2021-09-24,"15,047.70"
532,2021-09-23,"15,052.24"
533,2021-09-22,"14,896.85"
534,2021-09-21,"14,746.40"
535,2021-09-20,"14,713.90"
536,2021-09-17,"15,043.97"
537,2021-09-16,"15,181.92"
538,2021-09-15,"15,161.53"
539,2021-09-14,"15,037.76"
540,2021-09-13,"15,105.58"
541,2021-09-10,"15,115.49"
542,2021-09-09,"15,248.25"
543,2021-09-08,"15,286.64"
544,2021-09-07,"15,374.33"
545,2021-09-03,"15,363.52"
546,2021-09-02,"15,331.18"
547,2021-09-01,"15,309.38"
548,2021-08-31,"15,259.24"
549,2021-08-30,"15,265.89"
550,2021-08-27,"15,129.50"
551,2021-08-26,"14,945.81"
552,2021-08-25,"15,041.86"
553,2021-08-24,"15,019.80"
554,2021-08-23,"14,942.65"
555,2021-08-20,"14,714.66"
556,2021-08-19,"14,541.79"
557,2021-08-18,"14,525.91"
558,2021-08-17,"14,656.18"
559,2021-08-16,"14,793.76"
560,2021-08-13,"14,822.90"
561,2021-08-12,"14,816.26"
562,2021-08-11,"14,765.13"
563,2021-08-10,"14,788.09"
564,2021-08-09,"14,860.18"
565,2021-08-06,"14,835.76"
566,2021-08-05,"14,895.12"
567,2021-08-04,"14,780.53"
568,2021-08-03,"14,761.29"
569,2021-08-02,"14,681.07"
570,2021-07-30,"14,672.68"
571,2021-07-29,"14,778.26"
572,2021-07-28,"14,762.58"
573,2021-07-27,"14,660.58"
574,2021-07-26,"14,840.71"
575,2021-07-23,"14,836.99"
576,2021-07-22,"14,684.60"
577,2021-07-21,"14,631.95"
578,2021-07-20,"14,498.88"
579,2021-07-19,"14,274.98"
580,2021-07-16,"14,427.24"
581,2021-07-15,"14,543.13"
582,2021-07-14,"14,644.95"
583,2021-07-13,"14,677.65"
584,2021-07-12,"14,733.24"
585,2021-07-09,"14,701.92"
586,2021-07-08,"14,559.79"
587,2021-07-07,"14,665.06"
588,2021-07-06,"14,663.64"
589,2021-07-02,"14,639.33"
590,2021-07-01,"14,522.38"
591,2021-06-30,"14,503.95"
592,2021-06-29,"14,528.33"
593,2021-06-28,"14,500.51"
594,2021-06-25,"14,360.39"
595,2021-06-24,"14,369.71"
596,2021-06-23,"14,271.73"
597,2021-06-22,"14,253.27"
598,2021-06-21,"14,141.48"
599,2021-06-18,"14,030.38"
600,2021-06-17,"14,161.35"
601,2021-06-16,"14,039.68"
602,2021-06-15,"14,072.86"
603,2021-06-14,"14,174.14"
604,2021-06-11,"14,069.42"
605,2021-06-10,"14,020.33"
606,2021-06-09,"13,911.75"
607,2021-06-08,"13,924.91"
608,2021-06-07,"13,881.72"
609,2021-06-04,"13,814.49"
610,2021-06-03,"13,614.51"
611,2021-06-02,"13,756.33"
612,2021-06-01,"13,736.48"
613,2021-05-28,"13,748.74"
614,2021-05-27,"13,736.28"
615,2021-05-26,"13,738.00"
616,2021-05-25,"13,657.17"
617,2021-05-24,"13,661.17"
618,2021-05-21,"13,470.99"
619,2021-05-20,"13,535.74"
620,2021-05-19,"13,299.74"
621,2021-05-18,"13,303.64"
622,2021-05-17,"13,379.05"
623,2021-05-14,"13,429.98"
624,2021-05-13,"13,124.99"
625,2021-05-12,"13,031.68"
626,2021-05-11,"13,389.43"
627,2021-05-10,"13,401.86"
628,2021-05-07,"13,752.24"
629,2021-05-06,"13,632.84"
630,2021-05-05,"13,582.42"
631,2021-05-04,"13,633.50"
632,2021-05-03,"13,895.12"
633,2021-04-30,"13,962.68"
634,2021-04-29,"14,082.55"
635,2021-04-28,"14,051.03"
636,2021-04-27,"14,090.22"
637,2021-04-26,"14,138.78"
638,2021-04-23,"14,016.81"
639,2021-04-22,"13,818.41"
640,2021-04-21,"13,950.22"
641,2021-04-20,"13,786.27"
642,2021-04-19,"13,914.77"
643,2021-04-16,"14,052.34"
644,2021-04-15,"14,038.76"
645,2021-04-14,"13,857.84"
646,2021-04-13,"13,996.10"
647,2021-04-12,"13,850.00"
648,2021-04-09,"13,900.19"
649,2021-04-08,"13,829.31"
650,2021-04-07,"13,688.84"
651,2021-04-06,"13,698.38"
652,2021-04-05,"13,705.59"
653,2021-04-01,"13,480.11"
654,2021-03-31,"13,246.87"
655,2021-03-30,"13,045.39"
656,2021-03-29,"13,059.65"
657,2021-03-26,"13,138.72"
658,2021-03-25,"12,977.68"
659,2021-03-24,"12,961.89"
660,2021-03-23,"13,227.70"
661,2021-03-22,"13,377.54"
662,2021-03-19,"13,215.24"
663,2021-03-18,"13,116.17"
664,2021-03-17,"13,525.20"
665,2021-03-16,"13,471.57"
666,2021-03-15,"13,459.71"
667,2021-03-12,"13,319.86"
668,2021-03-11,"13,398.67"
669,2021-03-10,"13,068.83"
670,2021-03-09,"13,073.82"
671,2021-03-08,"12,609.16"
672,2021-03-05,"12,920.15"
673,2021-03-04,"12,723.47"
674,2021-03-03,"12,997.75"
675,2021-03-02,"13,358.79"
676,2021-03-01,"13,588.83"
677,2021-02-26,"13,192.35"
678,2021-02-25,"13,119.43"
679,2021-02-24,"13,597.97"
680,2021-02-23,"13,465.20"
681,2021-02-22,"13,533.05"
682,2021-02-19,"13,874.47"
683,2021-02-18,"13,865.36"
684,2021-02-17,"13,965.50"
685,2021-02-16,"14,047.50"
686,2021-02-12,"14,095.47"
687,2021-02-11,"14,025.77"
688,2021-02-10,"13,972.53"
689,2021-02-09,"14,007.70"
690,2021-02-08,"13,987.64"
691,2021-02-05,"13,856.30"
692,2021-02-04,"13,777.74"
693,2021-02-03,"13,610.54"
694,2021-02-02,"13,612.78"
695,2021-02-01,"13,403.39"
696,2021-01-29,"13,070.70"
697,2021-01-28,"13,337.16"
698,2021-01-27,"13,270.60"
699,2021-01-26,"13,626.07"
700,2021-01-25,"13,635.99"
701,2021-01-22,"13,543.06"
702,2021-01-21,"13,530.92"
703,2021-01-20,"13,457.25"
704,2021-01-19,"13,197.18"
705,2021-01-15,"12,998.50"
706,2021-01-14,"13,112.64"
707,2021-01-13,"13,128.95"
708,2021-01-12,"13,072.43"
709,2021-01-11,"13,036.43"
710,2021-01-08,"13,201.97"
711,2021-01-07,"13,067.48"
712,2021-01-06,"12,740.79"
713,2021-01-05,"12,818.96"
714,2021-01-04,"12,698.45"
715,2020-12-31,"12,888.28"
716,2020-12-30,"12,870.00"
717,2020-12-29,"12,850.22"
718,2020-12-28,"12,899.42"
719,2020-12-24,"12,804.73"
720,2020-12-23,"12,771.11"
721,2020-12-22,"12,807.92"
722,2020-12-21,"12,742.52"
723,2020-12-18,"12,755.64"
724,2020-12-17,"12,764.75"
725,2020-12-16,"12,658.19"
726,2020-12-15,"12,595.06"
727,2020-12-14,"12,440.04"
728,2020-12-11,"12,377.87"
729,2020-12-10,"12,405.81"
730,2020-12-09,"12,338.95"
731,2020-12-08,"12,582.77"
732,2020-12-07,"12,519.95"
733,2020-12-04,"12,464.23"
734,2020-12-03,"12,377.18"
735,2020-12-02,"12,349.37"
736,2020-12-01,"12,355.11"
737,2020-11-30,"12,198.74"
738,2020-11-27,"12,205.85"
739,2020-11-25,"12,094.40"
740,2020-11-24,"12,037.33"
741,2020-11-23,"11,880.63"
742,2020-11-20,"11,854.97"
743,2020-11-19,"11,904.71"
744,2020-11-18,"11,801.60"
745,2020-11-17,"11,899.34"
746,2020-11-16,"11,924.13"
747,2020-11-13,"11,829.29"
748,2020-11-12,"11,709.59"
749,2020-11-11,"11,786.43"
750,2020-11-10,"11,553.86"
751,2020-11-09,"11,713.78"
752,2020-11-06,"11,895.23"
753,2020-11-05,"11,890.93"
754,2020-11-04,"11,590.78"
755,2020-11-03,"11,160.57"
756,2020-11-02,"10,957.61"
757,2020-10-30,"10,911.59"
758,2020-10-29,"11,185.59"
759,2020-10-28,"11,004.87"
760,2020-10-27,"11,431.35"
761,2020-10-26,"11,358.94"
762,2020-10-23,"11,548.28"
763,2020-10-22,"11,506.01"
764,2020-10-21,"11,484.69"
765,2020-10-20,"11,516.49"
766,2020-10-19,"11,478.98"
767,2020-10-16,"11,671.66"
768,2020-10-15,"11,713.97"
769,2020-10-14,"11,768.83"
770,2020-10-13,"11,864.00"
771,2020-10-12,"11,876.36"
772,2020-10-09,"11,580.04"
773,2020-10-08,"11,421.08"
774,2020-10-07,"11,364.70"
775,2020-10-06,"11,154.70"
776,2020-10-05,"11,332.58"
777,2020-10-02,"11,075.11"
778,2020-10-01,"11,326.61"
779,2020-09-30,"11,167.68"
780,2020-09-29,"11,085.42"
781,2020-09-28,"11,117.70"
782,2020-09-25,"10,913.73"
783,2020-09-24,"10,672.43"
784,2020-09-23,"10,633.15"
785,2020-09-22,"10,963.77"
786,2020-09-21,"10,778.94"
787,2020-09-18,"10,793.28"
788,2020-09-17,"10,910.28"
789,2020-09-16,"11,050.47"
790,2020-09-15,"11,190.32"
791,2020-09-14,"11,056.65"
792,2020-09-11,"10,853.54"
793,2020-09-10,"10,919.59"
794,2020-09-09,"11,141.56"
795,2020-09-08,"10,847.69"
796,2020-09-04,"11,313.13"
797,2020-09-03,"11,458.10"
798,2020-09-02,"12,056.44"
799,2020-09-01,"11,939.67"
800,2020-08-31,"11,775.46"
801,2020-08-28,"11,695.63"
802,2020-08-27,"11,625.34"
803,2020-08-26,"11,665.06"
804,2020-08-25,"11,466.47"
805,2020-08-24,"11,379.72"
806,2020-08-21,"11,311.80"
807,2020-08-20,"11,264.95"
808,2020-08-19,"11,146.46"
809,2020-08-18,"11,210.84"
810,2020-08-17,"11,129.72"
811,2020-08-14,"11,019.30"
812,2020-08-13,"11,042.50"
813,2020-08-12,"11,012.24"
814,2020-08-11,"10,782.82"
815,2020-08-10,"10,968.36"
816,2020-08-07,"11,010.98"
817,2020-08-06,"11,108.07"
818,2020-08-05,"10,998.40"
819,2020-08-04,"10,941.17"
820,2020-08-03,"10,902.80"
821,2020-07-31,"10,745.28"
822,2020-07-30,"10,587.81"
823,2020-07-29,"10,542.94"
824,2020-07-28,"10,402.09"
825,2020-07-27,"10,536.27"
826,2020-07-24,"10,363.18"
827,2020-07-23,"10,461.42"
828,2020-07-22,"10,706.13"
829,2020-07-21,"10,680.36"
830,2020-07-20,"10,767.09"
831,2020-07-17,"10,503.19"
832,2020-07-16,"10,473.83"
833,2020-07-15,"10,550.49"
834,2020-07-14,"10,488.58"
835,2020-07-13,"10,390.84"
836,2020-07-10,"10,617.44"
837,2020-07-09,"10,547.75"
838,2020-07-08,"10,492.50"
839,2020-07-07,"10,343.89"
840,2020-07-06,"10,433.65"
841,2020-07-02,"10,207.63"
842,2020-07-01,"10,154.63"
843,2020-06-30,"10,058.76"
844,2020-06-29,"9,874.15"
845,2020-06-26,"9,757.22"
846,2020-06-25,"10,017.00"
847,2020-06-24,"9,909.17"
848,2020-06-23,"10,131.37"
849,2020-06-22,"10,056.47"
850,2020-06-19,"9,946.12"
851,2020-06-18,"9,943.05"
852,2020-06-17,"9,910.53"
853,2020-06-16,"9,895.87"
854,2020-06-15,"9,726.02"
855,2020-06-12,"9,588.81"
856,2020-06-11,"9,492.73"
857,2020-06-10,"10,020.35"
858,2020-06-09,"9,953.75"
859,2020-06-08,"9,924.75"
860,2020-06-05,"9,814.08"
861,2020-06-04,"9,615.81"
862,2020-06-03,"9,682.91"
863,2020-06-02,"9,608.38"
864,2020-06-01,"9,552.05"
865,2020-05-29,"9,489.87"
866,2020-05-28,"9,368.99"
867,2020-05-27,"9,412.36"
868,2020-05-26,"9,340.22"
869,2020-05-22,"9,324.59"
870,2020-05-21,"9,284.88"
871,2020-05-20,"9,375.78"
872,2020-05-19,"9,185.10"
873,2020-05-18,"9,234.83"
874,2020-05-15,"9,014.56"
875,2020-05-14,"8,943.72"
876,2020-05-13,"8,863.17"
877,2020-05-12,"9,002.55"
878,2020-05-11,"9,192.34"
879,2020-05-08,"9,121.32"
880,2020-05-07,"8,979.66"
881,2020-05-06,"8,854.39"
882,2020-05-05,"8,809.12"
883,2020-05-04,"8,710.72"
884,2020-05-01,"8,604.95"
885,2020-04-30,"8,889.55"
886,2020-04-29,"8,914.71"
887,2020-04-28,"8,607.73"
888,2020-04-27,"8,730.16"
889,2020-04-24,"8,634.52"
890,2020-04-23,"8,494.75"
891,2020-04-22,"8,495.38"
892,2020-04-21,"8,263.23"
893,2020-04-20,"8,560.73"
894,2020-04-17,"8,650.14"
895,2020-04-16,"8,532.36"
896,2020-04-15,"8,393.18"
897,2020-04-14,"8,515.74"
898,2020-04-13,"8,192.42"
899,2020-04-09,"8,153.57"
900,2020-04-08,"8,090.90"
901,2020-04-07,"7,887.26"
902,2020-04-06,"7,913.24"
903,2020-04-03,"7,373.08"
904,2020-04-02,"7,487.31"
905,2020-04-01,"7,360.58"
906,2020-03-31,"7,700.10"
907,2020-03-30,"7,774.15"
908,2020-03-27,"7,502.38"
909,2020-03-26,"7,797.54"
910,2020-03-25,"7,384.30"
911,2020-03-24,"7,417.86"
912,2020-03-23,"6,860.67"
913,2020-03-20,"6,879.52"
914,2020-03-19,"7,150.58"
915,2020-03-18,"6,989.84"
916,2020-03-17,"7,334.78"
917,2020-03-16,"6,904.59"
918,2020-03-13,"7,874.88"
919,2020-03-12,"7,201.80"
920,2020-03-11,"7,952.05"
921,2020-03-10,"8,344.25"
922,2020-03-09,"7,950.68"
923,2020-03-06,"8,575.62"
924,2020-03-05,"8,738.59"
925,2020-03-04,"9,018.09"
926,2020-03-03,"8,684.09"
927,2020-03-02,"8,952.17"
928,2020-02-28,"8,567.37"
929,2020-02-27,"8,566.48"
930,2020-02-26,"8,980.77"
931,2020-02-25,"8,965.61"
932,2020-02-24,"9,221.28"
933,2020-02-21,"9,576.59"
934,2020-02-20,"9,750.97"
935,2020-02-19,"9,817.18"
936,2020-02-18,"9,732.74"
937,2020-02-14,"9,731.18"
938,2020-02-13,"9,711.97"
939,2020-02-12,"9,725.96"
940,2020-02-11,"9,638.94"
941,2020-02-10,"9,628.39"
942,2020-02-07,"9,520.51"
943,2020-02-06,"9,572.15"
944,2020-02-05,"9,508.68"
945,2020-02-04,"9,467.97"
946,2020-02-03,"9,273.40"
947,2020-01-31,"9,150.94"
948,2020-01-30,"9,298.93"
949,2020-01-29,"9,275.16"
950,2020-01-28,"9,269.68"
951,2020-01-27,"9,139.31"
952,2020-01-24,"9,314.91"
953,2020-01-23,"9,402.48"
954,2020-01-22,"9,383.77"
955,2020-01-21,"9,370.81"
956,2020-01-17,"9,388.94"
957,2020-01-16,"9,357.13"
958,2020-01-15,"9,258.69"
959,2020-01-14,"9,251.33"
960,2020-01-13,"9,273.93"
961,2020-01-10,"9,178.86"
962,2020-01-09,"9,203.43"
963,2020-01-08,"9,129.24"
964,2020-01-07,"9,068.58"
965,2020-01-06,"9,071.47"
966,2020-01-03,"9,020.77"
967,2020-01-02,"9,092.19"
968,2019-12-31,"8,972.60"
969,2019-12-30,"8,945.99"
970,2019-12-27,"9,006.62"
971,2019-12-26,"9,022.39"
972,2019-12-24,"8,952.88"
973,2019-12-23,"8,945.65"
974,2019-12-20,"8,924.95"
975,2019-12-19,"8,887.22"
976,2019-12-18,"8,827.74"
977,2019-12-17,"8,823.36"
978,2019-12-16,"8,814.23"
979,2019-12-13,"8,734.88"
980,2019-12-12,"8,717.32"
981,2019-12-11,"8,654.05"
982,2019-12-10,"8,616.18"
983,2019-12-09,"8,621.83"
984,2019-12-06,"8,656.53"
985,2019-12-05,"8,570.70"
986,2019-12-04,"8,566.67"
987,2019-12-03,"8,520.64"
988,2019-12-02,"8,567.99"
989,2019-11-29,"8,665.47"
990,2019-11-27,"8,705.17"
991,2019-11-26,"8,647.93"
992,2019-11-25,"8,632.49"
993,2019-11-22,"8,519.89"
994,2019-11-21,"8,506.21"
995,2019-11-20,"8,526.73"
996,2019-11-19,"8,570.66"
997,2019-11-18,"8,549.94"
998,2019-11-15,"8,540.83"
999,2019-11-14,"8,479.02"
1000,2019-11-13,"8,482.10"
1001,2019-11-12,"8,486.09"
1002,2019-11-11,"8,464.28"
1003,2019-11-08,"8,475.31"
1004,2019-11-07,"8,434.52"
1005,2019-11-06,"8,410.63"
1006,2019-11-05,"8,434.68"
1007,2019-11-04,"8,433.20"
1008,2019-11-01,"8,386.40"
1009,2019-10-31,"8,292.36"
1010,2019-10-30,"8,303.98"
1011,2019-10-29,"8,276.85"
1012,2019-10-28,"8,325.99"
1013,2019-10-25,"8,243.12"
1014,2019-10-24,"8,185.80"
1015,2019-10-23,"8,119.79"
1016,2019-10-22,"8,104.30"
1017,2019-10-21,"8,162.99"
1018,2019-10-18,"8,089.54"
1019,2019-10-17,"8,156.85"
1020,2019-10-16,"8,124.18"
1021,2019-10-15,"8,148.71"
1022,2019-10-14,"8,048.65"
1023,2019-10-11,"8,057.04"
1024,2019-10-10,"7,950.77"
1025,2019-10-09,"7,903.73"
1026,2019-10-08,"7,823.76"
1027,2019-10-07,"7,956.28"
1028,2019-10-04,"7,982.46"
1029,2019-10-03,"7,872.25"
1030,2019-10-02,"7,785.23"
1031,2019-10-01,"7,908.67"
1032,2019-09-30,"7,999.33"
1033,2019-09-27,"7,939.63"
1034,2019-09-26,"8,030.66"
1035,2019-09-25,"8,077.38"
1036,2019-09-24,"7,993.63"
1037,2019-09-23,"8,112.46"
1038,2019-09-20,"8,117.67"
1039,2019-09-19,"8,182.88"
1040,2019-09-18,"8,177.39"
1041,2019-09-17,"8,186.02"
1042,2019-09-16,"8,153.54"
1043,2019-09-13,"8,176.71"
1044,2019-09-12,"8,194.47"
1045,2019-09-11,"8,169.68"
1046,2019-09-10,"8,084.15"
1047,2019-09-09,"8,087.44"
1048,2019-09-06,"8,103.07"
1049,2019-09-05,"8,116.83"
1050,2019-09-04,"7,976.88"
1051,2019-09-03,"7,874.16"
1052,2019-08-30,"7,962.88"
1053,2019-08-29,"7,973.39"
1054,2019-08-28,"7,856.88"
1055,2019-08-27,"7,826.95"
1056,2019-08-26,"7,853.73"
1057,2019-08-23,"7,751.77"
1058,2019-08-22,"7,991.39"
1059,2019-08-21,"8,020.21"
1060,2019-08-20,"7,948.56"
1061,2019-08-19,"8,002.81"
1062,2019-08-16,"7,895.99"
1063,2019-08-15,"7,766.62"
1064,2019-08-14,"7,773.94"
1065,2019-08-13,"8,016.36"
1066,2019-08-12,"7,863.41"
1067,2019-08-09,"7,959.14"
1068,2019-08-08,"8,039.16"
1069,2019-08-07,"7,862.83"
1070,2019-08-06,"7,833.27"
1071,2019-08-05,"7,726.04"
1072,2019-08-02,"8,004.07"
1073,2019-08-01,"8,111.12"
1074,2019-07-31,"8,175.42"
1075,2019-07-30,"8,273.61"
1076,2019-07-29,"8,293.33"
1077,2019-07-26,"8,330.21"
1078,2019-07-25,"8,238.54"
1079,2019-07-24,"8,321.50"
1080,2019-07-23,"8,251.40"
1081,2019-07-22,"8,204.14"
1082,2019-07-19,"8,146.49"
1083,2019-07-18,"8,207.24"
1084,2019-07-17,"8,185.21"
1085,2019-07-16,"8,222.80"
1086,2019-07-15,"8,258.18"
1087,2019-07-12,"8,244.14"
1088,2019-07-11,"8,196.04"
1089,2019-07-10,"8,202.53"
1090,2019-07-09,"8,141.73"
1091,2019-07-08,"8,098.38"
1092,2019-07-05,"8,161.79"
1093,2019-07-03,"8,170.23"
1094,2019-07-02,"8,109.09"
1095,2019-07-01,"8,091.16"
1096,2019-06-28,"8,006.24"
1097,2019-06-27,"7,967.76"
1098,2019-06-26,"7,909.97"
1099,2019-06-25,"7,884.72"
1100,2019-06-24,"8,005.70"
1101,2019-06-21,"8,031.71"
1102,2019-06-20,"8,051.34"
1103,2019-06-19,"7,987.32"
1104,2019-06-18,"7,953.88"
1105,2019-06-17,"7,845.02"
1106,2019-06-14,"7,796.66"
1107,2019-06-13,"7,837.13"
1108,2019-06-12,"7,792.72"
1109,2019-06-11,"7,822.57"
1110,2019-06-10,"7,823.17"
1111,2019-06-07,"7,742.10"
1112,2019-06-06,"7,615.55"
1113,2019-06-05,"7,575.48"
1114,2019-06-04,"7,527.12"
1115,2019-06-03,"7,333.02"
1116,2019-05-31,"7,453.15"
1117,2019-05-30,"7,567.72"
1118,2019-05-29,"7,547.31"
1119,2019-05-28,"7,607.35"
1120,2019-05-24,"7,637.01"
1121,2019-05-23,"7,628.28"
1122,2019-05-22,"7,750.84"
1123,2019-05-21,"7,785.72"
1124,2019-05-20,"7,702.38"
1125,2019-05-17,"7,816.28"
1126,2019-05-16,"7,898.05"
1127,2019-05-15,"7,822.15"
1128,2019-05-14,"7,734.49"
1129,2019-05-13,"7,647.02"
1130,2019-05-10,"7,916.94"
1131,2019-05-09,"7,910.59"
1132,2019-05-08,"7,943.32"
1133,2019-05-07,"7,963.76"
1134,2019-05-06,"8,123.29"
1135,2019-05-03,"8,164.00"
1136,2019-05-02,"8,036.77"
1137,2019-05-01,"8,049.64"
1138,2019-04-30,"8,095.39"
1139,2019-04-29,"8,161.85"
1140,2019-04-26,"8,146.40"
1141,2019-04-25,"8,118.68"
1142,2019-04-24,"8,102.02"
1143,2019-04-23,"8,120.82"
1144,2019-04-22,"8,015.27"
1145,2019-04-18,"7,998.06"
1146,2019-04-17,"7,996.08"
1147,2019-04-16,"8,000.23"
1148,2019-04-15,"7,976.01"
1149,2019-04-12,"7,984.16"
1150,2019-04-11,"7,947.36"
1151,2019-04-10,"7,964.24"
1152,2019-04-09,"7,909.28"
1153,2019-04-08,"7,953.88"
1154,2019-04-05,"7,938.69"
1155,2019-04-04,"7,891.78"
1156,2019-04-03,"7,895.55"
1157,2019-04-02,"7,848.69"
1158,2019-04-01,"7,828.91"
1159,2019-03-29,"7,729.32"
1160,2019-03-28,"7,669.17"
1161,2019-03-27,"7,643.38"
1162,2019-03-26,"7,691.52"
1163,2019-03-25,"7,637.54"
1164,2019-03-22,"7,642.67"
1165,2019-03-21,"7,838.96"
1166,2019-03-20,"7,728.97"
1167,2019-03-19,"7,723.95"
1168,2019-03-18,"7,714.48"
1169,2019-03-15,"7,688.53"
1170,2019-03-14,"7,630.91"
1171,2019-03-13,"7,643.40"
1172,2019-03-12,"7,591.03"
1173,2019-03-11,"7,558.06"
1174,2019-03-08,"7,408.14"
1175,2019-03-07,"7,421.46"
1176,2019-03-06,"7,505.92"
1177,2019-03-05,"7,576.36"
1178,2019-03-04,"7,577.57"
1179,2019-03-01,"7,595.35"
1180,2019-02-28,"7,532.53"
1181,2019-02-27,"7,554.51"
1182,2019-02-26,"7,549.30"
1183,2019-02-25,"7,554.46"
1184,2019-02-22,"7,527.55"
1185,2019-02-21,"7,459.71"
1186,2019-02-20,"7,489.07"
1187,2019-02-19,"7,486.77"
1188,2019-02-15,"7,472.41"
1189,2019-02-14,"7,426.95"
1190,2019-02-13,"7,420.38"
1191,2019-02-12,"7,414.62"
1192,2019-02-11,"7,307.90"
1193,2019-02-08,"7,298.20"
1194,2019-02-07,"7,288.35"
1195,2019-02-06,"7,375.28"
1196,2019-02-05,"7,402.08"
1197,2019-02-04,"7,347.54"
1198,2019-02-01,"7,263.87"
1199,2019-01-31,"7,281.74"
1200,2019-01-30,"7,183.08"
1201,2019-01-29,"7,028.29"
1202,2019-01-28,"7,085.69"
1203,2019-01-25,"7,164.86"
1204,2019-01-24,"7,073.46"
1205,2019-01-23,"7,025.77"
1206,2019-01-22,"7,020.36"
1207,2019-01-18,"7,157.23"
1208,2019-01-17,"7,084.46"
1209,2019-01-16,"7,034.69"
1210,2019-01-15,"7,023.83"
1211,2019-01-14,"6,905.91"
1212,2019-01-11,"6,971.48"
1213,2019-01-10,"6,986.07"
1214,2019-01-09,"6,957.08"
1215,2019-01-08,"6,897.00"
1216,2019-01-07,"6,823.47"
1217,2019-01-04,"6,738.86"
1218,2019-01-03,"6,463.50"
1219,2019-01-02,"6,665.94"
1220,2018-12-31,"6,635.28"
1221,2018-12-28,"6,584.52"
1222,2018-12-27,"6,579.49"
1223,2018-12-26,"6,554.35"
1224,2018-12-24,"6,192.92"
1225,2018-12-21,"6,332.99"
1226,2018-12-20,"6,528.41"
1227,2018-12-19,"6,636.83"
1228,2018-12-18,"6,783.91"
1229,2018-12-17,"6,753.73"
1230,2018-12-14,"6,910.66"
1231,2018-12-13,"7,070.33"
1232,2018-12-12,"7,098.31"
1233,2018-12-11,"7,031.83"
1234,2018-12-10,"7,020.52"
1235,2018-12-07,"6,969.25"
1236,2018-12-06,"7,188.26"
1237,2018-12-04,"7,158.43"
1238,2018-12-03,"7,441.51"
1239,2018-11-30,"7,330.54"
1240,2018-11-29,"7,273.08"
1241,2018-11-28,"7,291.59"
1242,2018-11-27,"7,082.70"
1243,2018-11-26,"7,081.85"
1244,2018-11-23,"6,938.98"
1245,2018-11-21,"6,972.25"
1246,2018-11-20,"6,908.82"
1247,2018-11-19,"7,028.48"
1248,2018-11-16,"7,247.87"
1249,2018-11-15,"7,259.03"
1250,2018-11-14,"7,136.39"
1251,2018-11-13,"7,200.88"
1252,2018-11-12,"7,200.87"
1253,2018-11-09,"7,406.90"
1254,2018-11-08,"7,530.89"
1255,2018-11-07,"7,570.75"
1256,2018-11-06,"7,375.96"
1257,2018-11-05,"7,328.85"
1258,2018-11-02,"7,356.99"
1259,2018-11-01,"7,434.06"
1260,2018-10-31,"7,305.90"
1261,2018-10-30,"7,161.65"
1262,2018-10-29,"7,050.29"
1263,2018-10-26,"7,167.21"
1264,2018-10-25,"7,318.34"
1265,2018-10-24,"7,108.40"
1266,2018-10-23,"7,437.54"
1267,2018-10-22,"7,468.63"
1268,2018-10-19,"7,449.03"
1269,2018-10-18,"7,485.14"
1270,2018-10-17,"7,642.70"
1271,2018-10-16,"7,645.49"
1272,2018-10-15,"7,430.74"
1273,2018-10-12,"7,496.89"
1274,2018-10-11,"7,329.06"
1275,2018-10-10,"7,422.05"
1276,2018-10-09,"7,738.02"
1277,2018-10-08,"7,735.95"
1278,2018-10-05,"7,788.45"
1279,2018-10-04,"7,879.51"
1280,2018-10-03,"8,025.09"
1281,2018-10-02,"7,999.55"
1282,2018-10-01,"8,037.30"
1283,2018-09-28,"8,046.35"
1284,2018-09-27,"8,041.97"
1285,2018-09-26,"7,990.37"
1286,2018-09-25,"8,007.47"
1287,2018-09-24,"7,993.25"
1288,2018-09-21,"7,986.95"
1289,2018-09-20,"8,028.23"
1290,2018-09-19,"7,950.04"
1291,2018-09-18,"7,956.11"
1292,2018-09-17,"7,895.79"
1293,2018-09-14,"8,010.04"
1294,2018-09-13,"8,013.71"
1295,2018-09-12,"7,954.23"
1296,2018-09-11,"7,972.47"
1297,2018-09-10,"7,924.16"
1298,2018-09-07,"7,902.54"
1299,2018-09-06,"7,922.73"
1300,2018-09-05,"7,995.17"
1301,2018-09-04,"8,091.25"
1302,2018-08-31,"8,109.54"
1303,2018-08-30,"8,088.36"
1304,2018-08-29,"8,109.69"
1305,2018-08-28,"8,030.04"
1306,2018-08-27,"8,017.90"
1307,2018-08-24,"7,945.98"
1308,2018-08-23,"7,878.46"
1309,2018-08-22,"7,889.10"
1310,2018-08-21,"7,859.17"
1311,2018-08-20,"7,821.01"
1312,2018-08-17,"7,816.33"
1313,2018-08-16,"7,806.52"
1314,2018-08-15,"7,774.12"
1315,2018-08-14,"7,870.89"
1316,2018-08-13,"7,819.71"
1317,2018-08-10,"7,839.11"
1318,2018-08-09,"7,891.78"
1319,2018-08-08,"7,888.33"
1320,2018-08-07,"7,883.66"
1321,2018-08-06,"7,859.68"
1322,2018-08-03,"7,812.02"
1323,2018-08-02,"7,802.69"
1324,2018-08-01,"7,707.29"
1325,2018-07-31,"7,671.79"
1326,2018-07-30,"7,630.00"
1327,2018-07-27,"7,737.42"
1328,2018-07-26,"7,852.19"
1329,2018-07-25,"7,932.24"
1330,2018-07-24,"7,840.77"
1331,2018-07-23,"7,841.87"
1332,2018-07-20,"7,820.20"
1333,2018-07-19,"7,825.30"
1334,2018-07-18,"7,854.44"
1335,2018-07-17,"7,855.12"
1336,2018-07-16,"7,805.72"
1337,2018-07-13,"7,825.98"
1338,2018-07-12,"7,823.92"
1339,2018-07-11,"7,716.61"
1340,2018-07-10,"7,759.20"
1341,2018-07-09,"7,756.20"
1342,2018-07-06,"7,688.39"
1343,2018-07-05,"7,586.43"
1344,2018-07-03,"7,502.67"
1345,2018-07-02,"7,567.69"
1346,2018-06-29,"7,510.30"
1347,2018-06-28,"7,503.68"
1348,2018-06-27,"7,445.09"
1349,2018-06-26,"7,561.63"
1350,2018-06-25,"7,532.01"
1351,2018-06-22,"7,692.82"
1352,2018-06-21,"7,712.95"
1353,2018-06-20,"7,781.52"
1354,2018-06-19,"7,725.59"
1355,2018-06-18,"7,747.02"
1356,2018-06-15,"7,746.38"
1357,2018-06-14,"7,761.04"
1358,2018-06-13,"7,695.70"
1359,2018-06-12,"7,703.79"
1360,2018-06-11,"7,659.93"
1361,2018-06-08,"7,645.51"
1362,2018-06-07,"7,635.07"
1363,2018-06-06,"7,689.24"
1364,2018-06-05,"7,637.86"
1365,2018-06-04,"7,606.46"
1366,2018-06-01,"7,554.33"
1367,2018-05-31,"7,442.12"
1368,2018-05-30,"7,462.45"
1369,2018-05-29,"7,396.59"
1370,2018-05-25,"7,433.85"
1371,2018-05-24,"7,424.43"
1372,2018-05-23,"7,425.95"
1373,2018-05-22,"7,378.45"
1374,2018-05-21,"7,394.04"
1375,2018-05-18,"7,354.34"
1376,2018-05-17,"7,382.47"
1377,2018-05-16,"7,398.30"
1378,2018-05-15,"7,351.63"
1379,2018-05-14,"7,411.31"
1380,2018-05-11,"7,402.88"
1381,2018-05-10,"7,404.98"
1382,2018-05-09,"7,339.90"
1383,2018-05-08,"7,266.90"
1384,2018-05-07,"7,265.21"
1385,2018-05-04,"7,209.62"
1386,2018-05-03,"7,088.15"
1387,2018-05-02,"7,100.90"
1388,2018-05-01,"7,130.70"
1389,2018-04-30,"7,066.27"
1390,2018-04-27,"7,119.80"
1391,2018-04-26,"7,118.68"
1392,2018-04-25,"7,003.74"
1393,2018-04-24,"7,007.35"
1394,2018-04-23,"7,128.60"
1395,2018-04-20,"7,146.13"
1396,2018-04-19,"7,238.06"
1397,2018-04-18,"7,295.24"
1398,2018-04-17,"7,281.10"
1399,2018-04-16,"7,156.28"
1400,2018-04-13,"7,106.65"
1401,2018-04-12,"7,140.25"
1402,2018-04-11,"7,069.03"
1403,2018-04-10,"7,094.30"
1404,2018-04-09,"6,950.34"
1405,2018-04-06,"6,915.11"
1406,2018-04-05,"7,076.55"
1407,2018-04-04,"7,042.11"
1408,2018-04-03,"6,941.28"
1409,2018-04-02,"6,870.12"
1410,2018-03-29,"7,063.44"
1411,2018-03-28,"6,949.23"
1412,2018-03-27,"7,008.81"
1413,2018-03-26,"7,220.54"
1414,2018-03-23,"6,992.67"
1415,2018-03-22,"7,166.68"
1416,2018-03-21,"7,345.28"
1417,2018-03-20,"7,364.30"
1418,2018-03-19,"7,344.24"
1419,2018-03-16,"7,481.99"
1420,2018-03-15,"7,481.74"
1421,2018-03-14,"7,496.81"
1422,2018-03-13,"7,511.01"
1423,2018-03-12,"7,588.32"
1424,2018-03-09,"7,560.81"
1425,2018-03-08,"7,427.95"
1426,2018-03-07,"7,396.65"
1427,2018-03-06,"7,372.01"
1428,2018-03-05,"7,330.70"
1429,2018-03-02,"7,257.87"
1430,2018-03-01,"7,180.56"
1431,2018-02-28,"7,273.01"
1432,2018-02-27,"7,330.35"
1433,2018-02-26,"7,421.46"
1434,2018-02-23,"7,337.39"
1435,2018-02-22,"7,210.09"
1436,2018-02-21,"7,218.23"
1437,2018-02-20,"7,234.31"
1438,2018-02-16,"7,239.47"
1439,2018-02-15,"7,256.43"
1440,2018-02-14,"7,143.61"
1441,2018-02-13,"7,013.51"
1442,2018-02-12,"6,981.96"
1443,2018-02-09,"6,874.49"
1444,2018-02-08,"6,777.16"
1445,2018-02-07,"7,051.98"
1446,2018-02-06,"7,115.88"
1447,2018-02-05,"6,967.53"
1448,2018-02-02,"7,240.95"
1449,2018-02-01,"7,385.86"
1450,2018-01-31,"7,411.48"
1451,2018-01-30,"7,402.48"
1452,2018-01-29,"7,466.51"
1453,2018-01-26,"7,505.77"
1454,2018-01-25,"7,411.16"
1455,2018-01-24,"7,415.06"
1456,2018-01-23,"7,460.29"
1457,2018-01-22,"7,408.03"
1458,2018-01-19,"7,336.38"
1459,2018-01-18,"7,296.05"
1460,2018-01-17,"7,298.28"
1461,2018-01-16,"7,223.69"
1462,2018-01-12,"7,261.06"
1463,2018-01-11,"7,211.78"
1464,2018-01-10,"7,153.57"
1465,2018-01-09,"7,163.58"
1466,2018-01-08,"7,157.39"
1467,2018-01-05,"7,136.56"
1468,2018-01-04,"7,077.91"
1469,2018-01-03,"7,065.53"
1470,2018-01-02,"7,006.90"
1471,2017-12-29,"6,903.39"
1472,2017-12-28,"6,950.16"
1473,2017-12-27,"6,939.34"
1474,2017-12-26,"6,936.25"
1475,2017-12-22,"6,959.96"
1476,2017-12-21,"6,965.36"
1477,2017-12-20,"6,960.96"
1478,2017-12-19,"6,963.85"
1479,2017-12-18,"6,994.76"
1480,2017-12-15,"6,936.58"
1481,2017-12-14,"6,856.53"
1482,2017-12-13,"6,875.80"
1483,2017-12-12,"6,862.32"
1484,2017-12-11,"6,875.08"
1485,2017-12-08,"6,840.08"
1486,2017-12-07,"6,812.84"
1487,2017-12-06,"6,776.38"
1488,2017-12-05,"6,762.21"
1489,2017-12-04,"6,775.37"
1490,2017-12-01,"6,847.59"
1491,2017-11-30,"6,873.97"
1492,2017-11-29,"6,824.39"
1493,2017-11-28,"6,912.36"
1494,2017-11-27,"6,878.52"
1495,2017-11-24,"6,889.16"
1496,2017-11-22,"6,867.36"
1497,2017-11-21,"6,862.48"
1498,2017-11-20,"6,790.71"
1499,2017-11-17,"6,782.79"
1500,2017-11-16,"6,793.29"
1501,2017-11-15,"6,706.21"
1502,2017-11-14,"6,737.87"
1503,2017-11-13,"6,757.60"
1504,2017-11-10,"6,750.94"
1505,2017-11-09,"6,750.05"
1506,2017-11-08,"6,789.12"
1507,2017-11-07,"6,767.78"
1508,2017-11-06,"6,786.44"
1509,2017-11-03,"6,764.44"
1510,2017-11-02,"6,714.94"
1511,2017-11-01,"6,716.53"
1512,2017-10-31,"6,727.67"
1513,2017-10-30,"6,698.96"
1514,2017-10-27,"6,701.26"
1515,2017-10-26,"6,556.77"
1516,2017-10-25,"6,563.89"
1517,2017-10-24,"6,598.43"
1518,2017-10-23,"6,586.83"
1519,2017-10-20,"6,629.05"
1520,2017-10-19,"6,605.07"
1521,2017-10-18,"6,624.22"
1522,2017-10-17,"6,623.66"
1523,2017-10-16,"6,624.01"
1524,2017-10-13,"6,605.80"
1525,2017-10-12,"6,591.51"
1526,2017-10-11,"6,603.55"
1527,2017-10-10,"6,587.25"
1528,2017-10-09,"6,579.73"
1529,2017-10-06,"6,590.18"
1530,2017-10-05,"6,585.36"
1531,2017-10-04,"6,534.63"
1532,2017-10-03,"6,531.71"
1533,2017-10-02,"6,516.72"
1534,2017-09-29,"6,495.96"
1535,2017-09-28,"6,453.45"
1536,2017-09-27,"6,453.26"
1537,2017-09-26,"6,380.16"
1538,2017-09-25,"6,370.59"
1539,2017-09-22,"6,426.92"
1540,2017-09-21,"6,422.69"
1541,2017-09-20,"6,456.04"
1542,2017-09-19,"6,461.32"
1543,2017-09-18,"6,454.64"
1544,2017-09-15,"6,448.47"
1545,2017-09-14,"6,429.08"
1546,2017-09-13,"6,460.19"
1547,2017-09-12,"6,454.28"
1548,2017-09-11,"6,432.26"
1549,2017-09-08,"6,360.19"
1550,2017-09-07,"6,397.87"
1551,2017-09-06,"6,393.31"
1552,2017-09-05,"6,375.57"
1553,2017-09-01,"6,435.33"
1554,2017-08-31,"6,428.66"
1555,2017-08-30,"6,368.31"
1556,2017-08-29,"6,301.89"
1557,2017-08-28,"6,283.02"
1558,2017-08-25,"6,265.64"
1559,2017-08-24,"6,271.33"
1560,2017-08-23,"6,278.41"
1561,2017-08-22,"6,297.48"
1562,2017-08-21,"6,213.13"
1563,2017-08-18,"6,216.53"
1564,2017-08-17,"6,221.91"
1565,2017-08-16,"6,345.11"
1566,2017-08-15,"6,333.01"
1567,2017-08-14,"6,340.23"
1568,2017-08-11,"6,256.56"
1569,2017-08-10,"6,216.87"
1570,2017-08-09,"6,352.33"
1571,2017-08-08,"6,370.46"
1572,2017-08-07,"6,383.77"
1573,2017-08-04,"6,351.56"
1574,2017-08-03,"6,340.34"
1575,2017-08-02,"6,362.65"
1576,2017-08-01,"6,362.94"
1577,2017-07-31,"6,348.12"
1578,2017-07-28,"6,374.68"
1579,2017-07-27,"6,382.19"
1580,2017-07-26,"6,422.75"
1581,2017-07-25,"6,412.17"
1582,2017-07-24,"6,410.81"
1583,2017-07-21,"6,387.75"
1584,2017-07-20,"6,390.00"
1585,2017-07-19,"6,385.04"
1586,2017-07-18,"6,344.31"
1587,2017-07-17,"6,314.43"
1588,2017-07-14,"6,312.47"
1589,2017-07-13,"6,274.44"
1590,2017-07-12,"6,261.17"
1591,2017-07-11,"6,193.31"
1592,2017-07-10,"6,176.39"
1593,2017-07-07,"6,153.08"
1594,2017-07-06,"6,089.46"
1595,2017-07-05,"6,150.85"
1596,2017-07-03,"6,110.06"
1597,2017-06-30,"6,140.42"
1598,2017-06-29,"6,144.35"
1599,2017-06-28,"6,234.41"
1600,2017-06-27,"6,146.62"
1601,2017-06-26,"6,247.15"
1602,2017-06-23,"6,265.25"
1603,2017-06-22,"6,236.69"
1604,2017-06-21,"6,233.95"
1605,2017-06-20,"6,188.03"
1606,2017-06-19,"6,239.01"
1607,2017-06-16,"6,151.76"
1608,2017-06-15,"6,165.50"
1609,2017-06-14,"6,194.89"
1610,2017-06-13,"6,220.37"
1611,2017-06-12,"6,175.47"
1612,2017-06-09,"6,207.92"
1613,2017-06-08,"6,321.76"
1614,2017-06-07,"6,297.38"
1615,2017-06-06,"6,275.06"
1616,2017-06-05,"6,295.68"
1617,2017-06-02,"6,305.80"
1618,2017-06-01,"6,246.83"
1619,2017-05-31,"6,198.52"
1620,2017-05-30,"6,203.19"
1621,2017-05-26,"6,210.19"
1622,2017-05-25,"6,205.26"
1623,2017-05-24,"6,163.02"
1624,2017-05-23,"6,138.71"
1625,2017-05-22,"6,133.62"
1626,2017-05-19,"6,083.70"
1627,2017-05-18,"6,055.13"
1628,2017-05-17,"6,011.24"
1629,2017-05-16,"6,169.87"
1630,2017-05-15,"6,149.67"
1631,2017-05-12,"6,121.23"
1632,2017-05-11,"6,115.96"
1633,2017-05-10,"6,129.14"
1634,2017-05-09,"6,120.59"
1635,2017-05-08,"6,102.66"
1636,2017-05-05,"6,100.76"
1637,2017-05-04,"6,075.34"
1638,2017-05-03,"6,072.55"
1639,2017-05-02,"6,095.37"
1640,2017-05-01,"6,091.60"
1641,2017-04-28,"6,047.61"
1642,2017-04-27,"6,048.94"
1643,2017-04-26,"6,025.23"
1644,2017-04-25,"6,025.49"
1645,2017-04-24,"5,983.82"
1646,2017-04-21,"5,910.52"
1647,2017-04-20,"5,916.78"
1648,2017-04-19,"5,863.03"
1649,2017-04-18,"5,849.47"
1650,2017-04-17,"5,856.79"
1651,2017-04-13,"5,805.15"
1652,2017-04-12,"5,836.16"
1653,2017-04-11,"5,866.77"
1654,2017-04-10,"5,880.93"
1655,2017-04-07,"5,877.81"
1656,2017-04-06,"5,878.95"
1657,2017-04-05,"5,864.48"
1658,2017-04-04,"5,898.61"
1659,2017-04-03,"5,894.68"
1660,2017-03-31,"5,911.74"
1661,2017-03-30,"5,914.34"
1662,2017-03-29,"5,897.55"
1663,2017-03-28,"5,875.14"
1664,2017-03-27,"5,840.37"
1665,2017-03-24,"5,828.74"
1666,2017-03-23,"5,817.69"
1667,2017-03-22,"5,821.64"
1668,2017-03-21,"5,793.82"
1669,2017-03-20,"5,901.53"
1670,2017-03-17,"5,901.00"
1671,2017-03-16,"5,900.76"
1672,2017-03-15,"5,900.05"
1673,2017-03-14,"5,856.82"
1674,2017-03-13,"5,875.78"
1675,2017-03-10,"5,861.73"
1676,2017-03-09,"5,838.81"
1677,2017-03-08,"5,837.55"
1678,2017-03-07,"5,833.93"
1679,2017-03-06,"5,849.18"
1680,2017-03-03,"5,870.75"
1681,2017-03-02,"5,861.22"
1682,2017-03-01,"5,904.03"
1683,2017-02-28,"5,825.44"
1684,2017-02-27,"5,861.90"
1685,2017-02-24,"5,845.31"
1686,2017-02-23,"5,835.51"
1687,2017-02-22,"5,860.63"
1688,2017-02-21,"5,865.95"
1689,2017-02-17,"5,838.58"
1690,2017-02-16,"5,814.90"
1691,2017-02-15,"5,819.44"
1692,2017-02-14,"5,782.57"
1693,2017-02-13,"5,763.96"
1694,2017-02-10,"5,734.13"
1695,2017-02-09,"5,715.18"
1696,2017-02-08,"5,682.45"
1697,2017-02-07,"5,674.22"
1698,2017-02-06,"5,663.55"
1699,2017-02-03,"5,666.77"
1700,2017-02-02,"5,636.20"
1701,2017-02-01,"5,642.65"
1702,2017-01-31,"5,614.79"
1703,2017-01-30,"5,613.71"
1704,2017-01-27,"5,660.78"
1705,2017-01-26,"5,655.18"
1706,2017-01-25,"5,656.34"
1707,2017-01-24,"5,600.96"
1708,2017-01-23,"5,552.94"
1709,2017-01-20,"5,555.33"
1710,2017-01-19,"5,540.08"
1711,2017-01-18,"5,555.65"
1712,2017-01-17,"5,538.73"
1713,2017-01-13,"5,574.12"
1714,2017-01-12,"5,547.49"
1715,2017-01-11,"5,563.65"
1716,2017-01-10,"5,551.82"
1717,2017-01-09,"5,531.82"
1718,2017-01-06,"5,521.06"
1719,2017-01-05,"5,487.94"
1720,2017-01-04,"5,477.01"
1721,2017-01-03,"5,429.08"
1722,2016-12-30,"5,383.12"
1723,2016-12-29,"5,432.09"
1724,2016-12-28,"5,438.56"
1725,2016-12-27,"5,487.44"
1726,2016-12-23,"5,462.69"
1727,2016-12-22,"5,447.42"
1728,2016-12-21,"5,471.43"
1729,2016-12-20,"5,483.94"
1730,2016-12-19,"5,457.44"
1731,2016-12-16,"5,437.16"
1732,2016-12-15,"5,456.85"
1733,2016-12-14,"5,436.67"
1734,2016-12-13,"5,463.83"
1735,2016-12-12,"5,412.54"
1736,2016-12-09,"5,444.50"
1737,2016-12-08,"5,417.36"
1738,2016-12-07,"5,393.76"
1739,2016-12-06,"5,333.00"
1740,2016-12-05,"5,308.89"
1741,2016-12-02,"5,255.65"
1742,2016-12-01,"5,251.11"
1743,2016-11-30,"5,323.68"
1744,2016-11-29,"5,379.92"
1745,2016-11-28,"5,368.81"
1746,2016-11-25,"5,398.92"
1747,2016-11-23,"5,380.68"
1748,2016-11-22,"5,386.35"
1749,2016-11-21,"5,368.86"
1750,2016-11-18,"5,321.51"
1751,2016-11-17,"5,333.97"
1752,2016-11-16,"5,294.58"
1753,2016-11-15,"5,275.62"
1754,2016-11-14,"5,218.40"
1755,2016-11-11,"5,237.11"
1756,2016-11-10,"5,208.80"
1757,2016-11-09,"5,251.07"
1758,2016-11-08,"5,193.49"
1759,2016-11-07,"5,166.17"
1760,2016-11-04,"5,046.37"
1761,2016-11-03,"5,058.41"
1762,2016-11-02,"5,105.57"
1763,2016-11-01,"5,153.58"
1764,2016-10-31,"5,189.14"
1765,2016-10-28,"5,190.10"
1766,2016-10-27,"5,215.97"
1767,2016-10-26,"5,250.27"
1768,2016-10-25,"5,283.40"
1769,2016-10-24,"5,309.83"
1770,2016-10-21,"5,257.40"
1771,2016-10-20,"5,241.83"
1772,2016-10-19,"5,246.41"
1773,2016-10-18,"5,243.84"
1774,2016-10-17,"5,199.82"
1775,2016-10-14,"5,214.16"
1776,2016-10-13,"5,213.33"
1777,2016-10-12,"5,239.02"
1778,2016-10-11,"5,246.79"
1779,2016-10-10,"5,328.67"
1780,2016-10-07,"5,292.40"
1781,2016-10-06,"5,306.85"
1782,2016-10-05,"5,316.02"
1783,2016-10-04,"5,289.66"
1784,2016-10-03,"5,300.87"
1785,2016-09-30,"5,312.00"
1786,2016-09-29,"5,269.15"
1787,2016-09-28,"5,318.55"
1788,2016-09-27,"5,305.71"
1789,2016-09-26,"5,257.49"
1790,2016-09-23,"5,305.75"
1791,2016-09-22,"5,339.52"
1792,2016-09-21,"5,295.18"
1793,2016-09-20,"5,241.35"
1794,2016-09-19,"5,235.03"
1795,2016-09-16,"5,244.57"
1796,2016-09-15,"5,249.69"
1797,2016-09-14,"5,173.77"
1798,2016-09-13,"5,155.26"
1799,2016-09-12,"5,211.89"
1800,2016-09-09,"5,125.91"
1801,2016-09-08,"5,259.48"
1802,2016-09-07,"5,283.93"
1803,2016-09-06,"5,275.91"
1804,2016-09-02,"5,249.90"
1805,2016-09-01,"5,227.21"
1806,2016-08-31,"5,213.22"
1807,2016-08-30,"5,222.99"
1808,2016-08-29,"5,232.33"
1809,2016-08-26,"5,218.92"
1810,2016-08-25,"5,212.20"
1811,2016-08-24,"5,217.69"
1812,2016-08-23,"5,260.08"
1813,2016-08-22,"5,244.60"
1814,2016-08-19,"5,238.38"
1815,2016-08-18,"5,240.15"
1816,2016-08-17,"5,228.66"
1817,2016-08-16,"5,227.11"
1818,2016-08-15,"5,262.02"
1819,2016-08-12,"5,232.90"
1820,2016-08-11,"5,228.40"
1821,2016-08-10,"5,204.59"
1822,2016-08-09,"5,225.48"
1823,2016-08-08,"5,213.14"
1824,2016-08-05,"5,221.12"
1825,2016-08-04,"5,166.25"
1826,2016-08-03,"5,159.74"
1827,2016-08-02,"5,137.73"
1828,2016-08-01,"5,184.20"
1829,2016-07-29,"5,162.13"
1830,2016-07-28,"5,154.98"
1831,2016-07-27,"5,139.81"
1832,2016-07-26,"5,110.05"
1833,2016-07-25,"5,097.63"
1834,2016-07-22,"5,100.16"
1835,2016-07-21,"5,073.90"
1836,2016-07-20,"5,089.93"
1837,2016-07-19,"5,036.37"
1838,2016-07-18,"5,055.78"
1839,2016-07-15,"5,029.59"
1840,2016-07-14,"5,034.06"
1841,2016-07-13,"5,005.73"
1842,2016-07-12,"5,022.82"
1843,2016-07-11,"4,988.64"
1844,2016-07-08,"4,956.76"
1845,2016-07-07,"4,876.81"
1846,2016-07-06,"4,859.16"
1847,2016-07-05,"4,822.90"
1848,2016-07-01,"4,862.57"
1849,2016-06-30,"4,842.67"
1850,2016-06-29,"4,779.24"
1851,2016-06-28,"4,691.87"
1852,2016-06-27,"4,594.44"
1853,2016-06-24,"4,707.98"
1854,2016-06-23,"4,910.04"
1855,2016-06-22,"4,833.32"
1856,2016-06-21,"4,843.76"
1857,2016-06-20,"4,837.21"
1858,2016-06-17,"4,800.34"
1859,2016-06-16,"4,844.91"
1860,2016-06-15,"4,834.93"
1861,2016-06-14,"4,843.55"
1862,2016-06-13,"4,848.44"
1863,2016-06-10,"4,894.55"
1864,2016-06-09,"4,958.62"
1865,2016-06-08,"4,974.64"
1866,2016-06-07,"4,961.75"
1867,2016-06-06,"4,968.71"
1868,2016-06-03,"4,942.52"
1869,2016-06-02,"4,971.36"
1870,2016-06-01,"4,952.25"
1871,2016-05-31,"4,948.06"
1872,2016-05-27,"4,933.51"
1873,2016-05-26,"4,901.77"
1874,2016-05-25,"4,894.89"
1875,2016-05-24,"4,861.06"
1876,2016-05-23,"4,765.78"
1877,2016-05-20,"4,769.56"
1878,2016-05-19,"4,712.53"
1879,2016-05-18,"4,739.12"
1880,2016-05-17,"4,715.73"
1881,2016-05-16,"4,775.46"
1882,2016-05-13,"4,717.68"
1883,2016-05-12,"4,737.33"
1884,2016-05-11,"4,760.69"
1885,2016-05-10,"4,809.88"
1886,2016-05-09,"4,750.21"
1887,2016-05-06,"4,736.15"
1888,2016-05-05,"4,717.09"
1889,2016-05-04,"4,725.64"
1890,2016-05-03,"4,763.22"
1891,2016-05-02,"4,817.59"
1892,2016-04-29,"4,775.36"
1893,2016-04-28,"4,805.29"
1894,2016-04-27,"4,863.14"
1895,2016-04-26,"4,888.28"
1896,2016-04-25,"4,895.79"
1897,2016-04-22,"4,906.23"
1898,2016-04-21,"4,945.89"
1899,2016-04-20,"4,948.13"
1900,2016-04-19,"4,940.33"
1901,2016-04-18,"4,960.02"
1902,2016-04-15,"4,938.22"
1903,2016-04-14,"4,945.89"
1904,2016-04-13,"4,947.42"
1905,2016-04-12,"4,872.09"
1906,2016-04-11,"4,833.40"
1907,2016-04-08,"4,850.69"
1908,2016-04-07,"4,848.37"
1909,2016-04-06,"4,920.72"
1910,2016-04-05,"4,843.93"
1911,2016-04-04,"4,891.80"
1912,2016-04-01,"4,914.54"
1913,2016-03-31,"4,869.85"
1914,2016-03-30,"4,869.29"
1915,2016-03-29,"4,846.62"
1916,2016-03-28,"4,766.79"
1917,2016-03-24,"4,773.51"
1918,2016-03-23,"4,768.86"
1919,2016-03-22,"4,821.66"
1920,2016-03-21,"4,808.87"
1921,2016-03-18,"4,795.65"
1922,2016-03-17,"4,774.98"
1923,2016-03-16,"4,763.97"
1924,2016-03-15,"4,728.67"
1925,2016-03-14,"4,750.28"
1926,2016-03-11,"4,748.47"
1927,2016-03-10,"4,662.16"
1928,2016-03-09,"4,674.38"
1929,2016-03-08,"4,648.82"
1930,2016-03-07,"4,708.25"
1931,2016-03-04,"4,717.02"
1932,2016-03-03,"4,707.42"
1933,2016-03-02,"4,703.42"
1934,2016-03-01,"4,689.60"
1935,2016-02-29,"4,557.95"
1936,2016-02-26,"4,590.47"
1937,2016-02-25,"4,582.20"
1938,2016-02-24,"4,542.61"
1939,2016-02-23,"4,503.58"
1940,2016-02-22,"4,570.61"
1941,2016-02-19,"4,504.43"
1942,2016-02-18,"4,487.54"
1943,2016-02-17,"4,534.06"
1944,2016-02-16,"4,435.95"
1945,2016-02-12,"4,337.51"
1946,2016-02-11,"4,266.84"
1947,2016-02-10,"4,283.59"
1948,2016-02-09,"4,268.76"
1949,2016-02-08,"4,283.75"
1950,2016-02-05,"4,363.14"
1951,2016-02-04,"4,509.56"
1952,2016-02-03,"4,504.24"
1953,2016-02-02,"4,516.95"
1954,2016-02-01,"4,620.37"
1955,2016-01-29,"4,613.95"
1956,2016-01-28,"4,506.68"
1957,2016-01-27,"4,468.17"
1958,2016-01-26,"4,567.67"
1959,2016-01-25,"4,518.49"
1960,2016-01-22,"4,591.18"
1961,2016-01-21,"4,472.06"
1962,2016-01-20,"4,471.69"
1963,2016-01-19,"4,476.95"
1964,2016-01-15,"4,488.42"
1965,2016-01-14,"4,615.00"
1966,2016-01-13,"4,526.06"
1967,2016-01-12,"4,685.92"
1968,2016-01-11,"4,637.99"
1969,2016-01-08,"4,643.63"
1970,2016-01-07,"4,689.43"
1971,2016-01-06,"4,835.77"
1972,2016-01-05,"4,891.43"
1973,2016-01-04,"4,903.09"
1974,2015-12-31,"5,007.41"
1975,2015-12-30,"5,065.85"
1976,2015-12-29,"5,107.94"
1977,2015-12-28,"5,040.98"
1978,2015-12-24,"5,048.49"
1979,2015-12-23,"5,045.93"
1980,2015-12-22,"5,001.11"
1981,2015-12-21,"4,968.92"
1982,2015-12-18,"4,923.08"
1983,2015-12-17,"5,002.55"
1984,2015-12-16,"5,071.13"
1985,2015-12-15,"4,995.36"
1986,2015-12-14,"4,952.23"
1987,2015-12-11,"4,933.47"
1988,2015-12-10,"5,045.17"
1989,2015-12-09,"5,022.86"
1990,2015-12-08,"5,098.24"
1991,2015-12-07,"5,101.81"
1992,2015-12-04,"5,142.27"
1993,2015-12-03,"5,037.53"
1994,2015-12-02,"5,123.22"
1995,2015-12-01,"5,156.31"
1996,2015-11-30,"5,108.67"
1997,2015-11-27,"5,127.52"
1998,2015-11-25,"5,116.14"
1999,2015-11-24,"5,102.81"
2000,2015-11-23,"5,102.48"
2001,2015-11-20,"5,104.92"
2002,2015-11-19,"5,073.64"
2003,2015-11-18,"5,075.20"
2004,2015-11-17,"4,986.02"
2005,2015-11-16,"4,984.62"
2006,2015-11-13,"4,927.88"
2007,2015-11-12,"5,005.08"
2008,2015-11-11,"5,067.02"
2009,2015-11-10,"5,083.24"
2010,2015-11-09,"5,095.30"
2011,2015-11-06,"5,147.12"
2012,2015-11-05,"5,127.74"
2013,2015-11-04,"5,142.48"
2014,2015-11-03,"5,145.13"
2015,2015-11-02,"5,127.15"
2016,2015-10-30,"5,053.75"
2017,2015-10-29,"5,074.27"
2018,2015-10-28,"5,095.69"
2019,2015-10-27,"5,030.15"
2020,2015-10-26,"5,034.70"
2021,2015-10-23,"5,031.86"
2022,2015-10-22,"4,920.05"
2023,2015-10-21,"4,840.12"
2024,2015-10-20,"4,880.97"
2025,2015-10-19,"4,905.47"
2026,2015-10-16,"4,886.69"
2027,2015-10-15,"4,870.10"
2028,2015-10-14,"4,782.85"
2029,2015-10-13,"4,796.61"
2030,2015-10-12,"4,838.64"
2031,2015-10-09,"4,830.47"
2032,2015-10-08,"4,810.79"
2033,2015-10-07,"4,791.15"
2034,2015-10-06,"4,748.36"
2035,2015-10-05,"4,781.26"
2036,2015-10-02,"4,707.77"
2037,2015-10-01,"4,627.08"
2038,2015-09-30,"4,620.16"
2039,2015-09-29,"4,517.32"
2040,2015-09-28,"4,543.97"
2041,2015-09-25,"4,686.50"
2042,2015-09-24,"4,734.48"
2043,2015-09-23,"4,752.74"
2044,2015-09-22,"4,756.72"
2045,2015-09-21,"4,828.95"
2046,2015-09-18,"4,827.23"
2047,2015-09-17,"4,893.95"
2048,2015-09-16,"4,889.24"
2049,2015-09-15,"4,860.52"
2050,2015-09-14,"4,805.76"
2051,2015-09-11,"4,822.34"
2052,2015-09-10,"4,796.25"
2053,2015-09-09,"4,756.53"
2054,2015-09-08,"4,811.93"
2055,2015-09-04,"4,683.92"
2056,2015-09-03,"4,733.50"
2057,2015-09-02,"4,749.98"
2058,2015-09-01,"4,636.10"
2059,2015-08-31,"4,776.51"
2060,2015-08-28,"4,828.32"
2061,2015-08-27,"4,812.71"
2062,2015-08-26,"4,697.54"
2063,2015-08-25,"4,506.49"
2064,2015-08-24,"4,526.25"
2065,2015-08-21,"4,706.04"
2066,2015-08-20,"4,877.49"
2067,2015-08-19,"5,019.05"
2068,2015-08-18,"5,059.35"
2069,2015-08-17,"5,091.70"
2070,2015-08-14,"5,048.23"
2071,2015-08-13,"5,033.56"
2072,2015-08-12,"5,044.39"
2073,2015-08-11,"5,036.79"
2074,2015-08-10,"5,101.80"
2075,2015-08-07,"5,043.54"
2076,2015-08-06,"5,056.44"
2077,2015-08-05,"5,139.94"
2078,2015-08-04,"5,105.55"
2079,2015-08-03,"5,115.38"
2080,2015-07-31,"5,128.28"
2081,2015-07-30,"5,128.78"
2082,2015-07-29,"5,111.73"
2083,2015-07-28,"5,089.21"
2084,2015-07-27,"5,039.78"
2085,2015-07-24,"5,088.63"
2086,2015-07-23,"5,146.41"
2087,2015-07-22,"5,171.77"
2088,2015-07-21,"5,208.12"
2089,2015-07-20,"5,218.86"
2090,2015-07-17,"5,210.14"
2091,2015-07-16,"5,163.18"
2092,2015-07-15,"5,098.94"
2093,2015-07-14,"5,104.89"
2094,2015-07-13,"5,071.51"
2095,2015-07-10,"4,997.70"
2096,2015-07-09,"4,922.40"
2097,2015-07-08,"4,909.76"
2098,2015-07-07,"4,997.46"
2099,2015-07-06,"4,991.94"
2100,2015-07-02,"5,009.21"
2101,2015-07-01,"5,013.12"
2102,2015-06-30,"4,986.87"
2103,2015-06-29,"4,958.47"
2104,2015-06-26,"5,080.51"
2105,2015-06-25,"5,112.19"
2106,2015-06-24,"5,122.41"
2107,2015-06-23,"5,160.10"
2108,2015-06-22,"5,153.97"
2109,2015-06-19,"5,117.00"
2110,2015-06-18,"5,132.95"
2111,2015-06-17,"5,064.88"
2112,2015-06-16,"5,055.55"
2113,2015-06-15,"5,029.97"
2114,2015-06-12,"5,051.10"
2115,2015-06-11,"5,082.51"
2116,2015-06-10,"5,076.69"
2117,2015-06-09,"5,013.86"
2118,2015-06-08,"5,021.63"
2119,2015-06-05,"5,068.46"
2120,2015-06-04,"5,059.12"
2121,2015-06-03,"5,099.23"
2122,2015-06-02,"5,076.52"
2123,2015-06-01,"5,082.93"
2124,2015-05-29,"5,070.02"
2125,2015-05-28,"5,097.98"
2126,2015-05-27,"5,106.59"
2127,2015-05-26,"5,032.75"
2128,2015-05-22,"5,089.36"
2129,2015-05-21,"5,090.79"
2130,2015-05-20,"5,071.74"
2131,2015-05-19,"5,070.03"
2132,2015-05-18,"5,078.44"
2133,2015-05-15,"5,048.29"
2134,2015-05-14,"5,050.80"
2135,2015-05-13,"4,981.69"
2136,2015-05-12,"4,976.19"
2137,2015-05-11,"4,993.57"
2138,2015-05-08,"5,003.55"
2139,2015-05-07,"4,945.54"
2140,2015-05-06,"4,919.64"
2141,2015-05-05,"4,939.33"
2142,2015-05-04,"5,016.93"
2143,2015-05-01,"5,005.39"
2144,2015-04-30,"4,941.42"
2145,2015-04-29,"5,023.64"
2146,2015-04-28,"5,055.42"
2147,2015-04-27,"5,060.25"
2148,2015-04-24,"5,092.09"
2149,2015-04-23,"5,056.06"
2150,2015-04-22,"5,035.17"
2151,2015-04-21,"5,014.10"
2152,2015-04-20,"4,994.60"
2153,2015-04-17,"4,931.81"
2154,2015-04-16,"5,007.79"
2155,2015-04-15,"5,011.02"
2156,2015-04-14,"4,977.29"
2157,2015-04-13,"4,988.25"
2158,2015-04-10,"4,995.98"
2159,2015-04-09,"4,974.56"
2160,2015-04-08,"4,950.82"
2161,2015-04-07,"4,910.23"
2162,2015-04-06,"4,917.32"
2163,2015-04-02,"4,886.94"
2164,2015-04-01,"4,880.23"
2165,2015-03-31,"4,900.88"
2166,2015-03-30,"4,947.44"
2167,2015-03-27,"4,891.22"
2168,2015-03-26,"4,863.36"
2169,2015-03-25,"4,876.52"
2170,2015-03-24,"4,994.73"
2171,2015-03-23,"5,010.97"
2172,2015-03-20,"5,026.42"
2173,2015-03-19,"4,992.38"
2174,2015-03-18,"4,982.83"
2175,2015-03-17,"4,937.44"
2176,2015-03-16,"4,929.51"
2177,2015-03-13,"4,871.76"
2178,2015-03-12,"4,893.29"
2179,2015-03-11,"4,849.94"
2180,2015-03-10,"4,859.80"
2181,2015-03-09,"4,942.44"
2182,2015-03-06,"4,927.37"
2183,2015-03-05,"4,982.81"
2184,2015-03-04,"4,967.14"
2185,2015-03-03,"4,979.90"
2186,2015-03-02,"5,008.10"
2187,2015-02-27,"4,963.53"
2188,2015-02-26,"4,987.89"
2189,2015-02-25,"4,967.14"
2190,2015-02-24,"4,968.12"
2191,2015-02-23,"4,960.97"
2192,2015-02-20,"4,955.97"
2193,2015-02-19,"4,924.70"
2194,2015-02-18,"4,906.36"
2195,2015-02-17,"4,899.27"
2196,2015-02-13,"4,893.84"
2197,2015-02-12,"4,857.61"
2198,2015-02-11,"4,801.18"
2199,2015-02-10,"4,787.65"
2200,2015-02-09,"4,726.01"
2201,2015-02-06,"4,744.40"
2202,2015-02-05,"4,765.10"
2203,2015-02-04,"4,716.70"
2204,2015-02-03,"4,727.74"
2205,2015-02-02,"4,676.69"
2206,2015-01-30,"4,635.24"
2207,2015-01-29,"4,683.41"
2208,2015-01-28,"4,637.99"
2209,2015-01-27,"4,681.50"
2210,2015-01-26,"4,771.76"
2211,2015-01-23,"4,757.88"
2212,2015-01-22,"4,750.40"
2213,2015-01-21,"4,667.42"
2214,2015-01-20,"4,654.85"
2215,2015-01-16,"4,634.38"
2216,2015-01-15,"4,570.82"
2217,2015-01-14,"4,639.32"
2218,2015-01-13,"4,661.50"
2219,2015-01-12,"4,664.71"
2220,2015-01-09,"4,704.07"
2221,2015-01-08,"4,736.19"
2222,2015-01-07,"4,650.47"
2223,2015-01-06,"4,592.74"
2224,2015-01-05,"4,652.57"
2225,2015-01-02,"4,726.81"
2226,2014-12-31,"4,736.05"
2227,2014-12-30,"4,777.44"
2228,2014-12-29,"4,806.91"
2229,2014-12-26,"4,806.86"
2230,2014-12-24,"4,773.47"
2231,2014-12-23,"4,765.42"
2232,2014-12-22,"4,781.42"
2233,2014-12-19,"4,765.38"
2234,2014-12-18,"4,748.40"
2235,2014-12-17,"4,644.31"
2236,2014-12-16,"4,547.83"
2237,2014-12-15,"4,605.16"
2238,2014-12-12,"4,653.60"
2239,2014-12-11,"4,708.16"
2240,2014-12-10,"4,684.02"
2241,2014-12-09,"4,766.47"
2242,2014-12-08,"4,740.69"
2243,2014-12-05,"4,780.76"
2244,2014-12-04,"4,769.44"
2245,2014-12-03,"4,774.47"
2246,2014-12-02,"4,755.81"
2247,2014-12-01,"4,727.35"
2248,2014-11-28,"4,791.63"
2249,2014-11-26,"4,787.32"
2250,2014-11-25,"4,758.25"
2251,2014-11-24,"4,754.89"
2252,2014-11-21,"4,712.97"
2253,2014-11-20,"4,701.87"
2254,2014-11-19,"4,675.71"
2255,2014-11-18,"4,702.44"
2256,2014-11-17,"4,671.00"
2257,2014-11-14,"4,688.54"
2258,2014-11-13,"4,680.14"
2259,2014-11-12,"4,675.14"
2260,2014-11-11,"4,660.56"
2261,2014-11-10,"4,651.62"
2262,2014-11-07,"4,632.53"
2263,2014-11-06,"4,638.47"
2264,2014-11-05,"4,620.72"
2265,2014-11-04,"4,623.64"
2266,2014-11-03,"4,638.91"
2267,2014-10-31,"4,630.74"
2268,2014-10-30,"4,566.14"
2269,2014-10-29,"4,549.23"
2270,2014-10-28,"4,564.29"
2271,2014-10-27,"4,485.93"
2272,2014-10-24,"4,483.72"
2273,2014-10-23,"4,452.79"
2274,2014-10-22,"4,382.85"
2275,2014-10-21,"4,419.48"
2276,2014-10-20,"4,316.07"
2277,2014-10-17,"4,258.44"
2278,2014-10-16,"4,217.39"
2279,2014-10-15,"4,215.32"
2280,2014-10-14,"4,227.17"
2281,2014-10-13,"4,213.66"
2282,2014-10-10,"4,276.24"
2283,2014-10-09,"4,378.34"
2284,2014-10-08,"4,468.59"
2285,2014-10-07,"4,385.20"
2286,2014-10-06,"4,454.80"
2287,2014-10-03,"4,475.62"
2288,2014-10-02,"4,430.19"
2289,2014-10-01,"4,422.09"
2290,2014-09-30,"4,493.39"
2291,2014-09-29,"4,505.85"
2292,2014-09-26,"4,512.19"
2293,2014-09-25,"4,466.75"
2294,2014-09-24,"4,555.22"
2295,2014-09-23,"4,508.69"
2296,2014-09-22,"4,527.69"
2297,2014-09-19,"4,579.79"
2298,2014-09-18,"4,593.43"
2299,2014-09-17,"4,562.19"
2300,2014-09-16,"4,552.76"
2301,2014-09-15,"4,518.90"
2302,2014-09-12,"4,567.60"
2303,2014-09-11,"4,591.81"
2304,2014-09-10,"4,586.52"
2305,2014-09-09,"4,552.28"
2306,2014-09-08,"4,592.28"
2307,2014-09-05,"4,582.90"
2308,2014-09-04,"4,562.29"
2309,2014-09-03,"4,572.56"
2310,2014-09-02,"4,598.19"
2311,2014-08-29,"4,580.27"
2312,2014-08-28,"4,557.69"
2313,2014-08-27,"4,569.62"
2314,2014-08-26,"4,570.64"
2315,2014-08-25,"4,557.35"
2316,2014-08-22,"4,538.55"
2317,2014-08-21,"4,532.10"
2318,2014-08-20,"4,526.48"
2319,2014-08-19,"4,527.51"
2320,2014-08-18,"4,508.31"
2321,2014-08-15,"4,464.93"
2322,2014-08-14,"4,453.00"
2323,2014-08-13,"4,434.12"
2324,2014-08-12,"4,389.25"
2325,2014-08-11,"4,401.33"
2326,2014-08-08,"4,370.90"
2327,2014-08-07,"4,334.97"
2328,2014-08-06,"4,355.05"
2329,2014-08-05,"4,352.84"
2330,2014-08-04,"4,383.89"
2331,2014-08-01,"4,352.64"
2332,2014-07-31,"4,369.77"
2333,2014-07-30,"4,462.90"
2334,2014-07-29,"4,442.70"
2335,2014-07-28,"4,444.91"
2336,2014-07-25,"4,449.56"
2337,2014-07-24,"4,472.11"
2338,2014-07-23,"4,473.70"
2339,2014-07-22,"4,456.02"
2340,2014-07-21,"4,424.70"
2341,2014-07-18,"4,432.15"
2342,2014-07-17,"4,363.45"
2343,2014-07-16,"4,425.97"
2344,2014-07-15,"4,416.39"
2345,2014-07-14,"4,440.42"
2346,2014-07-11,"4,415.49"
2347,2014-07-10,"4,396.20"
2348,2014-07-09,"4,419.03"
2349,2014-07-08,"4,391.46"
2350,2014-07-07,"4,451.53"
2351,2014-07-03,"4,485.93"
2352,2014-07-02,"4,457.73"
2353,2014-07-01,"4,458.65"
2354,2014-06-30,"4,408.18"
2355,2014-06-27,"4,397.93"
2356,2014-06-26,"4,379.05"
2357,2014-06-25,"4,379.76"
2358,2014-06-24,"4,350.35"
2359,2014-06-23,"4,368.68"
2360,2014-06-20,"4,368.04"
2361,2014-06-19,"4,359.33"
2362,2014-06-18,"4,362.84"
2363,2014-06-17,"4,337.23"
2364,2014-06-16,"4,321.10"
2365,2014-06-13,"4,310.65"
2366,2014-06-12,"4,297.63"
2367,2014-06-11,"4,331.93"
2368,2014-06-10,"4,338.00"
2369,2014-06-09,"4,336.24"
2370,2014-06-06,"4,321.40"
2371,2014-06-05,"4,296.23"
2372,2014-06-04,"4,251.64"
2373,2014-06-03,"4,234.08"
2374,2014-06-02,"4,237.20"
2375,2014-05-30,"4,242.62"
2376,2014-05-29,"4,247.95"
2377,2014-05-28,"4,225.07"
2378,2014-05-27,"4,237.07"
2379,2014-05-23,"4,185.81"
2380,2014-05-22,"4,154.34"
2381,2014-05-21,"4,131.54"
2382,2014-05-20,"4,096.89"
2383,2014-05-19,"4,125.81"
2384,2014-05-16,"4,090.59"
2385,2014-05-15,"4,069.29"
2386,2014-05-14,"4,100.63"
2387,2014-05-13,"4,130.16"
2388,2014-05-12,"4,143.86"
2389,2014-05-09,"4,071.87"
2390,2014-05-08,"4,051.50"
2391,2014-05-07,"4,067.67"
2392,2014-05-06,"4,080.76"
2393,2014-05-05,"4,138.06"
2394,2014-05-02,"4,123.90"
2395,2014-05-01,"4,127.45"
2396,2014-04-30,"4,114.56"
2397,2014-04-29,"4,103.54"
2398,2014-04-28,"4,074.40"
2399,2014-04-25,"4,075.56"
2400,2014-04-24,"4,148.34"
2401,2014-04-23,"4,126.97"
2402,2014-04-22,"4,161.46"
2403,2014-04-21,"4,121.55"
2404,2014-04-17,"4,095.52"
2405,2014-04-16,"4,086.22"
2406,2014-04-15,"4,034.16"
2407,2014-04-14,"4,022.69"
2408,2014-04-11,"3,999.73"
2409,2014-04-10,"4,054.11"
2410,2014-04-09,"4,183.90"
2411,2014-04-08,"4,112.99"
2412,2014-04-07,"4,079.75"
2413,2014-04-04,"4,127.73"
2414,2014-04-03,"4,237.74"
2415,2014-04-02,"4,276.46"
2416,2014-04-01,"4,268.04"
2417,2014-03-31,"4,198.99"
2418,2014-03-28,"4,155.76"
2419,2014-03-27,"4,151.23"
2420,2014-03-26,"4,173.58"
2421,2014-03-25,"4,234.27"
2422,2014-03-24,"4,226.39"
2423,2014-03-21,"4,276.79"
2424,2014-03-20,"4,319.29"
2425,2014-03-19,"4,307.60"
2426,2014-03-18,"4,333.31"
2427,2014-03-17,"4,279.95"
2428,2014-03-14,"4,245.40"
2429,2014-03-13,"4,260.42"
2430,2014-03-12,"4,323.33"
2431,2014-03-11,"4,307.19"
2432,2014-03-10,"4,334.45"
2433,2014-03-07,"4,336.22"
2434,2014-03-06,"4,352.12"
2435,2014-03-05,"4,357.97"
2436,2014-03-04,"4,351.97"
2437,2014-03-03,"4,277.30"
2438,2014-02-28,"4,308.12"
2439,2014-02-27,"4,318.93"
2440,2014-02-26,"4,292.06"
2441,2014-02-25,"4,287.59"
2442,2014-02-24,"4,292.97"
2443,2014-02-21,"4,263.41"
2444,2014-02-20,"4,267.55"
2445,2014-02-19,"4,237.95"
2446,2014-02-18,"4,272.78"
2447,2014-02-14,"4,244.02"
2448,2014-02-13,"4,240.67"
2449,2014-02-12,"4,201.29"
2450,2014-02-11,"4,191.05"
2451,2014-02-10,"4,148.17"
2452,2014-02-07,"4,125.86"
2453,2014-02-06,"4,057.12"
2454,2014-02-05,"4,011.55"
2455,2014-02-04,"4,031.52"
2456,2014-02-03,"3,996.96"
2457,2014-01-31,"4,103.88"
2458,2014-01-30,"4,123.12"
2459,2014-01-29,"4,051.43"
2460,2014-01-28,"4,097.96"
2461,2014-01-27,"4,083.61"
2462,2014-01-24,"4,128.17"
2463,2014-01-23,"4,218.88"
2464,2014-01-22,"4,243.00"
2465,2014-01-21,"4,225.76"
2466,2014-01-17,"4,197.58"
2467,2014-01-16,"4,218.69"
2468,2014-01-15,"4,214.88"
2469,2014-01-14,"4,183.02"
2470,2014-01-13,"4,113.30"
2471,2014-01-10,"4,174.66"
2472,2014-01-09,"4,156.19"
2473,2014-01-08,"4,165.61"
2474,2014-01-07,"4,153.18"
2475,2014-01-06,"4,113.68"
2476,2014-01-03,"4,131.91"
2477,2014-01-02,"4,143.07"
2478,2013-12-31,"4,176.59"
2479,2013-12-30,"4,154.20"
2480,2013-12-27,"4,156.59"
2481,2013-12-26,"4,167.18"
2482,2013-12-24,"4,155.42"
2483,2013-12-23,"4,148.90"
2484,2013-12-20,"4,104.74"
2485,2013-12-19,"4,058.14"
2486,2013-12-18,"4,070.06"
2487,2013-12-17,"4,023.68"
2488,2013-12-16,"4,029.52"
2489,2013-12-13,"4,000.97"
2490,2013-12-12,"3,998.40"
2491,2013-12-11,"4,003.81"
2492,2013-12-10,"4,060.49"
2493,2013-12-09,"4,068.75"
2494,2013-12-06,"4,062.52"
2495,2013-12-05,"4,033.16"
2496,2013-12-04,"4,038.00"
2497,2013-12-03,"4,037.20"
2498,2013-12-02,"4,045.26"
2499,2013-11-29,"4,059.89"
2500,2013-11-27,"4,044.75"
2501,2013-11-26,"4,017.75"
2502,2013-11-25,"3,994.57"
2503,2013-11-22,"3,991.65"
2504,2013-11-21,"3,969.16"
2505,2013-11-20,"3,921.27"
2506,2013-11-19,"3,931.55"
2507,2013-11-18,"3,949.07"
2508,2013-11-15,"3,985.97"
2509,2013-11-14,"3,972.74"
2510,2013-11-13,"3,965.57"
2511,2013-11-12,"3,919.92"
2512,2013-11-11,"3,919.79"
2513,2013-11-08,"3,919.23"
2514,2013-11-07,"3,857.33"
2515,2013-11-06,"3,931.95"
2516,2013-11-05,"3,939.86"
2517,2013-11-04,"3,936.59"
2518,2013-11-01,"3,922.04"
2519,2013-10-31,"3,919.71"
2520,2013-10-30,"3,930.62"
2521,2013-10-29,"3,952.34"
2522,2013-10-28,"3,940.13"
2523,2013-10-25,"3,943.36"
2524,2013-10-24,"3,928.96"
2525,2013-10-23,"3,907.07"
2526,2013-10-22,"3,929.57"
2527,2013-10-21,"3,920.05"
2528,2013-10-18,"3,914.28"
2529,2013-10-17,"3,863.15"
2530,2013-10-16,"3,839.43"
2531,2013-10-15,"3,794.01"
2532,2013-10-14,"3,815.28"
2533,2013-10-11,"3,791.87"
2534,2013-10-10,"3,760.75"
2535,2013-10-09,"3,677.78"
2536,2013-10-08,"3,694.83"
2537,2013-10-07,"3,770.38"
2538,2013-10-04,"3,807.75"
2539,2013-10-03,"3,774.34"
2540,2013-10-02,"3,815.02"
2541,2013-10-01,"3,817.98"
2542,2013-09-30,"3,771.48"
2543,2013-09-27,"3,781.59"
2544,2013-09-26,"3,787.43"
2545,2013-09-25,"3,761.10"
2546,2013-09-24,"3,768.25"
2547,2013-09-23,"3,765.29"
2548,2013-09-20,"3,774.73"
2549,2013-09-19,"3,789.38"
2550,2013-09-18,"3,783.64"
2551,2013-09-17,"3,745.70"
2552,2013-09-16,"3,717.85"
2553,2013-09-13,"3,722.18"
2554,2013-09-12,"3,715.97"
2555,2013-09-11,"3,725.01"
2556,2013-09-10,"3,729.02"
2557,2013-09-09,"3,706.18"
2558,2013-09-06,"3,660.01"
2559,2013-09-05,"3,658.78"
2560,2013-09-04,"3,649.04"
2561,2013-09-03,"3,612.61"
2562,2013-08-30,"3,589.87"
2563,2013-08-29,"3,620.30"
2564,2013-08-28,"3,593.35"
2565,2013-08-27,"3,578.52"
2566,2013-08-26,"3,657.57"
2567,2013-08-23,"3,657.79"
2568,2013-08-22,"3,638.71"
2569,2013-08-21,"3,599.79"
2570,2013-08-20,"3,613.59"
2571,2013-08-19,"3,589.09"
2572,2013-08-16,"3,602.78"
2573,2013-08-15,"3,606.12"
2574,2013-08-14,"3,669.27"
2575,2013-08-13,"3,684.44"
2576,2013-08-12,"3,669.95"
2577,2013-08-09,"3,660.11"
2578,2013-08-08,"3,669.12"
2579,2013-08-07,"3,654.01"
2580,2013-08-06,"3,665.77"
2581,2013-08-05,"3,692.95"
2582,2013-08-02,"3,689.59"
2583,2013-08-01,"3,675.74"
2584,2013-07-31,"3,626.37"
2585,2013-07-30,"3,616.47"
2586,2013-07-29,"3,599.14"
2587,2013-07-26,"3,613.16"
2588,2013-07-25,"3,605.19"
2589,2013-07-24,"3,579.60"
2590,2013-07-23,"3,579.27"
2591,2013-07-22,"3,600.39"
2592,2013-07-19,"3,587.61"
2593,2013-07-18,"3,611.28"
2594,2013-07-17,"3,610.00"
2595,2013-07-16,"3,598.50"
2596,2013-07-15,"3,607.49"
2597,2013-07-12,"3,600.08"
2598,2013-07-11,"3,578.30"
2599,2013-07-10,"3,520.76"
2600,2013-07-09,"3,504.26"
2601,2013-07-08,"3,484.83"
2602,2013-07-05,"3,479.38"
2603,2013-07-03,"3,443.67"
2604,2013-07-02,"3,433.40"
2605,2013-07-01,"3,434.49"
2606,2013-06-28,"3,403.25"
2607,2013-06-27,"3,401.86"
2608,2013-06-26,"3,376.22"
2609,2013-06-25,"3,347.89"
2610,2013-06-24,"3,320.76"
2611,2013-06-21,"3,357.25"
2612,2013-06-20,"3,364.64"
2613,2013-06-19,"3,443.20"
2614,2013-06-18,"3,482.18"
2615,2013-06-17,"3,452.13"
2616,2013-06-14,"3,423.56"
2617,2013-06-13,"3,445.36"
2618,2013-06-12,"3,400.43"
2619,2013-06-11,"3,436.95"
2620,2013-06-10,"3,473.77"
2621,2013-06-07,"3,469.22"
2622,2013-06-06,"3,424.05"
2623,2013-06-05,"3,401.48"
2624,2013-06-04,"3,445.26"
2625,2013-06-03,"3,465.37"
2626,2013-05-31,"3,455.91"
2627,2013-05-30,"3,491.30"
2628,2013-05-29,"3,467.52"
2629,2013-05-28,"3,488.89"
2630,2013-05-24,"3,459.14"
2631,2013-05-23,"3,459.42"
2632,2013-05-22,"3,463.30"
2633,2013-05-21,"3,502.12"
2634,2013-05-20,"3,496.43"
2635,2013-05-17,"3,498.97"
2636,2013-05-16,"3,465.24"
2637,2013-05-15,"3,471.62"
2638,2013-05-14,"3,462.61"
2639,2013-05-13,"3,438.79"
2640,2013-05-10,"3,436.58"
2641,2013-05-09,"3,409.17"
2642,2013-05-08,"3,413.27"
2643,2013-05-07,"3,396.63"
2644,2013-05-06,"3,392.97"
2645,2013-05-03,"3,378.63"
2646,2013-05-02,"3,340.62"
2647,2013-05-01,"3,299.13"
2648,2013-04-30,"3,328.79"
2649,2013-04-29,"3,307.02"
2650,2013-04-26,"3,279.26"
2651,2013-04-25,"3,289.99"
2652,2013-04-24,"3,269.65"
2653,2013-04-23,"3,269.33"
2654,2013-04-22,"3,233.55"
2655,2013-04-19,"3,206.06"
2656,2013-04-18,"3,166.36"
2657,2013-04-17,"3,204.67"
2658,2013-04-16,"3,264.63"
2659,2013-04-15,"3,216.49"
2660,2013-04-12,"3,294.95"
2661,2013-04-11,"3,300.16"
2662,2013-04-10,"3,297.25"
2663,2013-04-09,"3,237.86"
2664,2013-04-08,"3,222.25"
2665,2013-04-05,"3,203.86"
2666,2013-04-04,"3,224.98"
2667,2013-04-03,"3,218.60"
2668,2013-04-02,"3,254.86"
2669,2013-04-01,"3,239.17"
2670,2013-03-28,"3,267.52"
2671,2013-03-27,"3,256.52"
2672,2013-03-26,"3,252.48"
2673,2013-03-25,"3,235.30"
2674,2013-03-22,"3,245.00"
2675,2013-03-21,"3,222.60"
2676,2013-03-20,"3,254.19"
2677,2013-03-19,"3,229.10"
2678,2013-03-18,"3,237.59"
2679,2013-03-15,"3,249.07"
2680,2013-03-14,"3,258.93"
2681,2013-03-13,"3,245.12"
2682,2013-03-12,"3,242.32"
2683,2013-03-11,"3,252.87"
2684,2013-03-08,"3,244.37"
2685,2013-03-07,"3,232.09"
2686,2013-03-06,"3,222.37"
2687,2013-03-05,"3,224.13"
2688,2013-03-04,"3,182.03"
2689,2013-03-01,"3,169.74"
2690,2013-02-28,"3,160.19"
2691,2013-02-27,"3,162.26"
2692,2013-02-26,"3,129.65"
2693,2013-02-25,"3,116.25"
2694,2013-02-22,"3,161.82"
2695,2013-02-21,"3,131.49"
2696,2013-02-20,"3,164.41"
2697,2013-02-19,"3,213.59"
2698,2013-02-15,"3,192.03"
2699,2013-02-14,"3,198.66"
2700,2013-02-13,"3,196.88"
2701,2013-02-12,"3,186.49"
2702,2013-02-11,"3,192.00"
2703,2013-02-08,"3,193.87"
2704,2013-02-07,"3,165.13"
2705,2013-02-06,"3,168.48"
2706,2013-02-05,"3,171.58"
2707,2013-02-04,"3,131.17"
2708,2013-02-01,"3,179.10"
2709,2013-01-31,"3,142.13"
2710,2013-01-30,"3,142.31"
2711,2013-01-29,"3,153.66"
2712,2013-01-28,"3,154.30"
2713,2013-01-25,"3,149.71"
2714,2013-01-24,"3,130.38"
2715,2013-01-23,"3,153.67"
2716,2013-01-22,"3,143.18"
2717,2013-01-18,"3,134.71"
2718,2013-01-17,"3,136.00"
2719,2013-01-16,"3,117.54"
2720,2013-01-15,"3,110.78"
2721,2013-01-14,"3,117.50"
2722,2013-01-11,"3,125.64"
2723,2013-01-10,"3,121.76"
2724,2013-01-09,"3,105.81"
2725,2013-01-08,"3,091.81"
2726,2013-01-07,"3,098.81"
2727,2013-01-04,"3,101.66"
2728,2013-01-03,"3,100.57"
2729,2013-01-02,"3,112.26"
2730,2012-12-31,"3,019.51"
2731,2012-12-28,"2,960.31"
2732,2012-12-27,"2,985.91"
2733,2012-12-26,"2,990.16"
2734,2012-12-24,"3,012.60"
2735,2012-12-21,"3,021.01"
2736,2012-12-20,"3,050.39"
2737,2012-12-19,"3,044.36"
2738,2012-12-18,"3,054.53"
2739,2012-12-17,"3,010.60"
2740,2012-12-14,"2,971.33"
2741,2012-12-13,"2,992.16"
2742,2012-12-12,"3,013.81"
2743,2012-12-11,"3,022.30"
2744,2012-12-10,"2,986.96"
2745,2012-12-07,"2,978.04"
2746,2012-12-06,"2,989.27"
2747,2012-12-05,"2,973.70"
2748,2012-12-04,"2,996.69"
2749,2012-12-03,"3,002.20"
2750,2012-11-30,"3,010.24"
2751,2012-11-29,"3,012.03"
2752,2012-11-28,"2,991.78"
2753,2012-11-27,"2,967.79"
2754,2012-11-26,"2,976.78"
2755,2012-11-23,"2,966.85"
2756,2012-11-21,"2,926.55"
2757,2012-11-20,"2,916.68"
2758,2012-11-19,"2,916.07"
2759,2012-11-16,"2,853.13"
2760,2012-11-15,"2,836.94"
2761,2012-11-14,"2,846.81"
2762,2012-11-13,"2,883.89"
2763,2012-11-12,"2,904.25"
2764,2012-11-09,"2,904.87"
2765,2012-11-08,"2,895.58"
2766,2012-11-07,"2,937.29"
2767,2012-11-06,"3,011.93"
2768,2012-11-05,"2,999.66"
2769,2012-11-02,"2,982.13"
2770,2012-11-01,"3,020.06"
2771,2012-10-31,"2,977.23"
2772,2012-10-26,"2,987.95"
2773,2012-10-25,"2,986.12"
2774,2012-10-24,"2,981.70"
2775,2012-10-23,"2,990.46"
2776,2012-10-22,"3,016.96"
2777,2012-10-19,"3,005.62"
2778,2012-10-18,"3,072.87"
2779,2012-10-17,"3,104.12"
2780,2012-10-16,"3,101.17"
2781,2012-10-15,"3,064.18"
2782,2012-10-12,"3,044.11"
2783,2012-10-11,"3,049.41"
2784,2012-10-10,"3,051.78"
2785,2012-10-09,"3,065.02"
2786,2012-10-08,"3,112.35"
2787,2012-10-05,"3,136.19"
2788,2012-10-04,"3,149.46"
2789,2012-10-03,"3,135.23"
2790,2012-10-02,"3,120.04"
2791,2012-10-01,"3,113.53"
2792,2012-09-28,"3,116.23"
2793,2012-09-27,"3,136.60"
2794,2012-09-26,"3,093.70"
2795,2012-09-25,"3,117.73"
2796,2012-09-24,"3,160.78"
2797,2012-09-21,"3,179.96"
2798,2012-09-20,"3,175.96"
2799,2012-09-19,"3,182.62"
2800,2012-09-18,"3,177.80"
2801,2012-09-17,"3,178.67"
2802,2012-09-14,"3,183.95"
2803,2012-09-13,"3,155.83"
2804,2012-09-12,"3,114.31"
2805,2012-09-11,"3,104.53"
2806,2012-09-10,"3,104.02"
2807,2012-09-07,"3,136.42"
2808,2012-09-06,"3,135.81"
2809,2012-09-05,"3,069.27"
2810,2012-09-04,"3,075.06"
2811,2012-08-31,"3,066.96"
2812,2012-08-30,"3,048.71"
2813,2012-08-29,"3,081.19"
2814,2012-08-28,"3,077.14"
2815,2012-08-27,"3,073.19"
2816,2012-08-24,"3,069.79"
2817,2012-08-23,"3,053.40"
2818,2012-08-22,"3,073.67"
2819,2012-08-21,"3,067.26"
2820,2012-08-20,"3,076.21"
2821,2012-08-17,"3,076.59"
2822,2012-08-16,"3,062.39"
2823,2012-08-15,"3,030.93"
2824,2012-08-14,"3,016.98"
2825,2012-08-13,"3,022.52"
2826,2012-08-10,"3,020.86"
2827,2012-08-09,"3,018.64"
2828,2012-08-08,"3,011.25"
2829,2012-08-07,"3,015.86"
2830,2012-08-06,"2,989.91"
2831,2012-08-03,"2,967.90"
2832,2012-08-02,"2,909.77"
2833,2012-08-01,"2,920.21"
2834,2012-07-31,"2,939.52"
2835,2012-07-30,"2,945.84"
2836,2012-07-27,"2,958.09"
2837,2012-07-26,"2,893.25"
2838,2012-07-25,"2,854.24"
2839,2012-07-24,"2,862.99"
2840,2012-07-23,"2,890.15"
2841,2012-07-20,"2,925.30"
2842,2012-07-19,"2,965.90"
2843,2012-07-18,"2,942.60"
2844,2012-07-17,"2,910.04"
2845,2012-07-16,"2,896.94"
2846,2012-07-13,"2,908.47"
2847,2012-07-12,"2,866.19"
2848,2012-07-11,"2,887.98"
2849,2012-07-10,"2,902.33"
2850,2012-07-09,"2,931.77"
2851,2012-07-06,"2,937.33"
2852,2012-07-05,"2,976.12"
2853,2012-07-03,"2,976.08"
2854,2012-07-02,"2,951.23"
2855,2012-06-29,"2,935.05"
2856,2012-06-28,"2,849.49"
2857,2012-06-27,"2,875.32"
2858,2012-06-26,"2,854.06"
2859,2012-06-25,"2,836.16"
2860,2012-06-22,"2,892.42"
2861,2012-06-21,"2,859.09"
2862,2012-06-20,"2,930.45"
2863,2012-06-19,"2,929.76"
2864,2012-06-18,"2,895.33"
2865,2012-06-15,"2,872.80"
2866,2012-06-14,"2,836.33"
2867,2012-06-13,"2,818.61"
2868,2012-06-12,"2,843.07"
2869,2012-06-11,"2,809.73"
2870,2012-06-08,"2,858.42"
2871,2012-06-07,"2,831.02"
2872,2012-06-06,"2,844.72"
2873,2012-06-05,"2,778.11"
2874,2012-06-04,"2,760.01"
2875,2012-06-01,"2,747.48"
2876,2012-05-31,"2,827.34"
2877,2012-05-30,"2,837.36"
2878,2012-05-29,"2,870.99"
2879,2012-05-25,"2,837.53"
2880,2012-05-24,"2,839.38"
2881,2012-05-23,"2,850.12"
2882,2012-05-22,"2,839.08"
2883,2012-05-21,"2,847.21"
2884,2012-05-18,"2,778.79"
2885,2012-05-17,"2,813.69"
2886,2012-05-16,"2,874.04"
2887,2012-05-15,"2,893.76"
2888,2012-05-14,"2,902.58"
2889,2012-05-11,"2,933.82"
2890,2012-05-10,"2,933.64"
2891,2012-05-09,"2,934.71"
2892,2012-05-08,"2,946.27"
2893,2012-05-07,"2,957.76"
2894,2012-05-04,"2,956.34"
2895,2012-05-03,"3,024.30"
2896,2012-05-02,"3,059.85"
2897,2012-05-01,"3,050.44"
2898,2012-04-30,"3,046.36"
2899,2012-04-27,"3,069.20"
2900,2012-04-26,"3,050.61"
2901,2012-04-25,"3,029.63"
2902,2012-04-24,"2,961.60"
2903,2012-04-23,"2,970.45"
2904,2012-04-20,"3,000.45"
2905,2012-04-19,"3,007.56"
2906,2012-04-18,"3,031.45"
2907,2012-04-17,"3,042.82"
2908,2012-04-16,"2,988.40"
2909,2012-04-13,"3,011.33"
2910,2012-04-12,"3,055.55"
2911,2012-04-11,"3,016.46"
2912,2012-04-10,"2,991.22"
2913,2012-04-09,"3,047.08"
2914,2012-04-05,"3,080.50"
2915,2012-04-04,"3,068.09"
2916,2012-04-03,"3,113.57"
2917,2012-04-02,"3,119.70"
2918,2012-03-30,"3,091.57"
2919,2012-03-29,"3,095.36"
2920,2012-03-28,"3,104.96"
2921,2012-03-27,"3,120.35"
2922,2012-03-26,"3,122.57"
2923,2012-03-23,"3,067.92"
2924,2012-03-22,"3,063.32"
2925,2012-03-21,"3,075.32"
2926,2012-03-20,"3,074.15"
2927,2012-03-19,"3,078.32"
2928,2012-03-16,"3,055.26"
2929,2012-03-15,"3,056.37"
2930,2012-03-14,"3,040.73"
2931,2012-03-13,"3,039.88"
2932,2012-03-12,"2,983.66"
2933,2012-03-09,"2,988.34"
2934,2012-03-08,"2,970.42"
2935,2012-03-07,"2,935.69"
2936,2012-03-06,"2,910.32"
2937,2012-03-05,"2,950.48"
2938,2012-03-02,"2,976.19"
2939,2012-03-01,"2,988.97"
2940,2012-02-29,"2,966.89"
2941,2012-02-28,"2,986.76"
2942,2012-02-27,"2,966.16"
2943,2012-02-24,"2,963.75"
2944,2012-02-23,"2,956.98"
2945,2012-02-22,"2,933.17"
2946,2012-02-21,"2,948.57"
2947,2012-02-17,"2,951.78"
2948,2012-02-16,"2,959.85"
2949,2012-02-15,"2,915.83"
2950,2012-02-14,"2,931.83"
2951,2012-02-13,"2,931.39"
2952,2012-02-10,"2,903.88"
2953,2012-02-09,"2,927.23"
2954,2012-02-08,"2,915.86"
2955,2012-02-07,"2,904.08"
2956,2012-02-06,"2,901.99"
2957,2012-02-03,"2,905.66"
2958,2012-02-02,"2,859.68"
2959,2012-02-01,"2,848.27"
2960,2012-01-31,"2,813.84"
2961,2012-01-30,"2,811.94"
2962,2012-01-27,"2,816.55"
2963,2012-01-26,"2,805.28"
2964,2012-01-25,"2,818.31"
2965,2012-01-24,"2,786.64"
2966,2012-01-23,"2,784.17"
2967,2012-01-20,"2,786.70"
2968,2012-01-19,"2,788.33"
2969,2012-01-18,"2,769.71"
2970,2012-01-17,"2,728.08"
2971,2012-01-13,"2,710.67"
2972,2012-01-12,"2,724.70"
2973,2012-01-11,"2,710.76"
2974,2012-01-10,"2,702.50"
2975,2012-01-09,"2,676.56"
2976,2012-01-06,"2,674.22"
2977,2012-01-05,"2,669.86"
2978,2012-01-04,"2,648.36"
2979,2012-01-03,"2,648.72"
2980,2011-12-30,"2,605.15"
2981,2011-12-29,"2,613.74"
2982,2011-12-28,"2,589.98"
2983,2011-12-27,"2,625.20"
2984,2011-12-23,"2,618.64"
2985,2011-12-22,"2,599.45"
2986,2011-12-21,"2,577.97"
2987,2011-12-20,"2,603.73"
2988,2011-12-19,"2,523.14"
2989,2011-12-16,"2,555.33"
2990,2011-12-15,"2,541.01"
2991,2011-12-14,"2,539.31"
2992,2011-12-13,"2,579.27"
2993,2011-12-12,"2,612.26"
2994,2011-12-09,"2,646.85"
2995,2011-12-08,"2,596.38"
2996,2011-12-07,"2,649.21"
2997,2011-12-06,"2,649.56"
2998,2011-12-05,"2,655.76"
2999,2011-12-02,"2,626.93"
3000,2011-12-01,"2,626.20"
3001,2011-11-30,"2,620.34"
3002,2011-11-29,"2,515.51"
3003,2011-11-28,"2,527.34"
3004,2011-11-25,"2,441.51"
3005,2011-11-23,"2,460.08"
3006,2011-11-22,"2,521.28"
3007,2011-11-21,"2,523.14"
3008,2011-11-18,"2,572.50"
3009,2011-11-17,"2,587.99"
3010,2011-11-16,"2,639.61"
3011,2011-11-15,"2,686.20"
3012,2011-11-14,"2,657.22"
3013,2011-11-11,"2,678.75"
3014,2011-11-10,"2,625.15"
3015,2011-11-09,"2,621.65"
3016,2011-11-08,"2,727.49"
3017,2011-11-07,"2,695.25"
3018,2011-11-04,"2,686.15"
3019,2011-11-03,"2,697.97"
3020,2011-11-02,"2,639.98"
3021,2011-11-01,"2,606.96"
3022,2011-10-31,"2,684.41"
3023,2011-10-28,"2,737.15"
3024,2011-10-27,"2,738.63"
3025,2011-10-26,"2,650.67"
3026,2011-10-25,"2,638.42"
3027,2011-10-24,"2,699.44"
3028,2011-10-21,"2,637.46"
3029,2011-10-20,"2,598.62"
3030,2011-10-19,"2,604.04"
3031,2011-10-18,"2,657.43"
3032,2011-10-17,"2,614.92"
3033,2011-10-14,"2,667.85"
3034,2011-10-13,"2,620.24"
3035,2011-10-12,"2,604.73"
3036,2011-10-11,"2,583.03"
3037,2011-10-10,"2,566.05"
3038,2011-10-07,"2,479.35"
3039,2011-10-06,"2,506.82"
3040,2011-10-05,"2,460.51"
3041,2011-10-04,"2,404.82"
3042,2011-10-03,"2,335.83"
3043,2011-09-30,"2,415.40"
3044,2011-09-29,"2,480.76"
3045,2011-09-28,"2,491.58"
3046,2011-09-27,"2,546.83"
3047,2011-09-26,"2,516.69"
3048,2011-09-23,"2,483.23"
3049,2011-09-22,"2,455.67"
3050,2011-09-21,"2,538.19"
3051,2011-09-20,"2,590.24"
3052,2011-09-19,"2,612.83"
3053,2011-09-16,"2,622.31"
3054,2011-09-15,"2,607.07"
3055,2011-09-14,"2,572.55"
3056,2011-09-13,"2,532.15"
3057,2011-09-12,"2,495.09"
3058,2011-09-09,"2,467.99"
3059,2011-09-08,"2,529.14"
3060,2011-09-07,"2,548.94"
3061,2011-09-06,"2,473.83"
3062,2011-09-02,"2,480.33"
3063,2011-09-01,"2,546.04"
3064,2011-08-31,"2,579.46"
3065,2011-08-30,"2,576.11"
3066,2011-08-29,"2,562.11"
3067,2011-08-26,"2,479.85"
3068,2011-08-25,"2,419.63"
3069,2011-08-24,"2,467.69"
3070,2011-08-23,"2,446.06"
3071,2011-08-22,"2,345.38"
3072,2011-08-19,"2,341.84"
3073,2011-08-18,"2,380.43"
3074,2011-08-17,"2,511.48"
3075,2011-08-16,"2,523.45"
3076,2011-08-15,"2,555.20"
3077,2011-08-12,"2,507.98"
3078,2011-08-11,"2,492.68"
3079,2011-08-10,"2,381.05"
3080,2011-08-09,"2,482.52"
3081,2011-08-08,"2,357.69"
3082,2011-08-05,"2,532.41"
3083,2011-08-04,"2,556.39"
3084,2011-08-03,"2,693.07"
3085,2011-08-02,"2,669.24"
3086,2011-08-01,"2,744.61"
3087,2011-07-29,"2,756.38"
3088,2011-07-28,"2,766.25"
3089,2011-07-27,"2,764.79"
3090,2011-07-26,"2,839.96"
3091,2011-07-25,"2,842.80"
3092,2011-07-22,"2,858.83"
3093,2011-07-21,"2,834.43"
3094,2011-07-20,"2,814.23"
3095,2011-07-19,"2,826.52"
3096,2011-07-18,"2,765.11"
3097,2011-07-15,"2,789.80"
3098,2011-07-14,"2,762.67"
3099,2011-07-13,"2,796.92"
3100,2011-07-12,"2,781.91"
3101,2011-07-11,"2,802.62"
3102,2011-07-08,"2,859.81"
3103,2011-07-07,"2,872.66"
3104,2011-07-06,"2,834.02"
3105,2011-07-05,"2,825.77"
3106,2011-07-01,"2,816.03"
3107,2011-06-30,"2,773.52"
3108,2011-06-29,"2,740.49"
3109,2011-06-28,"2,729.31"
3110,2011-06-27,"2,688.28"
3111,2011-06-24,"2,652.89"
3112,2011-06-23,"2,686.75"
3113,2011-06-22,"2,669.19"
3114,2011-06-21,"2,687.26"
3115,2011-06-20,"2,629.66"
3116,2011-06-17,"2,616.48"
3117,2011-06-16,"2,623.70"
3118,2011-06-15,"2,631.46"
3119,2011-06-14,"2,678.72"
3120,2011-06-13,"2,639.69"
3121,2011-06-10,"2,643.73"
3122,2011-06-09,"2,684.87"
3123,2011-06-08,"2,675.38"
3124,2011-06-07,"2,701.56"
3125,2011-06-06,"2,702.56"
3126,2011-06-03,"2,732.78"
3127,2011-06-02,"2,773.31"
3128,2011-06-01,"2,769.19"
3129,2011-05-31,"2,835.30"
3130,2011-05-27,"2,796.86"
3131,2011-05-26,"2,782.92"
3132,2011-05-25,"2,761.38"
3133,2011-05-24,"2,746.16"
3134,2011-05-23,"2,758.90"
3135,2011-05-20,"2,803.32"
3136,2011-05-19,"2,823.31"
3137,2011-05-18,"2,815.00"
3138,2011-05-17,"2,783.21"
3139,2011-05-16,"2,782.31"
3140,2011-05-13,"2,828.47"
3141,2011-05-12,"2,863.04"
3142,2011-05-11,"2,845.06"
3143,2011-05-10,"2,871.89"
3144,2011-05-09,"2,843.25"
3145,2011-05-06,"2,827.56"
3146,2011-05-05,"2,814.72"
3147,2011-05-04,"2,828.23"
3148,2011-05-03,"2,841.62"
3149,2011-05-02,"2,864.08"
3150,2011-04-29,"2,873.54"
3151,2011-04-28,"2,872.53"
3152,2011-04-27,"2,869.88"
3153,2011-04-26,"2,847.54"
3154,2011-04-25,"2,825.88"
3155,2011-04-21,"2,820.16"
3156,2011-04-20,"2,802.51"
3157,2011-04-19,"2,744.97"
3158,2011-04-18,"2,735.38"
3159,2011-04-15,"2,764.65"
3160,2011-04-14,"2,760.22"
3161,2011-04-13,"2,761.52"
3162,2011-04-12,"2,744.79"
3163,2011-04-11,"2,771.51"
3164,2011-04-08,"2,780.41"
3165,2011-04-07,"2,796.14"
3166,2011-04-06,"2,799.82"
3167,2011-04-05,"2,791.19"
3168,2011-04-04,"2,789.19"
3169,2011-04-01,"2,789.60"
3170,2011-03-31,"2,781.07"
3171,2011-03-30,"2,776.79"
3172,2011-03-29,"2,756.89"
3173,2011-03-28,"2,730.68"
3174,2011-03-25,"2,743.06"
3175,2011-03-24,"2,736.42"
3176,2011-03-23,"2,698.30"
3177,2011-03-22,"2,683.87"
3178,2011-03-21,"2,692.09"
3179,2011-03-18,"2,643.67"
3180,2011-03-17,"2,636.05"
3181,2011-03-16,"2,616.82"
3182,2011-03-15,"2,667.33"
3183,2011-03-14,"2,700.97"
3184,2011-03-11,"2,715.61"
3185,2011-03-10,"2,701.02"
3186,2011-03-09,"2,751.72"
3187,2011-03-08,"2,765.77"
3188,2011-03-07,"2,745.63"
3189,2011-03-04,"2,784.67"
3190,2011-03-03,"2,798.74"
3191,2011-03-02,"2,748.07"
3192,2011-03-01,"2,737.41"
3193,2011-02-28,"2,782.27"
3194,2011-02-25,"2,781.05"
3195,2011-02-24,"2,737.90"
3196,2011-02-23,"2,722.99"
3197,2011-02-22,"2,756.42"
3198,2011-02-18,"2,833.95"
3199,2011-02-17,"2,831.58"
3200,2011-02-16,"2,825.56"
3201,2011-02-15,"2,804.35"
3202,2011-02-14,"2,817.18"
3203,2011-02-11,"2,809.44"
3204,2011-02-10,"2,790.45"
3205,2011-02-09,"2,789.07"
3206,2011-02-08,"2,797.05"
3207,2011-02-07,"2,783.99"
3208,2011-02-04,"2,769.30"
3209,2011-02-03,"2,753.88"
3210,2011-02-02,"2,749.56"
3211,2011-02-01,"2,751.19"
3212,2011-01-31,"2,700.08"
3213,2011-01-28,"2,686.89"
3214,2011-01-27,"2,755.28"
3215,2011-01-26,"2,739.50"
3216,2011-01-25,"2,719.25"
3217,2011-01-24,"2,717.55"
3218,2011-01-21,"2,689.54"
3219,2011-01-20,"2,704.29"
3220,2011-01-19,"2,725.36"
3221,2011-01-18,"2,765.85"
3222,2011-01-14,"2,755.30"
3223,2011-01-13,"2,735.29"
3224,2011-01-12,"2,737.33"
3225,2011-01-11,"2,716.83"
3226,2011-01-10,"2,707.80"
3227,2011-01-07,"2,703.17"
3228,2011-01-06,"2,709.89"
3229,2011-01-05,"2,702.20"
3230,2011-01-04,"2,681.25"
3231,2011-01-03,"2,691.52"
3232,2010-12-31,"2,652.87"
3233,2010-12-30,"2,662.98"
3234,2010-12-29,"2,666.93"
3235,2010-12-28,"2,662.88"
3236,2010-12-27,"2,667.27"
3237,2010-12-23,"2,665.60"
3238,2010-12-22,"2,671.48"
3239,2010-12-21,"2,667.61"
3240,2010-12-20,"2,649.56"
3241,2010-12-17,"2,642.97"
3242,2010-12-16,"2,637.31"
3243,2010-12-15,"2,617.22"
3244,2010-12-14,"2,627.72"
3245,2010-12-13,"2,624.91"
3246,2010-12-10,"2,637.54"
3247,2010-12-09,"2,616.67"
3248,2010-12-08,"2,609.16"
3249,2010-12-07,"2,598.49"
3250,2010-12-06,"2,594.92"
3251,2010-12-03,"2,591.46"
3252,2010-12-02,"2,579.35"
3253,2010-12-01,"2,549.43"
3254,2010-11-30,"2,498.23"
3255,2010-11-29,"2,525.22"
3256,2010-11-26,"2,534.56"
3257,2010-11-24,"2,543.12"
3258,2010-11-23,"2,494.95"
3259,2010-11-22,"2,532.02"
3260,2010-11-19,"2,518.12"
3261,2010-11-18,"2,514.40"
3262,2010-11-17,"2,476.01"
3263,2010-11-16,"2,469.84"
3264,2010-11-15,"2,513.82"
3265,2010-11-12,"2,518.21"
3266,2010-11-11,"2,555.52"
3267,2010-11-10,"2,578.78"
3268,2010-11-09,"2,562.98"
3269,2010-11-08,"2,580.05"
3270,2010-11-05,"2,578.98"
3271,2010-11-04,"2,577.34"
3272,2010-11-03,"2,540.27"
3273,2010-11-02,"2,533.52"
3274,2010-11-01,"2,504.84"
3275,2010-10-29,"2,507.41"
3276,2010-10-28,"2,507.37"
3277,2010-10-27,"2,503.26"
3278,2010-10-26,"2,497.29"
3279,2010-10-25,"2,490.85"
3280,2010-10-22,"2,479.39"
3281,2010-10-21,"2,459.67"
3282,2010-10-20,"2,457.39"
3283,2010-10-19,"2,436.95"
3284,2010-10-18,"2,480.66"
3285,2010-10-15,"2,468.77"
3286,2010-10-14,"2,435.38"
3287,2010-10-13,"2,441.23"
3288,2010-10-12,"2,417.92"
3289,2010-10-11,"2,402.33"
3290,2010-10-08,"2,401.91"
3291,2010-10-07,"2,383.67"
3292,2010-10-06,"2,380.66"
3293,2010-10-05,"2,399.83"
3294,2010-10-04,"2,344.52"
3295,2010-10-01,"2,370.75"
3296,2010-09-30,"2,368.62"
3297,2010-09-29,"2,376.56"
3298,2010-09-28,"2,379.59"
3299,2010-09-27,"2,369.77"
3300,2010-09-24,"2,381.22"
3301,2010-09-23,"2,327.08"
3302,2010-09-22,"2,334.55"
3303,2010-09-21,"2,349.35"
3304,2010-09-20,"2,355.83"
3305,2010-09-17,"2,315.61"
3306,2010-09-16,"2,303.25"
3307,2010-09-15,"2,301.32"
3308,2010-09-14,"2,289.77"
3309,2010-09-13,"2,285.71"
3310,2010-09-10,"2,242.48"
3311,2010-09-09,"2,236.20"
3312,2010-09-08,"2,228.87"
3313,2010-09-07,"2,208.89"
3314,2010-09-03,"2,233.75"
3315,2010-09-02,"2,200.01"
3316,2010-09-01,"2,176.84"
3317,2010-08-31,"2,114.03"
3318,2010-08-30,"2,119.97"
3319,2010-08-27,"2,153.63"
3320,2010-08-26,"2,118.69"
3321,2010-08-25,"2,141.54"
3322,2010-08-24,"2,123.76"
3323,2010-08-23,"2,159.63"
3324,2010-08-20,"2,179.76"
3325,2010-08-19,"2,178.95"
3326,2010-08-18,"2,215.70"
3327,2010-08-17,"2,209.44"
3328,2010-08-16,"2,181.87"
3329,2010-08-13,"2,173.48"
3330,2010-08-12,"2,190.27"
3331,2010-08-11,"2,208.63"
3332,2010-08-10,"2,277.17"
3333,2010-08-09,"2,305.69"
3334,2010-08-06,"2,288.47"
3335,2010-08-05,"2,293.06"
3336,2010-08-04,"2,303.57"
3337,2010-08-03,"2,283.52"
3338,2010-08-02,"2,295.36"
3339,2010-07-30,"2,254.70"
3340,2010-07-29,"2,251.69"
3341,2010-07-28,"2,264.56"
3342,2010-07-27,"2,288.25"
3343,2010-07-26,"2,296.43"
3344,2010-07-23,"2,269.47"
3345,2010-07-22,"2,245.89"
3346,2010-07-21,"2,187.33"
3347,2010-07-20,"2,222.49"
3348,2010-07-19,"2,198.23"
3349,2010-07-16,"2,179.05"
3350,2010-07-15,"2,249.08"
3351,2010-07-14,"2,249.84"
3352,2010-07-13,"2,242.03"
3353,2010-07-12,"2,198.36"
3354,2010-07-09,"2,196.45"
3355,2010-07-08,"2,175.40"
3356,2010-07-07,"2,159.47"
3357,2010-07-06,"2,093.88"
3358,2010-07-02,"2,091.79"
3359,2010-07-01,"2,101.36"
3360,2010-06-30,"2,109.24"
3361,2010-06-29,"2,135.18"
3362,2010-06-28,"2,220.65"
3363,2010-06-25,"2,223.48"
3364,2010-06-24,"2,217.42"
3365,2010-06-23,"2,254.23"
3366,2010-06-22,"2,261.80"
3367,2010-06-21,"2,289.09"
3368,2010-06-18,"2,309.80"
3369,2010-06-17,"2,307.16"
3370,2010-06-16,"2,305.93"
3371,2010-06-15,"2,305.88"
3372,2010-06-14,"2,243.96"
3373,2010-06-11,"2,243.60"
3374,2010-06-10,"2,218.71"
3375,2010-06-09,"2,158.85"
3376,2010-06-08,"2,170.57"
3377,2010-06-07,"2,173.90"
3378,2010-06-04,"2,219.17"
3379,2010-06-03,"2,303.03"
3380,2010-06-02,"2,281.07"
3381,2010-06-01,"2,222.33"
3382,2010-05-28,"2,257.04"
3383,2010-05-27,"2,277.68"
3384,2010-05-26,"2,195.88"
3385,2010-05-25,"2,210.95"
3386,2010-05-24,"2,213.55"
3387,2010-05-21,"2,229.04"
3388,2010-05-20,"2,204.01"
3389,2010-05-19,"2,298.37"
3390,2010-05-18,"2,317.26"
3391,2010-05-17,"2,354.23"
3392,2010-05-14,"2,346.85"
3393,2010-05-13,"2,394.36"
3394,2010-05-12,"2,425.02"
3395,2010-05-11,"2,375.31"
3396,2010-05-10,"2,374.67"
3397,2010-05-07,"2,265.64"
3398,2010-05-06,"2,319.64"
3399,2010-05-05,"2,402.29"
3400,2010-05-04,"2,424.25"
3401,2010-05-03,"2,498.74"
3402,2010-04-30,"2,461.19"
3403,2010-04-29,"2,511.92"
3404,2010-04-28,"2,471.73"
3405,2010-04-27,"2,471.47"
3406,2010-04-26,"2,522.95"
3407,2010-04-23,"2,530.15"
3408,2010-04-22,"2,519.07"
3409,2010-04-21,"2,504.61"
3410,2010-04-20,"2,500.31"
3411,2010-04-19,"2,480.11"
3412,2010-04-16,"2,481.26"
3413,2010-04-15,"2,515.69"
3414,2010-04-14,"2,504.86"
3415,2010-04-13,"2,465.99"
3416,2010-04-12,"2,457.87"
3417,2010-04-09,"2,454.05"
3418,2010-04-08,"2,436.81"
3419,2010-04-07,"2,431.16"
3420,2010-04-06,"2,436.81"
3421,2010-04-05,"2,429.53"
3422,2010-04-01,"2,402.58"
3423,2010-03-31,"2,397.96"
3424,2010-03-30,"2,410.69"
3425,2010-03-29,"2,404.36"
3426,2010-03-26,"2,395.13"
3427,2010-03-25,"2,397.41"
3428,2010-03-24,"2,398.76"
3429,2010-03-23,"2,415.24"
3430,2010-03-22,"2,395.40"
3431,2010-03-19,"2,374.41"
3432,2010-03-18,"2,391.28"
3433,2010-03-17,"2,389.09"
3434,2010-03-16,"2,378.01"
3435,2010-03-15,"2,362.21"
3436,2010-03-12,"2,367.66"
3437,2010-03-11,"2,368.46"
3438,2010-03-10,"2,358.95"
3439,2010-03-09,"2,340.68"
3440,2010-03-08,"2,332.21"
3441,2010-03-05,"2,326.35"
3442,2010-03-04,"2,292.31"
3443,2010-03-03,"2,280.68"
3444,2010-03-02,"2,280.79"
3445,2010-03-01,"2,273.57"
3446,2010-02-26,"2,238.26"
3447,2010-02-25,"2,234.22"
3448,2010-02-24,"2,235.90"
3449,2010-02-23,"2,213.44"
3450,2010-02-22,"2,242.03"
3451,2010-02-19,"2,243.87"
3452,2010-02-18,"2,241.71"
3453,2010-02-17,"2,226.29"
3454,2010-02-16,"2,214.19"
3455,2010-02-12,"2,183.53"
3456,2010-02-11,"2,177.41"
3457,2010-02-10,"2,147.87"
3458,2010-02-09,"2,150.87"
3459,2010-02-08,"2,126.05"
3460,2010-02-05,"2,141.12"
3461,2010-02-04,"2,125.43"
3462,2010-02-03,"2,190.91"
3463,2010-02-02,"2,190.06"
3464,2010-02-01,"2,171.20"
3465,2010-01-29,"2,147.35"
3466,2010-01-28,"2,179.00"
3467,2010-01-27,"2,221.41"
3468,2010-01-26,"2,203.73"
3469,2010-01-25,"2,210.80"
3470,2010-01-22,"2,205.29"
3471,2010-01-21,"2,265.70"
3472,2010-01-20,"2,291.25"
3473,2010-01-19,"2,320.40"
3474,2010-01-15,"2,287.99"
3475,2010-01-14,"2,316.74"
3476,2010-01-13,"2,307.90"
3477,2010-01-12,"2,282.31"
3478,2010-01-11,"2,312.41"
3479,2010-01-08,"2,317.17"
3480,2010-01-07,"2,300.05"
3481,2010-01-06,"2,301.09"
3482,2010-01-05,"2,308.71"
3483,2010-01-04,"2,308.42"
