,Date,VIX
0,2023-11-03,14.91
1,2023-11-02,15.66
2,2023-11-01,16.87
3,2023-10-31,18.14
4,2023-10-30,19.75
5,2023-10-27,21.27
6,2023-10-26,20.68
7,2023-10-25,20.19
8,2023-10-24,18.97
9,2023-10-23,20.37
10,2023-10-20,21.71
11,2023-10-19,21.40
12,2023-10-18,19.22
13,2023-10-17,17.88
14,2023-10-16,17.21
15,2023-10-13,19.32
16,2023-10-12,16.69
17,2023-10-11,16.09
18,2023-10-10,17.03
19,2023-10-09,17.70
20,2023-10-06,17.45
21,2023-10-05,18.49
22,2023-10-04,18.58
23,2023-10-03,19.78
24,2023-10-02,17.61
25,2023-09-29,17.52
26,2023-09-28,17.34
27,2023-09-27,18.22
28,2023-09-26,18.94
29,2023-09-25,16.90
30,2023-09-22,17.20
31,2023-09-21,17.54
32,2023-09-20,15.14
33,2023-09-19,14.11
34,2023-09-18,14.00
35,2023-09-15,13.79
36,2023-09-14,12.82
37,2023-09-13,13.48
38,2023-09-12,14.23
39,2023-09-11,13.80
40,2023-09-08,13.84
41,2023-09-07,14.40
42,2023-09-06,14.45
43,2023-09-05,14.01
44,2023-09-04,13.82
45,2023-09-01,13.09
46,2023-08-31,13.57
47,2023-08-30,13.88
48,2023-08-29,14.45
49,2023-08-28,15.08
50,2023-08-25,15.68
51,2023-08-24,17.20
52,2023-08-23,15.98
53,2023-08-22,16.97
54,2023-08-21,17.13
55,2023-08-18,17.30
56,2023-08-17,17.89
57,2023-08-16,16.78
58,2023-08-15,16.46
59,2023-08-14,14.82
60,2023-08-11,14.84
61,2023-08-10,15.85
62,2023-08-09,15.96
63,2023-08-08,15.99
64,2023-08-07,15.77
65,2023-08-04,17.10
66,2023-08-03,15.92
67,2023-08-02,16.09
68,2023-08-01,13.93
69,2023-07-31,13.63
70,2023-07-28,13.33
71,2023-07-27,14.41
72,2023-07-26,13.19
73,2023-07-25,13.86
74,2023-07-24,13.91
75,2023-07-21,13.60
76,2023-07-20,13.99
77,2023-07-19,13.76
78,2023-07-18,13.30
79,2023-07-17,13.48
80,2023-07-14,13.34
81,2023-07-13,13.61
82,2023-07-12,13.54
83,2023-07-11,14.84
84,2023-07-10,15.07
85,2023-07-07,14.83
86,2023-07-06,15.44
87,2023-07-05,14.18
88,2023-07-04,13.70
89,2023-07-03,13.57
90,2023-06-30,13.59
91,2023-06-29,13.54
92,2023-06-28,13.43
93,2023-06-27,13.74
94,2023-06-26,14.25
95,2023-06-23,13.44
96,2023-06-22,12.91
97,2023-06-21,13.20
98,2023-06-20,13.88
99,2023-06-19,14.19
100,2023-06-16,13.54
101,2023-06-15,14.50
102,2023-06-14,13.88
103,2023-06-13,14.61
104,2023-06-12,15.01
105,2023-06-09,13.83
106,2023-06-08,13.65
107,2023-06-07,13.94
108,2023-06-06,13.96
109,2023-06-05,14.73
110,2023-06-02,14.60
111,2023-06-01,15.65
112,2023-05-31,17.94
113,2023-05-30,17.46
114,2023-05-29,17.46
115,2023-05-26,17.95
116,2023-05-25,19.14
117,2023-05-24,20.03
118,2023-05-23,18.53
119,2023-05-22,17.21
120,2023-05-19,16.81
121,2023-05-18,16.05
122,2023-05-17,16.87
123,2023-05-16,17.99
124,2023-05-15,17.12
125,2023-05-12,17.03
126,2023-05-11,16.93
127,2023-05-10,16.94
128,2023-05-09,17.71
129,2023-05-08,16.98
130,2023-05-05,17.19
131,2023-05-04,20.09
132,2023-05-03,18.34
133,2023-05-02,17.78
134,2023-05-01,16.08
135,2023-04-28,15.78
136,2023-04-27,17.03
137,2023-04-26,18.84
138,2023-04-25,18.76
139,2023-04-24,16.89
140,2023-04-21,16.77
141,2023-04-20,17.17
142,2023-04-19,16.46
143,2023-04-18,16.83
144,2023-04-17,16.95
145,2023-04-14,17.07
146,2023-04-13,17.80
147,2023-04-12,19.09
148,2023-04-11,19.10
149,2023-04-10,18.97
150,2023-04-07,18.40
151,2023-04-06,18.40
152,2023-04-05,19.08
153,2023-04-04,19.00
154,2023-04-03,18.55
155,2023-03-31,18.70
156,2023-03-30,19.02
157,2023-03-29,19.12
158,2023-03-28,19.97
159,2023-03-27,20.60
160,2023-03-24,21.74
161,2023-03-23,22.61
162,2023-03-22,22.26
163,2023-03-21,21.38
164,2023-03-20,24.15
165,2023-03-17,25.51
166,2023-03-16,22.99
167,2023-03-15,26.14
168,2023-03-14,23.73
169,2023-03-13,26.52
170,2023-03-10,24.80
171,2023-03-09,22.61
172,2023-03-08,19.11
173,2023-03-07,19.59
174,2023-03-06,18.61
175,2023-03-03,18.49
176,2023-03-02,19.59
177,2023-03-01,20.58
178,2023-02-28,20.70
179,2023-02-27,20.95
180,2023-02-24,21.67
181,2023-02-23,21.14
182,2023-02-22,22.29
183,2023-02-21,22.87
184,2023-02-20,21.23
185,2023-02-17,20.02
186,2023-02-16,20.17
187,2023-02-15,18.23
188,2023-02-14,18.91
189,2023-02-13,20.34
190,2023-02-10,20.53
191,2023-02-09,20.71
192,2023-02-08,19.63
193,2023-02-07,18.66
194,2023-02-06,19.43
195,2023-02-03,18.33
196,2023-02-02,18.73
197,2023-02-01,17.87
198,2023-01-31,19.40
199,2023-01-30,19.94
200,2023-01-27,18.51
201,2023-01-26,18.73
202,2023-01-25,19.08
203,2023-01-24,19.20
204,2023-01-23,19.81
205,2023-01-20,19.85
206,2023-01-19,20.52
207,2023-01-18,20.34
208,2023-01-17,19.36
209,2023-01-16,19.49
210,2023-01-13,18.35
211,2023-01-12,18.83
212,2023-01-11,21.09
213,2023-01-10,20.58
214,2023-01-09,21.97
215,2023-01-06,21.13
216,2023-01-05,22.46
217,2023-01-04,22.01
218,2023-01-03,22.90
219,2022-12-30,21.67
220,2022-12-29,21.44
221,2022-12-28,22.14
222,2022-12-27,21.65
223,2022-12-26,20.87
224,2022-12-23,20.87
225,2022-12-22,21.97
226,2022-12-21,20.07
227,2022-12-20,21.48
228,2022-12-19,22.42
229,2022-12-16,22.62
230,2022-12-15,22.83
231,2022-12-14,21.14
232,2022-12-13,22.55
233,2022-12-12,25.00
234,2022-12-09,22.83
235,2022-12-08,22.29
236,2022-12-07,22.68
237,2022-12-06,22.17
238,2022-12-05,20.75
239,2022-12-02,19.06
240,2022-12-01,19.84
241,2022-11-30,20.58
242,2022-11-29,21.89
243,2022-11-28,22.21
244,2022-11-25,20.50
245,2022-11-24,20.42
246,2022-11-23,20.35
247,2022-11-22,21.29
248,2022-11-21,22.36
249,2022-11-18,23.12
250,2022-11-17,23.93
251,2022-11-16,24.11
252,2022-11-15,24.54
253,2022-11-14,23.73
254,2022-11-11,22.52
255,2022-11-10,23.53
256,2022-11-09,26.09
257,2022-11-08,25.54
258,2022-11-07,24.35
259,2022-11-04,24.55
260,2022-11-03,25.30
261,2022-11-02,25.86
262,2022-11-01,25.81
263,2022-10-31,25.88
264,2022-10-28,25.75
265,2022-10-27,27.39
266,2022-10-26,27.28
267,2022-10-25,28.46
268,2022-10-24,29.85
269,2022-10-21,29.69
270,2022-10-20,29.98
271,2022-10-19,30.76
272,2022-10-18,30.50
273,2022-10-17,31.37
274,2022-10-14,32.02
275,2022-10-13,31.94
276,2022-10-12,33.57
277,2022-10-11,33.63
278,2022-10-10,32.45
279,2022-10-07,31.36
280,2022-10-06,30.52
281,2022-10-05,28.55
282,2022-10-04,29.07
283,2022-10-03,30.10
284,2022-09-30,31.62
285,2022-09-29,31.84
286,2022-09-28,30.18
287,2022-09-27,32.60
288,2022-09-26,32.26
289,2022-09-23,29.92
290,2022-09-22,27.35
291,2022-09-21,27.99
292,2022-09-20,27.16
293,2022-09-19,25.76
294,2022-09-16,26.30
295,2022-09-15,26.27
296,2022-09-14,26.16
297,2022-09-13,27.27
298,2022-09-12,23.87
299,2022-09-09,22.79
300,2022-09-08,23.61
301,2022-09-07,24.64
302,2022-09-06,26.91
303,2022-09-05,25.99
304,2022-09-02,25.47
305,2022-09-01,25.56
306,2022-08-31,25.87
307,2022-08-30,26.21
308,2022-08-29,26.21
309,2022-08-26,25.56
310,2022-08-25,21.78
311,2022-08-24,22.82
312,2022-08-23,24.11
313,2022-08-22,23.80
314,2022-08-19,20.60
315,2022-08-18,19.56
316,2022-08-17,19.90
317,2022-08-16,19.69
318,2022-08-15,19.95
319,2022-08-12,19.53
320,2022-08-11,20.20
321,2022-08-10,19.74
322,2022-08-09,21.77
323,2022-08-08,21.29
324,2022-08-05,21.15
325,2022-08-04,21.44
326,2022-08-03,21.95
327,2022-08-02,23.93
328,2022-08-01,22.84
329,2022-07-29,21.33
330,2022-07-28,22.33
331,2022-07-27,23.24
332,2022-07-26,24.69
333,2022-07-25,23.36
334,2022-07-22,23.03
335,2022-07-21,23.11
336,2022-07-20,23.88
337,2022-07-19,24.50
338,2022-07-18,25.30
339,2022-07-15,24.23
340,2022-07-14,26.40
341,2022-07-13,26.82
342,2022-07-12,27.29
343,2022-07-11,26.17
344,2022-07-08,24.64
345,2022-07-07,26.08
346,2022-07-06,26.73
347,2022-07-05,27.54
348,2022-07-04,27.53
349,2022-07-01,26.70
350,2022-06-30,28.71
351,2022-06-29,28.16
352,2022-06-28,28.36
353,2022-06-27,26.95
354,2022-06-24,27.23
355,2022-06-23,29.05
356,2022-06-22,28.95
357,2022-06-21,30.19
358,2022-06-20,31.03
359,2022-06-17,31.13
360,2022-06-16,32.95
361,2022-06-15,29.62
362,2022-06-14,32.69
363,2022-06-13,34.02
364,2022-06-10,27.75
365,2022-06-09,26.09
366,2022-06-08,23.96
367,2022-06-07,24.02
368,2022-06-06,25.07
369,2022-06-03,24.79
370,2022-06-02,24.72
371,2022-06-01,25.69
372,2022-05-31,26.19
373,2022-05-30,26.54
374,2022-05-27,25.72
375,2022-05-26,27.50
376,2022-05-25,28.37
377,2022-05-24,29.45
378,2022-05-23,28.48
379,2022-05-20,29.43
380,2022-05-19,29.35
381,2022-05-18,30.96
382,2022-05-17,26.10
383,2022-05-16,27.47
384,2022-05-13,28.87
385,2022-05-12,31.77
386,2022-05-11,32.56
387,2022-05-10,32.99
388,2022-05-09,34.75
389,2022-05-06,30.19
390,2022-05-05,31.20
391,2022-05-04,25.42
392,2022-05-03,29.25
393,2022-05-02,32.34
394,2022-04-29,33.40
395,2022-04-28,29.99
396,2022-04-27,31.60
397,2022-04-26,33.52
398,2022-04-25,27.02
399,2022-04-22,28.21
400,2022-04-21,22.68
401,2022-04-20,20.32
402,2022-04-19,21.37
403,2022-04-18,22.17
404,2022-04-15,22.70
405,2022-04-14,22.70
406,2022-04-13,21.82
407,2022-04-12,24.26
408,2022-04-11,24.37
409,2022-04-08,21.16
410,2022-04-07,21.55
411,2022-04-06,22.10
412,2022-04-05,21.03
413,2022-04-04,18.57
414,2022-04-01,19.63
415,2022-03-31,20.56
416,2022-03-30,19.33
417,2022-03-29,18.90
418,2022-03-28,19.63
419,2022-03-25,20.81
420,2022-03-24,21.67
421,2022-03-23,23.57
422,2022-03-22,22.94
423,2022-03-21,23.53
424,2022-03-18,23.87
425,2022-03-17,25.67
426,2022-03-16,26.67
427,2022-03-15,29.83
428,2022-03-14,31.77
429,2022-03-11,30.75
430,2022-03-10,30.23
431,2022-03-09,32.45
432,2022-03-08,35.13
433,2022-03-07,36.45
434,2022-03-04,31.98
435,2022-03-03,30.48
436,2022-03-02,30.74
437,2022-03-01,33.32
438,2022-02-28,30.15
439,2022-02-25,27.59
440,2022-02-24,30.32
441,2022-02-23,31.02
442,2022-02-22,28.81
443,2022-02-18,27.75
444,2022-02-17,28.11
445,2022-02-16,24.29
446,2022-02-15,25.70
447,2022-02-14,28.33
448,2022-02-11,27.36
449,2022-02-10,23.91
450,2022-02-09,19.96
451,2022-02-08,21.44
452,2022-02-07,22.86
453,2022-02-04,23.22
454,2022-02-03,24.35
455,2022-02-02,22.09
456,2022-02-01,21.96
457,2022-01-31,24.83
458,2022-01-28,27.66
459,2022-01-27,30.49
460,2022-01-26,31.96
461,2022-01-25,31.16
462,2022-01-24,29.90
463,2022-01-21,28.85
464,2022-01-20,25.59
465,2022-01-19,23.85
466,2022-01-18,22.79
467,2022-01-14,19.19
468,2022-01-13,20.31
469,2022-01-12,17.62
470,2022-01-11,18.41
471,2022-01-10,19.40
472,2022-01-07,18.76
473,2022-01-06,19.61
474,2022-01-05,19.73
475,2022-01-04,16.91
476,2022-01-03,16.60
477,2021-12-31,17.22
478,2021-12-30,17.33
479,2021-12-29,16.95
480,2021-12-28,17.54
481,2021-12-27,17.68
482,2021-12-24,17.96
483,2021-12-23,17.96
484,2021-12-22,18.63
485,2021-12-21,21.01
486,2021-12-20,22.87
487,2021-12-17,21.57
488,2021-12-16,20.57
489,2021-12-15,19.29
490,2021-12-14,21.89
491,2021-12-13,20.31
492,2021-12-10,18.69
493,2021-12-09,21.58
494,2021-12-08,19.90
495,2021-12-07,21.89
496,2021-12-06,27.18
497,2021-12-03,30.67
498,2021-12-02,27.95
499,2021-12-01,31.12
500,2021-11-30,27.19
501,2021-11-29,22.96
502,2021-11-26,28.62
503,2021-11-25,18.58
504,2021-11-24,18.58
505,2021-11-23,19.38
506,2021-11-22,19.17
507,2021-11-19,17.91
508,2021-11-18,17.59
509,2021-11-17,17.11
510,2021-11-16,16.37
511,2021-11-15,16.49
512,2021-11-12,16.29
513,2021-11-11,17.66
514,2021-11-10,18.73
515,2021-11-09,17.78
516,2021-11-08,17.22
517,2021-11-05,16.48
518,2021-11-04,15.44
519,2021-11-03,15.10
520,2021-11-02,16.03
521,2021-11-01,16.41
522,2021-10-29,16.26
523,2021-10-28,16.53
524,2021-10-27,16.98
525,2021-10-26,15.98
526,2021-10-25,15.24
527,2021-10-22,15.43
528,2021-10-21,15.01
529,2021-10-20,15.49
530,2021-10-19,15.70
531,2021-10-18,16.31
532,2021-10-15,16.30
533,2021-10-14,16.86
534,2021-10-13,18.64
535,2021-10-12,19.85
536,2021-10-11,20.00
537,2021-10-08,18.77
538,2021-10-07,19.54
539,2021-10-06,21.00
540,2021-10-05,21.30
541,2021-10-04,22.96
542,2021-10-01,21.15
543,2021-09-30,23.14
544,2021-09-29,22.56
545,2021-09-28,23.25
546,2021-09-27,18.76
547,2021-09-24,17.75
548,2021-09-23,18.63
549,2021-09-22,20.87
550,2021-09-21,24.36
551,2021-09-20,25.71
552,2021-09-17,20.81
553,2021-09-16,18.69
554,2021-09-15,18.18
555,2021-09-14,19.46
556,2021-09-13,19.37
557,2021-09-10,20.95
558,2021-09-09,18.80
559,2021-09-08,17.96
560,2021-09-07,18.14
561,2021-09-03,16.41
562,2021-09-02,16.41
563,2021-09-01,16.11
564,2021-08-31,16.48
565,2021-08-30,16.19
566,2021-08-27,16.39
567,2021-08-26,18.84
568,2021-08-25,16.79
569,2021-08-24,17.22
570,2021-08-23,17.15
571,2021-08-20,18.56
572,2021-08-19,21.67
573,2021-08-18,21.57
574,2021-08-17,17.91
575,2021-08-16,16.12
576,2021-08-13,15.45
577,2021-08-12,15.59
578,2021-08-11,16.06
579,2021-08-10,16.79
580,2021-08-09,16.72
581,2021-08-06,16.15
582,2021-08-05,17.28
583,2021-08-04,17.97
584,2021-08-03,18.04
585,2021-08-02,19.46
586,2021-07-30,18.24
587,2021-07-29,17.70
588,2021-07-28,18.31
589,2021-07-27,19.36
590,2021-07-26,17.58
591,2021-07-23,17.20
592,2021-07-22,17.69
593,2021-07-21,17.91
594,2021-07-20,19.73
595,2021-07-19,22.50
596,2021-07-16,18.45
597,2021-07-15,17.01
598,2021-07-14,16.33
599,2021-07-13,17.12
600,2021-07-12,16.17
601,2021-07-09,16.18
602,2021-07-08,19.00
603,2021-07-07,16.20
604,2021-07-06,16.44
605,2021-07-02,15.07
606,2021-07-01,15.48
607,2021-06-30,15.83
608,2021-06-29,16.02
609,2021-06-28,15.76
610,2021-06-25,15.62
611,2021-06-24,15.97
612,2021-06-23,16.32
613,2021-06-22,16.66
614,2021-06-21,17.89
615,2021-06-18,20.70
616,2021-06-17,17.75
617,2021-06-16,18.15
618,2021-06-15,17.02
619,2021-06-14,16.39
620,2021-06-11,15.65
621,2021-06-10,16.10
622,2021-06-09,17.89
623,2021-06-08,17.07
624,2021-06-07,16.42
625,2021-06-04,16.42
626,2021-06-03,18.04
627,2021-06-02,17.48
628,2021-06-01,17.90
629,2021-05-28,16.76
630,2021-05-27,16.74
631,2021-05-26,17.36
632,2021-05-25,18.84
633,2021-05-24,18.40
634,2021-05-21,20.15
635,2021-05-20,20.67
636,2021-05-19,22.18
637,2021-05-18,21.34
638,2021-05-17,19.72
639,2021-05-14,18.81
640,2021-05-13,23.13
641,2021-05-12,27.59
642,2021-05-11,21.84
643,2021-05-10,19.66
644,2021-05-07,16.69
645,2021-05-06,18.39
646,2021-05-05,19.15
647,2021-05-04,19.48
648,2021-05-03,18.31
649,2021-04-30,18.61
650,2021-04-29,17.61
651,2021-04-28,17.28
652,2021-04-27,17.56
653,2021-04-26,17.64
654,2021-04-23,17.33
655,2021-04-22,18.71
656,2021-04-21,17.50
657,2021-04-20,18.68
658,2021-04-19,17.29
659,2021-04-16,16.25
660,2021-04-15,16.57
661,2021-04-14,16.99
662,2021-04-13,16.65
663,2021-04-12,16.91
664,2021-04-09,16.69
665,2021-04-08,16.95
666,2021-04-07,17.16
667,2021-04-06,18.12
668,2021-04-05,17.91
669,2021-04-02,17.33
670,2021-04-01,17.33
671,2021-03-31,19.40
672,2021-03-30,19.61
673,2021-03-29,20.74
674,2021-03-26,18.86
675,2021-03-25,19.81
676,2021-03-24,21.20
677,2021-03-23,20.30
678,2021-03-22,18.88
679,2021-03-19,20.95
680,2021-03-18,21.58
681,2021-03-17,19.23
682,2021-03-16,19.79
683,2021-03-15,20.03
684,2021-03-12,20.69
685,2021-03-11,21.91
686,2021-03-10,22.56
687,2021-03-09,24.03
688,2021-03-08,25.47
689,2021-03-05,24.66
690,2021-03-04,28.57
691,2021-03-03,26.67
692,2021-03-02,24.10
693,2021-03-01,23.35
694,2021-02-26,27.95
695,2021-02-25,28.89
696,2021-02-24,21.34
697,2021-02-23,23.11
698,2021-02-22,23.45
699,2021-02-19,22.05
700,2021-02-18,22.49
701,2021-02-17,21.50
702,2021-02-16,21.46
703,2021-02-12,19.97
704,2021-02-11,21.25
705,2021-02-10,21.99
706,2021-02-09,21.63
707,2021-02-08,21.24
708,2021-02-05,20.87
709,2021-02-04,21.77
710,2021-02-03,22.91
711,2021-02-02,25.56
712,2021-02-01,30.24
713,2021-01-29,33.09
714,2021-01-28,30.21
715,2021-01-27,37.21
716,2021-01-26,23.02
717,2021-01-25,23.19
718,2021-01-22,21.91
719,2021-01-21,21.32
720,2021-01-20,21.58
721,2021-01-19,23.24
722,2021-01-15,24.34
723,2021-01-14,23.25
724,2021-01-13,22.21
725,2021-01-12,23.33
726,2021-01-11,24.08
727,2021-01-08,21.56
728,2021-01-07,22.37
729,2021-01-06,25.07
730,2021-01-05,25.34
731,2021-01-04,26.97
732,2020-12-31,22.75
733,2020-12-30,22.77
734,2020-12-29,23.08
735,2020-12-28,21.70
736,2020-12-25,21.53
737,2020-12-24,21.53
738,2020-12-23,23.31
739,2020-12-22,24.23
740,2020-12-21,25.16
741,2020-12-18,21.57
742,2020-12-17,21.93
743,2020-12-16,22.50
744,2020-12-15,22.89
745,2020-12-14,24.72
746,2020-12-11,23.31
747,2020-12-10,22.52
748,2020-12-09,22.27
749,2020-12-08,20.68
750,2020-12-07,21.30
751,2020-12-04,20.79
752,2020-12-03,21.28
753,2020-12-02,21.17
754,2020-12-01,20.77
755,2020-11-30,20.57
756,2020-11-27,20.84
757,2020-11-26,21.25
758,2020-11-25,21.25
759,2020-11-24,21.64
760,2020-11-23,22.66
761,2020-11-20,23.70
762,2020-11-19,23.11
763,2020-11-18,23.84
764,2020-11-17,22.71
765,2020-11-16,22.45
766,2020-11-13,23.10
767,2020-11-12,25.35
768,2020-11-11,23.45
769,2020-11-10,24.80
770,2020-11-09,25.75
771,2020-11-06,24.86
772,2020-11-05,27.58
773,2020-11-04,29.57
774,2020-11-03,35.55
775,2020-11-02,37.13
776,2020-10-30,38.02
777,2020-10-29,37.59
778,2020-10-28,40.28
779,2020-10-27,33.35
780,2020-10-26,32.46
781,2020-10-23,27.55
782,2020-10-22,28.11
783,2020-10-21,28.65
784,2020-10-20,29.35
785,2020-10-19,29.18
786,2020-10-16,27.41
787,2020-10-15,26.97
788,2020-10-14,26.40
789,2020-10-13,26.07
790,2020-10-12,25.07
791,2020-10-09,25.00
792,2020-10-08,26.36
793,2020-10-07,28.06
794,2020-10-06,29.48
795,2020-10-05,27.96
796,2020-10-02,27.63
797,2020-10-01,26.70
798,2020-09-30,26.37
799,2020-09-29,26.27
800,2020-09-28,26.19
801,2020-09-25,26.38
802,2020-09-24,28.51
803,2020-09-23,28.58
804,2020-09-22,26.86
805,2020-09-21,27.78
806,2020-09-18,25.83
807,2020-09-17,26.46
808,2020-09-16,26.04
809,2020-09-15,25.59
810,2020-09-14,25.85
811,2020-09-11,26.87
812,2020-09-10,29.71
813,2020-09-09,28.81
814,2020-09-08,31.46
815,2020-09-04,30.75
816,2020-09-03,33.60
817,2020-09-02,26.57
818,2020-09-01,26.12
819,2020-08-31,26.41
820,2020-08-28,22.96
821,2020-08-27,24.47
822,2020-08-26,23.27
823,2020-08-25,22.03
824,2020-08-24,22.37
825,2020-08-21,22.54
826,2020-08-20,22.72
827,2020-08-19,22.54
828,2020-08-18,21.51
829,2020-08-17,21.35
830,2020-08-14,22.05
831,2020-08-13,22.13
832,2020-08-12,22.28
833,2020-08-11,24.03
834,2020-08-10,22.13
835,2020-08-07,22.21
836,2020-08-06,22.65
837,2020-08-05,22.99
838,2020-08-04,23.76
839,2020-08-03,24.28
840,2020-07-31,24.46
841,2020-07-30,24.76
842,2020-07-29,24.10
843,2020-07-28,25.44
844,2020-07-27,24.74
845,2020-07-24,25.84
846,2020-07-23,26.08
847,2020-07-22,24.32
848,2020-07-21,24.84
849,2020-07-20,24.46
850,2020-07-17,25.68
851,2020-07-16,28.00
852,2020-07-15,27.76
853,2020-07-14,29.52
854,2020-07-13,32.19
855,2020-07-10,27.29
856,2020-07-09,29.26
857,2020-07-08,28.08
858,2020-07-07,29.43
859,2020-07-06,27.94
860,2020-07-03,27.68
861,2020-07-02,27.68
862,2020-07-01,28.62
863,2020-06-30,30.43
864,2020-06-29,31.78
865,2020-06-26,34.73
866,2020-06-25,32.22
867,2020-06-24,33.84
868,2020-06-23,31.37
869,2020-06-22,31.77
870,2020-06-19,35.12
871,2020-06-18,32.94
872,2020-06-17,33.47
873,2020-06-16,33.67
874,2020-06-15,34.40
875,2020-06-12,36.09
876,2020-06-11,40.79
877,2020-06-10,27.57
878,2020-06-09,27.57
879,2020-06-08,25.81
880,2020-06-05,24.52
881,2020-06-04,25.81
882,2020-06-03,25.66
883,2020-06-02,26.84
884,2020-06-01,28.23
885,2020-05-29,27.51
886,2020-05-28,28.59
887,2020-05-27,27.62
888,2020-05-26,28.01
889,2020-05-22,28.16
890,2020-05-21,29.53
891,2020-05-20,27.99
892,2020-05-19,30.53
893,2020-05-18,29.30
894,2020-05-15,31.89
895,2020-05-14,32.61
896,2020-05-13,35.28
897,2020-05-12,33.04
898,2020-05-11,27.57
899,2020-05-08,27.98
900,2020-05-07,31.44
901,2020-05-06,34.12
902,2020-05-05,33.61
903,2020-05-04,35.97
904,2020-05-01,37.19
905,2020-04-30,34.15
906,2020-04-29,31.23
907,2020-04-28,33.57
908,2020-04-27,33.29
909,2020-04-24,35.93
910,2020-04-23,41.38
911,2020-04-22,41.98
912,2020-04-21,45.41
913,2020-04-20,43.83
914,2020-04-17,38.15
915,2020-04-16,40.11
916,2020-04-15,40.84
917,2020-04-14,37.76
918,2020-04-13,41.17
919,2020-04-09,41.67
920,2020-04-08,43.35
921,2020-04-07,46.70
922,2020-04-06,45.24
923,2020-04-03,46.80
924,2020-04-02,50.91
925,2020-04-01,57.06
926,2020-03-31,53.54
927,2020-03-30,57.08
928,2020-03-27,65.54
929,2020-03-26,61.00
930,2020-03-25,63.95
931,2020-03-24,61.67
932,2020-03-23,61.59
933,2020-03-20,66.04
934,2020-03-19,72.00
935,2020-03-18,76.45
936,2020-03-17,75.91
937,2020-03-16,82.69
938,2020-03-13,57.83
939,2020-03-12,75.47
940,2020-03-11,53.90
941,2020-03-10,47.30
942,2020-03-09,54.46
943,2020-03-06,41.94
944,2020-03-05,39.62
945,2020-03-04,31.99
946,2020-03-03,36.82
947,2020-03-02,33.42
948,2020-02-28,40.11
949,2020-02-27,39.16
950,2020-02-26,27.56
951,2020-02-25,27.85
952,2020-02-24,25.03
953,2020-02-21,17.08
954,2020-02-20,15.56
955,2020-02-19,14.38
956,2020-02-18,14.83
957,2020-02-14,13.68
958,2020-02-13,14.15
959,2020-02-12,13.74
960,2020-02-11,15.18
961,2020-02-10,15.04
962,2020-02-07,15.47
963,2020-02-06,14.96
964,2020-02-05,15.15
965,2020-02-04,16.05
966,2020-02-03,17.97
967,2020-01-31,18.84
968,2020-01-30,15.49
969,2020-01-29,16.39
970,2020-01-28,16.28
971,2020-01-27,18.23
972,2020-01-24,14.56
973,2020-01-23,12.98
974,2020-01-22,12.91
975,2020-01-21,12.85
976,2020-01-17,12.10
977,2020-01-16,12.32
978,2020-01-15,12.42
979,2020-01-14,12.39
980,2020-01-13,12.32
981,2020-01-10,12.56
982,2020-01-09,12.54
983,2020-01-08,13.45
984,2020-01-07,13.79
985,2020-01-06,13.85
986,2020-01-03,14.02
987,2020-01-02,12.47
988,2019-12-31,13.78
989,2019-12-30,14.82
990,2019-12-27,13.43
991,2019-12-26,12.65
992,2019-12-24,12.67
993,2019-12-23,12.61
994,2019-12-20,12.51
995,2019-12-19,12.50
996,2019-12-18,12.58
997,2019-12-17,12.29
998,2019-12-16,12.14
999,2019-12-13,12.63
1000,2019-12-12,13.94
1001,2019-12-11,14.99
1002,2019-12-10,15.68
1003,2019-12-09,15.86
1004,2019-12-06,13.62
1005,2019-12-05,14.52
1006,2019-12-04,14.80
1007,2019-12-03,15.96
1008,2019-12-02,14.91
1009,2019-11-29,12.62
1010,2019-11-27,11.75
1011,2019-11-26,11.54
1012,2019-11-25,11.87
1013,2019-11-22,12.34
1014,2019-11-21,13.13
1015,2019-11-20,12.78
1016,2019-11-19,12.86
1017,2019-11-18,12.46
1018,2019-11-15,12.05
1019,2019-11-14,13.05
1020,2019-11-13,13.00
1021,2019-11-12,12.68
1022,2019-11-11,12.69
1023,2019-11-08,12.07
1024,2019-11-07,12.73
1025,2019-11-06,12.62
1026,2019-11-05,13.10
1027,2019-11-04,12.83
1028,2019-11-01,12.30
1029,2019-10-31,13.22
1030,2019-10-30,12.33
1031,2019-10-29,13.20
1032,2019-10-28,13.11
1033,2019-10-25,12.65
1034,2019-10-24,13.71
1035,2019-10-23,14.01
1036,2019-10-22,14.46
1037,2019-10-21,14.00
1038,2019-10-18,14.25
1039,2019-10-17,13.79
1040,2019-10-16,13.68
1041,2019-10-15,13.54
1042,2019-10-14,14.57
1043,2019-10-11,15.58
1044,2019-10-10,17.57
1045,2019-10-09,18.64
1046,2019-10-08,20.28
1047,2019-10-07,17.86
1048,2019-10-04,17.04
1049,2019-10-03,19.12
1050,2019-10-02,20.56
1051,2019-10-01,18.56
1052,2019-09-30,16.24
1053,2019-09-27,17.22
1054,2019-09-26,16.07
1055,2019-09-25,15.96
1056,2019-09-24,17.05
1057,2019-09-23,14.91
1058,2019-09-20,15.32
1059,2019-09-19,14.05
1060,2019-09-18,13.95
1061,2019-09-17,14.44
1062,2019-09-16,14.67
1063,2019-09-13,13.74
1064,2019-09-12,14.22
1065,2019-09-11,14.61
1066,2019-09-10,15.20
1067,2019-09-09,15.27
1068,2019-09-06,15.00
1069,2019-09-05,16.27
1070,2019-09-04,17.33
1071,2019-09-03,19.66
1072,2019-08-30,18.98
1073,2019-08-29,17.88
1074,2019-08-28,19.35
1075,2019-08-27,20.31
1076,2019-08-26,19.32
1077,2019-08-23,19.87
1078,2019-08-22,16.68
1079,2019-08-21,15.80
1080,2019-08-20,17.50
1081,2019-08-19,16.88
1082,2019-08-16,18.47
1083,2019-08-15,21.18
1084,2019-08-14,22.10
1085,2019-08-13,17.52
1086,2019-08-12,21.09
1087,2019-08-09,17.97
1088,2019-08-08,16.91
1089,2019-08-07,19.49
1090,2019-08-06,20.17
1091,2019-08-05,24.59
1092,2019-08-02,17.61
1093,2019-08-01,17.87
1094,2019-07-31,16.12
1095,2019-07-30,13.94
1096,2019-07-29,12.83
1097,2019-07-26,12.16
1098,2019-07-25,12.74
1099,2019-07-24,12.07
1100,2019-07-23,12.61
1101,2019-07-22,13.53
1102,2019-07-19,14.45
1103,2019-07-18,13.53
1104,2019-07-17,13.97
1105,2019-07-16,12.86
1106,2019-07-15,12.68
1107,2019-07-12,12.39
1108,2019-07-11,12.93
1109,2019-07-10,13.03
1110,2019-07-09,14.09
1111,2019-07-08,13.96
1112,2019-07-05,13.28
1113,2019-07-03,12.57
1114,2019-07-02,12.93
1115,2019-07-01,14.06
1116,2019-06-28,15.08
1117,2019-06-27,15.82
1118,2019-06-26,16.21
1119,2019-06-25,16.28
1120,2019-06-24,15.26
1121,2019-06-21,15.40
1122,2019-06-20,14.75
1123,2019-06-19,14.33
1124,2019-06-18,15.15
1125,2019-06-17,15.35
1126,2019-06-14,15.28
1127,2019-06-13,15.82
1128,2019-06-12,15.91
1129,2019-06-11,15.99
1130,2019-06-10,15.94
1131,2019-06-07,16.30
1132,2019-06-06,15.93
1133,2019-06-05,16.09
1134,2019-06-04,16.97
1135,2019-06-03,18.86
1136,2019-05-31,18.71
1137,2019-05-30,17.30
1138,2019-05-29,17.90
1139,2019-05-28,17.50
1140,2019-05-24,15.85
1141,2019-05-23,16.92
1142,2019-05-22,14.75
1143,2019-05-21,14.95
1144,2019-05-20,16.31
1145,2019-05-17,15.96
1146,2019-05-16,15.29
1147,2019-05-15,16.44
1148,2019-05-14,18.06
1149,2019-05-13,20.55
1150,2019-05-10,16.04
1151,2019-05-09,19.10
1152,2019-05-08,19.40
1153,2019-05-07,19.32
1154,2019-05-06,15.44
1155,2019-05-03,12.87
1156,2019-05-02,14.42
1157,2019-05-01,14.80
1158,2019-04-30,13.12
1159,2019-04-29,13.11
1160,2019-04-26,12.73
1161,2019-04-25,13.25
1162,2019-04-24,13.14
1163,2019-04-23,12.28
1164,2019-04-22,12.42
1165,2019-04-19,12.09
1166,2019-04-18,12.09
1167,2019-04-17,12.60
1168,2019-04-16,12.18
1169,2019-04-15,12.32
1170,2019-04-12,12.01
1171,2019-04-11,13.02
1172,2019-04-10,13.30
1173,2019-04-09,14.28
1174,2019-04-08,13.18
1175,2019-04-05,12.82
1176,2019-04-04,13.58
1177,2019-04-03,13.74
1178,2019-04-02,13.36
1179,2019-04-01,13.40
1180,2019-03-29,13.71
1181,2019-03-28,14.43
1182,2019-03-27,15.15
1183,2019-03-26,14.68
1184,2019-03-25,16.33
1185,2019-03-22,16.48
1186,2019-03-21,13.63
1187,2019-03-20,13.91
1188,2019-03-19,13.56
1189,2019-03-18,13.10
1190,2019-03-15,12.88
1191,2019-03-14,13.50
1192,2019-03-13,13.41
1193,2019-03-12,13.77
1194,2019-03-11,14.33
1195,2019-03-08,16.05
1196,2019-03-07,16.59
1197,2019-03-06,15.74
1198,2019-03-05,14.74
1199,2019-03-04,14.63
1200,2019-03-01,13.57
1201,2019-02-28,14.78
1202,2019-02-27,14.70
1203,2019-02-26,15.17
1204,2019-02-25,14.85
1205,2019-02-22,13.51
1206,2019-02-21,14.46
1207,2019-02-20,14.02
1208,2019-02-19,14.88
1209,2019-02-15,14.91
1210,2019-02-14,16.22
1211,2019-02-13,15.65
1212,2019-02-12,15.43
1213,2019-02-11,15.97
1214,2019-02-08,15.72
1215,2019-02-07,16.37
1216,2019-02-06,15.38
1217,2019-02-05,15.57
1218,2019-02-04,15.73
1219,2019-02-01,16.14
1220,2019-01-31,16.57
1221,2019-01-30,17.66
1222,2019-01-29,19.13
1223,2019-01-28,18.87
1224,2019-01-25,17.42
1225,2019-01-24,18.89
1226,2019-01-23,19.52
1227,2019-01-22,20.80
1228,2019-01-18,17.80
1229,2019-01-17,18.06
1230,2019-01-16,19.04
1231,2019-01-15,18.60
1232,2019-01-14,19.07
1233,2019-01-11,18.19
1234,2019-01-10,19.50
1235,2019-01-09,19.98
1236,2019-01-08,20.47
1237,2019-01-07,21.40
1238,2019-01-04,21.38
1239,2019-01-03,25.45
1240,2019-01-02,23.22
1241,2018-12-31,25.42
1242,2018-12-28,28.34
1243,2018-12-27,29.96
1244,2018-12-26,30.41
1245,2018-12-24,36.07
1246,2018-12-21,30.11
1247,2018-12-20,28.38
1248,2018-12-19,25.58
1249,2018-12-18,25.58
1250,2018-12-17,24.52
1251,2018-12-14,21.63
1252,2018-12-13,20.65
1253,2018-12-12,21.46
1254,2018-12-11,21.76
1255,2018-12-10,22.64
1256,2018-12-07,23.23
1257,2018-12-06,21.19
1258,2018-12-04,20.74
1259,2018-12-03,16.44
1260,2018-11-30,18.07
1261,2018-11-29,18.79
1262,2018-11-28,18.49
1263,2018-11-27,19.02
1264,2018-11-26,18.90
1265,2018-11-23,21.52
1266,2018-11-21,20.80
1267,2018-11-20,22.48
1268,2018-11-19,20.10
1269,2018-11-16,18.14
1270,2018-11-15,19.98
1271,2018-11-14,21.25
1272,2018-11-13,20.02
1273,2018-11-12,20.45
1274,2018-11-09,17.36
1275,2018-11-08,16.72
1276,2018-11-07,16.36
1277,2018-11-06,19.91
1278,2018-11-05,19.96
1279,2018-11-02,19.51
1280,2018-11-01,19.34
1281,2018-10-31,21.23
1282,2018-10-30,23.35
1283,2018-10-29,24.70
1284,2018-10-26,24.16
1285,2018-10-25,24.22
1286,2018-10-24,25.23
1287,2018-10-23,20.71
1288,2018-10-22,19.64
1289,2018-10-19,19.89
1290,2018-10-18,20.06
1291,2018-10-17,17.40
1292,2018-10-16,17.62
1293,2018-10-15,21.30
1294,2018-10-12,21.31
1295,2018-10-11,24.98
1296,2018-10-10,22.96
1297,2018-10-09,15.95
1298,2018-10-08,15.69
1299,2018-10-05,14.82
1300,2018-10-04,14.22
1301,2018-10-03,11.61
1302,2018-10-02,12.05
1303,2018-10-01,12.00
1304,2018-09-28,12.12
1305,2018-09-27,12.41
1306,2018-09-26,12.89
1307,2018-09-25,12.42
1308,2018-09-24,12.20
1309,2018-09-21,11.68
1310,2018-09-20,11.80
1311,2018-09-19,11.75
1312,2018-09-18,12.79
1313,2018-09-17,13.68
1314,2018-09-14,12.07
1315,2018-09-13,12.37
1316,2018-09-12,13.14
1317,2018-09-11,13.22
1318,2018-09-10,14.16
1319,2018-09-07,14.88
1320,2018-09-06,14.65
1321,2018-09-05,13.91
1322,2018-09-04,13.16
1323,2018-08-31,12.86
1324,2018-08-30,13.53
1325,2018-08-29,12.25
1326,2018-08-28,12.50
1327,2018-08-27,12.16
1328,2018-08-24,11.99
1329,2018-08-23,12.41
1330,2018-08-22,12.25
1331,2018-08-21,12.86
1332,2018-08-20,12.49
1333,2018-08-17,12.64
1334,2018-08-16,13.45
1335,2018-08-15,14.64
1336,2018-08-14,13.31
1337,2018-08-13,14.78
1338,2018-08-10,13.16
1339,2018-08-09,11.27
1340,2018-08-08,10.85
1341,2018-08-07,10.93
1342,2018-08-06,11.27
1343,2018-08-03,11.64
1344,2018-08-02,12.19
1345,2018-08-01,13.15
1346,2018-07-31,12.83
1347,2018-07-30,14.26
1348,2018-07-27,13.03
1349,2018-07-26,12.14
1350,2018-07-25,12.29
1351,2018-07-24,12.41
1352,2018-07-23,12.62
1353,2018-07-20,12.86
1354,2018-07-19,12.87
1355,2018-07-18,12.10
1356,2018-07-17,12.06
1357,2018-07-16,12.83
1358,2018-07-13,12.18
1359,2018-07-12,12.58
1360,2018-07-11,13.63
1361,2018-07-10,12.64
1362,2018-07-09,12.69
1363,2018-07-06,13.37
1364,2018-07-05,14.97
1365,2018-07-03,16.14
1366,2018-07-02,15.60
1367,2018-06-29,16.09
1368,2018-06-28,16.85
1369,2018-06-27,17.91
1370,2018-06-26,15.92
1371,2018-06-25,17.33
1372,2018-06-22,13.77
1373,2018-06-21,14.64
1374,2018-06-20,12.79
1375,2018-06-19,13.35
1376,2018-06-18,12.31
1377,2018-06-15,11.98
1378,2018-06-14,12.12
1379,2018-06-13,12.94
1380,2018-06-12,12.34
1381,2018-06-11,12.35
1382,2018-06-08,12.18
1383,2018-06-07,12.13
1384,2018-06-06,11.64
1385,2018-06-05,12.40
1386,2018-06-04,12.74
1387,2018-06-01,13.46
1388,2018-05-31,15.43
1389,2018-05-30,14.94
1390,2018-05-29,17.02
1391,2018-05-25,13.22
1392,2018-05-24,12.53
1393,2018-05-23,12.58
1394,2018-05-22,13.22
1395,2018-05-21,13.08
1396,2018-05-18,13.42
1397,2018-05-17,13.43
1398,2018-05-16,13.42
1399,2018-05-15,14.63
1400,2018-05-14,12.93
1401,2018-05-11,12.65
1402,2018-05-10,13.23
1403,2018-05-09,13.42
1404,2018-05-08,14.71
1405,2018-05-07,14.75
1406,2018-05-04,14.77
1407,2018-05-03,15.90
1408,2018-05-02,15.97
1409,2018-05-01,15.49
1410,2018-04-30,15.93
1411,2018-04-27,15.41
1412,2018-04-26,16.24
1413,2018-04-25,17.84
1414,2018-04-24,18.02
1415,2018-04-23,16.34
1416,2018-04-20,16.88
1417,2018-04-19,15.96
1418,2018-04-18,15.60
1419,2018-04-17,15.25
1420,2018-04-16,16.56
1421,2018-04-13,17.41
1422,2018-04-12,18.49
1423,2018-04-11,20.24
1424,2018-04-10,20.47
1425,2018-04-09,21.77
1426,2018-04-06,21.49
1427,2018-04-05,18.94
1428,2018-04-04,20.06
1429,2018-04-03,21.10
1430,2018-04-02,23.62
1431,2018-03-29,19.97
1432,2018-03-28,22.87
1433,2018-03-27,22.50
1434,2018-03-26,21.03
1435,2018-03-23,24.87
1436,2018-03-22,23.34
1437,2018-03-21,17.86
1438,2018-03-20,18.20
1439,2018-03-19,19.02
1440,2018-03-16,15.80
1441,2018-03-15,16.59
1442,2018-03-14,17.23
1443,2018-03-13,16.35
1444,2018-03-12,15.78
1445,2018-03-09,14.64
1446,2018-03-08,16.54
1447,2018-03-07,17.76
1448,2018-03-06,18.36
1449,2018-03-05,18.73
1450,2018-03-02,19.59
1451,2018-03-01,22.47
1452,2018-02-28,19.85
1453,2018-02-27,18.59
1454,2018-02-26,15.80
1455,2018-02-23,16.49
1456,2018-02-22,18.72
1457,2018-02-21,20.02
1458,2018-02-20,20.60
1459,2018-02-16,19.46
1460,2018-02-15,19.13
1461,2018-02-14,19.26
1462,2018-02-13,24.97
1463,2018-02-12,25.61
1464,2018-02-09,29.06
1465,2018-02-08,33.46
1466,2018-02-07,27.73
1467,2018-02-06,29.98
1468,2018-02-05,37.32
1469,2018-02-02,17.31
1470,2018-02-01,13.47
1471,2018-01-31,13.54
1472,2018-01-30,14.79
1473,2018-01-29,13.84
1474,2018-01-26,11.08
1475,2018-01-25,11.58
1476,2018-01-24,11.47
1477,2018-01-23,11.10
1478,2018-01-22,11.03
1479,2018-01-19,11.27
1480,2018-01-18,12.22
1481,2018-01-17,11.91
1482,2018-01-16,11.66
1483,2018-01-12,10.16
1484,2018-01-11,9.88
1485,2018-01-10,9.82
1486,2018-01-09,10.08
1487,2018-01-08,9.52
1488,2018-01-05,9.22
1489,2018-01-04,9.22
1490,2018-01-03,9.15
1491,2018-01-02,9.77
1492,2017-12-29,11.04
1493,2017-12-28,10.18
1494,2017-12-27,10.47
1495,2017-12-26,10.25
1496,2017-12-22,9.90
1497,2017-12-21,9.62
1498,2017-12-20,9.72
1499,2017-12-19,10.03
1500,2017-12-18,9.53
1501,2017-12-15,9.42
1502,2017-12-14,10.49
1503,2017-12-13,10.18
1504,2017-12-12,9.92
1505,2017-12-11,9.34
1506,2017-12-08,9.58
1507,2017-12-07,10.16
1508,2017-12-06,11.02
1509,2017-12-05,11.33
1510,2017-12-04,11.68
1511,2017-12-01,11.43
1512,2017-11-30,11.28
1513,2017-11-29,10.70
1514,2017-11-28,10.03
1515,2017-11-27,9.87
1516,2017-11-24,9.67
1517,2017-11-22,9.88
1518,2017-11-21,9.73
1519,2017-11-20,10.65
1520,2017-11-17,11.43
1521,2017-11-16,11.76
1522,2017-11-15,13.13
1523,2017-11-14,11.59
1524,2017-11-13,11.50
1525,2017-11-10,11.29
1526,2017-11-09,10.50
1527,2017-11-08,9.78
1528,2017-11-07,9.89
1529,2017-11-06,9.40
1530,2017-11-03,9.14
1531,2017-11-02,9.93
1532,2017-11-01,10.20
1533,2017-10-31,10.18
1534,2017-10-30,10.50
1535,2017-10-27,9.80
1536,2017-10-26,11.30
1537,2017-10-25,11.23
1538,2017-10-24,11.16
1539,2017-10-23,11.07
1540,2017-10-20,9.97
1541,2017-10-19,10.05
1542,2017-10-18,10.07
1543,2017-10-17,10.31
1544,2017-10-16,9.91
1545,2017-10-13,9.61
1546,2017-10-12,9.91
1547,2017-10-11,9.85
1548,2017-10-10,10.08
1549,2017-10-09,10.33
1550,2017-10-06,9.65
1551,2017-10-05,9.19
1552,2017-10-04,9.63
1553,2017-10-03,9.51
1554,2017-10-02,9.45
1555,2017-09-29,9.51
1556,2017-09-28,9.55
1557,2017-09-27,9.87
1558,2017-09-26,10.17
1559,2017-09-25,10.21
1560,2017-09-22,9.59
1561,2017-09-21,9.67
1562,2017-09-20,9.78
1563,2017-09-19,10.18
1564,2017-09-18,10.15
1565,2017-09-15,10.17
1566,2017-09-14,10.44
1567,2017-09-13,10.50
1568,2017-09-12,10.58
1569,2017-09-11,10.73
1570,2017-09-08,12.12
1571,2017-09-07,11.55
1572,2017-09-06,11.63
1573,2017-09-05,12.23
1574,2017-09-01,10.13
1575,2017-08-31,10.59
1576,2017-08-30,11.22
1577,2017-08-29,11.70
1578,2017-08-28,11.32
1579,2017-08-25,11.28
1580,2017-08-24,12.23
1581,2017-08-23,12.25
1582,2017-08-22,11.35
1583,2017-08-21,13.19
1584,2017-08-18,14.26
1585,2017-08-17,15.55
1586,2017-08-16,11.74
1587,2017-08-15,12.04
1588,2017-08-14,12.33
1589,2017-08-11,15.51
1590,2017-08-10,16.04
1591,2017-08-09,11.11
1592,2017-08-08,10.96
1593,2017-08-07,9.93
1594,2017-08-04,10.03
1595,2017-08-03,10.44
1596,2017-08-02,10.28
1597,2017-08-01,10.09
1598,2017-07-31,10.26
1599,2017-07-28,10.29
1600,2017-07-27,10.11
1601,2017-07-26,9.60
1602,2017-07-25,9.43
1603,2017-07-24,9.43
1604,2017-07-21,9.36
1605,2017-07-20,9.58
1606,2017-07-19,9.79
1607,2017-07-18,9.89
1608,2017-07-17,9.82
1609,2017-07-14,9.51
1610,2017-07-13,9.90
1611,2017-07-12,10.30
1612,2017-07-11,10.89
1613,2017-07-10,11.11
1614,2017-07-07,11.19
1615,2017-07-06,12.54
1616,2017-07-05,11.07
1617,2017-07-03,11.22
1618,2017-06-30,11.18
1619,2017-06-29,11.44
1620,2017-06-28,10.03
1621,2017-06-27,11.06
1622,2017-06-26,9.90
1623,2017-06-23,10.02
1624,2017-06-22,10.48
1625,2017-06-21,10.75
1626,2017-06-20,10.86
1627,2017-06-19,10.37
1628,2017-06-16,10.38
1629,2017-06-15,10.90
1630,2017-06-14,10.64
1631,2017-06-13,10.42
1632,2017-06-12,11.46
1633,2017-06-09,10.70
1634,2017-06-08,10.16
1635,2017-06-07,10.39
1636,2017-06-06,10.45
1637,2017-06-05,10.07
1638,2017-06-02,9.75
1639,2017-06-01,9.89
1640,2017-05-31,10.41
1641,2017-05-30,10.38
1642,2017-05-26,9.81
1643,2017-05-25,9.99
1644,2017-05-24,10.02
1645,2017-05-23,10.72
1646,2017-05-22,10.93
1647,2017-05-19,12.04
1648,2017-05-18,14.66
1649,2017-05-17,15.59
1650,2017-05-16,10.65
1651,2017-05-15,10.42
1652,2017-05-12,10.40
1653,2017-05-11,10.60
1654,2017-05-10,10.21
1655,2017-05-09,9.96
1656,2017-05-08,9.77
1657,2017-05-05,10.57
1658,2017-05-04,10.46
1659,2017-05-03,10.68
1660,2017-05-02,10.59
1661,2017-05-01,10.11
1662,2017-04-28,10.82
1663,2017-04-27,10.36
1664,2017-04-26,10.85
1665,2017-04-25,10.76
1666,2017-04-24,10.84
1667,2017-04-21,14.63
1668,2017-04-20,14.15
1669,2017-04-19,14.93
1670,2017-04-18,14.42
1671,2017-04-17,14.66
1672,2017-04-13,15.96
1673,2017-04-12,15.77
1674,2017-04-11,15.07
1675,2017-04-10,14.05
1676,2017-04-07,12.87
1677,2017-04-06,12.39
1678,2017-04-05,12.89
1679,2017-04-04,11.79
1680,2017-04-03,12.38
1681,2017-03-31,12.37
1682,2017-03-30,11.54
1683,2017-03-29,11.42
1684,2017-03-28,11.53
1685,2017-03-27,12.50
1686,2017-03-24,12.96
1687,2017-03-23,13.12
1688,2017-03-22,12.81
1689,2017-03-21,12.47
1690,2017-03-20,11.34
1691,2017-03-17,11.28
1692,2017-03-16,11.21
1693,2017-03-15,11.63
1694,2017-03-14,12.30
1695,2017-03-13,11.35
1696,2017-03-10,11.66
1697,2017-03-09,12.30
1698,2017-03-08,11.86
1699,2017-03-07,11.45
1700,2017-03-06,11.24
1701,2017-03-03,10.96
1702,2017-03-02,11.81
1703,2017-03-01,12.54
1704,2017-02-28,12.92
1705,2017-02-27,12.09
1706,2017-02-24,11.47
1707,2017-02-23,11.71
1708,2017-02-22,11.74
1709,2017-02-21,11.57
1710,2017-02-17,11.49
1711,2017-02-16,11.76
1712,2017-02-15,11.97
1713,2017-02-14,10.74
1714,2017-02-13,11.07
1715,2017-02-10,10.85
1716,2017-02-09,10.88
1717,2017-02-08,11.45
1718,2017-02-07,11.29
1719,2017-02-06,11.37
1720,2017-02-03,10.97
1721,2017-02-02,11.93
1722,2017-02-01,11.81
1723,2017-01-31,11.99
1724,2017-01-30,11.88
1725,2017-01-27,10.58
1726,2017-01-26,10.63
1727,2017-01-25,10.81
1728,2017-01-24,11.07
1729,2017-01-23,11.77
1730,2017-01-20,11.54
1731,2017-01-19,12.78
1732,2017-01-18,12.48
1733,2017-01-17,11.87
1734,2017-01-13,11.23
1735,2017-01-12,11.54
1736,2017-01-11,11.26
1737,2017-01-10,11.49
1738,2017-01-09,11.56
1739,2017-01-06,11.32
1740,2017-01-05,11.67
1741,2017-01-04,11.85
1742,2017-01-03,12.85
1743,2016-12-30,14.04
1744,2016-12-29,13.37
1745,2016-12-28,12.95
1746,2016-12-27,11.99
1747,2016-12-23,11.44
1748,2016-12-22,11.43
1749,2016-12-21,11.27
1750,2016-12-20,11.45
1751,2016-12-19,11.71
1752,2016-12-16,12.20
1753,2016-12-15,12.79
1754,2016-12-14,13.19
1755,2016-12-13,12.72
1756,2016-12-12,12.64
1757,2016-12-09,11.75
1758,2016-12-08,12.64
1759,2016-12-07,12.22
1760,2016-12-06,11.79
1761,2016-12-05,12.14
1762,2016-12-02,14.12
1763,2016-12-01,14.07
1764,2016-11-30,13.33
1765,2016-11-29,12.90
1766,2016-11-28,13.15
1767,2016-11-25,12.34
1768,2016-11-23,12.43
1769,2016-11-22,12.41
1770,2016-11-21,12.42
1771,2016-11-18,12.85
1772,2016-11-17,13.35
1773,2016-11-16,13.72
1774,2016-11-15,13.37
1775,2016-11-14,14.48
1776,2016-11-11,14.17
1777,2016-11-10,14.74
1778,2016-11-09,14.38
1779,2016-11-08,18.74
1780,2016-11-07,18.71
1781,2016-11-04,22.51
1782,2016-11-03,22.08
1783,2016-11-02,19.32
1784,2016-11-01,18.56
1785,2016-10-31,17.06
1786,2016-10-28,16.19
1787,2016-10-27,15.36
1788,2016-10-26,14.24
1789,2016-10-25,13.46
1790,2016-10-24,13.02
1791,2016-10-21,13.34
1792,2016-10-20,13.75
1793,2016-10-19,14.41
1794,2016-10-18,15.28
1795,2016-10-17,16.21
1796,2016-10-14,16.12
1797,2016-10-13,16.69
1798,2016-10-12,15.91
1799,2016-10-11,15.36
1800,2016-10-10,13.38
1801,2016-10-07,13.48
1802,2016-10-06,12.84
1803,2016-10-05,12.99
1804,2016-10-04,13.63
1805,2016-10-03,13.57
1806,2016-09-30,13.29
1807,2016-09-29,14.02
1808,2016-09-28,12.39
1809,2016-09-27,13.10
1810,2016-09-26,14.50
1811,2016-09-23,12.29
1812,2016-09-22,12.02
1813,2016-09-21,13.30
1814,2016-09-20,15.92
1815,2016-09-19,15.53
1816,2016-09-16,15.37
1817,2016-09-15,16.30
1818,2016-09-14,18.14
1819,2016-09-13,17.85
1820,2016-09-12,15.16
1821,2016-09-09,17.50
1822,2016-09-08,12.51
1823,2016-09-07,11.94
1824,2016-09-06,12.02
1825,2016-09-02,11.98
1826,2016-09-01,13.48
1827,2016-08-31,13.42
1828,2016-08-30,13.12
1829,2016-08-29,12.94
1830,2016-08-26,13.65
1831,2016-08-25,13.63
1832,2016-08-24,13.45
1833,2016-08-23,12.38
1834,2016-08-22,12.27
1835,2016-08-19,11.34
1836,2016-08-18,11.43
1837,2016-08-17,12.19
1838,2016-08-16,12.64
1839,2016-08-15,11.81
1840,2016-08-12,11.55
1841,2016-08-11,11.68
1842,2016-08-10,12.05
1843,2016-08-09,11.66
1844,2016-08-08,11.50
1845,2016-08-05,11.39
1846,2016-08-04,12.42
1847,2016-08-03,12.86
1848,2016-08-02,13.37
1849,2016-08-01,12.44
1850,2016-07-29,11.87
1851,2016-07-28,12.72
1852,2016-07-27,12.83
1853,2016-07-26,13.05
1854,2016-07-25,12.87
1855,2016-07-22,12.02
1856,2016-07-21,12.74
1857,2016-07-20,11.77
1858,2016-07-19,11.97
1859,2016-07-18,12.44
1860,2016-07-15,12.67
1861,2016-07-14,12.82
1862,2016-07-13,13.04
1863,2016-07-12,13.55
1864,2016-07-11,13.54
1865,2016-07-08,13.20
1866,2016-07-07,14.76
1867,2016-07-06,14.96
1868,2016-07-05,15.58
1869,2016-07-01,14.77
1870,2016-06-30,15.63
1871,2016-06-29,16.64
1872,2016-06-28,18.75
1873,2016-06-27,23.85
1874,2016-06-24,25.76
1875,2016-06-23,17.25
1876,2016-06-22,21.17
1877,2016-06-21,18.48
1878,2016-06-20,18.37
1879,2016-06-17,19.41
1880,2016-06-16,19.37
1881,2016-06-15,20.14
1882,2016-06-14,20.50
1883,2016-06-13,20.97
1884,2016-06-10,17.03
1885,2016-06-09,14.64
1886,2016-06-08,14.08
1887,2016-06-07,14.05
1888,2016-06-06,13.65
1889,2016-06-03,13.47
1890,2016-06-02,13.63
1891,2016-06-01,14.20
1892,2016-05-31,14.19
1893,2016-05-27,13.12
1894,2016-05-26,13.43
1895,2016-05-25,13.90
1896,2016-05-24,14.42
1897,2016-05-23,15.82
1898,2016-05-20,15.20
1899,2016-05-19,16.33
1900,2016-05-18,15.95
1901,2016-05-17,15.57
1902,2016-05-16,14.68
1903,2016-05-13,15.04
1904,2016-05-12,14.41
1905,2016-05-11,14.69
1906,2016-05-10,13.63
1907,2016-05-09,14.57
1908,2016-05-06,14.72
1909,2016-05-05,15.91
1910,2016-05-04,16.05
1911,2016-05-03,15.60
1912,2016-05-02,14.68
1913,2016-04-29,15.70
1914,2016-04-28,15.22
1915,2016-04-27,13.77
1916,2016-04-26,13.96
1917,2016-04-25,14.08
1918,2016-04-22,13.22
1919,2016-04-21,13.95
1920,2016-04-20,13.28
1921,2016-04-19,13.24
1922,2016-04-18,13.35
1923,2016-04-15,13.62
1924,2016-04-14,13.72
1925,2016-04-13,13.84
1926,2016-04-12,14.85
1927,2016-04-11,16.26
1928,2016-04-08,15.36
1929,2016-04-07,16.16
1930,2016-04-06,14.09
1931,2016-04-05,15.42
1932,2016-04-04,14.12
1933,2016-04-01,13.10
1934,2016-03-31,13.95
1935,2016-03-30,13.56
1936,2016-03-29,13.82
1937,2016-03-28,15.24
1938,2016-03-24,14.74
1939,2016-03-23,14.94
1940,2016-03-22,14.17
1941,2016-03-21,13.79
1942,2016-03-18,14.02
1943,2016-03-17,14.44
1944,2016-03-16,14.99
1945,2016-03-15,16.84
1946,2016-03-14,16.92
1947,2016-03-11,16.50
1948,2016-03-10,18.05
1949,2016-03-09,18.34
1950,2016-03-08,18.67
1951,2016-03-07,17.35
1952,2016-03-04,16.86
1953,2016-03-03,16.70
1954,2016-03-02,17.09
1955,2016-03-01,17.70
1956,2016-02-29,20.55
1957,2016-02-26,19.81
1958,2016-02-25,19.11
1959,2016-02-24,20.72
1960,2016-02-23,20.98
1961,2016-02-22,19.38
1962,2016-02-19,20.53
1963,2016-02-18,21.64
1964,2016-02-17,22.31
1965,2016-02-16,24.11
1966,2016-02-12,25.40
1967,2016-02-11,28.14
1968,2016-02-10,26.29
1969,2016-02-09,26.54
1970,2016-02-08,26.00
1971,2016-02-05,23.38
1972,2016-02-04,21.84
1973,2016-02-03,21.65
1974,2016-02-02,21.98
1975,2016-02-01,19.98
1976,2016-01-29,20.20
1977,2016-01-28,22.42
1978,2016-01-27,23.11
1979,2016-01-26,22.50
1980,2016-01-25,24.15
1981,2016-01-22,22.34
1982,2016-01-21,26.69
1983,2016-01-20,27.59
1984,2016-01-19,26.05
1985,2016-01-15,27.02
1986,2016-01-14,23.95
1987,2016-01-13,25.22
1988,2016-01-12,22.47
1989,2016-01-11,24.30
1990,2016-01-08,27.01
1991,2016-01-07,24.99
1992,2016-01-06,20.59
1993,2016-01-05,19.34
1994,2016-01-04,20.70
1995,2015-12-31,18.21
1996,2015-12-30,17.29
1997,2015-12-29,16.08
1998,2015-12-28,16.91
1999,2015-12-24,15.74
2000,2015-12-23,15.57
2001,2015-12-22,16.60
2002,2015-12-21,18.70
2003,2015-12-18,20.70
2004,2015-12-17,18.94
2005,2015-12-16,17.86
2006,2015-12-15,20.95
2007,2015-12-14,22.73
2008,2015-12-11,24.39
2009,2015-12-10,19.34
2010,2015-12-09,19.61
2011,2015-12-08,17.60
2012,2015-12-07,15.84
2013,2015-12-04,14.81
2014,2015-12-03,18.11
2015,2015-12-02,15.91
2016,2015-12-01,14.67
2017,2015-11-30,16.13
2018,2015-11-27,15.12
2019,2015-11-25,15.19
2020,2015-11-24,15.93
2021,2015-11-23,15.62
2022,2015-11-20,15.47
2023,2015-11-19,16.99
2024,2015-11-18,16.85
2025,2015-11-17,18.84
2026,2015-11-16,18.16
2027,2015-11-13,20.08
2028,2015-11-12,18.37
2029,2015-11-11,16.06
2030,2015-11-10,15.29
2031,2015-11-09,16.52
2032,2015-11-06,14.33
2033,2015-11-05,15.05
2034,2015-11-04,15.51
2035,2015-11-03,14.54
2036,2015-11-02,14.15
2037,2015-10-30,15.07
2038,2015-10-29,14.61
2039,2015-10-28,14.33
2040,2015-10-27,15.43
2041,2015-10-26,15.29
2042,2015-10-23,14.46
2043,2015-10-22,14.45
2044,2015-10-21,16.70
2045,2015-10-20,15.75
2046,2015-10-19,14.98
2047,2015-10-16,15.05
2048,2015-10-15,16.05
2049,2015-10-14,18.03
2050,2015-10-13,17.67
2051,2015-10-12,16.17
2052,2015-10-09,17.08
2053,2015-10-08,17.42
2054,2015-10-07,18.40
2055,2015-10-06,19.40
2056,2015-10-05,19.54
2057,2015-10-02,20.94
2058,2015-10-01,22.55
2059,2015-09-30,24.50
2060,2015-09-29,26.83
2061,2015-09-28,27.63
2062,2015-09-25,23.62
2063,2015-09-24,23.47
2064,2015-09-23,22.13
2065,2015-09-22,22.44
2066,2015-09-21,20.14
2067,2015-09-18,22.28
2068,2015-09-17,21.14
2069,2015-09-16,21.35
2070,2015-09-15,22.54
2071,2015-09-14,24.25
2072,2015-09-11,23.20
2073,2015-09-10,24.37
2074,2015-09-09,26.23
2075,2015-09-08,24.90
2076,2015-09-04,27.80
2077,2015-09-03,25.61
2078,2015-09-02,26.09
2079,2015-09-01,31.40
2080,2015-08-31,28.43
2081,2015-08-28,26.05
2082,2015-08-27,26.10
2083,2015-08-26,30.32
2084,2015-08-25,36.02
2085,2015-08-24,40.74
2086,2015-08-21,28.03
2087,2015-08-20,19.14
2088,2015-08-19,15.25
2089,2015-08-18,13.79
2090,2015-08-17,13.02
2091,2015-08-14,12.83
2092,2015-08-13,13.49
2093,2015-08-12,13.61
2094,2015-08-11,13.71
2095,2015-08-10,12.23
2096,2015-08-07,13.39
2097,2015-08-06,13.77
2098,2015-08-05,12.51
2099,2015-08-04,13.00
2100,2015-08-03,12.56
2101,2015-07-31,12.12
2102,2015-07-30,12.13
2103,2015-07-29,12.50
2104,2015-07-28,13.44
2105,2015-07-27,15.60
2106,2015-07-24,13.74
2107,2015-07-23,12.64
2108,2015-07-22,12.12
2109,2015-07-21,12.22
2110,2015-07-20,12.25
2111,2015-07-17,11.95
2112,2015-07-16,12.11
2113,2015-07-15,13.23
2114,2015-07-14,13.37
2115,2015-07-13,13.90
2116,2015-07-10,16.83
2117,2015-07-09,19.97
2118,2015-07-08,19.66
2119,2015-07-07,16.09
2120,2015-07-06,17.01
2121,2015-07-02,16.79
2122,2015-07-01,16.09
2123,2015-06-30,18.23
2124,2015-06-29,18.85
2125,2015-06-26,14.02
2126,2015-06-25,14.01
2127,2015-06-24,13.26
2128,2015-06-23,12.11
2129,2015-06-22,12.74
2130,2015-06-19,13.96
2131,2015-06-18,13.19
2132,2015-06-17,14.50
2133,2015-06-16,14.81
2134,2015-06-15,15.39
2135,2015-06-12,13.78
2136,2015-06-11,12.85
2137,2015-06-10,13.22
2138,2015-06-09,14.47
2139,2015-06-08,15.29
2140,2015-06-05,14.21
2141,2015-06-04,14.71
2142,2015-06-03,13.66
2143,2015-06-02,14.24
2144,2015-06-01,13.97
2145,2015-05-29,13.84
2146,2015-05-28,13.31
2147,2015-05-27,13.27
2148,2015-05-26,14.06
2149,2015-05-22,12.13
2150,2015-05-21,12.11
2151,2015-05-20,12.88
2152,2015-05-19,12.85
2153,2015-05-18,12.73
2154,2015-05-15,12.38
2155,2015-05-14,12.74
2156,2015-05-13,13.76
2157,2015-05-12,13.86
2158,2015-05-11,13.85
2159,2015-05-08,12.86
2160,2015-05-07,15.13
2161,2015-05-06,15.15
2162,2015-05-05,14.31
2163,2015-05-04,12.85
2164,2015-05-01,12.70
2165,2015-04-30,14.55
2166,2015-04-29,13.39
2167,2015-04-28,12.41
2168,2015-04-27,13.12
2169,2015-04-24,12.29
2170,2015-04-23,12.48
2171,2015-04-22,12.71
2172,2015-04-21,13.25
2173,2015-04-20,13.30
2174,2015-04-17,13.89
2175,2015-04-16,12.60
2176,2015-04-15,12.84
2177,2015-04-14,13.67
2178,2015-04-13,13.94
2179,2015-04-10,12.58
2180,2015-04-09,13.09
2181,2015-04-08,13.98
2182,2015-04-07,14.78
2183,2015-04-06,14.74
2184,2015-04-02,14.67
2185,2015-04-01,15.11
2186,2015-03-31,15.29
2187,2015-03-30,14.51
2188,2015-03-27,15.07
2189,2015-03-26,15.80
2190,2015-03-25,15.44
2191,2015-03-24,13.62
2192,2015-03-23,13.41
2193,2015-03-20,13.02
2194,2015-03-19,14.07
2195,2015-03-18,13.97
2196,2015-03-17,15.66
2197,2015-03-16,15.61
2198,2015-03-13,16.00
2199,2015-03-12,15.42
2200,2015-03-11,16.87
2201,2015-03-10,16.69
2202,2015-03-09,15.06
2203,2015-03-06,15.20
2204,2015-03-05,14.04
2205,2015-03-04,14.23
2206,2015-03-03,13.86
2207,2015-03-02,13.04
2208,2015-02-27,13.34
2209,2015-02-26,13.91
2210,2015-02-25,13.84
2211,2015-02-24,13.69
2212,2015-02-23,14.56
2213,2015-02-20,14.30
2214,2015-02-19,15.29
2215,2015-02-18,15.45
2216,2015-02-17,15.80
2217,2015-02-13,14.69
2218,2015-02-12,15.34
2219,2015-02-11,16.96
2220,2015-02-10,17.23
2221,2015-02-09,18.55
2222,2015-02-06,17.29
2223,2015-02-05,16.85
2224,2015-02-04,18.33
2225,2015-02-03,17.33
2226,2015-02-02,19.43
2227,2015-01-30,20.97
2228,2015-01-29,18.76
2229,2015-01-28,20.44
2230,2015-01-27,17.22
2231,2015-01-26,15.52
2232,2015-01-23,16.66
2233,2015-01-22,16.40
2234,2015-01-21,18.85
2235,2015-01-20,19.89
2236,2015-01-16,20.95
2237,2015-01-15,22.39
2238,2015-01-14,21.48
2239,2015-01-13,20.56
2240,2015-01-12,19.60
2241,2015-01-09,17.55
2242,2015-01-08,17.01
2243,2015-01-07,19.31
2244,2015-01-06,21.12
2245,2015-01-05,19.92
2246,2015-01-02,17.79
2247,2014-12-31,19.20
2248,2014-12-30,15.92
2249,2014-12-29,15.06
2250,2014-12-26,14.50
2251,2014-12-24,14.37
2252,2014-12-23,14.80
2253,2014-12-22,15.25
2254,2014-12-19,16.49
2255,2014-12-18,16.81
2256,2014-12-17,19.44
2257,2014-12-16,23.57
2258,2014-12-15,20.42
2259,2014-12-12,21.08
2260,2014-12-11,20.08
2261,2014-12-10,18.53
2262,2014-12-09,14.89
2263,2014-12-08,14.21
2264,2014-12-05,11.82
2265,2014-12-04,12.38
2266,2014-12-03,12.47
2267,2014-12-02,12.85
2268,2014-12-01,14.29
2269,2014-11-28,13.33
2270,2014-11-26,12.07
2271,2014-11-25,12.25
2272,2014-11-24,12.62
2273,2014-11-21,12.90
2274,2014-11-20,13.58
2275,2014-11-19,13.96
2276,2014-11-18,13.86
2277,2014-11-17,13.99
2278,2014-11-14,13.31
2279,2014-11-13,13.79
2280,2014-11-12,13.02
2281,2014-11-11,12.92
2282,2014-11-10,12.67
2283,2014-11-07,13.12
2284,2014-11-06,13.67
2285,2014-11-05,14.17
2286,2014-11-04,14.89
2287,2014-11-03,14.73
2288,2014-10-31,14.03
2289,2014-10-30,14.52
2290,2014-10-29,15.15
2291,2014-10-28,14.39
2292,2014-10-27,16.04
2293,2014-10-24,16.11
2294,2014-10-23,16.53
2295,2014-10-22,17.87
2296,2014-10-21,16.08
2297,2014-10-20,18.57
2298,2014-10-17,21.99
2299,2014-10-16,25.20
2300,2014-10-15,26.25
2301,2014-10-14,22.79
2302,2014-10-13,24.64
2303,2014-10-10,21.24
2304,2014-10-09,18.76
2305,2014-10-08,15.11
2306,2014-10-07,17.20
2307,2014-10-06,15.46
2308,2014-10-03,14.55
2309,2014-10-02,16.16
2310,2014-10-01,16.71
2311,2014-09-30,16.31
2312,2014-09-29,15.98
2313,2014-09-26,14.85
2314,2014-09-25,15.64
2315,2014-09-24,13.27
2316,2014-09-23,14.93
2317,2014-09-22,13.69
2318,2014-09-19,12.11
2319,2014-09-18,12.03
2320,2014-09-17,12.65
2321,2014-09-16,12.73
2322,2014-09-15,14.12
2323,2014-09-12,13.31
2324,2014-09-11,12.80
2325,2014-09-10,12.88
2326,2014-09-09,13.50
2327,2014-09-08,12.66
2328,2014-09-05,12.09
2329,2014-09-04,12.64
2330,2014-09-03,12.36
2331,2014-09-02,12.25
2332,2014-08-29,11.98
2333,2014-08-28,12.05
2334,2014-08-27,11.78
2335,2014-08-26,11.63
2336,2014-08-25,11.70
2337,2014-08-22,11.47
2338,2014-08-21,11.76
2339,2014-08-20,11.78
2340,2014-08-19,12.21
2341,2014-08-18,12.32
2342,2014-08-15,13.15
2343,2014-08-14,12.42
2344,2014-08-13,12.90
2345,2014-08-12,14.13
2346,2014-08-11,14.23
2347,2014-08-08,15.77
2348,2014-08-07,16.66
2349,2014-08-06,16.37
2350,2014-08-05,16.87
2351,2014-08-04,15.12
2352,2014-08-01,17.03
2353,2014-07-31,16.95
2354,2014-07-30,13.33
2355,2014-07-29,13.28
2356,2014-07-28,12.56
2357,2014-07-25,12.69
2358,2014-07-24,11.84
2359,2014-07-23,11.52
2360,2014-07-22,12.24
2361,2014-07-21,12.81
2362,2014-07-18,12.06
2363,2014-07-17,14.54
2364,2014-07-16,11.00
2365,2014-07-15,11.96
2366,2014-07-14,11.82
2367,2014-07-11,12.08
2368,2014-07-10,12.59
2369,2014-07-09,11.65
2370,2014-07-08,11.98
2371,2014-07-07,11.33
2372,2014-07-03,10.32
2373,2014-07-02,10.82
2374,2014-07-01,11.15
2375,2014-06-30,11.57
2376,2014-06-27,11.26
2377,2014-06-26,11.63
2378,2014-06-25,11.59
2379,2014-06-24,12.13
2380,2014-06-23,10.98
2381,2014-06-20,10.85
2382,2014-06-19,10.62
2383,2014-06-18,10.61
2384,2014-06-17,12.06
2385,2014-06-16,12.65
2386,2014-06-13,12.18
2387,2014-06-12,12.56
2388,2014-06-11,11.60
2389,2014-06-10,10.99
2390,2014-06-09,11.15
2391,2014-06-06,10.73
2392,2014-06-05,11.68
2393,2014-06-04,12.08
2394,2014-06-03,11.87
2395,2014-06-02,11.58
2396,2014-05-30,11.40
2397,2014-05-29,11.57
2398,2014-05-28,11.68
2399,2014-05-27,11.51
2400,2014-05-23,11.36
2401,2014-05-22,12.03
2402,2014-05-21,11.91
2403,2014-05-20,12.96
2404,2014-05-19,12.42
2405,2014-05-16,12.44
2406,2014-05-15,13.17
2407,2014-05-14,12.17
2408,2014-05-13,12.13
2409,2014-05-12,12.23
2410,2014-05-09,12.92
2411,2014-05-08,13.43
2412,2014-05-07,13.40
2413,2014-05-06,13.80
2414,2014-05-05,13.29
2415,2014-05-02,12.91
2416,2014-05-01,13.25
2417,2014-04-30,13.41
2418,2014-04-29,13.71
2419,2014-04-28,13.97
2420,2014-04-25,14.06
2421,2014-04-24,13.32
2422,2014-04-23,13.27
2423,2014-04-22,13.19
2424,2014-04-21,13.25
2425,2014-04-17,13.36
2426,2014-04-16,14.18
2427,2014-04-15,15.61
2428,2014-04-14,16.11
2429,2014-04-11,17.03
2430,2014-04-10,15.89
2431,2014-04-09,13.82
2432,2014-04-08,14.89
2433,2014-04-07,15.57
2434,2014-04-04,13.96
2435,2014-04-03,13.37
2436,2014-04-02,13.09
2437,2014-04-01,13.10
2438,2014-03-31,13.88
2439,2014-03-28,14.41
2440,2014-03-27,14.62
2441,2014-03-26,14.93
2442,2014-03-25,14.02
2443,2014-03-24,15.09
2444,2014-03-21,15.00
2445,2014-03-20,14.52
2446,2014-03-19,15.12
2447,2014-03-18,14.52
2448,2014-03-17,15.64
2449,2014-03-14,17.82
2450,2014-03-13,16.22
2451,2014-03-12,14.47
2452,2014-03-11,14.80
2453,2014-03-10,14.20
2454,2014-03-07,14.11
2455,2014-03-06,14.21
2456,2014-03-05,13.89
2457,2014-03-04,14.10
2458,2014-03-03,16.00
2459,2014-02-28,14.00
2460,2014-02-27,14.04
2461,2014-02-26,14.35
2462,2014-02-25,13.67
2463,2014-02-24,14.23
2464,2014-02-21,14.68
2465,2014-02-20,14.79
2466,2014-02-19,15.50
2467,2014-02-18,13.87
2468,2014-02-14,13.57
2469,2014-02-13,14.14
2470,2014-02-12,14.30
2471,2014-02-11,14.51
2472,2014-02-10,15.26
2473,2014-02-07,15.29
2474,2014-02-06,17.23
2475,2014-02-05,19.95
2476,2014-02-04,19.11
2477,2014-02-03,21.44
2478,2014-01-31,18.41
2479,2014-01-30,17.29
2480,2014-01-29,17.35
2481,2014-01-28,15.80
2482,2014-01-27,17.42
2483,2014-01-24,18.14
2484,2014-01-23,13.77
2485,2014-01-22,12.84
2486,2014-01-21,12.87
2487,2014-01-17,12.44
2488,2014-01-16,12.53
2489,2014-01-15,12.28
2490,2014-01-14,12.28
2491,2014-01-13,13.28
2492,2014-01-10,12.14
2493,2014-01-09,12.89
2494,2014-01-08,12.87
2495,2014-01-07,12.92
2496,2014-01-06,13.55
2497,2014-01-03,13.76
2498,2014-01-02,14.23
2499,2013-12-31,13.72
2500,2013-12-30,13.56
2501,2013-12-27,12.46
2502,2013-12-26,12.33
2503,2013-12-24,12.48
2504,2013-12-23,13.04
2505,2013-12-20,13.79
2506,2013-12-19,14.15
2507,2013-12-18,13.80
2508,2013-12-17,16.21
2509,2013-12-16,16.03
2510,2013-12-13,15.76
2511,2013-12-12,15.54
2512,2013-12-11,15.42
2513,2013-12-10,13.91
2514,2013-12-09,13.49
2515,2013-12-06,13.79
2516,2013-12-05,15.08
2517,2013-12-04,14.70
2518,2013-12-03,14.55
2519,2013-12-02,14.23
2520,2013-11-29,13.70
2521,2013-11-27,12.98
2522,2013-11-26,12.81
2523,2013-11-25,12.79
2524,2013-11-22,12.26
2525,2013-11-21,12.66
2526,2013-11-20,13.40
2527,2013-11-19,13.39
2528,2013-11-18,13.10
2529,2013-11-15,12.19
2530,2013-11-14,12.37
2531,2013-11-13,12.52
2532,2013-11-12,12.82
2533,2013-11-11,12.53
2534,2013-11-08,12.90
2535,2013-11-07,13.91
2536,2013-11-06,12.67
2537,2013-11-05,13.27
2538,2013-11-04,12.93
2539,2013-11-01,13.28
2540,2013-10-31,13.75
2541,2013-10-30,13.65
2542,2013-10-29,13.41
2543,2013-10-28,13.31
2544,2013-10-25,13.09
2545,2013-10-24,13.20
2546,2013-10-23,13.42
2547,2013-10-22,13.33
2548,2013-10-21,13.16
2549,2013-10-18,13.04
2550,2013-10-17,13.48
2551,2013-10-16,14.71
2552,2013-10-15,18.66
2553,2013-10-14,16.07
2554,2013-10-11,15.72
2555,2013-10-10,16.48
2556,2013-10-09,19.60
2557,2013-10-08,20.34
2558,2013-10-07,19.41
2559,2013-10-04,16.74
2560,2013-10-03,17.67
2561,2013-10-02,16.60
2562,2013-10-01,15.54
2563,2013-09-30,16.60
2564,2013-09-27,15.46
2565,2013-09-26,14.06
2566,2013-09-25,14.01
2567,2013-09-24,14.08
2568,2013-09-23,14.31
2569,2013-09-20,13.12
2570,2013-09-19,13.16
2571,2013-09-18,13.59
2572,2013-09-17,14.53
2573,2013-09-16,14.38
2574,2013-09-13,14.16
2575,2013-09-12,14.29
2576,2013-09-11,13.82
2577,2013-09-10,14.53
2578,2013-09-09,15.63
2579,2013-09-06,15.85
2580,2013-09-05,15.77
2581,2013-09-04,15.88
2582,2013-09-03,16.61
2583,2013-08-30,17.01
2584,2013-08-29,16.81
2585,2013-08-28,16.49
2586,2013-08-27,16.77
2587,2013-08-26,14.99
2588,2013-08-23,13.98
2589,2013-08-22,14.76
2590,2013-08-21,15.94
2591,2013-08-20,14.91
2592,2013-08-19,15.10
2593,2013-08-16,14.37
2594,2013-08-15,14.73
2595,2013-08-14,13.04
2596,2013-08-13,12.31
2597,2013-08-12,12.81
2598,2013-08-09,13.41
2599,2013-08-08,12.73
2600,2013-08-07,12.98
2601,2013-08-06,12.72
2602,2013-08-05,11.84
2603,2013-08-02,11.98
2604,2013-08-01,12.94
2605,2013-07-31,13.45
2606,2013-07-30,13.39
2607,2013-07-29,13.39
2608,2013-07-26,12.72
2609,2013-07-25,12.97
2610,2013-07-24,13.18
2611,2013-07-23,12.66
2612,2013-07-22,12.29
2613,2013-07-19,12.54
2614,2013-07-18,13.77
2615,2013-07-17,13.78
2616,2013-07-16,14.42
2617,2013-07-15,13.79
2618,2013-07-12,13.84
2619,2013-07-11,14.01
2620,2013-07-10,14.21
2621,2013-07-09,14.35
2622,2013-07-08,14.78
2623,2013-07-05,14.89
2624,2013-07-03,16.20
2625,2013-07-02,16.44
2626,2013-07-01,16.37
2627,2013-06-28,16.86
2628,2013-06-27,16.86
2629,2013-06-26,17.21
2630,2013-06-25,18.47
2631,2013-06-24,20.11
2632,2013-06-21,18.90
2633,2013-06-20,20.49
2634,2013-06-19,16.64
2635,2013-06-18,16.61
2636,2013-06-17,16.80
2637,2013-06-14,17.15
2638,2013-06-13,16.41
2639,2013-06-12,18.59
2640,2013-06-11,17.07
2641,2013-06-10,15.44
2642,2013-06-07,15.14
2643,2013-06-06,16.63
2644,2013-06-05,17.50
2645,2013-06-04,16.27
2646,2013-06-03,16.28
2647,2013-05-31,16.30
2648,2013-05-30,14.53
2649,2013-05-29,14.83
2650,2013-05-28,14.48
2651,2013-05-24,13.99
2652,2013-05-23,14.07
2653,2013-05-22,13.82
2654,2013-05-21,13.37
2655,2013-05-20,13.02
2656,2013-05-17,12.45
2657,2013-05-16,13.07
2658,2013-05-15,12.81
2659,2013-05-14,12.77
2660,2013-05-13,12.55
2661,2013-05-10,12.59
2662,2013-05-09,13.13
2663,2013-05-08,12.66
2664,2013-05-07,12.83
2665,2013-05-06,12.66
2666,2013-05-03,12.85
2667,2013-05-02,13.59
2668,2013-05-01,14.49
2669,2013-04-30,13.52
2670,2013-04-29,13.71
2671,2013-04-26,13.61
2672,2013-04-25,13.62
2673,2013-04-24,13.61
2674,2013-04-23,13.48
2675,2013-04-22,14.39
2676,2013-04-19,14.97
2677,2013-04-18,17.56
2678,2013-04-17,16.51
2679,2013-04-16,13.96
2680,2013-04-15,17.27
2681,2013-04-12,12.06
2682,2013-04-11,12.24
2683,2013-04-10,12.36
2684,2013-04-09,12.84
2685,2013-04-08,13.19
2686,2013-04-05,13.92
2687,2013-04-04,13.89
2688,2013-04-03,14.21
2689,2013-04-02,12.78
2690,2013-04-01,13.58
2691,2013-03-28,12.70
2692,2013-03-27,13.15
2693,2013-03-26,12.77
2694,2013-03-25,13.74
2695,2013-03-22,13.57
2696,2013-03-21,13.99
2697,2013-03-20,12.67
2698,2013-03-19,14.39
2699,2013-03-18,13.36
2700,2013-03-15,11.30
2701,2013-03-14,11.30
2702,2013-03-13,11.83
2703,2013-03-12,12.27
2704,2013-03-11,11.56
2705,2013-03-08,12.59
2706,2013-03-07,13.06
2707,2013-03-06,13.53
2708,2013-03-05,13.48
2709,2013-03-04,14.01
2710,2013-03-01,15.36
2711,2013-02-28,15.51
2712,2013-02-27,14.73
2713,2013-02-26,16.87
2714,2013-02-25,18.99
2715,2013-02-22,14.17
2716,2013-02-21,15.22
2717,2013-02-20,14.68
2718,2013-02-19,12.31
2719,2013-02-15,12.46
2720,2013-02-14,12.66
2721,2013-02-13,12.98
2722,2013-02-12,12.64
2723,2013-02-11,12.94
2724,2013-02-08,13.02
2725,2013-02-07,13.50
2726,2013-02-06,13.41
2727,2013-02-05,13.72
2728,2013-02-04,14.67
2729,2013-02-01,12.90
2730,2013-01-31,14.28
2731,2013-01-30,14.32
2732,2013-01-29,13.31
2733,2013-01-28,13.57
2734,2013-01-25,12.89
2735,2013-01-24,12.69
2736,2013-01-23,12.46
2737,2013-01-22,12.43
2738,2013-01-18,12.46
2739,2013-01-17,13.57
2740,2013-01-16,13.42
2741,2013-01-15,13.55
2742,2013-01-14,13.52
2743,2013-01-11,13.36
2744,2013-01-10,13.49
2745,2013-01-09,13.81
2746,2013-01-08,13.62
2747,2013-01-07,13.79
2748,2013-01-04,13.83
2749,2013-01-03,14.56
2750,2013-01-02,14.68
2751,2012-12-31,18.02
2752,2012-12-28,22.72
2753,2012-12-27,19.47
2754,2012-12-26,19.48
2755,2012-12-24,18.59
2756,2012-12-21,17.84
2757,2012-12-20,17.67
2758,2012-12-19,17.36
2759,2012-12-18,15.57
2760,2012-12-17,16.34
2761,2012-12-14,17.00
2762,2012-12-13,16.56
2763,2012-12-12,15.95
2764,2012-12-11,15.57
2765,2012-12-10,16.05
2766,2012-12-07,15.90
2767,2012-12-06,16.58
2768,2012-12-05,16.46
2769,2012-12-04,17.12
2770,2012-12-03,16.64
2771,2012-11-30,15.87
2772,2012-11-29,15.06
2773,2012-11-28,15.51
2774,2012-11-27,15.92
2775,2012-11-26,15.50
2776,2012-11-23,15.14
2777,2012-11-21,15.31
2778,2012-11-20,15.08
2779,2012-11-19,15.24
2780,2012-11-16,16.41
2781,2012-11-15,17.99
2782,2012-11-14,17.92
2783,2012-11-13,16.65
2784,2012-11-12,16.68
2785,2012-11-09,18.61
2786,2012-11-08,18.49
2787,2012-11-07,19.08
2788,2012-11-06,17.58
2789,2012-11-05,18.42
2790,2012-11-02,17.59
2791,2012-11-01,16.69
2792,2012-10-31,18.60
2793,2012-10-26,17.81
2794,2012-10-25,18.12
2795,2012-10-24,18.33
2796,2012-10-23,18.83
2797,2012-10-22,16.62
2798,2012-10-19,17.06
2799,2012-10-18,15.03
2800,2012-10-17,15.07
2801,2012-10-16,15.22
2802,2012-10-15,15.27
2803,2012-10-12,16.14
2804,2012-10-11,15.59
2805,2012-10-10,16.29
2806,2012-10-09,16.37
2807,2012-10-08,15.11
2808,2012-10-05,14.33
2809,2012-10-04,14.55
2810,2012-10-03,15.43
2811,2012-10-02,15.71
2812,2012-10-01,16.32
2813,2012-09-28,15.73
2814,2012-09-27,14.84
2815,2012-09-26,16.81
2816,2012-09-25,15.43
2817,2012-09-24,14.15
2818,2012-09-21,13.98
2819,2012-09-20,14.07
2820,2012-09-19,13.88
2821,2012-09-18,14.18
2822,2012-09-17,14.59
2823,2012-09-14,14.51
2824,2012-09-13,14.05
2825,2012-09-12,15.80
2826,2012-09-11,16.41
2827,2012-09-10,16.28
2828,2012-09-07,14.38
2829,2012-09-06,15.60
2830,2012-09-05,17.74
2831,2012-09-04,17.98
2832,2012-08-31,17.47
2833,2012-08-30,17.83
2834,2012-08-29,17.06
2835,2012-08-28,16.49
2836,2012-08-27,16.35
2837,2012-08-24,15.18
2838,2012-08-23,15.96
2839,2012-08-22,15.11
2840,2012-08-21,15.02
2841,2012-08-20,14.02
2842,2012-08-17,13.45
2843,2012-08-16,14.29
2844,2012-08-15,14.63
2845,2012-08-14,14.85
2846,2012-08-13,13.70
2847,2012-08-10,14.74
2848,2012-08-09,15.28
2849,2012-08-08,15.32
2850,2012-08-07,15.99
2851,2012-08-06,15.95
2852,2012-08-03,15.64
2853,2012-08-02,17.57
2854,2012-08-01,18.96
2855,2012-07-31,18.93
2856,2012-07-30,18.03
2857,2012-07-27,16.70
2858,2012-07-26,17.53
2859,2012-07-25,19.34
2860,2012-07-24,20.47
2861,2012-07-23,18.62
2862,2012-07-20,16.27
2863,2012-07-19,15.45
2864,2012-07-18,16.16
2865,2012-07-17,16.48
2866,2012-07-16,17.11
2867,2012-07-13,16.74
2868,2012-07-12,18.33
2869,2012-07-11,17.95
2870,2012-07-10,18.72
2871,2012-07-09,17.98
2872,2012-07-06,17.10
2873,2012-07-05,17.50
2874,2012-07-03,16.66
2875,2012-07-02,16.74
2876,2012-06-29,17.08
2877,2012-06-28,19.71
2878,2012-06-27,19.45
2879,2012-06-26,19.72
2880,2012-06-25,20.38
2881,2012-06-22,18.11
2882,2012-06-21,20.08
2883,2012-06-20,17.24
2884,2012-06-19,18.38
2885,2012-06-18,18.32
2886,2012-06-15,21.11
2887,2012-06-14,21.68
2888,2012-06-13,24.27
2889,2012-06-12,22.09
2890,2012-06-11,23.56
2891,2012-06-08,21.23
2892,2012-06-07,21.72
2893,2012-06-06,22.16
2894,2012-06-05,24.68
2895,2012-06-04,26.12
2896,2012-06-01,26.66
2897,2012-05-31,24.06
2898,2012-05-30,24.14
2899,2012-05-29,21.03
2900,2012-05-25,21.76
2901,2012-05-24,21.54
2902,2012-05-23,22.33
2903,2012-05-22,22.48
2904,2012-05-21,22.01
2905,2012-05-18,25.10
2906,2012-05-17,24.49
2907,2012-05-16,22.27
2908,2012-05-15,21.97
2909,2012-05-14,21.87
2910,2012-05-11,19.89
2911,2012-05-10,18.83
2912,2012-05-09,20.08
2913,2012-05-08,19.05
2914,2012-05-07,18.94
2915,2012-05-04,19.16
2916,2012-05-03,17.56
2917,2012-05-02,16.88
2918,2012-05-01,16.60
2919,2012-04-30,17.15
2920,2012-04-27,16.32
2921,2012-04-26,16.24
2922,2012-04-25,16.82
2923,2012-04-24,18.10
2924,2012-04-23,18.97
2925,2012-04-20,17.44
2926,2012-04-19,18.36
2927,2012-04-18,18.64
2928,2012-04-17,18.46
2929,2012-04-16,19.55
2930,2012-04-13,19.55
2931,2012-04-12,17.20
2932,2012-04-11,20.02
2933,2012-04-10,20.39
2934,2012-04-09,18.81
2935,2012-04-05,16.70
2936,2012-04-04,16.44
2937,2012-04-03,15.66
2938,2012-04-02,15.64
2939,2012-03-30,15.50
2940,2012-03-29,15.48
2941,2012-03-28,15.47
2942,2012-03-27,15.59
2943,2012-03-26,14.26
2944,2012-03-23,14.82
2945,2012-03-22,15.57
2946,2012-03-21,15.13
2947,2012-03-20,15.58
2948,2012-03-19,15.04
2949,2012-03-16,14.47
2950,2012-03-15,15.42
2951,2012-03-14,15.31
2952,2012-03-13,14.80
2953,2012-03-12,15.64
2954,2012-03-09,17.11
2955,2012-03-08,17.95
2956,2012-03-07,19.07
2957,2012-03-06,20.87
2958,2012-03-05,18.05
2959,2012-03-02,17.29
2960,2012-03-01,17.26
2961,2012-02-29,18.43
2962,2012-02-28,17.96
2963,2012-02-27,18.19
2964,2012-02-24,17.31
2965,2012-02-23,16.80
2966,2012-02-22,18.19
2967,2012-02-21,18.19
2968,2012-02-17,17.78
2969,2012-02-16,19.22
2970,2012-02-15,21.14
2971,2012-02-14,19.54
2972,2012-02-13,19.04
2973,2012-02-10,20.79
2974,2012-02-09,18.63
2975,2012-02-08,18.16
2976,2012-02-07,17.65
2977,2012-02-06,17.76
2978,2012-02-03,17.10
2979,2012-02-02,17.98
2980,2012-02-01,18.55
2981,2012-01-31,19.44
2982,2012-01-30,19.40
2983,2012-01-27,18.53
2984,2012-01-26,18.57
2985,2012-01-25,18.31
2986,2012-01-24,18.91
2987,2012-01-23,18.67
2988,2012-01-20,18.28
2989,2012-01-19,19.87
2990,2012-01-18,20.89
2991,2012-01-17,22.20
2992,2012-01-13,20.91
2993,2012-01-12,20.47
2994,2012-01-11,21.05
2995,2012-01-10,20.69
2996,2012-01-09,21.07
2997,2012-01-06,20.63
2998,2012-01-05,21.48
2999,2012-01-04,22.22
3000,2012-01-03,22.97
3001,2011-12-30,23.40
3002,2011-12-29,22.65
3003,2011-12-28,23.52
3004,2011-12-27,21.91
3005,2011-12-23,20.73
3006,2011-12-22,21.16
3007,2011-12-21,21.43
3008,2011-12-20,23.22
3009,2011-12-19,24.92
3010,2011-12-16,24.29
3011,2011-12-15,25.11
3012,2011-12-14,26.04
3013,2011-12-13,25.41
3014,2011-12-12,25.67
3015,2011-12-09,26.38
3016,2011-12-08,30.59
3017,2011-12-07,28.67
3018,2011-12-06,28.13
3019,2011-12-05,27.84
3020,2011-12-02,27.52
3021,2011-12-01,27.41
3022,2011-11-30,27.80
3023,2011-11-29,30.64
3024,2011-11-28,32.13
3025,2011-11-25,34.47
3026,2011-11-23,33.98
3027,2011-11-22,31.97
3028,2011-11-21,32.91
3029,2011-11-18,32.00
3030,2011-11-17,34.51
3031,2011-11-16,33.51
3032,2011-11-15,31.22
3033,2011-11-14,31.13
3034,2011-11-11,30.04
3035,2011-11-10,32.81
3036,2011-11-09,36.16
3037,2011-11-08,27.48
3038,2011-11-07,29.85
3039,2011-11-04,30.16
3040,2011-11-03,30.50
3041,2011-11-02,32.74
3042,2011-11-01,34.77
3043,2011-10-31,29.96
3044,2011-10-28,24.53
3045,2011-10-27,25.46
3046,2011-10-26,29.86
3047,2011-10-25,32.22
3048,2011-10-24,29.26
3049,2011-10-21,31.32
3050,2011-10-20,34.78
3051,2011-10-19,34.44
3052,2011-10-18,31.56
3053,2011-10-17,33.39
3054,2011-10-14,28.24
3055,2011-10-13,30.70
3056,2011-10-12,31.26
3057,2011-10-11,32.86
3058,2011-10-10,33.02
3059,2011-10-07,36.20
3060,2011-10-06,36.27
3061,2011-10-05,37.81
3062,2011-10-04,40.82
3063,2011-10-03,45.45
3064,2011-09-30,42.96
3065,2011-09-29,38.84
3066,2011-09-28,41.08
3067,2011-09-27,37.71
3068,2011-09-26,39.02
3069,2011-09-23,41.25
3070,2011-09-22,41.35
3071,2011-09-21,37.32
3072,2011-09-20,32.86
3073,2011-09-19,32.73
3074,2011-09-16,30.98
3075,2011-09-15,31.97
3076,2011-09-14,34.60
3077,2011-09-13,36.91
3078,2011-09-12,38.59
3079,2011-09-09,38.52
3080,2011-09-08,34.32
3081,2011-09-07,33.38
3082,2011-09-06,37.00
3083,2011-09-02,33.92
3084,2011-09-01,31.82
3085,2011-08-31,31.62
3086,2011-08-30,32.89
3087,2011-08-29,32.28
3088,2011-08-26,35.59
3089,2011-08-25,39.76
3090,2011-08-24,35.90
3091,2011-08-23,36.27
3092,2011-08-22,42.44
3093,2011-08-19,43.05
3094,2011-08-18,42.67
3095,2011-08-17,31.58
3096,2011-08-16,32.85
3097,2011-08-15,31.87
3098,2011-08-12,36.36
3099,2011-08-11,39.00
3100,2011-08-10,42.99
3101,2011-08-09,35.06
3102,2011-08-08,48.00
3103,2011-08-05,32.00
3104,2011-08-04,31.66
3105,2011-08-03,23.38
3106,2011-08-02,24.79
3107,2011-08-01,23.66
3108,2011-07-29,25.25
3109,2011-07-28,23.74
3110,2011-07-27,22.98
3111,2011-07-26,20.23
3112,2011-07-25,19.35
3113,2011-07-22,17.52
3114,2011-07-21,17.56
3115,2011-07-20,19.09
3116,2011-07-19,19.21
3117,2011-07-18,20.95
3118,2011-07-15,19.53
3119,2011-07-14,20.80
3120,2011-07-13,19.91
3121,2011-07-12,19.87
3122,2011-07-11,18.39
3123,2011-07-08,15.95
3124,2011-07-07,15.95
3125,2011-07-06,16.34
3126,2011-07-05,16.06
3127,2011-07-01,15.87
3128,2011-06-30,16.52
3129,2011-06-29,17.27
3130,2011-06-28,19.17
3131,2011-06-27,20.56
3132,2011-06-24,21.10
3133,2011-06-23,19.29
3134,2011-06-22,18.52
3135,2011-06-21,18.86
3136,2011-06-20,19.99
3137,2011-06-17,21.85
3138,2011-06-16,22.73
3139,2011-06-15,21.32
3140,2011-06-14,18.26
3141,2011-06-13,19.61
3142,2011-06-10,18.86
3143,2011-06-09,17.77
3144,2011-06-08,18.79
3145,2011-06-07,18.07
3146,2011-06-06,18.49
3147,2011-06-03,17.95
3148,2011-06-02,18.09
3149,2011-06-01,18.30
3150,2011-05-31,15.45
3151,2011-05-27,15.98
3152,2011-05-26,16.09
3153,2011-05-25,17.07
3154,2011-05-24,17.82
3155,2011-05-23,18.27
3156,2011-05-20,17.43
3157,2011-05-19,15.52
3158,2011-05-18,16.23
3159,2011-05-17,17.55
3160,2011-05-16,18.24
3161,2011-05-13,17.07
3162,2011-05-12,16.03
3163,2011-05-11,16.95
3164,2011-05-10,15.91
3165,2011-05-09,17.16
3166,2011-05-06,18.40
3167,2011-05-05,18.20
3168,2011-05-04,17.08
3169,2011-05-03,16.70
3170,2011-05-02,15.99
3171,2011-04-29,14.75
3172,2011-04-28,14.62
3173,2011-04-27,15.35
3174,2011-04-26,15.62
3175,2011-04-25,15.77
3176,2011-04-21,14.69
3177,2011-04-20,15.07
3178,2011-04-19,15.83
3179,2011-04-18,16.96
3180,2011-04-15,15.32
3181,2011-04-14,16.27
3182,2011-04-13,16.92
3183,2011-04-12,17.09
3184,2011-04-11,16.59
3185,2011-04-08,17.87
3186,2011-04-07,17.11
3187,2011-04-06,16.90
3188,2011-04-05,17.25
3189,2011-04-04,17.50
3190,2011-04-01,17.40
3191,2011-03-31,17.74
3192,2011-03-30,17.71
3193,2011-03-29,18.16
3194,2011-03-28,19.44
3195,2011-03-25,17.91
3196,2011-03-24,18.00
3197,2011-03-23,19.17
3198,2011-03-22,20.21
3199,2011-03-21,20.61
3200,2011-03-18,24.44
3201,2011-03-17,26.37
3202,2011-03-16,29.40
3203,2011-03-15,24.32
3204,2011-03-14,21.13
3205,2011-03-11,20.08
3206,2011-03-10,21.88
3207,2011-03-09,20.22
3208,2011-03-08,19.82
3209,2011-03-07,20.66
3210,2011-03-04,19.06
3211,2011-03-03,18.60
3212,2011-03-02,20.70
3213,2011-03-01,21.01
3214,2011-02-28,18.35
3215,2011-02-25,19.22
3216,2011-02-24,21.32
3217,2011-02-23,22.13
3218,2011-02-22,20.80
3219,2011-02-18,16.43
3220,2011-02-17,16.59
3221,2011-02-16,16.72
3222,2011-02-15,16.37
3223,2011-02-14,15.95
3224,2011-02-11,15.69
3225,2011-02-10,16.09
3226,2011-02-09,15.87
3227,2011-02-08,15.81
3228,2011-02-07,16.28
3229,2011-02-04,15.93
3230,2011-02-03,16.69
3231,2011-02-02,17.30
3232,2011-02-01,17.63
3233,2011-01-31,19.53
3234,2011-01-28,20.04
3235,2011-01-27,16.15
3236,2011-01-26,16.64
3237,2011-01-25,17.59
3238,2011-01-24,17.65
3239,2011-01-21,18.47
3240,2011-01-20,17.99
3241,2011-01-19,17.31
3242,2011-01-18,15.87
3243,2011-01-14,15.46
3244,2011-01-13,16.39
3245,2011-01-12,16.24
3246,2011-01-11,16.89
3247,2011-01-10,17.54
3248,2011-01-07,17.14
3249,2011-01-06,17.40
3250,2011-01-05,17.02
3251,2011-01-04,17.38
3252,2011-01-03,17.61
3253,2010-12-31,17.75
3254,2010-12-30,17.52
3255,2010-12-29,17.28
3256,2010-12-28,17.52
3257,2010-12-27,17.67
3258,2010-12-23,16.47
3259,2010-12-22,15.45
3260,2010-12-21,16.49
3261,2010-12-20,16.41
3262,2010-12-17,16.11
3263,2010-12-16,17.39
3264,2010-12-15,17.94
3265,2010-12-14,17.61
3266,2010-12-13,17.55
3267,2010-12-10,17.61
3268,2010-12-09,17.25
3269,2010-12-08,17.74
3270,2010-12-07,17.99
3271,2010-12-06,18.02
3272,2010-12-03,18.01
3273,2010-12-02,19.39
3274,2010-12-01,21.36
3275,2010-11-30,23.54
3276,2010-11-29,21.53
3277,2010-11-26,22.22
3278,2010-11-24,19.56
3279,2010-11-23,20.63
3280,2010-11-22,18.37
3281,2010-11-19,18.04
3282,2010-11-18,18.75
3283,2010-11-17,21.76
3284,2010-11-16,22.58
3285,2010-11-15,20.20
3286,2010-11-12,20.61
3287,2010-11-11,18.64
3288,2010-11-10,18.47
3289,2010-11-09,19.08
3290,2010-11-08,18.29
3291,2010-11-05,18.26
3292,2010-11-04,18.52
3293,2010-11-03,19.56
3294,2010-11-02,21.57
3295,2010-11-01,21.83
3296,2010-10-29,21.20
3297,2010-10-28,20.88
3298,2010-10-27,20.71
3299,2010-10-26,20.22
3300,2010-10-25,19.85
3301,2010-10-22,18.78
3302,2010-10-21,19.27
3303,2010-10-20,19.79
3304,2010-10-19,20.63
3305,2010-10-18,19.09
3306,2010-10-15,19.03
3307,2010-10-14,19.88
3308,2010-10-13,19.07
3309,2010-10-12,18.93
3310,2010-10-11,18.96
3311,2010-10-08,20.71
3312,2010-10-07,21.56
3313,2010-10-06,21.49
3314,2010-10-05,21.76
3315,2010-10-04,23.53
3316,2010-10-01,22.50
3317,2010-09-30,23.70
3318,2010-09-29,23.25
3319,2010-09-28,22.60
3320,2010-09-27,22.54
3321,2010-09-24,21.71
3322,2010-09-23,23.87
3323,2010-09-22,22.51
3324,2010-09-21,22.35
3325,2010-09-20,21.50
3326,2010-09-17,22.01
3327,2010-09-16,21.72
3328,2010-09-15,22.10
3329,2010-09-14,21.56
3330,2010-09-13,21.21
3331,2010-09-10,21.99
3332,2010-09-09,22.81
3333,2010-09-08,23.25
3334,2010-09-07,23.80
3335,2010-09-03,21.31
3336,2010-09-02,23.19
3337,2010-09-01,23.89
3338,2010-08-31,26.05
3339,2010-08-30,27.21
3340,2010-08-27,24.45
3341,2010-08-26,27.37
3342,2010-08-25,26.70
3343,2010-08-24,27.46
3344,2010-08-23,25.66
3345,2010-08-20,25.49
3346,2010-08-19,26.44
3347,2010-08-18,24.59
3348,2010-08-17,24.33
3349,2010-08-16,26.10
3350,2010-08-13,26.24
3351,2010-08-12,25.73
3352,2010-08-11,25.39
3353,2010-08-10,22.37
3354,2010-08-09,22.14
3355,2010-08-06,21.74
3356,2010-08-05,22.10
3357,2010-08-04,22.21
3358,2010-08-03,22.63
3359,2010-08-02,22.01
3360,2010-07-30,23.50
3361,2010-07-29,24.13
3362,2010-07-28,24.25
3363,2010-07-27,23.19
3364,2010-07-26,22.73
3365,2010-07-23,23.47
3366,2010-07-22,24.63
3367,2010-07-21,25.64
3368,2010-07-20,23.93
3369,2010-07-19,25.97
3370,2010-07-16,26.25
3371,2010-07-15,25.14
3372,2010-07-14,24.89
3373,2010-07-13,24.56
3374,2010-07-12,24.43
3375,2010-07-09,24.98
3376,2010-07-08,25.71
3377,2010-07-07,26.84
3378,2010-07-06,29.65
3379,2010-07-02,30.12
3380,2010-07-01,32.86
3381,2010-06-30,34.54
3382,2010-06-29,34.13
3383,2010-06-28,29.00
3384,2010-06-25,28.53
3385,2010-06-24,29.74
3386,2010-06-23,26.91
3387,2010-06-22,27.05
3388,2010-06-21,24.88
3389,2010-06-18,23.95
3390,2010-06-17,25.05
3391,2010-06-16,25.92
3392,2010-06-15,25.87
3393,2010-06-14,28.58
3394,2010-06-11,28.79
3395,2010-06-10,30.57
3396,2010-06-09,33.73
3397,2010-06-08,33.70
3398,2010-06-07,36.57
3399,2010-06-04,35.48
3400,2010-06-03,29.46
3401,2010-06-02,30.17
3402,2010-06-01,35.54
3403,2010-05-28,32.07
3404,2010-05-27,29.68
3405,2010-05-26,35.02
3406,2010-05-25,34.61
3407,2010-05-24,38.32
3408,2010-05-21,40.10
3409,2010-05-20,45.79
3410,2010-05-19,35.32
3411,2010-05-18,33.55
3412,2010-05-17,30.84
3413,2010-05-14,31.24
3414,2010-05-13,26.68
3415,2010-05-12,25.52
3416,2010-05-11,28.32
3417,2010-05-10,28.84
3418,2010-05-07,40.95
3419,2010-05-06,32.80
3420,2010-05-05,24.91
3421,2010-05-04,23.84
3422,2010-05-03,20.19
3423,2010-04-30,22.05
3424,2010-04-29,18.44
3425,2010-04-28,21.08
3426,2010-04-27,22.81
3427,2010-04-26,17.47
3428,2010-04-23,16.62
3429,2010-04-22,16.47
3430,2010-04-21,16.32
3431,2010-04-20,15.73
3432,2010-04-19,17.34
3433,2010-04-16,18.36
3434,2010-04-15,15.89
3435,2010-04-14,15.59
3436,2010-04-13,16.20
3437,2010-04-12,15.58
3438,2010-04-09,16.14
3439,2010-04-08,16.48
3440,2010-04-07,16.62
3441,2010-04-06,16.23
3442,2010-04-05,17.02
3443,2010-04-01,17.47
3444,2010-03-31,17.59
3445,2010-03-30,17.13
3446,2010-03-29,17.59
3447,2010-03-26,17.77
3448,2010-03-25,18.40
3449,2010-03-24,17.55
3450,2010-03-23,16.35
3451,2010-03-22,16.87
3452,2010-03-19,16.97
3453,2010-03-18,16.62
3454,2010-03-17,16.91
3455,2010-03-16,17.69
3456,2010-03-15,18.00
3457,2010-03-12,17.58
3458,2010-03-11,18.06
3459,2010-03-10,18.57
3460,2010-03-09,17.92
3461,2010-03-08,17.79
3462,2010-03-05,17.42
3463,2010-03-04,18.72
3464,2010-03-03,18.83
3465,2010-03-02,19.06
3466,2010-03-01,19.26
3467,2010-02-26,19.50
3468,2010-02-25,20.10
3469,2010-02-24,20.27
3470,2010-02-23,21.37
3471,2010-02-22,19.94
3472,2010-02-19,20.02
3473,2010-02-18,20.63
3474,2010-02-17,21.72
3475,2010-02-16,22.25
3476,2010-02-12,22.73
3477,2010-02-11,23.96
3478,2010-02-10,25.40
3479,2010-02-09,26.00
3480,2010-02-08,26.51
3481,2010-02-05,26.11
3482,2010-02-04,26.08
3483,2010-02-03,21.60
3484,2010-02-02,21.48
3485,2010-02-01,22.59
3486,2010-01-29,24.62
3487,2010-01-28,23.73
3488,2010-01-27,23.14
3489,2010-01-26,24.55
3490,2010-01-25,25.41
3491,2010-01-22,27.31
3492,2010-01-21,22.27
3493,2010-01-20,18.68
3494,2010-01-19,17.58
3495,2010-01-15,17.91
3496,2010-01-14,17.63
3497,2010-01-13,17.85
3498,2010-01-12,18.25
3499,2010-01-11,17.55
3500,2010-01-08,18.13
3501,2010-01-07,19.06
3502,2010-01-06,19.16
3503,2010-01-05,19.35
3504,2010-01-04,20.04
