Date,Price
11/03/2023,3.6815
11/02/2023,3.6725
11/01/2023,3.6490
10/31/2023,3.6490
10/30/2023,3.6585
10/27/2023,3.6460
10/26/2023,3.5845
10/25/2023,3.5910
10/24/2023,3.6240
10/23/2023,3.5865
10/20/2023,3.5630
10/19/2023,3.6010
10/18/2023,3.5870
10/17/2023,3.5785
10/16/2023,3.5820
10/13/2023,3.5710
10/12/2023,3.5910
10/11/2023,3.6120
10/10/2023,3.6340
10/09/2023,3.6460
10/06/2023,3.6275
10/05/2023,3.5520
10/04/2023,3.5890
10/03/2023,3.6210
10/02/2023,3.6415
09/29/2023,3.7375
09/28/2023,3.7080
09/27/2023,3.6365
09/26/2023,3.6490
09/25/2023,3.6700
09/22/2023,3.6960
09/21/2023,3.6960
09/20/2023,3.7760
09/19/2023,3.7470
09/18/2023,3.7790
09/15/2023,3.8010
09/14/2023,3.8215
09/13/2023,3.7930
09/12/2023,3.7920
09/11/2023,3.8070
09/08/2023,3.7165
09/07/2023,3.7620
09/06/2023,3.7860
09/05/2023,3.8485
09/01/2023,3.8520
08/31/2023,3.8220
08/30/2023,3.8440
08/29/2023,3.8390
08/28/2023,3.7560
08/25/2023,3.7620
08/24/2023,3.7710
08/23/2023,3.8085
08/22/2023,3.7570
08/21/2023,3.7185
08/18/2023,3.7060
08/17/2023,3.6915
08/16/2023,3.6575
08/15/2023,3.6675
08/14/2023,3.7255
08/11/2023,3.7190
08/10/2023,3.7650
08/09/2023,3.7835
08/08/2023,3.7665
08/07/2023,3.8350
08/04/2023,3.8675
08/03/2023,3.8995
08/02/2023,3.8435
08/01/2023,3.9085
07/31/2023,4.0080
07/28/2023,3.9265
07/27/2023,3.8755
07/26/2023,3.9020
07/25/2023,3.9155
07/24/2023,3.8555
07/21/2023,3.8180
07/20/2023,3.8345
07/19/2023,3.8140
07/18/2023,3.8295
07/17/2023,3.8440
07/14/2023,3.9330
07/13/2023,3.9400
07/12/2023,3.8530
07/11/2023,3.7660
07/10/2023,3.7845
07/07/2023,3.7820
07/06/2023,3.7345
07/05/2023,3.7685
07/03/2023,3.7940
06/30/2023,3.7595
06/29/2023,3.6990
06/28/2023,3.7425
06/27/2023,3.7885
06/26/2023,3.7840
06/23/2023,3.8035
06/22/2023,3.8900
06/21/2023,3.9135
06/20/2023,3.8835
06/16/2023,3.8890
06/15/2023,3.9010
06/14/2023,3.8700
06/13/2023,3.8310
06/12/2023,3.7520
06/09/2023,3.7890
06/08/2023,3.7950
06/07/2023,3.7560
06/06/2023,3.7685
06/05/2023,3.7680
06/02/2023,3.7275
06/01/2023,3.7110
05/31/2023,3.6370
05/30/2023,3.6630
05/26/2023,3.6820
05/25/2023,3.5880
05/24/2023,3.5615
05/23/2023,3.6545
05/22/2023,3.6850
05/19/2023,3.7320
05/18/2023,3.6895
05/17/2023,3.7545
05/16/2023,3.6670
05/15/2023,3.7510
05/12/2023,3.7285
05/11/2023,3.7100
05/10/2023,3.8410
05/09/2023,3.9015
05/08/2023,3.9295
05/05/2023,3.8830
05/04/2023,3.8630
05/03/2023,3.8450
05/02/2023,3.8625
05/01/2023,3.9340
04/28/2023,3.8905
04/27/2023,3.8840
04/26/2023,3.8615
04/25/2023,3.8480
04/24/2023,3.9540
04/21/2023,3.9800
04/20/2023,4.0255
04/19/2023,4.0770
04/18/2023,4.0915
04/17/2023,4.0660
04/14/2023,4.1065
04/13/2023,4.1240
04/12/2023,4.0810
04/11/2023,4.0195
04/10/2023,3.9765
04/06/2023,4.0155
04/05/2023,3.9865
04/04/2023,3.9710
04/03/2023,4.0455
03/31/2023,4.0945
03/30/2023,4.0915
03/29/2023,4.0865
03/28/2023,4.0855
03/27/2023,4.0785
03/24/2023,4.0750
03/23/2023,4.1235
03/22/2023,4.0445
03/21/2023,3.9940
03/20/2023,3.9515
03/17/2023,3.8925
03/16/2023,3.8645
03/15/2023,3.8430
03/14/2023,4.0030
03/13/2023,4.0535
03/10/2023,4.0305
03/09/2023,4.0390
03/08/2023,4.0270
03/07/2023,3.9750
03/06/2023,4.0885
03/03/2023,4.0670
03/02/2023,4.0760
03/01/2023,4.1600
02/28/2023,4.0895
02/27/2023,4.0110
02/24/2023,3.9520
02/23/2023,4.0590
02/22/2023,4.1905
02/21/2023,4.2255
02/17/2023,4.1085
02/16/2023,4.1355
02/15/2023,4.0105
02/14/2023,4.0750
02/13/2023,4.0575
02/10/2023,4.0165
02/09/2023,4.0970
02/08/2023,4.0355
02/07/2023,4.0805
02/06/2023,4.0350
02/03/2023,4.0565
02/02/2023,4.0910
02/01/2023,4.1110
01/31/2023,4.2260
01/30/2023,4.2020
01/27/2023,4.2225
01/26/2023,4.2675
01/25/2023,4.2445
01/24/2023,4.2485
01/23/2023,4.2565
01/20/2023,4.2515
01/19/2023,4.2315
01/18/2023,4.2345
01/17/2023,4.2230
01/13/2023,4.2160
01/12/2023,4.1965
01/11/2023,4.1660
01/10/2023,4.0775
01/09/2023,4.0265
01/06/2023,3.9110
01/05/2023,3.8210
01/04/2023,3.7405
01/03/2023,3.7665
12/30/2022,3.8105
12/29/2022,3.8240
12/28/2022,3.8425
12/27/2022,3.8405
12/23/2022,3.8090
12/22/2022,3.7570
12/21/2022,3.8100
12/20/2022,3.7990
12/19/2022,3.7830
12/16/2022,3.7615
12/15/2022,3.7630
12/14/2022,3.8780
12/13/2022,3.8420
12/12/2022,3.8005
12/09/2022,3.8785
12/08/2022,3.8835
12/07/2022,3.8605
12/06/2022,3.8180
12/05/2022,3.7950
12/02/2022,3.8505
12/01/2022,3.8175
11/30/2022,3.7380
11/29/2022,3.6395
11/28/2022,3.6115
11/25/2022,3.6275
11/23/2022,3.6180
11/22/2022,3.6145
11/21/2022,3.5715
11/18/2022,3.6320
11/17/2022,3.6880
11/16/2022,3.7735
11/15/2022,3.8200
11/14/2022,3.8335
11/11/2022,3.9135
11/10/2022,3.7580
11/09/2022,3.7000
11/08/2022,3.6825
11/07/2022,3.6035
11/04/2022,3.6865
11/03/2022,3.4270
11/02/2022,3.4685
11/01/2022,3.4725
10/31/2022,3.3750
10/28/2022,3.4290
10/27/2022,3.5195
10/26/2022,3.5450
10/25/2022,3.3970
10/24/2022,3.4305
10/21/2022,3.4745
10/20/2022,3.4105
10/19/2022,3.3180
10/18/2022,3.3620
10/17/2022,3.4155
10/14/2022,3.4235
10/13/2022,3.4405
10/12/2022,3.4250
10/11/2022,3.4620
10/10/2022,3.4305
10/07/2022,3.3865
10/06/2022,3.4460
10/05/2022,3.5005
10/04/2022,3.4900
10/03/2022,3.4100
09/30/2022,3.4125
09/29/2022,3.4180
09/28/2022,3.3585
09/27/2022,3.2835
09/26/2022,3.2945
09/23/2022,3.3430
09/22/2022,3.4710
09/21/2022,3.4670
09/20/2022,3.5030
09/19/2022,3.5125
09/16/2022,3.5165
09/15/2022,3.4900
09/14/2022,3.5195
09/13/2022,3.5555
09/12/2022,3.6105
09/09/2022,3.5680
09/08/2022,3.5270
09/07/2022,3.4305
09/06/2022,3.4620
09/02/2022,3.4135
09/01/2022,3.4065
08/31/2022,3.5185
08/30/2022,3.5510
08/29/2022,3.6120
08/26/2022,3.6970
08/25/2022,3.6990
08/24/2022,3.6440
08/23/2022,3.6955
08/22/2022,3.6515
08/19/2022,3.6645
08/18/2022,3.6315
08/17/2022,3.5835
08/16/2022,3.6245
08/15/2022,3.6175
08/12/2022,3.6685
08/11/2022,3.7065
08/10/2022,3.6495
08/09/2022,3.5855
08/08/2022,3.5865
08/05/2022,3.5520
08/04/2022,3.4815
08/03/2022,3.4670
08/02/2022,3.5185
08/01/2022,3.5425
07/29/2022,3.5735
07/28/2022,3.4745
07/27/2022,3.4300
07/26/2022,3.3845
07/25/2022,3.3545
07/22/2022,3.3495
07/21/2022,3.2985
07/20/2022,3.3250
07/19/2022,3.2910
07/18/2022,3.3460
07/15/2022,3.2340
07/14/2022,3.2115
07/13/2022,3.3225
07/12/2022,3.2880
07/11/2022,3.4305
07/08/2022,3.5220
07/07/2022,3.5720
07/06/2022,3.4080
07/05/2022,3.4150
07/01/2022,3.6040
06/30/2022,3.7100
06/29/2022,3.7805
06/28/2022,3.7800
06/27/2022,3.7625
06/24/2022,3.7405
06/23/2022,3.7390
06/22/2022,3.9440
06/21/2022,4.0390
06/17/2022,4.0135
06/16/2022,4.1080
06/15/2022,4.1635
06/14/2022,4.1565
06/13/2022,4.2115
06/10/2022,4.2945
06/09/2022,4.3810
06/08/2022,4.4545
06/07/2022,4.4355
06/06/2022,4.4350
06/03/2022,4.4720
06/02/2022,4.5525
06/01/2022,4.3285
05/31/2022,4.2960
05/27/2022,4.3065
05/26/2022,4.2590
05/25/2022,4.2545
05/24/2022,4.3050
05/23/2022,4.3455
05/20/2022,4.2750
05/19/2022,4.2830
05/18/2022,4.1785
05/17/2022,4.2390
05/16/2022,4.1915
05/13/2022,4.1750
05/12/2022,4.1005
05/11/2022,4.2090
05/10/2022,4.1545
05/09/2022,4.1935
05/06/2022,4.2670
05/05/2022,4.2915
05/04/2022,4.3380
05/03/2022,4.2830
05/02/2022,4.2680
04/29/2022,4.4085
04/28/2022,4.4335
04/27/2022,4.4750
04/26/2022,4.4640
04/25/2022,4.4490
04/22/2022,4.5815
04/21/2022,4.7040
04/20/2022,4.6520
04/19/2022,4.7180
04/18/2022,4.8020
04/14/2022,4.7235
04/13/2022,4.7120
04/12/2022,4.7095
04/11/2022,4.6340
04/08/2022,4.7250
04/07/2022,4.6995
04/06/2022,4.7380
04/05/2022,4.7950
04/04/2022,4.7815
04/01/2022,4.6885
03/31/2022,4.7510
03/30/2022,4.7505
03/29/2022,4.7310
03/28/2022,4.7255
03/25/2022,4.6985
03/24/2022,4.7425
03/23/2022,4.7765
03/22/2022,4.7000
03/21/2022,4.7105
03/18/2022,4.7395
03/17/2022,4.7020
03/16/2022,4.6005
03/15/2022,4.5130
03/14/2022,4.5230
03/11/2022,4.6255
03/10/2022,4.6525
03/09/2022,4.5725
03/08/2022,4.7100
03/07/2022,4.7310
03/04/2022,4.9375
03/03/2022,4.7815
03/02/2022,4.6655
03/01/2022,4.5965
02/28/2022,4.4545
02/25/2022,4.4850
02/24/2022,4.4560
02/23/2022,4.4840
02/22/2022,4.5105
02/18/2022,4.5195
02/17/2022,4.5230
02/16/2022,4.5365
02/15/2022,4.5315
02/14/2022,4.5075
02/11/2022,4.5060
02/10/2022,4.6595
02/09/2022,4.6025
02/08/2022,4.4610
02/07/2022,4.4625
02/04/2022,4.4875
02/03/2022,4.4710
02/02/2022,4.4960
02/01/2022,4.4340
01/31/2022,4.3245
01/28/2022,4.3100
01/27/2022,4.4235
01/26/2022,4.5150
01/25/2022,4.4500
01/24/2022,4.4125
01/21/2022,4.5240
01/20/2022,4.5825
01/19/2022,4.4700
01/18/2022,4.3825
01/14/2022,4.4205
01/13/2022,4.5460
01/12/2022,4.5765
01/11/2022,4.4290
01/10/2022,4.3520
01/07/2022,4.4100
01/06/2022,4.3545
01/05/2022,4.4135
01/04/2022,4.4750
01/03/2022,4.4215
12/31/2021,4.4635
12/30/2021,4.3925
12/29/2021,4.4130
12/28/2021,4.4330
12/27/2021,4.4720
12/23/2021,4.3925
12/22/2021,4.3915
12/21/2021,4.3460
12/20/2021,4.2935
12/17/2021,4.2950
12/16/2021,4.3045
12/15/2021,4.1825
12/14/2021,4.2575
12/13/2021,4.2840
12/10/2021,4.2865
12/09/2021,4.3330
12/08/2021,4.3935
12/07/2021,4.3395
12/06/2021,4.3375
12/03/2021,4.2670
12/02/2021,4.2990
12/01/2021,4.2475
11/30/2021,4.2800
11/29/2021,4.3410
11/26/2021,4.2835
11/24/2021,4.4590
11/23/2021,4.4235
11/22/2021,4.3965
11/19/2021,4.4075
11/18/2021,4.3045
11/17/2021,4.2660
11/16/2021,4.3515
11/15/2021,4.4000
11/12/2021,4.4495
11/11/2021,4.3995
11/10/2021,4.3230
11/09/2021,4.3730
11/08/2021,4.3990
11/05/2021,4.3430
11/04/2021,4.3205
11/03/2021,4.3210
11/02/2021,4.3660
11/01/2021,4.3935
10/29/2021,4.3680
10/28/2021,4.4385
10/27/2021,4.3895
10/26/2021,4.4860
10/25/2021,4.5280
10/22/2021,4.4980
10/21/2021,4.5585
10/20/2021,4.7345
10/19/2021,4.7030
10/18/2021,4.7255
10/15/2021,4.7295
10/14/2021,4.6315
10/13/2021,4.5160
10/12/2021,4.3255
10/11/2021,4.3665
10/08/2021,4.2755
10/07/2021,4.2435
10/06/2021,4.1475
10/05/2021,4.1925
10/04/2021,4.2385
10/01/2021,4.1885
09/30/2021,4.0890
09/29/2021,4.1990
09/28/2021,4.2465
09/27/2021,4.2895
09/24/2021,4.2855
09/23/2021,4.2310
09/22/2021,4.2520
09/21/2021,4.1260
09/20/2021,4.1145
09/17/2021,4.2460
09/16/2021,4.2815
09/15/2021,4.4065
09/14/2021,4.3210
09/13/2021,4.3670
09/10/2021,4.4520
09/09/2021,4.2855
09/08/2021,4.2330
09/07/2021,4.2815
09/03/2021,4.3340
09/02/2021,4.3040
09/01/2021,4.2780
08/31/2021,4.3750
08/30/2021,4.3755
08/27/2021,4.3320
08/26/2021,4.2475
08/25/2021,4.2675
08/24/2021,4.2580
08/23/2021,4.2370
08/20/2021,4.1370
08/19/2021,4.0410
08/18/2021,4.1200
08/17/2021,4.2060
08/16/2021,4.3270
08/13/2021,4.3915
08/12/2021,4.3600
08/11/2021,4.3675
08/10/2021,4.3540
08/09/2021,4.2895
08/06/2021,4.3480
08/05/2021,4.3480
08/04/2021,4.3325
08/03/2021,4.3860
08/02/2021,4.4330
07/30/2021,4.4825
07/29/2021,4.5235
07/28/2021,4.4820
07/27/2021,4.5445
07/26/2021,4.5850
07/23/2021,4.4000
07/22/2021,4.3375
07/21/2021,4.2720
07/20/2021,4.2630
07/19/2021,4.2015
07/16/2021,4.3230
07/15/2021,4.3230
07/14/2021,4.2675
07/13/2021,4.3070
07/12/2021,4.3160
07/09/2021,4.3455
07/08/2021,4.2645
07/07/2021,4.3225
07/06/2021,4.2510
07/02/2021,4.2760
07/01/2021,4.2360
06/30/2021,4.2890
06/29/2021,4.2645
06/28/2021,4.2780
06/25/2021,4.2920
06/24/2021,4.3110
06/23/2021,4.3305
06/22/2021,4.2300
06/21/2021,4.1840
06/18/2021,4.1570
06/17/2021,4.1780
06/16/2021,4.3850
06/15/2021,4.3330
06/14/2021,4.5270
06/11/2021,4.5375
06/10/2021,4.4850
06/09/2021,4.5310
06/08/2021,4.5560
06/07/2021,4.5265
06/04/2021,4.5290
06/03/2021,4.4630
06/02/2021,4.5915
06/01/2021,4.6535
05/28/2021,4.6775
05/27/2021,4.6630
05/26/2021,4.5295
05/25/2021,4.5065
05/24/2021,4.5255
05/21/2021,4.4810
05/20/2021,4.5680
05/19/2021,4.5765
05/18/2021,4.7255
05/17/2021,4.7115
05/14/2021,4.6545
05/13/2021,4.6905
05/12/2021,4.7360
05/11/2021,4.7620
05/10/2021,4.7160
05/07/2021,4.7485
05/06/2021,4.6025
05/05/2021,4.5240
05/04/2021,4.5215
05/03/2021,4.5285
04/30/2021,4.4680
04/29/2021,4.4865
04/28/2021,4.4980
04/27/2021,4.4880
04/26/2021,4.4410
04/23/2021,4.3360
04/22/2021,4.2730
04/21/2021,4.2790
04/20/2021,4.2130
04/19/2021,4.2380
04/16/2021,4.1680
04/15/2021,4.2185
04/14/2021,4.1285
04/13/2021,4.0315
04/12/2021,4.0185
04/09/2021,4.0400
04/08/2021,4.0945
04/07/2021,4.0545
04/06/2021,4.1165
04/05/2021,4.1375
04/01/2021,3.9905
03/31/2021,3.9955
03/30/2021,3.9785
03/29/2021,4.0345
03/26/2021,4.0680
03/25/2021,3.9780
03/24/2021,4.0640
03/23/2021,4.0795
03/22/2021,4.1395
03/19/2021,4.1130
03/18/2021,4.1080
03/17/2021,4.1190
03/16/2021,4.0715
03/15/2021,4.1405
03/12/2021,4.1400
03/11/2021,4.1390
03/10/2021,4.0325
03/09/2021,4.0085
03/08/2021,4.0930
03/05/2021,4.0755
03/04/2021,3.9785
03/03/2021,4.1420
03/02/2021,4.2220
03/01/2021,4.1130
02/26/2021,4.0925
02/25/2021,4.2635
02/24/2021,4.2945
02/23/2021,4.1785
02/22/2021,4.1410
02/19/2021,4.0740
02/18/2021,3.9010
02/17/2021,3.8205
02/16/2021,3.8340
02/12/2021,3.7880
02/11/2021,3.7715
02/10/2021,3.7725
02/09/2021,3.7200
02/08/2021,3.6660
02/05/2021,3.6260
02/04/2021,3.5530
02/03/2021,3.5655
02/02/2021,3.5245
02/01/2021,3.5460
01/29/2021,3.5560
01/28/2021,3.5780
01/27/2021,3.5575
01/26/2021,3.6195
01/25/2021,3.6295
01/22/2021,3.6260
01/21/2021,3.6475
01/20/2021,3.6415
01/19/2021,3.6335
01/15/2021,3.6020
01/14/2021,3.6645
01/13/2021,3.6170
01/12/2021,3.6055
01/11/2021,3.5645
01/08/2021,3.6735
01/07/2021,3.6960
01/06/2021,3.6505
01/05/2021,3.6395
01/04/2021,3.5190
12/31/2020,3.5190
12/30/2020,3.5490
12/29/2020,3.5555
12/28/2020,3.5710
12/24/2020,3.5625
12/23/2020,3.5560
12/22/2020,3.5200
12/21/2020,3.5775
12/18/2020,3.6325
12/17/2020,3.6015
12/16/2020,3.5590
12/15/2020,3.5445
12/14/2020,3.5265
12/11/2020,3.5280
12/10/2020,3.5760
12/09/2020,3.5135
12/08/2020,3.4990
12/07/2020,3.5165
12/04/2020,3.5245
12/03/2020,3.4905
12/02/2020,3.4890
12/01/2020,3.4850
11/30/2020,3.4380
11/27/2020,3.4175
11/25/2020,3.3095
11/24/2020,3.2995
11/23/2020,3.2580
11/20/2020,3.2910
11/19/2020,3.2020
11/18/2020,3.1980
11/17/2020,3.1980
11/16/2020,3.2220
11/13/2020,3.1780
11/12/2020,3.1450
11/11/2020,3.1340
11/10/2020,3.1555
11/09/2020,3.1560
11/06/2020,3.1540
11/05/2020,3.1100
11/04/2020,3.1070
11/03/2020,3.0925
11/02/2020,3.0770
10/30/2020,3.0475
10/29/2020,3.0565
10/28/2020,3.0640
10/27/2020,3.0935
10/26/2020,3.0895
10/23/2020,3.1290
10/22/2020,3.1535
10/21/2020,3.1985
10/20/2020,3.1480
10/19/2020,3.0860
10/16/2020,3.0675
10/15/2020,3.0855
10/14/2020,3.0505
10/13/2020,3.0445
10/12/2020,3.0640
10/09/2020,3.0825
10/08/2020,3.0420
10/07/2020,3.0330
10/06/2020,2.9635
10/05/2020,2.9630
10/02/2020,2.9775
10/01/2020,2.8655
09/30/2020,3.0325
09/29/2020,2.9900
09/28/2020,2.9900
09/25/2020,2.9710
09/24/2020,2.9680
09/23/2020,2.9930
09/22/2020,3.0610
09/21/2020,3.0320
09/18/2020,3.1160
09/17/2020,3.0710
09/16/2020,3.0610
09/15/2020,3.0630
09/14/2020,3.0680
09/11/2020,3.0395
09/10/2020,2.9985
09/09/2020,3.0515
09/08/2020,3.0250
09/04/2020,3.0620
09/03/2020,2.9750
09/02/2020,3.0205
09/01/2020,3.0285
08/31/2020,3.0615
08/28/2020,3.0195
08/27/2020,2.9675
08/26/2020,2.9615
08/25/2020,2.9340
08/24/2020,2.9265
08/21/2020,2.9175
08/20/2020,2.9745
08/19/2020,3.0230
08/18/2020,2.9750
08/17/2020,2.9015
08/14/2020,2.8590
08/13/2020,2.8070
08/12/2020,2.8910
08/11/2020,2.8755
08/10/2020,2.8615
08/07/2020,2.7925
08/06/2020,2.9105
08/05/2020,2.9170
08/04/2020,2.8945
08/03/2020,2.9120
07/31/2020,2.8680
07/30/2020,2.9140
07/29/2020,2.9190
07/28/2020,2.9175
07/27/2020,2.8975
07/24/2020,2.8925
07/23/2020,2.9385
07/22/2020,2.9245
07/21/2020,2.9580
07/20/2020,2.9155
07/17/2020,2.9045
07/16/2020,2.9015
07/15/2020,2.8850
07/14/2020,2.9325
07/13/2020,2.9550
07/10/2020,2.8975
07/09/2020,2.8385
07/08/2020,2.8240
07/07/2020,2.7970
07/06/2020,2.7745
07/02/2020,2.7485
07/01/2020,2.7340
06/30/2020,2.7285
06/29/2020,2.6925
06/26/2020,2.6590
06/25/2020,2.6630
06/24/2020,2.6505
06/23/2020,2.6585
06/22/2020,2.6525
06/19/2020,2.6110
06/18/2020,2.5880
06/17/2020,2.5895
06/16/2020,2.5645
06/15/2020,2.5670
06/12/2020,2.6000
06/11/2020,2.5865
06/10/2020,2.6565
06/09/2020,2.5990
06/08/2020,2.5655
06/05/2020,2.5555
06/04/2020,2.4895
06/03/2020,2.4875
06/02/2020,2.4910
06/01/2020,2.4705
05/29/2020,2.4255
05/28/2020,2.4135
05/27/2020,2.3820
05/26/2020,2.4185
05/22/2020,2.3865
05/21/2020,2.4320
05/20/2020,2.4600
05/19/2020,2.4180
05/18/2020,2.4040
05/15/2020,2.3305
05/14/2020,2.3460
05/13/2020,2.3460
05/12/2020,2.3590
05/11/2020,2.3800
05/08/2020,2.4060
05/07/2020,2.3805
05/06/2020,2.3470
05/05/2020,2.3325
05/04/2020,2.3125
05/01/2020,2.3120
04/30/2020,2.3440
04/29/2020,2.3705
04/28/2020,2.3455
04/27/2020,2.3500
04/24/2020,2.3370
04/23/2020,2.3120
04/22/2020,2.2900
04/21/2020,2.2295
04/20/2020,2.3200
04/17/2020,2.3445
04/16/2020,2.2910
04/15/2020,2.2960
04/14/2020,2.3295
04/13/2020,2.3025
04/09/2020,2.2595
04/08/2020,2.2600
04/07/2020,2.2725
04/06/2020,2.2175
04/03/2020,2.1925
04/02/2020,2.2185
04/01/2020,2.1745
03/31/2020,2.2280
03/30/2020,2.1555
03/27/2020,2.1720
03/26/2020,2.1780
03/25/2020,2.2040
03/24/2020,2.1800
03/23/2020,2.1005
03/20/2020,2.1715
03/19/2020,2.1855
03/18/2020,2.1510
03/17/2020,2.3135
03/16/2020,2.3925
03/13/2020,2.4640
03/12/2020,2.4725
03/11/2020,2.5020
03/10/2020,2.5215
03/09/2020,2.5105
03/06/2020,2.5605
03/05/2020,2.5730
03/04/2020,2.5860
03/03/2020,2.5730
03/02/2020,2.5950
02/28/2020,2.5715
02/27/2020,2.5715
02/26/2020,2.5725
02/25/2020,2.5780
02/24/2020,2.5770
02/21/2020,2.6080
02/20/2020,2.5880
02/19/2020,2.6060
02/18/2020,2.6040
02/14/2020,2.5995
02/13/2020,2.6130
02/12/2020,2.6000
02/11/2020,2.5830
02/10/2020,2.5505
02/07/2020,2.5530
02/06/2020,2.5930
02/05/2020,2.5745
02/04/2020,2.5420
02/03/2020,2.5070
01/31/2020,2.5170
01/30/2020,2.5240
01/29/2020,2.5540
01/28/2020,2.5795
01/27/2020,2.5965
01/24/2020,2.6840
01/23/2020,2.7260
01/22/2020,2.7650
01/21/2020,2.7935
01/17/2020,2.8455
01/16/2020,2.8470
01/15/2020,2.8660
01/14/2020,2.8735
01/13/2020,2.8610
01/10/2020,2.8135
01/09/2020,2.8020
01/08/2020,2.8120
01/07/2020,2.7935
01/06/2020,2.7900
01/03/2020,2.7870
01/02/2020,2.8250
12/31/2019,2.7970
12/30/2019,2.8335
12/27/2019,2.8295
12/26/2019,2.8490
12/24/2019,2.8275
12/23/2019,2.8085
12/20/2019,2.8060
12/19/2019,2.8265
12/18/2019,2.8125
12/17/2019,2.8135
12/16/2019,2.8115
12/13/2019,2.7810
12/12/2019,2.7895
12/11/2019,2.7895
12/10/2019,2.7655
12/09/2019,2.7585
12/06/2019,2.7250
12/05/2019,2.6630
12/04/2019,2.6590
12/03/2019,2.6230
12/02/2019,2.6505
11/29/2019,2.6615
11/27/2019,2.6745
11/26/2019,2.6775
11/25/2019,2.6475
11/22/2019,2.6480
11/21/2019,2.6235
11/20/2019,2.6495
11/19/2019,2.6565
11/18/2019,2.6200
11/15/2019,2.6380
11/14/2019,2.6215
11/13/2019,2.6395
11/12/2019,2.6455
11/11/2019,2.6640
11/08/2019,2.6820
11/07/2019,2.7275
11/06/2019,2.6650
11/05/2019,2.7005
11/04/2019,2.6710
11/01/2019,2.6530
10/31/2019,2.6380
10/30/2019,2.6860
10/29/2019,2.6915
10/28/2019,2.6830
10/25/2019,2.6755
10/24/2019,2.6680
10/23/2019,2.6715
10/22/2019,2.6330
10/21/2019,2.6465
10/18/2019,2.6360
10/17/2019,2.5975
10/16/2019,2.5895
10/15/2019,2.6140
10/14/2019,2.6340
10/11/2019,2.6280
10/10/2019,2.6135
10/09/2019,2.5680
10/08/2019,2.5685
10/07/2019,2.5770
10/04/2019,2.5625
10/03/2019,2.5535
10/02/2019,2.5705
10/01/2019,2.5605
09/30/2019,2.5785
09/27/2019,2.5975
09/26/2019,2.5775
09/25/2019,2.6120
09/24/2019,2.6065
09/23/2019,2.6115
09/20/2019,2.6065
09/19/2019,2.6085
09/18/2019,2.6130
09/17/2019,2.6270
09/16/2019,2.6405
09/13/2019,2.6995
09/12/2019,2.6405
09/11/2019,2.6145
09/10/2019,2.6280
09/09/2019,2.6275
09/06/2019,2.6340
09/05/2019,2.6420
09/04/2019,2.5950
09/03/2019,2.5280
08/30/2019,2.5515
08/29/2019,2.5775
08/28/2019,2.5540
08/27/2019,2.5475
08/26/2019,2.5435
08/23/2019,2.5300
08/22/2019,2.5575
08/21/2019,2.5855
08/20/2019,2.5780
08/19/2019,2.6015
08/16/2019,2.5950
08/15/2019,2.5950
08/14/2019,2.5920
08/13/2019,2.6300
08/12/2019,2.5850
08/09/2019,2.5890
08/08/2019,2.6075
08/07/2019,2.5710
08/06/2019,2.5575
08/05/2019,2.5440
08/02/2019,2.5715
08/01/2019,2.6655
07/31/2019,2.6660
07/30/2019,2.6785
07/29/2019,2.7175
07/26/2019,2.6850
07/25/2019,2.7035
07/24/2019,2.7120
07/23/2019,2.7000
07/22/2019,2.7220
07/19/2019,2.7525
07/18/2019,2.7100
07/17/2019,2.7160
07/16/2019,2.7000
07/15/2019,2.7110
07/12/2019,2.6940
07/11/2019,2.6875
07/10/2019,2.6940
07/09/2019,2.6250
07/08/2019,2.6590
07/05/2019,2.6610
07/03/2019,2.6830
07/02/2019,2.6640
07/01/2019,2.6880
06/28/2019,2.7135
06/27/2019,2.7165
06/26/2019,2.7135
06/25/2019,2.7355
06/24/2019,2.7055
06/21/2019,2.7045
06/20/2019,2.7120
06/19/2019,2.6805
06/18/2019,2.7030
06/17/2019,2.6465
06/14/2019,2.6295
06/13/2019,2.6565
06/12/2019,2.6540
06/11/2019,2.6715
06/10/2019,2.6615
06/07/2019,2.6275
06/06/2019,2.6505
06/05/2019,2.6230
06/04/2019,2.6690
06/03/2019,2.6500
05/31/2019,2.6400
05/30/2019,2.6540
05/29/2019,2.6640
05/28/2019,2.6960
05/24/2019,2.6995
05/23/2019,2.6805
05/22/2019,2.6780
05/21/2019,2.7150
05/20/2019,2.7260
05/17/2019,2.7385
05/16/2019,2.7480
05/15/2019,2.7430
05/14/2019,2.7250
05/13/2019,2.7190
05/10/2019,2.7745
05/09/2019,2.7715
05/08/2019,2.7745
05/07/2019,2.7855
05/06/2019,2.8295
05/03/2019,2.8200
05/02/2019,2.7800
05/01/2019,2.8030
04/30/2019,2.9040
04/29/2019,2.8970
04/26/2019,2.8865
04/25/2019,2.8615
04/24/2019,2.9100
04/23/2019,2.8935
04/22/2019,2.9015
04/18/2019,2.9200
04/17/2019,2.9675
04/16/2019,2.9305
04/15/2019,2.9350
04/12/2019,2.9460
04/11/2019,2.8870
04/10/2019,2.9255
04/09/2019,2.9340
04/08/2019,2.9320
04/05/2019,2.8945
04/04/2019,2.9100
04/03/2019,2.9485
04/02/2019,2.9055
04/01/2019,2.9245
03/29/2019,2.9360
03/28/2019,2.8725
03/27/2019,2.8630
03/26/2019,2.8540
03/25/2019,2.8565
03/22/2019,2.8425
03/21/2019,2.9060
03/20/2019,2.9210
03/19/2019,2.9230
03/18/2019,2.9090
03/15/2019,2.9060
03/14/2019,2.8915
03/13/2019,2.9355
03/12/2019,2.9285
03/11/2019,2.9010
03/08/2019,2.8935
03/07/2019,2.9105
03/06/2019,2.9185
03/05/2019,2.9335
03/04/2019,2.9090
03/01/2019,2.9320
02/28/2019,2.9480
02/27/2019,2.9625
02/26/2019,2.9450
02/25/2019,2.9450
02/22/2019,2.9515
02/21/2019,2.8970
02/20/2019,2.9200
02/19/2019,2.8745
02/15/2019,2.7985
02/14/2019,2.7740
02/13/2019,2.7730
02/12/2019,2.7720
02/11/2019,2.7900
02/08/2019,2.8105
02/07/2019,2.8285
02/06/2019,2.8365
02/05/2019,2.8170
02/04/2019,2.7945
02/01/2019,2.7730
01/31/2019,2.7845
01/30/2019,2.7675
01/29/2019,2.7250
01/28/2019,2.6800
01/25/2019,2.7290
01/24/2019,2.6445
01/23/2019,2.6545
01/22/2019,2.6595
01/18/2019,2.7190
01/17/2019,2.6800
01/16/2019,2.6735
01/15/2019,2.6345
01/14/2019,2.6350
01/11/2019,2.6620
01/10/2019,2.6375
01/09/2019,2.6570
01/08/2019,2.6560
01/07/2019,2.6370
01/04/2019,2.6475
01/03/2019,2.5680
01/02/2019,2.6230
12/31/2018,2.6310
12/28/2018,2.6815
12/27/2018,2.6680
12/26/2018,2.7000
12/24/2018,2.6610
12/21/2018,2.6740
12/20/2018,2.6965
12/19/2018,2.7160
12/18/2018,2.6645
12/17/2018,2.7545
12/14/2018,2.7625
12/13/2018,2.7670
12/12/2018,2.7700
12/11/2018,2.7670
12/10/2018,2.7200
12/07/2018,2.7595
12/06/2018,2.7430
12/04/2018,2.7590
12/03/2018,2.8095
11/30/2018,2.7875
11/29/2018,2.7895
11/28/2018,2.7955
11/27/2018,2.7075
11/26/2018,2.7555
11/23/2018,2.7665
11/21/2018,2.7945
11/20/2018,2.7665
11/19/2018,2.7990
11/16/2018,2.7985
11/15/2018,2.7465
11/14/2018,2.7100
11/13/2018,2.6870
11/12/2018,2.6765
11/09/2018,2.6845
11/08/2018,2.7360
11/07/2018,2.7545
11/06/2018,2.7325
11/05/2018,2.7560
11/02/2018,2.8070
11/01/2018,2.7215
10/31/2018,2.6590
10/30/2018,2.6640
10/29/2018,2.7405
10/26/2018,2.7410
10/25/2018,2.7545
10/24/2018,2.7575
10/23/2018,2.7580
10/22/2018,2.7855
10/19/2018,2.7780
10/18/2018,2.7465
10/17/2018,2.7780
10/16/2018,2.7795
10/15/2018,2.7885
10/12/2018,2.8005
10/11/2018,2.8030
10/10/2018,2.7805
10/09/2018,2.8065
10/08/2018,2.7670
10/05/2018,2.7630
10/04/2018,2.7775
10/03/2018,2.8340
10/02/2018,2.8065
10/01/2018,2.7875
09/28/2018,2.8050
09/27/2018,2.7830
09/26/2018,2.8280
09/25/2018,2.8235
09/24/2018,2.8360
09/21/2018,2.8575
09/20/2018,2.7400
09/19/2018,2.7295
09/18/2018,2.7305
09/17/2018,2.6510
09/14/2018,2.6460
09/13/2018,2.6830
09/12/2018,2.6760
09/11/2018,2.6215
09/10/2018,2.6280
09/07/2018,2.6225
09/06/2018,2.6365
09/05/2018,2.6100
09/04/2018,2.6020
08/31/2018,2.6710
08/30/2018,2.7175
08/29/2018,2.7100
08/28/2018,2.7360
08/27/2018,2.7085
08/24/2018,2.7005
08/23/2018,2.6545
08/22/2018,2.6735
08/21/2018,2.6955
08/20/2018,2.6685
08/17/2018,2.6290
08/16/2018,2.6165
08/15/2018,2.5600
08/14/2018,2.6820
08/13/2018,2.7310
08/10/2018,2.7425
08/09/2018,2.7655
08/08/2018,2.7510
08/07/2018,2.7520
08/06/2018,2.7315
08/03/2018,2.7635
08/02/2018,2.7375
08/01/2018,2.7475
07/31/2018,2.8315
07/30/2018,2.7920
07/27/2018,2.8020
07/26/2018,2.8180
07/25/2018,2.8175
07/24/2018,2.8105
07/23/2018,2.7465
07/20/2018,2.7560
07/19/2018,2.6955
07/18/2018,2.7600
07/17/2018,2.7470
07/16/2018,2.7645
07/13/2018,2.7755
07/12/2018,2.7770
07/11/2018,2.7435
07/10/2018,2.8395
07/09/2018,2.8500
07/06/2018,2.8240
07/05/2018,2.8260
07/03/2018,2.9170
07/02/2018,2.9440
06/29/2018,2.9660
06/28/2018,2.9715
06/27/2018,2.9845
06/26/2018,2.9920
06/25/2018,2.9870
06/22/2018,3.0270
06/21/2018,3.0215
06/20/2018,3.0405
06/19/2018,3.0470
06/18/2018,3.1065
06/15/2018,3.1445
06/14/2018,3.2220
06/13/2018,3.2540
06/12/2018,3.2495
06/11/2018,3.2570
06/08/2018,3.3000
06/07/2018,3.2750
06/06/2018,3.2620
06/05/2018,3.1985
06/04/2018,3.1345
06/01/2018,3.0985
05/31/2018,3.0650
05/30/2018,3.0690
05/29/2018,3.0625
05/25/2018,3.0775
05/24/2018,3.0960
05/23/2018,3.0705
05/22/2018,3.1320
05/21/2018,3.0985
05/18/2018,3.0635
05/17/2018,3.0890
05/16/2018,3.0705
05/15/2018,3.0560
05/14/2018,3.0930
05/11/2018,3.1115
05/10/2018,3.1100
05/09/2018,3.0575
05/08/2018,3.0590
05/07/2018,3.0790
05/04/2018,3.0855
05/03/2018,3.0805
05/02/2018,3.0685
05/01/2018,3.0375
04/30/2018,3.0740
04/27/2018,3.0695
04/26/2018,3.1140
04/25/2018,3.1345
04/24/2018,3.1420
04/23/2018,3.1105
04/20/2018,3.1350
04/19/2018,3.1320
04/18/2018,3.1585
04/17/2018,3.0795
04/16/2018,3.0955
04/13/2018,3.0710
04/12/2018,3.0635
04/11/2018,3.1170
04/10/2018,3.1370
04/09/2018,3.0770
04/06/2018,3.0585
04/05/2018,3.0745
04/04/2018,3.0105
04/03/2018,3.0635
04/02/2018,3.0500
03/29/2018,3.0255
03/28/2018,3.0020
03/27/2018,3.0005
03/26/2018,2.9700
03/23/2018,2.9930
03/22/2018,3.0200
03/21/2018,3.0585
03/20/2018,3.0380
03/19/2018,3.0820
03/16/2018,3.1075
03/15/2018,3.1275
03/14/2018,3.1585
03/13/2018,3.1380
03/12/2018,3.1240
03/09/2018,3.1360
03/08/2018,3.0790
03/07/2018,3.1360
03/06/2018,3.1590
03/05/2018,3.1280
03/02/2018,3.1245
03/01/2018,3.1230
02/28/2018,3.1325
02/27/2018,3.1865
02/26/2018,3.1975
02/23/2018,3.2125
02/22/2018,3.2415
02/21/2018,3.2160
02/20/2018,3.1905
02/16/2018,3.2485
02/15/2018,3.2455
02/14/2018,3.2360
02/13/2018,3.1625
02/12/2018,3.0865
02/09/2018,3.0335
02/08/2018,3.0820
02/07/2018,3.0875
02/06/2018,3.1890
02/05/2018,3.2210
02/02/2018,3.1875
02/01/2018,3.2090
01/31/2018,3.1955
01/30/2018,3.1890
01/29/2018,3.1940
01/26/2018,3.1990
01/25/2018,3.2165
01/24/2018,3.2285
01/23/2018,3.1110
01/22/2018,3.1985
01/19/2018,3.1875
01/18/2018,3.1990
01/17/2018,3.1890
01/16/2018,3.2195
01/12/2018,3.2185
01/11/2018,3.2330
01/10/2018,3.2355
01/09/2018,3.2160
01/08/2018,3.2240
01/05/2018,3.2295
01/04/2018,3.2630
01/03/2018,3.2575
01/02/2018,3.2780
12/29/2017,3.3005
12/28/2017,3.3085
12/27/2017,3.2840
12/26/2017,3.2805
12/22/2017,3.2385
12/21/2017,3.2195
12/20/2017,3.1960
12/19/2017,3.1515
12/18/2017,3.1460
12/15/2017,3.1345
12/14/2017,3.0725
12/13/2017,3.0535
12/12/2017,3.0230
12/11/2017,3.0115
12/08/2017,2.9785
12/07/2017,2.9645
12/06/2017,2.9615
12/05/2017,2.9460
12/04/2017,3.0900
12/01/2017,3.0925
11/30/2017,3.0640
11/29/2017,3.0685
11/28/2017,3.0715
11/27/2017,3.1345
11/24/2017,3.1690
11/22/2017,3.1370
11/21/2017,3.1285
11/20/2017,3.0930
11/17/2017,3.0670
11/16/2017,3.0480
11/15/2017,3.0545
11/14/2017,3.0650
11/13/2017,3.1165
11/10/2017,3.0760
11/09/2017,3.0860
11/08/2017,3.0995
11/07/2017,3.0890
11/06/2017,3.1575
11/03/2017,3.1175
11/02/2017,3.1435
11/01/2017,3.1425
10/31/2017,3.1010
10/30/2017,3.1120
10/27/2017,3.1035
10/26/2017,3.1775
10/25/2017,3.1830
10/24/2017,3.1980
10/23/2017,3.1880
10/20/2017,3.1655
10/19/2017,3.1675
10/18/2017,3.1780
10/17/2017,3.1955
10/16/2017,3.2390
10/13/2017,3.1335
10/12/2017,3.1200
10/11/2017,3.0955
10/10/2017,3.0605
10/09/2017,3.0310
10/06/2017,3.0290
10/05/2017,3.0465
10/04/2017,2.9590
10/03/2017,2.9635
10/02/2017,2.9555
09/29/2017,2.9550
09/28/2017,2.9810
09/27/2017,2.9295
09/26/2017,2.9190
09/25/2017,2.9375
09/22/2017,2.9445
09/21/2017,2.9345
09/20/2017,2.9690
09/19/2017,2.9695
09/18/2017,2.9690
09/15/2017,2.9490
09/14/2017,2.9575
09/13/2017,2.9810
09/12/2017,3.0360
09/11/2017,3.0660
09/08/2017,3.0415
09/07/2017,3.1435
09/06/2017,3.1515
09/05/2017,3.1280
09/01/2017,3.1180
08/31/2017,3.0985
08/30/2017,3.0870
08/29/2017,3.0810
08/28/2017,3.0630
08/25/2017,3.0335
08/24/2017,3.0340
08/23/2017,2.9805
08/22/2017,2.9870
08/21/2017,2.9805
08/18/2017,2.9395
08/17/2017,2.9380
08/16/2017,2.9535
08/15/2017,2.8830
08/14/2017,2.9045
08/11/2017,2.9120
08/10/2017,2.9030
08/09/2017,2.9270
08/08/2017,2.9425
08/07/2017,2.9070
08/04/2017,2.8850
08/03/2017,2.8780
08/02/2017,2.8845
08/01/2017,2.8810
07/31/2017,2.8915
07/28/2017,2.8750
07/27/2017,2.8775
07/26/2017,2.8720
07/25/2017,2.8465
07/24/2017,2.7365
07/21/2017,2.7225
07/20/2017,2.7160
07/19/2017,2.7105
07/18/2017,2.7305
07/17/2017,2.7240
07/14/2017,2.6910
07/13/2017,2.6615
07/12/2017,2.6840
07/11/2017,2.6720
07/10/2017,2.6475
07/07/2017,2.6470
07/06/2017,2.6615
07/05/2017,2.6600
07/03/2017,2.6930
06/30/2017,2.7110
06/29/2017,2.6955
06/28/2017,2.6605
06/27/2017,2.6470
06/26/2017,2.6255
06/23/2017,2.6240
06/22/2017,2.5990
06/21/2017,2.6020
06/20/2017,2.5545
06/19/2017,2.5895
06/16/2017,2.5640
06/15/2017,2.5655
06/14/2017,2.5735
06/13/2017,2.5965
06/12/2017,2.6155
06/09/2017,2.6495
06/08/2017,2.6095
06/07/2017,2.5515
06/06/2017,2.5470
06/05/2017,2.5575
06/02/2017,2.5745
06/01/2017,2.5875
05/31/2017,2.5800
05/30/2017,2.5640
05/26/2017,2.5660
05/25/2017,2.5975
05/24/2017,2.5835
05/23/2017,2.5960
05/22/2017,2.5955
05/19/2017,2.5815
05/18/2017,2.5315
05/17/2017,2.5465
05/16/2017,2.5505
05/15/2017,2.5390
05/12/2017,2.5240
05/11/2017,2.5080
05/10/2017,2.4945
05/09/2017,2.4980
05/08/2017,2.4935
05/05/2017,2.5285
05/04/2017,2.5115
05/03/2017,2.5435
05/02/2017,2.6355
05/01/2017,2.6605
04/28/2017,2.6075
04/27/2017,2.5930
04/26/2017,2.5885
04/25/2017,2.5785
04/24/2017,2.5525
04/21/2017,2.5375
04/20/2017,2.5420
04/19/2017,2.5345
04/18/2017,2.5290
04/17/2017,2.5960
04/13/2017,2.5705
04/12/2017,2.5450
04/11/2017,2.6080
04/10/2017,2.6040
04/07/2017,2.6470
04/06/2017,2.6580
04/05/2017,2.6800
04/04/2017,2.6120
04/03/2017,2.6035
03/31/2017,2.6525
03/30/2017,2.6715
03/29/2017,2.6775
03/28/2017,2.6760
03/27/2017,2.6320
03/24/2017,2.6310
03/23/2017,2.6445
03/22/2017,2.6305
03/21/2017,2.6185
03/20/2017,2.6670
03/17/2017,2.6915
03/16/2017,2.6775
03/15/2017,2.6565
03/14/2017,2.6350
03/13/2017,2.6255
03/10/2017,2.5950
03/09/2017,2.5800
03/08/2017,2.6005
03/07/2017,2.6185
03/06/2017,2.6520
03/03/2017,2.6965
03/02/2017,2.6905
03/01/2017,2.7360
02/28/2017,2.7140
02/27/2017,2.6980
02/24/2017,2.6800
02/23/2017,2.6435
02/22/2017,2.7330
02/21/2017,2.7455
02/17/2017,2.7070
02/16/2017,2.7185
02/15/2017,2.7405
02/14/2017,2.7370
02/13/2017,2.7830
02/10/2017,2.7680
02/09/2017,2.6535
02/08/2017,2.6665
02/07/2017,2.6320
02/06/2017,2.6515
02/03/2017,2.6160
02/02/2017,2.6855
02/01/2017,2.7115
01/31/2017,2.7275
01/30/2017,2.6550
01/27/2017,2.6895
01/26/2017,2.6730
01/25/2017,2.7100
01/24/2017,2.7085
01/23/2017,2.6475
01/20/2017,2.6250
01/19/2017,2.6105
01/18/2017,2.6165
01/17/2017,2.6250
01/13/2017,2.6900
01/12/2017,2.6715
01/11/2017,2.6105
01/10/2017,2.6125
01/09/2017,2.5385
01/06/2017,2.5460
01/05/2017,2.5375
01/04/2017,2.5565
01/03/2017,2.4890
12/30/2016,2.5055
12/29/2016,2.4880
12/28/2016,2.5005
12/27/2016,2.5155
12/23/2016,2.4790
12/22/2016,2.4995
12/21/2016,2.4970
12/20/2016,2.5025
12/19/2016,2.4995
12/16/2016,2.5645
12/15/2016,2.6005
12/14/2016,2.6045
12/13/2016,2.5985
12/12/2016,2.6190
12/09/2016,2.6475
12/08/2016,2.6260
12/07/2016,2.6440
12/06/2016,2.6800
12/05/2016,2.6980
12/02/2016,2.6250
12/01/2016,2.6430
11/30/2016,2.6330
11/29/2016,2.6100
11/28/2016,2.6565
11/25/2016,2.6680
11/23/2016,2.6075
11/22/2016,2.5445
11/21/2016,2.5150
11/18/2016,2.4675
11/17/2016,2.4910
11/16/2016,2.4675
11/15/2016,2.5050
11/14/2016,2.5210
11/11/2016,2.5090
11/10/2016,2.5510
11/09/2016,2.4595
11/08/2016,2.3800
11/07/2016,2.3095
11/04/2016,2.2650
11/03/2016,2.2490
11/02/2016,2.2305
11/01/2016,2.2290
10/31/2016,2.2050
10/28/2016,2.1935
10/27/2016,2.1635
10/26/2016,2.1455
10/25/2016,2.1385
10/24/2016,2.0930
10/21/2016,2.0885
10/20/2016,2.0960
10/19/2016,2.1035
10/18/2016,2.1055
10/17/2016,2.1070
10/14/2016,2.1105
10/13/2016,2.1220
10/12/2016,2.1765
10/11/2016,2.1855
10/10/2016,2.1975
10/07/2016,2.1635
10/06/2016,2.1555
10/05/2016,2.1645
10/04/2016,2.1670
10/03/2016,2.1920
09/30/2016,2.2105
09/29/2016,2.1900
09/28/2016,2.1875
09/27/2016,2.1710
09/26/2016,2.1985
09/23/2016,2.2010
09/22/2016,2.1945
09/21/2016,2.1550
09/20/2016,2.1650
09/19/2016,2.1565
09/16/2016,2.1600
09/15/2016,2.1595
09/14/2016,2.1550
09/13/2016,2.1015
09/12/2016,2.1000
09/09/2016,2.0925
09/08/2016,2.1000
09/07/2016,2.0975
09/06/2016,2.0890
09/02/2016,2.0780
09/01/2016,2.0755
08/31/2016,2.0775
08/30/2016,2.0765
08/29/2016,2.0745
08/26/2016,2.0785
08/25/2016,2.0765
08/24/2016,2.0765
08/23/2016,2.1150
08/22/2016,2.1400
08/19/2016,2.1670
08/18/2016,2.1675
08/17/2016,2.1520
08/16/2016,2.1720
08/15/2016,2.1515
08/12/2016,2.1400
08/11/2016,2.1910
08/10/2016,2.1710
08/09/2016,2.1500
08/08/2016,2.1650
08/05/2016,2.1540
08/04/2016,2.1740
08/03/2016,2.1985
08/02/2016,2.2090
08/01/2016,2.1995
07/29/2016,2.2215
07/28/2016,2.2090
07/27/2016,2.1850
07/26/2016,2.2255
07/25/2016,2.2170
07/22/2016,2.2355
07/21/2016,2.2585
07/20/2016,2.2540
07/19/2016,2.2630
07/18/2016,2.2370
07/15/2016,2.2335
07/14/2016,2.2430
07/13/2016,2.2400
07/12/2016,2.2130
07/11/2016,2.1475
07/08/2016,2.1190
07/07/2016,2.1235
07/06/2016,2.1535
07/05/2016,2.1835
07/01/2016,2.2170
06/30/2016,2.1955
06/29/2016,2.1860
06/28/2016,2.1705
06/27/2016,2.1220
06/24/2016,2.1105
06/23/2016,2.1625
06/22/2016,2.1355
06/21/2016,2.1160
06/20/2016,2.0930
06/17/2016,2.0510
06/16/2016,2.0480
06/15/2016,2.0910
06/14/2016,2.0405
06/13/2016,2.0535
06/10/2016,2.0305
06/09/2016,2.0390
06/08/2016,2.0615
06/07/2016,2.0510
06/06/2016,2.1175
06/03/2016,2.1130
06/02/2016,2.0700
06/01/2016,2.0730
05/31/2016,2.0955
05/27/2016,2.1140
05/26/2016,2.1025
05/25/2016,2.1015
05/24/2016,2.0665
05/23/2016,2.0550
05/20/2016,2.0555
05/19/2016,2.0610
05/18/2016,2.0785
05/17/2016,2.0890
05/16/2016,2.0890
05/13/2016,2.0740
05/12/2016,2.0745
05/11/2016,2.1035
05/10/2016,2.0925
05/09/2016,2.1065
05/06/2016,2.1540
05/05/2016,2.1540
05/04/2016,2.1865
05/03/2016,2.2190
05/02/2016,2.2665
04/29/2016,2.2835
04/28/2016,2.2315
04/27/2016,2.2165
04/26/2016,2.2420
04/25/2016,2.2525
04/22/2016,2.2645
04/21/2016,2.2510
04/20/2016,2.2380
04/19/2016,2.2235
04/18/2016,2.1645
04/15/2016,2.1530
04/14/2016,2.1710
04/13/2016,2.1680
04/12/2016,2.1470
04/11/2016,2.0905
04/08/2016,2.0870
04/07/2016,2.0765
04/06/2016,2.1435
04/05/2016,2.1380
04/04/2016,2.1405
04/01/2016,2.1630
03/31/2016,2.1830
03/30/2016,2.1900
03/29/2016,2.2140
03/28/2016,2.2460
03/24/2016,2.2290
03/23/2016,2.2355
03/22/2016,2.2895
03/21/2016,2.2925
03/18/2016,2.2825
03/17/2016,2.2925
03/16/2016,2.2340
03/15/2016,2.2335
03/14/2016,2.2395
03/11/2016,2.2410
03/10/2016,2.2200
03/09/2016,2.2325
03/08/2016,2.2220
03/07/2016,2.2835
03/04/2016,2.2745
03/03/2016,2.2085
03/02/2016,2.1810
03/01/2016,2.1455
02/29/2016,2.1325
02/26/2016,2.1250
02/25/2016,2.0665
02/24/2016,2.0960
02/23/2016,2.1055
02/22/2016,2.1150
02/19/2016,2.0765
02/18/2016,2.0735
02/17/2016,2.0755
02/16/2016,2.0510
02/12/2016,2.0290
02/11/2016,2.0065
02/10/2016,2.0270
02/09/2016,2.0395
02/08/2016,2.0905
02/05/2016,2.1030
02/04/2016,2.1315
02/03/2016,2.0950
02/02/2016,2.0550
02/01/2016,2.0555
01/29/2016,2.0670
01/28/2016,2.0515
01/27/2016,2.0640
01/26/2016,2.0375
01/25/2016,1.9980
01/22/2016,2.0025
01/21/2016,1.9965
01/20/2016,1.9595
01/19/2016,1.9775
01/15/2016,1.9435
01/14/2016,1.9760
01/13/2016,1.9560
01/12/2016,1.9590
01/11/2016,1.9725
01/08/2016,2.0220
01/07/2016,2.0220
01/06/2016,2.0880
01/05/2016,2.0955
01/04/2016,2.0795
12/31/2015,2.1350
12/30/2015,2.1465
12/29/2015,2.1365
12/28/2015,2.0790
12/24/2015,2.1240
12/23/2015,2.1245
12/22/2015,2.1090
12/21/2015,2.1400
12/18/2015,2.1125
12/17/2015,2.0435
12/16/2015,2.0715
12/15/2015,2.0565
12/14/2015,2.1115
12/11/2015,2.1165
12/10/2015,2.0725
12/09/2015,2.0660
12/08/2015,2.0540
12/07/2015,2.0510
12/04/2015,2.0790
12/03/2015,2.0610
12/02/2015,2.0330
12/01/2015,2.0715
11/30/2015,2.0485
11/27/2015,2.0505
11/25/2015,2.0460
11/24/2015,2.0545
11/23/2015,2.0210
11/20/2015,2.0550
11/19/2015,2.0765
11/18/2015,2.0780
11/17/2015,2.1040
11/16/2015,2.1155
11/13/2015,2.1680
11/12/2015,2.1725
11/11/2015,2.2180
11/10/2015,2.2175
11/09/2015,2.2300
11/06/2015,2.2420
11/05/2015,2.2550
11/04/2015,2.3225
11/03/2015,2.3305
11/02/2015,2.3190
10/30/2015,2.3175
10/29/2015,2.3210
10/28/2015,2.3625
10/27/2015,2.3620
10/26/2015,2.3570
10/23/2015,2.3500
10/22/2015,2.3835
10/21/2015,2.3605
10/20/2015,2.3655
10/19/2015,2.3675
10/16/2015,2.4035
10/15/2015,2.4230
10/14/2015,2.4155
10/13/2015,2.3875
10/12/2015,2.4155
10/09/2015,2.4140
10/08/2015,2.3430
10/07/2015,2.3670
10/06/2015,2.3550
10/05/2015,2.3555
10/02/2015,2.3255
10/01/2015,2.3045
09/30/2015,2.3410
09/29/2015,2.2515
09/28/2015,2.2515
09/25/2015,2.2835
09/24/2015,2.3025
09/23/2015,2.2955
09/22/2015,2.2975
09/21/2015,2.3885
09/18/2015,2.3860
09/17/2015,2.4520
09/16/2015,2.4520
09/15/2015,2.4260
09/14/2015,2.4060
09/11/2015,2.4540
09/10/2015,2.4470
09/09/2015,2.4370
09/08/2015,2.4340
09/04/2015,2.3120
09/03/2015,2.3845
09/02/2015,2.3295
09/01/2015,2.3015
08/31/2015,2.3375
08/28/2015,2.3460
08/27/2015,2.3340
08/26/2015,2.2480
08/25/2015,2.3135
08/24/2015,2.2590
08/21/2015,2.3035
08/20/2015,2.3195
08/19/2015,2.2760
08/18/2015,2.2870
08/17/2015,2.3210
08/14/2015,2.3515
08/13/2015,2.3530
08/12/2015,2.3500
08/11/2015,2.3315
08/10/2015,2.4000
08/07/2015,2.3325
08/06/2015,2.3410
08/05/2015,2.3485
08/04/2015,2.3620
08/03/2015,2.3460
07/31/2015,2.3635
07/30/2015,2.3770
07/29/2015,2.4075
07/28/2015,2.4025
07/27/2015,2.3535
07/24/2015,2.3825
07/23/2015,2.3855
07/22/2015,2.4280
07/21/2015,2.4745
07/20/2015,2.4815
07/17/2015,2.4960
07/16/2015,2.5230
07/15/2015,2.5215
07/14/2015,2.5350
07/13/2015,2.5445
07/10/2015,2.5375
07/09/2015,2.5515
07/08/2015,2.4970
07/07/2015,2.4465
07/06/2015,2.5380
07/02/2015,2.6310
07/01/2015,2.6305
06/30/2015,2.6150
06/29/2015,2.6335
06/26/2015,2.6445
06/25/2015,2.6230
06/24/2015,2.6245
06/23/2015,2.6130
06/22/2015,2.5670
06/19/2015,2.5690
06/18/2015,2.6060
06/17/2015,2.6040
06/16/2015,2.6155
06/15/2015,2.6470
06/12/2015,2.6780
06/11/2015,2.6690
06/10/2015,2.7470
06/09/2015,2.7140
06/08/2015,2.6965
06/05/2015,2.6925
06/04/2015,2.6870
06/03/2015,2.7265
06/02/2015,2.7360
06/01/2015,2.7200
05/29/2015,2.7280
05/28/2015,2.7675
05/27/2015,2.7685
05/26/2015,2.7780
05/22/2015,2.8110
05/21/2015,2.8485
05/20/2015,2.8290
05/19/2015,2.8375
05/18/2015,2.9065
05/15/2015,2.9245
05/14/2015,2.9235
05/13/2015,2.9290
05/12/2015,2.9315
05/11/2015,2.9030
05/08/2015,2.9205
05/07/2015,2.9180
05/06/2015,2.9260
05/05/2015,2.9350
05/04/2015,2.9205
05/01/2015,2.9295
04/30/2015,2.8865
04/29/2015,2.7990
04/28/2015,2.7800
04/27/2015,2.7700
04/24/2015,2.7480
04/23/2015,2.6940
04/22/2015,2.6655
04/21/2015,2.7020
04/20/2015,2.7325
04/17/2015,2.7740
04/16/2015,2.7740
04/15/2015,2.7125
04/14/2015,2.7000
04/13/2015,2.7190
04/10/2015,2.7340
04/09/2015,2.7290
04/08/2015,2.7315
04/07/2015,2.7630
04/06/2015,2.7170
04/02/2015,2.7340
04/01/2015,2.7485
03/31/2015,2.7400
03/30/2015,2.7815
03/27/2015,2.7675
03/26/2015,2.8110
03/25/2015,2.7920
03/24/2015,2.8030
03/23/2015,2.7895
03/20/2015,2.7610
03/19/2015,2.6600
03/18/2015,2.5705
03/17/2015,2.6330
03/16/2015,2.6675
03/13/2015,2.6635
03/12/2015,2.6585
03/11/2015,2.6060
03/10/2015,2.6240
03/09/2015,2.6705
03/06/2015,2.6090
03/05/2015,2.6525
03/04/2015,2.6595
03/03/2015,2.6565
03/02/2015,2.6975
02/27/2015,2.6915
02/26/2015,2.6945
02/25/2015,2.6635
02/24/2015,2.6480
02/23/2015,2.5925
02/20/2015,2.5945
02/19/2015,2.6200
02/18/2015,2.6145
02/17/2015,2.5815
02/13/2015,2.6050
02/12/2015,2.6020
02/11/2015,2.5410
02/10/2015,2.5515
02/09/2015,2.5805
02/06/2015,2.5855
02/05/2015,2.5950
02/04/2015,2.5910
02/03/2015,2.5815
02/02/2015,2.4900
01/30/2015,2.4945
01/29/2015,2.4515
01/28/2015,2.4795
01/27/2015,2.4625
01/26/2015,2.5430
01/23/2015,2.5015
01/22/2015,2.5785
01/21/2015,2.6125
01/20/2015,2.5940
01/16/2015,2.6170
01/15/2015,2.5580
01/14/2015,2.5055
01/13/2015,2.6440
01/12/2015,2.7255
01/09/2015,2.7545
01/08/2015,2.7695
01/07/2015,2.7585
01/06/2015,2.7670
01/05/2015,2.7660
01/02/2015,2.8175
12/31/2014,2.8255
12/30/2014,2.8540
12/29/2014,2.8220
12/26/2014,2.8140
12/24/2014,2.8535
12/23/2014,2.8660
12/22/2014,2.8725
12/19/2014,2.8845
12/18/2014,2.8535
12/17/2014,2.8705
12/16/2014,2.8585
12/15/2014,2.8785
12/12/2014,2.9340
12/11/2014,2.9210
12/10/2014,2.8930
12/09/2014,2.9275
12/08/2014,2.8855
12/05/2014,2.9025
12/04/2014,2.9145
12/03/2014,2.8720
12/02/2014,2.8915
12/01/2014,2.8980
11/28/2014,2.8460
11/26/2014,2.9565
11/25/2014,2.9570
11/24/2014,3.0000
11/21/2014,3.0315
11/20/2014,3.0195
11/19/2014,3.0450
11/18/2014,3.0020
11/17/2014,3.0395
11/14/2014,3.0465
11/13/2014,2.9945
11/12/2014,3.0250
11/11/2014,3.0330
11/10/2014,3.0200
11/07/2014,3.0385
11/06/2014,3.0175
11/05/2014,3.0075
11/04/2014,3.0185
11/03/2014,3.0650
10/31/2014,3.0470
10/30/2014,3.0625
10/29/2014,3.1045
10/28/2014,3.0930
10/27/2014,3.0640
10/24/2014,3.0410
10/23/2014,3.0400
10/22/2014,3.0175
10/21/2014,3.0280
10/20/2014,2.9880
10/17/2014,3.0035
10/16/2014,2.9815
10/15/2014,3.0090
10/14/2014,3.0900
10/13/2014,3.0405
10/10/2014,3.0350
10/09/2014,3.0300
10/08/2014,3.0035
10/07/2014,3.0390
10/06/2014,3.0355
10/03/2014,2.9985
10/02/2014,2.9985
10/01/2014,3.0360
09/30/2014,3.0075
09/29/2014,3.0565
09/26/2014,3.0355
09/25/2014,3.0300
09/24/2014,3.0535
09/23/2014,3.0350
09/22/2014,3.0385
09/19/2014,3.0915
09/18/2014,3.0940
09/17/2014,3.1435
09/16/2014,3.1660
09/15/2014,3.0855
09/12/2014,3.1065
09/11/2014,3.0925
09/10/2014,3.1105
09/09/2014,3.1020
09/08/2014,3.1685
09/05/2014,3.1695
09/04/2014,3.1510
09/03/2014,3.1270
09/02/2014,3.1550
08/29/2014,3.1605
08/28/2014,3.1505
08/27/2014,3.1985
08/26/2014,3.1860
08/25/2014,3.2180
08/22/2014,3.2045
08/21/2014,3.1760
08/20/2014,3.1770
08/19/2014,3.0885
08/18/2014,3.1090
08/15/2014,3.1030
08/14/2014,3.0910
08/13/2014,3.1120
08/12/2014,3.1545
08/11/2014,3.1745
08/08/2014,3.1735
08/07/2014,3.1760
08/06/2014,3.1660
08/05/2014,3.2045
08/04/2014,3.2440
08/01/2014,3.2145
07/31/2014,3.2310
07/30/2014,3.2415
07/29/2014,3.2190
07/28/2014,3.2435
07/25/2014,3.2405
07/24/2014,3.2665
07/23/2014,3.2070
07/22/2014,3.2080
07/21/2014,3.1990
07/18/2014,3.1845
07/17/2014,3.2205
07/16/2014,3.2145
07/15/2014,3.2495
07/14/2014,3.2490
07/11/2014,3.2690
07/10/2014,3.2670
07/09/2014,3.2480
07/08/2014,3.2570
07/07/2014,3.2610
07/03/2014,3.2795
07/02/2014,3.2650
07/01/2014,3.2040
06/30/2014,3.2035
06/27/2014,3.1680
06/26/2014,3.1655
06/25/2014,3.1670
06/24/2014,3.1510
06/23/2014,3.1495
06/20/2014,3.1215
06/19/2014,3.0785
06/18/2014,3.0600
06/17/2014,3.0610
06/16/2014,3.0500
06/13/2014,3.0295
06/12/2014,3.0155
06/11/2014,3.0405
06/10/2014,3.0530
06/09/2014,3.0435
06/06/2014,3.0510
06/05/2014,3.0905
06/04/2014,3.0930
06/03/2014,3.1370
06/02/2014,3.1705
05/30/2014,3.1235
05/29/2014,3.1445
05/28/2014,3.1735
05/27/2014,3.1775
05/23/2014,3.1675
05/22/2014,3.1420
05/21/2014,3.1230
05/20/2014,3.1450
05/19/2014,3.1670
05/16/2014,3.1470
05/15/2014,3.1445
05/14/2014,3.1600
05/13/2014,3.1355
05/12/2014,3.1495
05/09/2014,3.0830
05/08/2014,3.0625
05/07/2014,3.0325
05/06/2014,3.0570
05/05/2014,3.0535
05/02/2014,3.0700
05/01/2014,3.0215
04/30/2014,3.0275
04/29/2014,3.0730
04/28/2014,3.1100
04/25/2014,3.1245
04/24/2014,3.1205
04/23/2014,3.0590
04/22/2014,3.0535
04/21/2014,3.0430
04/17/2014,3.0450
04/16/2014,3.0255
04/15/2014,2.9875
04/14/2014,3.0475
04/11/2014,3.0415
04/10/2014,3.0450
04/09/2014,3.0370
04/08/2014,3.0510
04/07/2014,3.0395
04/04/2014,3.0225
04/03/2014,3.0270
04/02/2014,3.0455
04/01/2014,3.0345
03/31/2014,3.0255
03/28/2014,3.0415
03/27/2014,2.9930
03/26/2014,2.9655
03/25/2014,3.0055
03/24/2014,2.9455
03/21/2014,2.9505
03/20/2014,2.9285
03/19/2014,2.9870
03/18/2014,2.9515
03/17/2014,2.9520
03/14/2014,2.9505
03/13/2014,2.9230
03/12/2014,2.9620
03/11/2014,2.9520
03/10/2014,3.0315
03/07/2014,3.0825
03/06/2014,3.2180
03/05/2014,3.2025
03/04/2014,3.2145
03/03/2014,3.1720
02/28/2014,3.1875
02/27/2014,3.2365
02/26/2014,3.2445
02/25/2014,3.2585
02/24/2014,3.2700
02/21/2014,3.2910
02/20/2014,3.2790
02/19/2014,3.2855
02/18/2014,3.2855
02/14/2014,3.2645
02/13/2014,3.2500
02/12/2014,3.2560
02/11/2014,3.2150
02/10/2014,3.2245
02/07/2014,3.2360
02/06/2014,3.2290
02/05/2014,3.1885
02/04/2014,3.1920
02/03/2014,3.1835
01/31/2014,3.1970
01/30/2014,3.2265
01/29/2014,3.2405
01/28/2014,3.2530
01/27/2014,3.2590
01/24/2014,3.2715
01/23/2014,3.2855
01/22/2014,3.3370
01/21/2014,3.3510
01/17/2014,3.3445
01/16/2014,3.3425
01/15/2014,3.3580
01/14/2014,3.3360
01/13/2014,3.3465
01/10/2014,3.3415
01/09/2014,3.2990
01/08/2014,3.3425
01/07/2014,3.3595
01/06/2014,3.3595
01/03/2014,3.3550
01/02/2014,3.3815
12/31/2013,3.3965
12/30/2013,3.3825
12/27/2013,3.3850
12/26/2013,3.3985
12/24/2013,3.3740
12/23/2013,3.3075
12/20/2013,3.3080
12/19/2013,3.2955
12/18/2013,3.3190
12/17/2013,3.3215
12/16/2013,3.3295
12/13/2013,3.3120
12/12/2013,3.2955
12/11/2013,3.2950
12/10/2013,3.2665
12/09/2013,3.2580
12/06/2013,3.2485
12/05/2013,3.2295
12/04/2013,3.2490
12/03/2013,3.1675
12/02/2013,3.1825
11/29/2013,3.2305
11/27/2013,3.2005
11/26/2013,3.2140
11/25/2013,3.2250
11/22/2013,3.2140
11/21/2013,3.1915
11/20/2013,3.1595
11/19/2013,3.1575
11/18/2013,3.1495
11/15/2013,3.1710
11/14/2013,3.1605
11/13/2013,3.1595
11/12/2013,3.2340
11/11/2013,3.2595
11/08/2013,3.2540
11/07/2013,3.2485
11/06/2013,3.2370
11/05/2013,3.2585
11/04/2013,3.2530
11/01/2013,3.2985
10/31/2013,3.3005
10/30/2013,3.3255
10/29/2013,3.2780
10/28/2013,3.2690
10/25/2013,3.2690
10/24/2013,3.2635
10/23/2013,3.2675
10/22/2013,3.3355
10/21/2013,3.3035
10/18/2013,3.2990
10/17/2013,3.2970
10/16/2013,3.3080
10/15/2013,3.3075
10/14/2013,3.3030
10/11/2013,3.2690
10/10/2013,3.2485
10/09/2013,3.2310
10/08/2013,3.2925
10/07/2013,3.2965
10/04/2013,3.3010
10/03/2013,3.2685
10/02/2013,3.3160
10/01/2013,3.2740
09/30/2013,3.3230
09/27/2013,3.3295
09/26/2013,3.3070
09/25/2013,3.2720
09/24/2013,3.2565
09/23/2013,3.2985
09/20/2013,3.3205
09/19/2013,3.3470
09/18/2013,3.2785
09/17/2013,3.2230
09/16/2013,3.2220
09/13/2013,3.2035
09/12/2013,3.2100
09/11/2013,3.2570
09/10/2013,3.2625
09/09/2013,3.2780
09/06/2013,3.2615
09/05/2013,3.2440
09/04/2013,3.2410
09/03/2013,3.3045
08/30/2013,3.2330
08/29/2013,3.2440
08/28/2013,3.3015
08/27/2013,3.3285
08/26/2013,3.3195
08/23/2013,3.3485
08/22/2013,3.3300
08/21/2013,3.3065
08/20/2013,3.3380
08/19/2013,3.3320
08/16/2013,3.3630
08/15/2013,3.3375
08/14/2013,3.3400
08/13/2013,3.3170
08/12/2013,3.3030
08/09/2013,3.3065
08/08/2013,3.2705
08/07/2013,3.1730
08/06/2013,3.1730
08/05/2013,3.1680
08/02/2013,3.1725
08/01/2013,3.1660
07/31/2013,3.1185
07/30/2013,3.0420
07/29/2013,3.1075
07/26/2013,3.1055
07/25/2013,3.1855
07/24/2013,3.1790
07/23/2013,3.1980
07/22/2013,3.1850
07/19/2013,3.1400
07/18/2013,3.1315
07/17/2013,3.1285
07/16/2013,3.1865
07/15/2013,3.1445
07/12/2013,3.1550
07/11/2013,3.1775
07/10/2013,3.0910
07/09/2013,3.0645
07/08/2013,3.0995
07/05/2013,3.0650
07/03/2013,3.1745
07/02/2013,3.1430
07/01/2013,3.1570
06/28/2013,3.0575
06/27/2013,3.0525
06/26/2013,3.0410
06/25/2013,3.0725
06/24/2013,3.0245
06/21/2013,3.0955
06/20/2013,3.0620
06/19/2013,3.1410
06/18/2013,3.1550
06/17/2013,3.1975
06/14/2013,3.2015
06/13/2013,3.1850
06/12/2013,3.2255
06/11/2013,3.1950
06/10/2013,3.2410
06/07/2013,3.2685
06/06/2013,3.3190
06/05/2013,3.3715
06/04/2013,3.3690
06/03/2013,3.3305
05/31/2013,3.2925
05/30/2013,3.3155
05/29/2013,3.2970
05/28/2013,3.3150
05/24/2013,3.2955
05/23/2013,3.3040
05/22/2013,3.3805
05/21/2013,3.3435
05/20/2013,3.3600
05/17/2013,3.3230
05/16/2013,3.2945
05/15/2013,3.2650
05/14/2013,3.2880
05/13/2013,3.3595
05/10/2013,3.3530
05/09/2013,3.3405
05/08/2013,3.3705
05/07/2013,3.3025
05/06/2013,3.3105
05/03/2013,3.3145
05/02/2013,3.1045
05/01/2013,3.0800
04/30/2013,3.1875
04/29/2013,3.2255
04/26/2013,3.1845
04/25/2013,3.2370
04/24/2013,3.1570
04/23/2013,3.0930
04/22/2013,3.1310
04/19/2013,3.1485
04/18/2013,3.2045
04/17/2013,3.1875
04/16/2013,3.3055
04/15/2013,3.2730
04/12/2013,3.3500
04/11/2013,3.4335
04/10/2013,3.4180
04/09/2013,3.4415
04/08/2013,3.3710
04/05/2013,3.3440
04/04/2013,3.3515
04/03/2013,3.3330
04/02/2013,3.3785
04/01/2013,3.3745
03/28/2013,3.4020
03/27/2013,3.4435
03/26/2013,3.4425
03/25/2013,3.4450
03/22/2013,3.4660
03/21/2013,3.4350
03/20/2013,3.4465
03/19/2013,3.4055
03/18/2013,3.4280
03/15/2013,3.5205
03/14/2013,3.5365
03/13/2013,3.5250
03/12/2013,3.5545
03/11/2013,3.5170
03/08/2013,3.5090
03/07/2013,3.5205
03/06/2013,3.4930
03/05/2013,3.5150
03/04/2013,3.5015
03/01/2013,3.5010
02/28/2013,3.5475
02/27/2013,3.5450
02/26/2013,3.5665
02/25/2013,3.5430
02/22/2013,3.5330
02/21/2013,3.5530
02/20/2013,3.6080
02/19/2013,3.6495
02/15/2013,3.7370
02/14/2013,3.7375
02/13/2013,3.7425
02/12/2013,3.7440
02/11/2013,3.7225
02/08/2013,3.7595
02/07/2013,3.7270
02/06/2013,3.7405
02/05/2013,3.7700
02/04/2013,3.7685
02/01/2013,3.7845
01/31/2013,3.7320
01/30/2013,3.7500
01/29/2013,3.6915
01/28/2013,3.6615
01/25/2013,3.6520
01/24/2013,3.6765
01/23/2013,3.6845
01/22/2013,3.7050
01/18/2013,3.6790
01/17/2013,3.6620
01/16/2013,3.6065
01/15/2013,3.6375
01/14/2013,3.6340
01/11/2013,3.6540
01/10/2013,3.7090
01/09/2013,3.6705
01/08/2013,3.6720
01/07/2013,3.6780
01/04/2013,3.6935
01/03/2013,3.7170
01/02/2013,3.7360
12/31/2012,3.6525
12/28/2012,3.5895
12/27/2012,3.6010
12/26/2012,3.5975
12/24/2012,3.5460
12/21/2012,3.5670
12/20/2012,3.5360
12/19/2012,3.6055
12/18/2012,3.6535
12/17/2012,3.6660
12/14/2012,3.6830
12/13/2012,3.6600
12/12/2012,3.7160
12/11/2012,3.6865
12/10/2012,3.7060
12/07/2012,3.6630
12/06/2012,3.6445
12/05/2012,3.6865
12/04/2012,3.6555
12/03/2012,3.6585
11/30/2012,3.6500
11/29/2012,3.5885
11/28/2012,3.5245
11/27/2012,3.5365
11/26/2012,3.5365
11/23/2012,3.5280
11/21/2012,3.4960
11/20/2012,3.5165
11/19/2012,3.5275
11/16/2012,3.4515
11/15/2012,3.4625
11/14/2012,3.4535
11/13/2012,3.4710
11/12/2012,3.4680
11/09/2012,3.4455
11/08/2012,3.4695
11/07/2012,3.4415
11/06/2012,3.5060
11/05/2012,3.4700
11/02/2012,3.4815
11/01/2012,3.5520
10/31/2012,3.5175
10/26/2012,3.5500
10/25/2012,3.5505
10/24/2012,3.5680
10/23/2012,3.5695
10/22/2012,3.6220
10/19/2012,3.6375
10/18/2012,3.7430
10/17/2012,3.7480
10/16/2012,3.7000
10/15/2012,3.7015
10/12/2012,3.7030
10/11/2012,3.7515
10/10/2012,3.7180
10/09/2012,3.7180
10/08/2012,3.7180
10/05/2012,3.7780
10/04/2012,3.7860
10/03/2012,3.7840
10/02/2012,3.8010
10/01/2012,3.7855
09/28/2012,3.7580
09/27/2012,3.7440
09/26/2012,3.7100
09/25/2012,3.7585
09/24/2012,3.7315
09/21/2012,3.7890
09/20/2012,3.7590
09/19/2012,3.8140
09/18/2012,3.7870
09/17/2012,3.7920
09/14/2012,3.8325
09/13/2012,3.7100
09/12/2012,3.6925
09/11/2012,3.6970
09/10/2012,3.6885
09/07/2012,3.6450
09/06/2012,3.5165
09/05/2012,3.5290
09/04/2012,3.4690
08/31/2012,3.4570
08/30/2012,3.4405
08/29/2012,3.4425
08/28/2012,3.4625
08/27/2012,3.4765
08/24/2012,3.4835
08/23/2012,3.4925
08/22/2012,3.4545
08/21/2012,3.4530
08/20/2012,3.3710
08/17/2012,3.4195
08/16/2012,3.3825
08/15/2012,3.3495
08/14/2012,3.3590
08/13/2012,3.3535
08/10/2012,3.3925
08/09/2012,3.4250
08/08/2012,3.4215
08/07/2012,3.4405
08/06/2012,3.3890
08/03/2012,3.3675
08/02/2012,3.2905
08/01/2012,3.3750
07/31/2012,3.4175
07/30/2012,3.4160
07/27/2012,3.4260
07/26/2012,3.3935
07/25/2012,3.3745
07/24/2012,3.3530
07/23/2012,3.3800
07/20/2012,3.4480
07/19/2012,3.5345
07/18/2012,3.4740
07/17/2012,3.4555
07/16/2012,3.4850
07/13/2012,3.5040
07/12/2012,3.4150
07/11/2012,3.4475
07/10/2012,3.3980
07/09/2012,3.4315
07/06/2012,3.4095
07/05/2012,3.4930
07/03/2012,3.5400
07/02/2012,3.4690
06/29/2012,3.4965
06/28/2012,3.3260
06/27/2012,3.3495
06/26/2012,3.3130
06/25/2012,3.3160
06/22/2012,3.3060
06/21/2012,3.2980
06/20/2012,3.3875
06/19/2012,3.4335
06/18/2012,3.3955
06/15/2012,3.3835
06/14/2012,3.3545
06/13/2012,3.3395
06/12/2012,3.3355
06/11/2012,3.3430
06/08/2012,3.2850
06/07/2012,3.3705
06/06/2012,3.3790
06/05/2012,3.2890
06/04/2012,3.3070
06/01/2012,3.3135
05/31/2012,3.3655
05/30/2012,3.3900
05/29/2012,3.4620
05/25/2012,3.4480
05/24/2012,3.4285
05/23/2012,3.3960
05/22/2012,3.4870
05/21/2012,3.5020
05/18/2012,3.4685
05/17/2012,3.4790
05/16/2012,3.4780
05/15/2012,3.5175
05/14/2012,3.5540
05/11/2012,3.6480
05/10/2012,3.6905
05/09/2012,3.6595
05/08/2012,3.6775
05/07/2012,3.7735
05/04/2012,3.7210
05/03/2012,3.7360
05/02/2012,3.7870
05/01/2012,3.8435
04/30/2012,3.8295
04/27/2012,3.8200
04/26/2012,3.7670
04/25/2012,3.7000
04/24/2012,3.6725
04/23/2012,3.6260
04/20/2012,3.6980
04/19/2012,3.6275
04/18/2012,3.6310
04/17/2012,3.6470
04/16/2012,3.6280
04/13/2012,3.6270
04/12/2012,3.7205
04/11/2012,3.6395
04/10/2012,3.6500
04/09/2012,3.7200
04/05/2012,3.7955
04/04/2012,3.7905
04/03/2012,3.9190
04/02/2012,3.9210
03/30/2012,3.8250
03/29/2012,3.7965
03/28/2012,3.7925
03/27/2012,3.8800
03/26/2012,3.8875
03/23/2012,3.8085
03/22/2012,3.7655
03/21/2012,3.8455
03/20/2012,3.8305
03/19/2012,3.9090
03/16/2012,3.8780
03/15/2012,3.8975
03/14/2012,3.8480
03/13/2012,3.9025
03/12/2012,3.8375
03/09/2012,3.8585
03/08/2012,3.7915
03/07/2012,3.7670
03/06/2012,3.7375
03/05/2012,3.8595
03/02/2012,3.9030
03/01/2012,3.9315
02/29/2012,3.8795
02/28/2012,3.9120
02/27/2012,3.8805
02/24/2012,3.8630
02/23/2012,3.8060
02/22/2012,3.8335
02/21/2012,3.8365
02/17/2012,3.7080
02/16/2012,3.7910
02/15/2012,3.8015
02/14/2012,3.8145
02/13/2012,3.8395
02/10/2012,3.8620
02/09/2012,3.9785
02/08/2012,3.9095
02/07/2012,3.8760
02/06/2012,3.8645
02/03/2012,3.9015
02/02/2012,3.7810
02/01/2012,3.8420
01/31/2012,3.7900
01/30/2012,3.8265
01/27/2012,3.8890
01/26/2012,3.9015
01/25/2012,3.8295
01/24/2012,3.8075
01/23/2012,3.7985
01/20/2012,3.7450
01/19/2012,3.8005
01/18/2012,3.7525
01/17/2012,3.7295
01/13/2012,3.6370
01/12/2012,3.6490
01/11/2012,3.5460
01/10/2012,3.5130
01/09/2012,3.4160
01/06/2012,3.4350
01/05/2012,3.4265
01/04/2012,3.4345
01/03/2012,3.5285
12/30/2011,3.4360
12/29/2011,3.3700
12/28/2011,3.3655
12/27/2011,3.4090
12/23/2011,3.4695
12/22/2011,3.4155
12/21/2011,3.3945
12/20/2011,3.3695
12/19/2011,3.3085
12/16/2011,3.3310
12/15/2011,3.2670
12/14/2011,3.2785
12/13/2011,3.4415
12/12/2011,3.4640
12/09/2011,3.5575
12/08/2011,3.5000
12/07/2011,3.5560
12/06/2011,3.5755
12/05/2011,3.6155
12/02/2011,3.5845
12/01/2011,3.5340
11/30/2011,3.5755
11/29/2011,3.3760
11/28/2011,3.3605
11/25/2011,3.2700
11/23/2011,3.2790
11/22/2011,3.3330
11/21/2011,3.3030
11/18/2011,3.4020
11/17/2011,3.3825
11/16/2011,3.4845
11/15/2011,3.5015
11/14/2011,3.4880
11/11/2011,3.4635
11/10/2011,3.3740
11/09/2011,3.4410
11/08/2011,3.5330
11/07/2011,3.5355
11/04/2011,3.5645
11/03/2011,3.5885
11/02/2011,3.5810
11/01/2011,3.5025
10/31/2011,3.6320
10/28/2011,3.7060
10/27/2011,3.6920
10/26/2011,3.4900
10/25/2011,3.4205
10/24/2011,3.4490
10/21/2011,3.2230
10/20/2011,3.0575
10/19/2011,3.2580
10/18/2011,3.3600
10/17/2011,3.3780
10/14/2011,3.4085
10/13/2011,3.3070
10/12/2011,3.3935
10/11/2011,3.2905
10/10/2011,3.3680
10/07/2011,3.2735
10/06/2011,3.2465
10/05/2011,3.1060
10/04/2011,3.1035
10/03/2011,3.1505
09/30/2011,3.1520
09/29/2011,3.2460
09/28/2011,3.2465
09/27/2011,3.4395
09/26/2011,3.2830
09/23/2011,3.2800
09/22/2011,3.4885
09/21/2011,3.7640
09/20/2011,3.7255
09/19/2011,3.7825
09/16/2011,3.9315
09/15/2011,3.9570
09/14/2011,3.8980
09/13/2011,3.9700
09/12/2011,3.9655
09/09/2011,4.0025
09/08/2011,4.1435
09/07/2011,4.1320
09/06/2011,4.0560
09/02/2011,4.1245
09/01/2011,4.1605
08/31/2011,4.2045
08/30/2011,4.1230
08/29/2011,4.0890
08/26/2011,4.0990
08/25/2011,4.0790
08/24/2011,3.9980
08/23/2011,3.9960
08/22/2011,3.9555
08/19/2011,3.9835
08/18/2011,3.9660
08/17/2011,4.0320
08/16/2011,3.9940
08/15/2011,4.0320
08/12/2011,4.0120
08/11/2011,4.0085
08/10/2011,3.8885
08/09/2011,3.9700
08/08/2011,3.9615
08/05/2011,4.1170
08/04/2011,4.2355
08/03/2011,4.3260
08/02/2011,4.3950
08/01/2011,4.4100
07/29/2011,4.4795
07/28/2011,4.4695
07/27/2011,4.4465
07/26/2011,4.4780
07/25/2011,4.4065
07/22/2011,4.4100
07/21/2011,4.3835
07/20/2011,4.4360
07/19/2011,4.4680
07/18/2011,4.4030
07/15/2011,4.4130
07/14/2011,4.3800
07/13/2011,4.4035
07/12/2011,4.3915
07/11/2011,4.3680
07/08/2011,4.4120
07/07/2011,4.4420
07/06/2011,4.3350
07/05/2011,4.3475
07/01/2011,4.3025
06/30/2011,4.2825
06/29/2011,4.2095
06/28/2011,4.0920
06/27/2011,4.0515
06/24/2011,4.0985
06/23/2011,4.0390
06/22/2011,4.0880
06/21/2011,4.0885
06/20/2011,4.0735
06/17/2011,4.1020
06/16/2011,4.1175
06/15/2011,4.1220
06/14/2011,4.1550
06/13/2011,4.0345
06/10/2011,4.0560
06/09/2011,4.1075
06/08/2011,4.1085
06/07/2011,4.1495
06/06/2011,4.1420
06/03/2011,4.1345
06/02/2011,4.0845
06/01/2011,4.1065
05/31/2011,4.1775
05/27/2011,4.1860
05/26/2011,4.1110
05/25/2011,4.1070
05/24/2011,4.0130
05/23/2011,3.9915
05/20/2011,4.1215
05/19/2011,4.0525
05/18/2011,4.1050
05/17/2011,3.9985
05/16/2011,3.9905
05/13/2011,3.9835
05/12/2011,3.9705
05/11/2011,3.9135
05/10/2011,4.0420
05/09/2011,4.0165
05/06/2011,3.9755
05/05/2011,3.9980
05/04/2011,4.1340
05/03/2011,4.2530
05/02/2011,4.1960
04/29/2011,4.1790
04/28/2011,4.2450
04/27/2011,4.2280
04/26/2011,4.3190
04/25/2011,4.3030
04/21/2011,4.4000
04/20/2011,4.3395
04/19/2011,4.2295
04/18/2011,4.1980
04/15/2011,4.2575
04/14/2011,4.2840
04/13/2011,4.2945
04/12/2011,4.3835
04/11/2011,4.4600
04/08/2011,4.5015
04/07/2011,4.4165
04/06/2011,4.3700
04/05/2011,4.2645
04/04/2011,4.2550
04/01/2011,4.2585
03/31/2011,4.3075
03/30/2011,4.2740
03/29/2011,4.3465
03/28/2011,4.3500
03/25/2011,4.4190
03/24/2011,4.4245
03/23/2011,4.4285
03/22/2011,4.3130
03/21/2011,4.2860
03/18/2011,4.3390
03/17/2011,4.3440
03/16/2011,4.1975
03/15/2011,4.1370
03/14/2011,4.1865
03/11/2011,4.2075
03/10/2011,4.1975
03/09/2011,4.2125
03/08/2011,4.3385
03/07/2011,4.3270
03/04/2011,4.4855
03/03/2011,4.4900
03/02/2011,4.4980
03/01/2011,4.5095
02/28/2011,4.4965
02/25/2011,4.4360
02/24/2011,4.3265
02/23/2011,4.2755
02/22/2011,4.3470
02/18/2011,4.4820
02/17/2011,4.4840
02/16/2011,4.4700
02/15/2011,4.5360
02/14/2011,4.6285
02/11/2011,4.5360
02/10/2011,4.5435
02/09/2011,4.5240
02/08/2011,4.5740
02/07/2011,4.5750
02/04/2011,4.5795
02/03/2011,4.5445
02/02/2011,4.5440
02/01/2011,4.5470
01/31/2011,4.4585
01/28/2011,4.3730
01/27/2011,4.3385
01/26/2011,4.2670
01/25/2011,4.2260
01/24/2011,4.3485
01/21/2011,4.3090
01/20/2011,4.2720
01/19/2011,4.3700
01/18/2011,4.4280
01/14/2011,4.4120
01/13/2011,4.3770
01/12/2011,4.4115
01/11/2011,4.3490
01/10/2011,4.2645
01/07/2011,4.2825
01/06/2011,4.3295
01/05/2011,4.4080
01/04/2011,4.3690
01/03/2011,4.4575
12/31/2010,4.4470
12/30/2010,4.3625
12/29/2010,4.3115
12/28/2010,4.3280
12/27/2010,4.2800
12/23/2010,4.2585
12/22/2010,4.2750
12/21/2010,4.2760
12/20/2010,4.2060
12/17/2010,4.1590
12/16/2010,4.1160
12/15/2010,4.1325
12/14/2010,4.2090
12/13/2010,4.2070
12/10/2010,4.1120
12/09/2010,4.0870
12/08/2010,4.1005
12/07/2010,4.0495
12/06/2010,4.0080
12/03/2010,3.9990
12/02/2010,3.9790
12/01/2010,3.9475
11/30/2010,3.8255
11/29/2010,3.7580
11/26/2010,3.7510
11/24/2010,3.7555
11/23/2010,3.7025
11/22/2010,3.7515
11/19/2010,3.8335
11/18/2010,3.8310
11/17/2010,3.7295
11/16/2010,3.7275
11/15/2010,3.9250
11/12/2010,3.8935
11/11/2010,4.0225
11/10/2010,3.9690
11/09/2010,4.0430
11/08/2010,3.9565
11/05/2010,3.9485
11/04/2010,3.9120
11/03/2010,3.7850
11/02/2010,3.8390
11/01/2010,3.7850
10/29/2010,3.7335
10/28/2010,3.7875
10/27/2010,3.7755
10/26/2010,3.8690
10/25/2010,3.8630
10/22/2010,3.7970
10/21/2010,3.7815
10/20/2010,3.7935
10/19/2010,3.7575
10/18/2010,3.8550
10/15/2010,3.8390
10/14/2010,3.8155
10/13/2010,3.8205
10/12/2010,3.7895
10/11/2010,3.7895
10/08/2010,3.7745
10/07/2010,3.6795
10/06/2010,3.7530
10/05/2010,3.7265
10/04/2010,3.6640
10/01/2010,3.6905
09/30/2010,3.6515
09/29/2010,3.6615
09/28/2010,3.6370
09/27/2010,3.5970
09/24/2010,3.6180
09/23/2010,3.5905
09/22/2010,3.5650
09/21/2010,3.4810
09/20/2010,3.5045
09/17/2010,3.5220
09/16/2010,3.4935
09/15/2010,3.4665
09/14/2010,3.4685
09/13/2010,3.4790
09/10/2010,3.4065
09/09/2010,3.4435
09/08/2010,3.5005
09/07/2010,3.4705
09/03/2010,3.5000
09/02/2010,3.4955
09/01/2010,3.4775
08/31/2010,3.3700
08/30/2010,3.4130
08/27/2010,3.3630
08/26/2010,3.3045
08/25/2010,3.2110
08/24/2010,3.2410
08/23/2010,3.2915
08/20/2010,3.2910
08/19/2010,3.3185
08/18/2010,3.3495
08/17/2010,3.3385
08/16/2010,3.2795
08/13/2010,3.2520
08/12/2010,3.2840
08/11/2010,3.2540
08/10/2010,3.3125
08/09/2010,3.3540
08/06/2010,3.3430
08/05/2010,3.3535
08/04/2010,3.4045
08/03/2010,3.3585
08/02/2010,3.3895
07/30/2010,3.3115
07/29/2010,3.2900
07/28/2010,3.2455
07/27/2010,3.2065
07/26/2010,3.2230
07/23/2010,3.1850
07/22/2010,3.1645
07/21/2010,3.0930
07/20/2010,3.0015
07/19/2010,2.9380
07/16/2010,2.9295
07/15/2010,3.0120
07/14/2010,3.0085
07/13/2010,3.0175
07/12/2010,3.0090
07/09/2010,3.0535
07/08/2010,3.0155
07/07/2010,3.0150
07/06/2010,2.9710
07/02/2010,2.9160
07/01/2010,2.8770
06/30/2010,2.9505
06/29/2010,2.9305
06/28/2010,3.0715
06/25/2010,3.0955
06/24/2010,3.0055
06/23/2010,2.9355
06/22/2010,2.9920
06/21/2010,2.9420
06/18/2010,2.8840
06/17/2010,2.9055
06/16/2010,2.9955
06/15/2010,3.0045
06/14/2010,2.9920
06/11/2010,2.9040
06/10/2010,2.8625
06/09/2010,2.8500
06/08/2010,2.7795
06/07/2010,2.7660
06/04/2010,2.8195
06/03/2010,2.9465
06/02/2010,3.0405
06/01/2010,3.0630
05/28/2010,3.1045
05/27/2010,3.1585
05/26/2010,3.0805
05/25/2010,3.0420
05/24/2010,3.1475
05/21/2010,3.0610
05/20/2010,2.9445
05/19/2010,2.9595
05/18/2010,3.0310
05/17/2010,2.9320
05/14/2010,3.1340
05/13/2010,3.2315
05/12/2010,3.1880
05/11/2010,3.2065
05/10/2010,3.2280
05/07/2010,3.1445
05/06/2010,3.1170
05/05/2010,3.1515
05/04/2010,3.1785
05/03/2010,3.2935
04/30/2010,3.3535
04/29/2010,3.3335
04/28/2010,3.3685
04/27/2010,3.3635
04/26/2010,3.5280
04/23/2010,3.5130
04/22/2010,3.4865
04/21/2010,3.5350
04/20/2010,3.5135
04/19/2010,3.4970
04/16/2010,3.5145
04/15/2010,3.6005
04/14/2010,3.6105
04/13/2010,3.6005
04/12/2010,3.5645
04/09/2010,3.5900
04/08/2010,3.5865
04/07/2010,3.5975
04/06/2010,3.6170
04/05/2010,3.6315
04/01/2010,3.5840
