date,NLR_EFT
03/11/2023,71.36
02/11/2023,72.14
01/11/2023,70.98
31/10/2023,69.93
30/10/2023,68.35
27/10/2023,67.28
26/10/2023,68.63
25/10/2023,69.41
24/10/2023,69.47
23/10/2023,68.05
20/10/2023,67.97
19/10/2023,68.88
18/10/2023,68.22
17/10/2023,68.73
16/10/2023,67.90
13/10/2023,68.55
12/10/2023,68.08
11/10/2023,69.24
10/10/2023,69.71
09/10/2023,68.25
06/10/2023,68.99
05/10/2023,67.74
04/10/2023,66.79
03/10/2023,67.19
02/10/2023,68.33
29/09/2023,70.85
28/09/2023,72.39
27/09/2023,70.69
26/09/2023,71.11
25/09/2023,72.99
22/09/2023,71.37
21/09/2023,69.07
20/09/2023,70.23
19/09/2023,70.21
18/09/2023,71.05
15/09/2023,70.72
14/09/2023,70.19
13/09/2023,68.27
12/09/2023,66.76
11/09/2023,67.00
08/09/2023,66.00
07/09/2023,65.54
06/09/2023,65.54
05/09/2023,66.12
01/09/2023,65.22
31/08/2023,64.29
30/08/2023,64.86
29/08/2023,64.39
28/08/2023,64.20
25/08/2023,63.82
24/08/2023,62.92
23/08/2023,63.94
22/08/2023,63.28
21/08/2023,63.27
18/08/2023,61.68
17/08/2023,60.73
16/08/2023,61.12
15/08/2023,61.31
14/08/2023,62.38
11/08/2023,62.46
10/08/2023,61.70
09/08/2023,61.69
08/08/2023,61.56
07/08/2023,61.53
04/08/2023,60.80
03/08/2023,60.26
02/08/2023,60.25
01/08/2023,61.01
31/07/2023,61.38
28/07/2023,59.95
27/07/2023,59.35
26/07/2023,60.90
25/07/2023,61.29
24/07/2023,60.46
21/07/2023,60.31
20/07/2023,60.76
19/07/2023,60.74
18/07/2023,60.78
17/07/2023,60.34
14/07/2023,60.26
13/07/2023,61.48
12/07/2023,60.53
11/07/2023,59.77
10/07/2023,58.96
07/07/2023,58.69
06/07/2023,57.86
05/07/2023,59.15
03/07/2023,59.51
30/06/2023,59.40
29/06/2023,58.94
28/06/2023,58.76
27/06/2023,58.66
26/06/2023,58.15
23/06/2023,58.09
22/06/2023,59.02
21/06/2023,59.96
20/06/2023,60.15
16/06/2023,60.59
15/06/2023,60.23
14/06/2023,59.59
13/06/2023,60.12
12/06/2023,60.24
09/06/2023,58.98
08/06/2023,58.78
07/06/2023,58.00
06/06/2023,57.91
05/06/2023,58.48
02/06/2023,57.73
01/06/2023,56.95
31/05/2023,54.64
30/05/2023,53.64
26/05/2023,54.74
25/05/2023,54.87
24/05/2023,55.67
23/05/2023,56.34
22/05/2023,56.89
19/05/2023,55.82
18/05/2023,55.86
17/05/2023,56.45
16/05/2023,56.38
15/05/2023,57.46
12/05/2023,57.58
11/05/2023,57.50
10/05/2023,58.44
09/05/2023,58.20
08/05/2023,57.09
05/05/2023,57.00
04/05/2023,55.76
03/05/2023,55.30
02/05/2023,55.35
01/05/2023,56.03
28/04/2023,56.61
27/04/2023,55.62
26/04/2023,55.11
25/04/2023,54.86
24/04/2023,55.09
21/04/2023,55.23
20/04/2023,55.13
19/04/2023,55.33
18/04/2023,55.52
17/04/2023,55.99
14/04/2023,56.15
13/04/2023,56.65
12/04/2023,55.77
11/04/2023,55.58
10/04/2023,54.94
06/04/2023,54.73
05/04/2023,54.51
04/04/2023,54.87
03/04/2023,55.70
31/03/2023,55.56
30/03/2023,55.21
29/03/2023,54.33
28/03/2023,53.55
27/03/2023,52.81
24/03/2023,52.29
23/03/2023,52.49
22/03/2023,53.30
21/03/2023,54.19
20/03/2023,53.81
17/03/2023,53.54
16/03/2023,53.72
15/03/2023,53.10
14/03/2023,54.02
13/03/2023,53.83
10/03/2023,53.65
09/03/2023,54.36
08/03/2023,54.68
07/03/2023,54.55
06/03/2023,55.86
03/03/2023,56.64
02/03/2023,55.71
01/03/2023,55.35
28/02/2023,55.33
27/02/2023,55.67
24/02/2023,55.60
23/02/2023,55.61
22/02/2023,55.41
21/02/2023,55.79
17/02/2023,57.38
16/02/2023,57.57
15/02/2023,58.22
14/02/2023,57.84
13/02/2023,57.63
10/02/2023,57.52
09/02/2023,56.95
08/02/2023,56.54
07/02/2023,57.39
06/02/2023,56.82
03/02/2023,57.10
02/02/2023,58.47
01/02/2023,58.91
31/01/2023,58.11
30/01/2023,58.04
27/01/2023,58.14
26/01/2023,57.53
25/01/2023,57.70
24/01/2023,57.52
23/01/2023,57.28
20/01/2023,56.76
19/01/2023,55.90
18/01/2023,55.55
17/01/2023,56.44
13/01/2023,56.82
12/01/2023,56.75
11/01/2023,56.63
10/01/2023,56.47
09/01/2023,56.23
06/01/2023,55.72
05/01/2023,54.24
04/01/2023,54.85
03/01/2023,54.66
30/12/2022,54.89
29/12/2022,55.11
28/12/2022,54.37
27/12/2022,55.04
23/12/2022,54.54
22/12/2022,53.99
21/12/2022,54.38
20/12/2022,53.48
19/12/2022,53.21
16/12/2022,54.61
15/12/2022,54.95
14/12/2022,55.77
13/12/2022,55.80
12/12/2022,55.62
09/12/2022,55.05
08/12/2022,54.97
07/12/2022,54.87
06/12/2022,54.97
05/12/2022,55.43
02/12/2022,56.75
01/12/2022,56.85
30/11/2022,57.02
29/11/2022,55.42
28/11/2022,55.33
25/11/2022,56.31
23/11/2022,56.12
22/11/2022,55.58
21/11/2022,54.84
18/11/2022,55.22
17/11/2022,54.67
16/11/2022,55.46
15/11/2022,55.79
14/11/2022,55.65
11/11/2022,56.15
10/11/2022,55.55
09/11/2022,53.37
08/11/2022,54.37
07/11/2022,54.12
04/11/2022,54.05
03/11/2022,53.03
02/11/2022,53.15
01/11/2022,54.14
31/10/2022,53.73
28/10/2022,54.40
27/10/2022,53.65
26/10/2022,53.78
25/10/2022,53.32
24/10/2022,52.42
21/10/2022,52.66
20/10/2022,51.39
19/10/2022,51.39
18/10/2022,51.88
17/10/2022,51.52
14/10/2022,49.85
13/10/2022,51.18
12/10/2022,50.06
11/10/2022,51.09
10/10/2022,51.30
07/10/2022,52.31
06/10/2022,53.37
05/10/2022,54.43
04/10/2022,54.82
03/10/2022,53.53
30/09/2022,51.65
29/09/2022,52.12
28/09/2022,53.55
27/09/2022,52.24
26/09/2022,52.44
23/09/2022,52.95
22/09/2022,55.11
21/09/2022,55.13
20/09/2022,56.20
19/09/2022,56.17
16/09/2022,55.69
15/09/2022,55.96
14/09/2022,56.81
13/09/2022,56.22
12/09/2022,57.90
09/09/2022,57.41
08/09/2022,56.89
07/09/2022,56.52
06/09/2022,55.09
02/09/2022,55.28
01/09/2022,55.90
31/08/2022,56.37
30/08/2022,56.58
29/08/2022,57.13
26/08/2022,56.01
25/08/2022,57.15
24/08/2022,56.53
23/08/2022,55.35
22/08/2022,55.21
19/08/2022,55.94
18/08/2022,56.62
17/08/2022,56.63
16/08/2022,57.45
15/08/2022,57.11
12/08/2022,57.05
11/08/2022,56.31
10/08/2022,56.34
09/08/2022,55.65
08/08/2022,55.77
05/08/2022,55.36
04/08/2022,55.06
03/08/2022,55.18
02/08/2022,54.73
01/08/2022,55.09
29/07/2022,55.58
28/07/2022,55.12
27/07/2022,53.70
26/07/2022,52.73
25/07/2022,52.65
22/07/2022,52.48
21/07/2022,52.95
20/07/2022,53.01
19/07/2022,53.54
18/07/2022,52.46
15/07/2022,52.49
14/07/2022,52.54
13/07/2022,52.69
12/07/2022,52.60
11/07/2022,52.53
08/07/2022,53.03
07/07/2022,52.63
06/07/2022,51.92
05/07/2022,51.79
01/07/2022,53.39
30/06/2022,52.25
29/06/2022,52.40
28/06/2022,52.64
27/06/2022,52.69
24/06/2022,52.84
23/06/2022,51.30
22/06/2022,51.23
21/06/2022,51.36
17/06/2022,50.72
16/06/2022,51.13
15/06/2022,52.17
14/06/2022,51.38
13/06/2022,52.51
10/06/2022,54.94
09/06/2022,55.78
08/06/2022,56.91
07/06/2022,57.80
06/06/2022,56.90
03/06/2022,56.78
02/06/2022,57.23
01/06/2022,56.18
31/05/2022,56.60
27/05/2022,57.51
26/05/2022,56.96
25/05/2022,56.47
24/05/2022,55.94
23/05/2022,55.98
20/05/2022,55.51
19/05/2022,55.31
18/05/2022,54.65
17/05/2022,55.67
16/05/2022,54.59
13/05/2022,54.27
12/05/2022,52.79
11/05/2022,53.52
10/05/2022,53.44
09/05/2022,53.65
06/05/2022,55.03
05/05/2022,55.00
04/05/2022,56.36
03/05/2022,55.23
02/05/2022,54.76
29/04/2022,55.21
28/04/2022,56.47
27/04/2022,55.83
26/04/2022,55.83
25/04/2022,56.63
22/04/2022,57.23
21/04/2022,57.87
20/04/2022,59.46
19/04/2022,58.82
18/04/2022,58.50
14/04/2022,59.16
13/04/2022,59.28
12/04/2022,58.38
11/04/2022,58.27
08/04/2022,58.98
07/04/2022,58.24
06/04/2022,57.45
05/04/2022,57.11
04/04/2022,57.26
01/04/2022,57.56
31/03/2022,56.83
30/03/2022,57.15
29/03/2022,56.83
28/03/2022,56.02
25/03/2022,56.12
24/03/2022,55.91
23/03/2022,55.61
22/03/2022,56.29
21/03/2022,55.40
18/03/2022,55.81
17/03/2022,56.14
16/03/2022,54.90
15/03/2022,54.65
14/03/2022,54.20
11/03/2022,54.68
10/03/2022,55.05
09/03/2022,55.15
08/03/2022,54.19
07/03/2022,54.25
04/03/2022,53.76
03/03/2022,54.12
02/03/2022,54.17
01/03/2022,53.64
28/02/2022,54.03
25/02/2022,53.63
24/02/2022,52.25
23/02/2022,51.82
22/02/2022,52.40
18/02/2022,52.56
17/02/2022,52.91
16/02/2022,53.44
15/02/2022,53.26
14/02/2022,52.85
11/02/2022,53.38
10/02/2022,53.60
09/02/2022,55.20
08/02/2022,53.83
07/02/2022,53.54
04/02/2022,53.56
03/02/2022,53.39
02/02/2022,53.79
01/02/2022,53.09
31/01/2022,53.16
28/01/2022,52.54
27/01/2022,51.94
26/01/2022,51.95
25/01/2022,52.50
24/01/2022,52.65
21/01/2022,53.15
20/01/2022,53.75
19/01/2022,54.01
18/01/2022,53.56
14/01/2022,54.49
13/01/2022,54.84
12/01/2022,55.05
11/01/2022,54.81
10/01/2022,54.72
07/01/2022,55.10
06/01/2022,54.46
05/01/2022,55.19
04/01/2022,55.50
03/01/2022,55.13
31/12/2021,54.78
30/12/2021,54.72
29/12/2021,54.81
28/12/2021,54.75
27/12/2021,54.63
23/12/2021,54.27
22/12/2021,54.10
21/12/2021,53.91
20/12/2021,53.17
17/12/2021,54.58
16/12/2021,55.23
15/12/2021,55.57
14/12/2021,54.44
13/12/2021,54.91
10/12/2021,55.05
09/12/2021,55.33
08/12/2021,55.62
07/12/2021,55.51
06/12/2021,54.72
03/12/2021,53.86
02/12/2021,54.19
01/12/2021,53.44
30/11/2021,53.84
29/11/2021,55.23
26/11/2021,54.59
24/11/2021,55.76
23/11/2021,55.59
22/11/2021,55.06
19/11/2021,55.19
18/11/2021,55.79
17/11/2021,55.95
16/11/2021,56.18
15/11/2021,56.49
12/11/2021,56.29
11/11/2021,56.52
10/11/2021,56.47
09/11/2021,57.05
08/11/2021,56.82
05/11/2021,56.69
04/11/2021,56.58
03/11/2021,56.68
02/11/2021,55.68
01/11/2021,55.95
29/10/2021,55.47
28/10/2021,56.14
27/10/2021,56.20
26/10/2021,56.87
25/10/2021,56.96
22/10/2021,56.84
21/10/2021,56.84
20/10/2021,57.02
19/10/2021,56.30
18/10/2021,55.80
15/10/2021,55.68
14/10/2021,55.95
13/10/2021,55.74
12/10/2021,54.83
11/10/2021,53.86
08/10/2021,54.21
07/10/2021,54.95
06/10/2021,54.99
05/10/2021,54.81
04/10/2021,54.25
01/10/2021,53.60
30/09/2021,53.01
29/09/2021,53.35
28/09/2021,53.11
27/09/2021,53.83
24/09/2021,53.34
23/09/2021,54.11
22/09/2021,53.88
21/09/2021,53.81
20/09/2021,53.59
17/09/2021,54.56
16/09/2021,55.58
15/09/2021,55.92
14/09/2021,55.54
13/09/2021,55.99
10/09/2021,55.35
09/09/2021,55.42
08/09/2021,55.15
07/09/2021,54.88
03/09/2021,55.20
02/09/2021,55.06
01/09/2021,54.43
31/08/2021,53.83
30/08/2021,53.67
27/08/2021,53.52
26/08/2021,53.24
25/08/2021,53.60
24/08/2021,53.57
23/08/2021,53.56
20/08/2021,53.24
19/08/2021,52.41
18/08/2021,52.73
17/08/2021,52.78
16/08/2021,53.06
13/08/2021,53.02
12/08/2021,52.85
11/08/2021,53.08
10/08/2021,52.63
09/08/2021,52.31
08/08/2021,52.27
07/08/2021,52.27
06/08/2021,52.27
05/08/2021,52.15
04/08/2021,51.83
03/08/2021,52.48
02/08/2021,52.31
30/07/2021,51.90
29/07/2021,52.75
28/07/2021,52.66
27/07/2021,52.34
26/07/2021,52.03
23/07/2021,52.33
22/07/2021,52.05
21/07/2021,52.09
20/07/2021,51.95
19/07/2021,51.37
16/07/2021,52.58
15/07/2021,52.60
14/07/2021,52.46
13/07/2021,52.11
12/07/2021,52.71
09/07/2021,52.77
08/07/2021,52.18
07/07/2021,52.75
06/07/2021,52.75
05/07/2021,53.14
04/07/2021,53.14
03/07/2021,53.14
02/07/2021,53.14
01/07/2021,52.89
30/06/2021,52.44
29/06/2021,52.62
28/06/2021,53.32
25/06/2021,53.31
24/06/2021,53.03
23/06/2021,52.82
22/06/2021,53.38
21/06/2021,53.54
18/06/2021,53.15
17/06/2021,54.31
16/06/2021,54.77
15/06/2021,55.42
14/06/2021,55.27
11/06/2021,55.65
10/06/2021,55.49
09/06/2021,55.34
08/06/2021,55.14
07/06/2021,55.28
04/06/2021,55.00
03/06/2021,54.68
02/06/2021,54.84
01/06/2021,54.65
28/05/2021,54.46
27/05/2021,54.32
26/05/2021,54.34
25/05/2021,54.17
24/05/2021,54.87
21/05/2021,54.65
20/05/2021,54.61
19/05/2021,54.15
18/05/2021,54.80
17/05/2021,54.66
14/05/2021,54.68
13/05/2021,53.98
12/05/2021,53.19
11/05/2021,54.61
10/05/2021,55.03
07/05/2021,55.19
06/05/2021,54.31
05/05/2021,53.89
04/05/2021,53.99
03/05/2021,54.26
30/04/2021,53.51
29/04/2021,53.67
28/04/2021,53.41
27/04/2021,53.22
26/04/2021,53.14
23/04/2021,53.34
22/04/2021,53.15
21/04/2021,53.49
20/04/2021,53.40
19/04/2021,53.30
16/04/2021,53.69
15/04/2021,53.47
14/04/2021,53.30
13/04/2021,53.36
12/04/2021,53.11
09/04/2021,53.25
08/04/2021,53.32
07/04/2021,53.26
06/04/2021,52.97
05/04/2021,53.34
01/04/2021,52.51
31/03/2021,52.42
30/03/2021,52.12
29/03/2021,52.66
26/03/2021,52.68
25/03/2021,52.44
24/03/2021,51.66
23/03/2021,51.64
22/03/2021,52.00
19/03/2021,52.12
18/03/2021,51.80
17/03/2021,52.58
16/03/2021,52.70
15/03/2021,52.36
12/03/2021,51.31
11/03/2021,50.78
10/03/2021,50.11
09/03/2021,49.93
08/03/2021,48.98
05/03/2021,48.56
04/03/2021,47.98
03/03/2021,48.47
02/03/2021,48.72
01/03/2021,48.45
26/02/2021,47.63
25/02/2021,48.46
24/02/2021,49.32
23/02/2021,49.51
22/02/2021,49.46
19/02/2021,49.90
18/02/2021,50.14
17/02/2021,50.42
16/02/2021,50.53
12/02/2021,50.64
11/02/2021,50.86
10/02/2021,50.96
09/02/2021,50.59
08/02/2021,50.49
05/02/2021,50.11
04/02/2021,49.59
03/02/2021,49.30
02/02/2021,49.12
01/02/2021,49.05
29/01/2021,48.45
28/01/2021,49.47
27/01/2021,48.82
26/01/2021,50.28
25/01/2021,49.88
22/01/2021,49.79
21/01/2021,49.61
20/01/2021,49.88
19/01/2021,49.60
15/01/2021,49.50
14/01/2021,49.76
13/01/2021,49.69
12/01/2021,49.76
11/01/2021,49.44
08/01/2021,50.00
07/01/2021,49.88
06/01/2021,50.16
05/01/2021,49.28
04/01/2021,48.78
31/12/2020,49.19
30/12/2020,49.12
29/12/2020,48.69
28/12/2020,48.80
24/12/2020,48.41
23/12/2020,48.43
22/12/2020,48.00
21/12/2020,48.08
18/12/2020,50.02
17/12/2020,49.85
16/12/2020,49.22
15/12/2020,49.54
14/12/2020,48.75
11/12/2020,48.85
10/12/2020,48.80
09/12/2020,48.31
08/12/2020,48.51
07/12/2020,48.72
04/12/2020,48.59
03/12/2020,48.43
02/12/2020,48.75
01/12/2020,48.56
30/11/2020,48.30
27/11/2020,49.29
25/11/2020,49.20
24/11/2020,49.45
23/11/2020,48.77
20/11/2020,48.56
19/11/2020,48.38
18/11/2020,48.50
17/11/2020,48.77
16/11/2020,48.91
13/11/2020,48.63
12/11/2020,48.00
11/11/2020,48.86
10/11/2020,48.36
09/11/2020,47.91
06/11/2020,47.08
05/11/2020,47.03
04/11/2020,46.54
03/11/2020,46.89
02/11/2020,45.98
30/10/2020,45.21
29/10/2020,45.57
28/10/2020,45.26
27/10/2020,46.66
26/10/2020,46.86
23/10/2020,47.27
22/10/2020,47.18
21/10/2020,47.07
20/10/2020,46.99
19/10/2020,46.79
16/10/2020,46.79
15/10/2020,46.42
14/10/2020,46.64
13/10/2020,46.52
12/10/2020,46.78
09/10/2020,46.71
08/10/2020,46.69
07/10/2020,46.11
06/10/2020,45.68
05/10/2020,45.78
04/10/2020,45.24
03/10/2020,45.24
02/10/2020,45.24
01/10/2020,44.90
30/09/2020,44.57
29/09/2020,44.09
28/09/2020,44.22
27/09/2020,43.98
26/09/2020,43.98
25/09/2020,43.98
24/09/2020,43.64
23/09/2020,43.48
22/09/2020,44.09
21/09/2020,43.69
18/09/2020,44.20
17/09/2020,44.70
16/09/2020,44.84
15/09/2020,44.83
14/09/2020,44.73
13/09/2020,43.99
11/09/2020,43.99
10/09/2020,43.73
09/09/2020,44.33
08/09/2020,43.73
04/09/2020,44.38
03/09/2020,44.38
02/09/2020,45.07
01/09/2020,44.33
31/08/2020,44.69
30/08/2020,44.63
28/08/2020,44.63
27/08/2020,44.24
26/08/2020,44.23
25/08/2020,44.58
24/08/2020,44.53
23/08/2020,44.02
21/08/2020,44.02
20/08/2020,44.23
19/08/2020,44.62
18/08/2020,44.84
17/08/2020,45.14
14/08/2020,45.22
13/08/2020,45.54
12/08/2020,45.57
11/08/2020,44.77
10/08/2020,45.04
09/08/2020,45.04
08/08/2020,45.04
07/08/2020,45.04
06/08/2020,44.52
05/08/2020,44.40
04/08/2020,44.76
03/08/2020,44.37
02/08/2020,44.37
31/07/2020,44.37
30/07/2020,44.46
29/07/2020,44.85
28/07/2020,44.90
27/07/2020,44.82
26/07/2020,44.83
25/07/2020,44.83
24/07/2020,44.83
23/07/2020,45.10
22/07/2020,45.31
21/07/2020,44.62
20/07/2020,44.76
17/07/2020,45.08
16/07/2020,44.20
15/07/2020,44.16
14/07/2020,43.78
13/07/2020,43.35
12/07/2020,43.34
11/07/2020,43.34
10/07/2020,43.34
09/07/2020,42.68
08/07/2020,43.33
07/07/2020,42.73
06/07/2020,43.22
05/07/2020,43.23
04/07/2020,43.23
02/07/2020,43.23
01/07/2020,42.97
30/06/2020,42.52
29/06/2020,42.32
26/06/2020,41.66
25/06/2020,42.14
24/06/2020,42.23
23/06/2020,43.05
22/06/2020,43.18
19/06/2020,43.18
18/06/2020,43.87
17/06/2020,43.96
16/06/2020,44.10
15/06/2020,43.95
12/06/2020,43.94
11/06/2020,43.56
10/06/2020,45.70
09/06/2020,46.07
08/06/2020,46.78
07/06/2020,45.76
05/06/2020,45.76
04/06/2020,45.01
03/06/2020,45.74
02/06/2020,45.22
01/06/2020,45.11
29/05/2020,44.51
28/05/2020,44.38
27/05/2020,43.80
26/05/2020,43.06
22/05/2020,42.35
21/05/2020,42.24
20/05/2020,42.63
19/05/2020,42.29
18/05/2020,43.06
15/05/2020,41.43
14/05/2020,41.65
13/05/2020,41.60
12/05/2020,42.25
11/05/2020,42.47
08/05/2020,42.62
07/05/2020,41.64
06/05/2020,41.70
05/05/2020,42.50
04/05/2020,41.85
03/05/2020,41.62
02/05/2020,41.62
01/05/2020,41.62
30/04/2020,42.61
29/04/2020,43.62
28/04/2020,43.33
27/04/2020,43.13
24/04/2020,42.67
23/04/2020,42.28
22/04/2020,42.46
21/04/2020,41.46
20/04/2020,42.41
17/04/2020,43.47
16/04/2020,42.53
15/04/2020,42.56
14/04/2020,43.68
13/04/2020,42.73
09/04/2020,43.36
08/04/2020,41.68
07/04/2020,40.49
06/04/2020,40.32
03/04/2020,37.92
02/04/2020,38.73
01/04/2020,37.81
31/03/2020,39.49
30/03/2020,40.43
28/03/2020,39.24
27/03/2020,39.24
26/03/2020,39.67
25/03/2020,37.37
24/03/2020,36.66
23/03/2020,34.08
21/03/2020,34.56
20/03/2020,34.56
19/03/2020,35.32
18/03/2020,35.51
17/03/2020,38.46
16/03/2020,35.58
14/03/2020,40.29
13/03/2020,40.29
12/03/2020,39.13
11/03/2020,43.40
10/03/2020,45.72
09/03/2020,44.99
06/03/2020,48.12
05/03/2020,48.83
04/03/2020,49.61
03/03/2020,47.59
02/03/2020,47.87
28/02/2020,46.42
27/02/2020,47.69
26/02/2020,49.36
25/02/2020,49.56
24/02/2020,50.91
21/02/2020,51.80
20/02/2020,51.66
19/02/2020,51.91
18/02/2020,51.80
17/02/2020,51.34
14/02/2020,51.34
13/02/2020,51.11
12/02/2020,51.01
11/02/2020,51.14
10/02/2020,50.81
07/02/2020,50.67
06/02/2020,50.90
05/02/2020,50.97
04/02/2020,50.78
03/02/2020,50.58
31/01/2020,49.76
30/01/2020,50.30
29/01/2020,50.11
28/01/2020,50.14
27/01/2020,49.72
24/01/2020,50.05
23/01/2020,50.03
22/01/2020,49.60
21/01/2020,49.58
17/01/2020,49.60
16/01/2020,49.23
15/01/2020,48.87
14/01/2020,48.42
13/01/2020,48.41
10/01/2020,47.90
09/01/2020,47.89
08/01/2020,47.96
07/01/2020,48.08
06/01/2020,48.65
03/01/2020,48.62
02/01/2020,48.72
31/12/2019,48.60
30/12/2019,48.42
27/12/2019,48.68
26/12/2019,48.50
24/12/2019,48.41
23/12/2019,48.47
20/12/2019,49.80
19/12/2019,49.89
18/12/2019,49.87
17/12/2019,49.71
16/12/2019,49.22
13/12/2019,49.23
12/12/2019,49.32
11/12/2019,49.31
10/12/2019,48.95
09/12/2019,49.11
06/12/2019,48.98
05/12/2019,48.78
04/12/2019,48.84
03/12/2019,48.10
02/12/2019,47.98
29/11/2019,48.20
27/11/2019,48.27
26/11/2019,48.17
25/11/2019,48.23
22/11/2019,48.26
21/11/2019,48.24
20/11/2019,48.35
19/11/2019,48.13
18/11/2019,48.38
15/11/2019,48.36
14/11/2019,48.04
13/11/2019,48.05
12/11/2019,47.99
11/11/2019,47.91
08/11/2019,48.11
07/11/2019,48.18
06/11/2019,48.79
05/11/2019,49.01
04/11/2019,49.17
01/11/2019,49.08
31/10/2019,48.93
30/10/2019,48.97
29/10/2019,48.37
28/10/2019,48.32
25/10/2019,48.83
24/10/2019,49.57
23/10/2019,49.66
22/10/2019,49.43
21/10/2019,49.31
18/10/2019,49.14
17/10/2019,49.05
16/10/2019,49.06
15/10/2019,49.20
14/10/2019,49.00
11/10/2019,49.31
10/10/2019,49.12
09/10/2019,49.77
08/10/2019,49.44
07/10/2019,50.15
04/10/2019,50.14
03/10/2019,49.39
02/10/2019,49.16
01/10/2019,49.73
30/09/2019,49.84
27/09/2019,50.01
26/09/2019,50.66
25/09/2019,50.68
24/09/2019,50.93
23/09/2019,50.84
20/09/2019,50.76
19/09/2019,50.64
18/09/2019,50.48
17/09/2019,50.25
16/09/2019,50.05
13/09/2019,50.16
12/09/2019,50.21
11/09/2019,49.93
10/09/2019,49.24
09/09/2019,49.26
06/09/2019,49.33
05/09/2019,49.59
04/09/2019,49.97
03/09/2019,49.56
30/08/2019,49.16
29/08/2019,49.08
28/08/2019,48.74
27/08/2019,48.67
26/08/2019,48.59
23/08/2019,47.98
22/08/2019,48.75
21/08/2019,48.90
20/08/2019,48.69
19/08/2019,48.84
16/08/2019,48.84
15/08/2019,48.58
14/08/2019,48.33
13/08/2019,49.25
12/08/2019,49.07
09/08/2019,49.49
08/08/2019,49.51
07/08/2019,49.38
06/08/2019,49.25
05/08/2019,48.56
02/08/2019,49.24
01/08/2019,49.17
31/07/2019,49.54
30/07/2019,49.47
29/07/2019,49.81
26/07/2019,49.65
25/07/2019,49.32
24/07/2019,49.72
23/07/2019,49.92
22/07/2019,50.02
19/07/2019,50.20
18/07/2019,50.49
17/07/2019,50.29
16/07/2019,50.25
15/07/2019,50.48
12/07/2019,50.86
11/07/2019,51.02
10/07/2019,51.14
09/07/2019,51.04
08/07/2019,51.05
05/07/2019,51.27
03/07/2019,51.72
02/07/2019,51.20
01/07/2019,51.03
28/06/2019,50.91
27/06/2019,50.88
26/06/2019,50.61
25/06/2019,51.14
24/06/2019,51.50
21/06/2019,51.73
20/06/2019,51.71
19/06/2019,50.96
18/06/2019,50.55
17/06/2019,50.62
14/06/2019,50.80
13/06/2019,50.51
12/06/2019,50.56
11/06/2019,50.56
10/06/2019,50.74
07/06/2019,51.10
06/06/2019,51.03
05/06/2019,50.76
04/06/2019,50.18
03/06/2019,50.01
31/05/2019,49.02
30/05/2019,48.87
29/05/2019,48.97
28/05/2019,49.35
24/05/2019,50.00
23/05/2019,49.87
22/05/2019,49.82
21/05/2019,49.63
20/05/2019,49.20
17/05/2019,49.29
16/05/2019,49.50
15/05/2019,49.29
14/05/2019,49.30
13/05/2019,49.33
10/05/2019,49.45
09/05/2019,48.89
08/05/2019,49.37
07/05/2019,49.95
06/05/2019,50.38
03/05/2019,50.63
02/05/2019,50.25
01/05/2019,50.68
30/04/2019,51.15
29/04/2019,50.77
26/04/2019,50.77
25/04/2019,50.64
24/04/2019,50.69
23/04/2019,51.19
22/04/2019,50.98
18/04/2019,51.00
17/04/2019,51.20
16/04/2019,51.35
15/04/2019,52.16
12/04/2019,52.03
11/04/2019,51.48
10/04/2019,51.50
09/04/2019,51.23
08/04/2019,51.70
05/04/2019,51.78
04/04/2019,51.42
03/04/2019,51.62
02/04/2019,51.69
01/04/2019,51.92
29/03/2019,51.80
28/03/2019,51.80
27/03/2019,52.20
26/03/2019,52.65
25/03/2019,52.43
22/03/2019,52.37
21/03/2019,52.52
20/03/2019,52.38
19/03/2019,52.38
18/03/2019,52.80
15/03/2019,52.91
14/03/2019,52.62
13/03/2019,52.48
12/03/2019,52.49
11/03/2019,52.19
08/03/2019,51.54
07/03/2019,51.48
06/03/2019,51.60
05/03/2019,51.73
04/03/2019,51.64
01/03/2019,51.82
28/02/2019,51.78
27/02/2019,51.94
26/02/2019,51.98
25/02/2019,51.75
22/02/2019,51.74
21/02/2019,51.57
20/02/2019,51.49
19/02/2019,51.20
15/02/2019,50.86
14/02/2019,50.72
13/02/2019,50.65
12/02/2019,50.90
11/02/2019,50.75
08/02/2019,50.88
07/02/2019,50.93
06/02/2019,50.87
05/02/2019,51.06
04/02/2019,50.55
01/02/2019,50.25
31/01/2019,50.74
30/01/2019,50.50
29/01/2019,50.17
28/01/2019,49.55
25/01/2019,49.99
24/01/2019,50.22
23/01/2019,49.42
22/01/2019,48.98
18/01/2019,49.31
17/01/2019,49.17
16/01/2019,48.95
15/01/2019,48.98
14/01/2019,49.15
11/01/2019,50.25
10/01/2019,50.64
09/01/2019,50.02
08/01/2019,50.12
07/01/2019,49.79
04/01/2019,50.47
03/01/2019,49.34
02/01/2019,49.35
31/12/2018,49.57
28/12/2018,49.36
27/12/2018,49.30
26/12/2018,49.27
24/12/2018,48.39
21/12/2018,49.30
20/12/2018,50.37
19/12/2018,52.09
18/12/2018,52.47
17/12/2018,52.79
14/12/2018,53.71
13/12/2018,53.81
12/12/2018,53.51
11/12/2018,52.92
10/12/2018,52.91
07/12/2018,52.81
06/12/2018,52.53
04/12/2018,52.92
03/12/2018,52.91
30/11/2018,52.11
29/11/2018,52.20
28/11/2018,52.51
27/11/2018,52.10
26/11/2018,52.04
23/11/2018,51.32
21/11/2018,51.98
20/11/2018,52.08
19/11/2018,51.97
16/11/2018,52.25
15/11/2018,51.47
14/11/2018,51.66
13/11/2018,51.82
12/11/2018,51.85
09/11/2018,52.53
08/11/2018,52.99
07/11/2018,53.01
06/11/2018,52.80
05/11/2018,52.48
02/11/2018,51.64
01/11/2018,51.94
31/10/2018,51.86
30/10/2018,51.73
29/10/2018,51.83
26/10/2018,51.45
25/10/2018,52.34
24/10/2018,52.24
23/10/2018,51.94
22/10/2018,52.71
19/10/2018,52.90
18/10/2018,52.12
17/10/2018,52.30
16/10/2018,52.53
15/10/2018,51.87
12/10/2018,51.53
11/10/2018,52.08
10/10/2018,53.02
09/10/2018,53.23
08/10/2018,53.21
05/10/2018,53.11
03/10/2018,52.55
02/10/2018,53.00
01/10/2018,52.48
28/09/2018,52.76
27/09/2018,52.48
26/09/2018,51.92
25/09/2018,52.18
24/09/2018,52.55
21/09/2018,52.66
20/09/2018,52.66
19/09/2018,52.43
18/09/2018,53.00
13/09/2018,52.78
12/09/2018,52.35
10/09/2018,52.59
07/09/2018,52.05
06/09/2018,51.99
05/09/2018,51.89
04/09/2018,51.94
31/08/2018,52.28
30/08/2018,52.21
28/08/2018,52.20
27/08/2018,52.27
23/08/2018,52.01
22/08/2018,52.14
20/08/2018,52.37
16/08/2018,52.07
14/08/2018,51.49
13/08/2018,51.22
10/08/2018,51.34
08/08/2018,51.67
07/08/2018,51.97
06/08/2018,52.16
03/08/2018,52.08
02/08/2018,51.73
01/08/2018,51.55
30/07/2018,51.87
27/07/2018,52.03
26/07/2018,51.97
25/07/2018,51.70
23/07/2018,51.26
19/07/2018,51.40
18/07/2018,51.18
17/07/2018,51.31
16/07/2018,51.05
13/07/2018,51.11
12/07/2018,51.31
11/07/2018,51.30
10/07/2018,51.28
05/07/2018,51.53
03/07/2018,51.33
29/06/2018,50.97
28/06/2018,50.84
27/06/2018,50.80
26/06/2018,51.00
25/06/2018,50.56
22/06/2018,50.50
21/06/2018,49.84
20/06/2018,49.99
19/06/2018,49.96
18/06/2018,49.91
15/06/2018,49.85
14/06/2018,50.02
13/06/2018,49.62
12/06/2018,49.50
08/06/2018,49.59
07/06/2018,49.58
06/06/2018,49.28
05/06/2018,49.66
04/06/2018,50.10
01/06/2018,50.03
31/05/2018,50.28
30/05/2018,50.51
29/05/2018,49.90
25/05/2018,50.32
23/05/2018,50.46
22/05/2018,50.20
21/05/2018,50.26
18/05/2018,50.10
16/05/2018,50.50
15/05/2018,50.53
14/05/2018,50.90
11/05/2018,50.79
10/05/2018,50.50
09/05/2018,50.26
08/05/2018,51.00
07/05/2018,51.32
03/05/2018,50.58
02/05/2018,50.87
01/05/2018,50.94
30/04/2018,51.23
27/04/2018,50.86
26/04/2018,50.46
25/04/2018,50.11
24/04/2018,49.85
20/04/2018,49.90
18/04/2018,49.96
17/04/2018,50.13
16/04/2018,49.34
12/04/2018,48.70
11/04/2018,49.17
10/04/2018,49.11
09/04/2018,49.33
06/04/2018,49.02
05/04/2018,49.14
04/04/2018,49.09
03/04/2018,49.36
02/04/2018,48.36
28/03/2018,48.61
27/03/2018,48.25
26/03/2018,47.56
23/03/2018,47.67
22/03/2018,48.10
21/03/2018,48.05
20/03/2018,47.81
19/03/2018,47.88
15/03/2018,47.89
14/03/2018,47.93
13/03/2018,47.61
09/03/2018,47.24
08/03/2018,47.12
06/03/2018,47.44
05/03/2018,47.31
02/03/2018,47.06
28/02/2018,47.66
27/02/2018,47.78
26/02/2018,48.73
21/02/2018,47.82
20/02/2018,47.56
16/02/2018,47.99
15/02/2018,47.32
14/02/2018,47.07
13/02/2018,46.74
12/02/2018,46.53
09/02/2018,45.92
08/02/2018,46.17
07/02/2018,46.69
06/02/2018,46.34
05/02/2018,47.07
02/02/2018,47.95
01/02/2018,48.46
31/01/2018,48.68
30/01/2018,48.60
29/01/2018,48.84
26/01/2018,49.33
25/01/2018,48.97
23/01/2018,49.04
22/01/2018,48.51
19/01/2018,48.24
18/01/2018,48.32
17/01/2018,48.70
12/01/2018,48.57
11/01/2018,48.59
10/01/2018,48.33
09/01/2018,48.75
08/01/2018,48.83
05/01/2018,48.64
04/01/2018,48.65
03/01/2018,48.82
02/01/2018,49.03
29/12/2017,49.06
28/12/2017,48.81
27/12/2017,48.64
26/12/2017,48.66
22/12/2017,48.97
21/12/2017,48.95
20/12/2017,49.65
19/12/2017,49.92
18/12/2017,50.59
15/12/2017,53.12
14/12/2017,53.10
13/12/2017,53.38
12/12/2017,53.70
11/12/2017,53.81
08/12/2017,53.58
07/12/2017,53.61
06/12/2017,53.74
05/12/2017,53.80
04/12/2017,53.93
01/12/2017,53.98
30/11/2017,54.25
29/11/2017,54.18
28/11/2017,53.82
27/11/2017,53.56
24/11/2017,53.70
22/11/2017,53.35
21/11/2017,53.43
20/11/2017,53.14
17/11/2017,53.28
16/11/2017,53.63
15/11/2017,53.56
14/11/2017,54.09
13/11/2017,53.74
10/11/2017,53.76
09/11/2017,53.95
08/11/2017,53.91
07/11/2017,53.90
03/11/2017,53.68
02/11/2017,53.55
01/11/2017,53.51
27/10/2017,53.61
26/10/2017,53.04
24/10/2017,53.16
23/10/2017,53.35
20/10/2017,53.01
18/10/2017,53.18
16/10/2017,52.74
13/10/2017,53.27
12/10/2017,52.83
10/10/2017,52.42
05/10/2017,51.99
04/10/2017,51.84
03/10/2017,51.20
02/10/2017,51.55
29/09/2017,51.12
28/09/2017,51.47
27/09/2017,51.50
26/09/2017,51.93
25/09/2017,52.34
21/09/2017,52.37
20/09/2017,51.87
19/09/2017,52.30
18/09/2017,53.17
15/09/2017,52.74
14/09/2017,52.50
13/09/2017,52.32
11/09/2017,53.50
08/09/2017,52.99
07/09/2017,53.14
06/09/2017,52.67
05/09/2017,52.67
01/09/2017,52.75
29/08/2017,53.21
28/08/2017,52.89
25/08/2017,52.95
22/08/2017,52.71
21/08/2017,52.36
18/08/2017,52.57
16/08/2017,52.28
11/08/2017,51.55
10/08/2017,51.93
09/08/2017,51.81
08/08/2017,52.20
07/08/2017,52.19
04/08/2017,51.83
03/08/2017,51.69
02/08/2017,51.72
01/08/2017,51.53
31/07/2017,51.25
28/07/2017,51.09
27/07/2017,50.95
26/07/2017,50.97
25/07/2017,50.65
24/07/2017,51.21
21/07/2017,51.24
20/07/2017,50.98
19/07/2017,50.97
18/07/2017,50.23
17/07/2017,50.33
14/07/2017,49.84
13/07/2017,49.78
12/07/2017,49.82
11/07/2017,49.38
10/07/2017,49.46
05/07/2017,49.73
30/06/2017,50.24
29/06/2017,50.32
28/06/2017,51.03
27/06/2017,50.59
23/06/2017,51.03
21/06/2017,51.16
20/06/2017,51.48
19/06/2017,51.76
14/06/2017,51.81
13/06/2017,51.21
12/06/2017,51.30
09/06/2017,51.18
08/06/2017,51.53
07/06/2017,51.90
06/06/2017,51.79
05/06/2017,52.05
02/06/2017,51.85
01/06/2017,51.94
31/05/2017,51.36
30/05/2017,51.22
26/05/2017,50.81
25/05/2017,50.96
24/05/2017,50.69
23/05/2017,50.69
22/05/2017,50.44
19/05/2017,50.12
18/05/2017,49.55
17/05/2017,49.58
16/05/2017,49.88
15/05/2017,49.73
12/05/2017,49.90
09/05/2017,49.50
08/05/2017,49.57
04/05/2017,49.52
02/05/2017,49.34
01/05/2017,49.06
28/04/2017,49.46
27/04/2017,49.71
26/04/2017,49.54
25/04/2017,49.81
24/04/2017,49.50
21/04/2017,49.36
20/04/2017,49.27
19/04/2017,49.34
18/04/2017,49.47
17/04/2017,49.84
13/04/2017,49.67
12/04/2017,49.74
10/04/2017,49.16
06/04/2017,49.73
05/04/2017,49.76
04/04/2017,49.52
03/04/2017,49.58
30/03/2017,49.67
29/03/2017,50.00
28/03/2017,49.83
27/03/2017,49.67
24/03/2017,49.73
23/03/2017,49.75
22/03/2017,49.27
21/03/2017,49.15
20/03/2017,48.66
16/03/2017,48.42
15/03/2017,49.22
14/03/2017,48.18
13/03/2017,48.42
10/03/2017,47.96
09/03/2017,47.96
07/03/2017,48.58
06/03/2017,48.48
03/03/2017,48.54
02/03/2017,48.93
01/03/2017,48.93
28/02/2017,48.85
27/02/2017,48.75
24/02/2017,48.73
23/02/2017,48.10
22/02/2017,47.61
21/02/2017,48.00
17/02/2017,47.04
16/02/2017,47.15
15/02/2017,46.80
14/02/2017,47.06
13/02/2017,47.31
10/02/2017,47.05
09/02/2017,46.96
08/02/2017,47.23
07/02/2017,46.92
06/02/2017,46.70
03/02/2017,46.78
01/02/2017,46.62
31/01/2017,47.35
30/01/2017,47.00
27/01/2017,47.25
26/01/2017,47.56
25/01/2017,47.59
24/01/2017,47.67
23/01/2017,47.79
20/01/2017,47.96
18/01/2017,47.80
17/01/2017,47.92
13/01/2017,47.80
12/01/2017,47.61
11/01/2017,47.50
10/01/2017,47.26
09/01/2017,47.45
06/01/2017,47.75
05/01/2017,47.87
04/01/2017,47.61
03/01/2017,47.31
30/12/2016,47.45
28/12/2016,47.50
27/12/2016,47.61
23/12/2016,47.60
22/12/2016,47.72
21/12/2016,47.68
20/12/2016,47.84
19/12/2016,47.78
15/12/2016,49.08
14/12/2016,49.99
13/12/2016,49.91
12/12/2016,48.97
09/12/2016,48.88
08/12/2016,48.73
07/12/2016,47.92
05/12/2016,46.76
02/12/2016,46.85
01/12/2016,46.26
30/11/2016,46.95
29/11/2016,47.59
28/11/2016,47.60
25/11/2016,46.77
22/11/2016,46.60
21/11/2016,46.51
18/11/2016,45.93
17/11/2016,46.33
16/11/2016,46.05
15/11/2016,46.24
14/11/2016,45.76
11/11/2016,46.37
10/11/2016,46.05
08/11/2016,47.85
07/11/2016,47.83
04/11/2016,47.64
03/11/2016,47.67
02/11/2016,47.19
31/10/2016,48.17
28/10/2016,47.69
27/10/2016,47.63
26/10/2016,47.83
21/10/2016,47.60
20/10/2016,47.77
19/10/2016,47.51
18/10/2016,47.62
17/10/2016,47.22
14/10/2016,47.25
13/10/2016,47.05
11/10/2016,46.84
10/10/2016,47.29
07/10/2016,47.07
05/10/2016,47.05
04/10/2016,47.47
03/10/2016,48.12
30/09/2016,48.62
29/09/2016,49.09
27/09/2016,50.17
26/09/2016,49.98
23/09/2016,50.04
22/09/2016,50.42
21/09/2016,50.00
20/09/2016,49.09
19/09/2016,48.72
16/09/2016,48.40
15/09/2016,48.25
14/09/2016,48.07
13/09/2016,47.98
12/09/2016,48.37
09/09/2016,48.47
08/09/2016,49.67
07/09/2016,49.58
06/09/2016,49.47
02/09/2016,48.90
01/09/2016,48.20
31/08/2016,48.29
30/08/2016,48.05
26/08/2016,48.48
25/08/2016,48.49
24/08/2016,49.01
23/08/2016,48.89
22/08/2016,48.71
19/08/2016,48.74
18/08/2016,48.95
17/08/2016,48.70
16/08/2016,48.36
15/08/2016,48.97
12/08/2016,49.25
11/08/2016,49.12
10/08/2016,49.04
09/08/2016,49.06
08/08/2016,49.07
05/08/2016,49.35
04/08/2016,49.37
03/08/2016,49.45
02/08/2016,49.84
01/08/2016,50.44
29/07/2016,50.28
28/07/2016,50.06
26/07/2016,50.60
25/07/2016,50.55
22/07/2016,50.54
20/07/2016,50.04
19/07/2016,50.12
18/07/2016,50.47
15/07/2016,50.35
14/07/2016,50.22
13/07/2016,50.29
12/07/2016,50.14
11/07/2016,50.50
08/07/2016,50.47
07/07/2016,50.06
06/07/2016,49.98
05/07/2016,50.15
01/07/2016,50.37
30/06/2016,50.03
29/06/2016,49.07
28/06/2016,48.39
27/06/2016,47.90
24/06/2016,47.87
23/06/2016,48.96
22/06/2016,48.84
17/06/2016,48.38
16/06/2016,48.43
15/06/2016,48.45
14/06/2016,48.45
13/06/2016,48.93
10/06/2016,49.28
09/06/2016,49.05
07/06/2016,49.11
06/06/2016,48.73
03/06/2016,48.53
02/06/2016,47.74
01/06/2016,47.92
27/05/2016,47.66
26/05/2016,47.76
25/05/2016,47.25
24/05/2016,47.30
23/05/2016,47.15
20/05/2016,47.15
19/05/2016,46.64
18/05/2016,47.31
17/05/2016,47.53
16/05/2016,48.09
13/05/2016,48.30
12/05/2016,48.50
11/05/2016,48.26
10/05/2016,48.23
09/05/2016,47.77
06/05/2016,47.57
05/05/2016,48.04
04/05/2016,48.11
03/05/2016,47.91
02/05/2016,48.16
29/04/2016,47.75
28/04/2016,47.60
27/04/2016,48.48
26/04/2016,47.48
25/04/2016,47.19
22/04/2016,47.60
21/04/2016,47.27
20/04/2016,48.39
19/04/2016,48.50
18/04/2016,48.41
15/04/2016,48.39
14/04/2016,48.14
13/04/2016,48.25
12/04/2016,48.25
11/04/2016,47.97
08/04/2016,47.67
06/04/2016,47.43
05/04/2016,47.22
04/04/2016,48.22
01/04/2016,48.19
31/03/2016,48.76
30/03/2016,48.68
29/03/2016,48.26
28/03/2016,47.72
24/03/2016,47.72
23/03/2016,47.63
22/03/2016,47.83
21/03/2016,48.01
18/03/2016,48.24
17/03/2016,47.93
16/03/2016,47.66
14/03/2016,47.15
11/03/2016,47.09
10/03/2016,46.75
09/03/2016,47.35
08/03/2016,47.15
07/03/2016,47.05
04/03/2016,47.49
03/03/2016,46.50
02/03/2016,45.34
01/03/2016,45.80
29/02/2016,45.74
26/02/2016,45.90
24/02/2016,45.71
23/02/2016,46.05
22/02/2016,45.84
19/02/2016,45.50
18/02/2016,45.88
17/02/2016,45.09
16/02/2016,44.97
12/02/2016,44.70
11/02/2016,44.70
10/02/2016,45.51
09/02/2016,45.42
08/02/2016,45.49
05/02/2016,45.55
04/02/2016,45.98
03/02/2016,46.00
02/02/2016,45.42
01/02/2016,45.62
29/01/2016,45.45
28/01/2016,44.30
27/01/2016,44.00
26/01/2016,43.70
25/01/2016,43.50
22/01/2016,43.80
21/01/2016,42.85
20/01/2016,43.26
19/01/2016,44.19
15/01/2016,43.88
14/01/2016,44.77
13/01/2016,44.06
12/01/2016,44.30
11/01/2016,44.58
08/01/2016,44.21
07/01/2016,44.44
06/01/2016,44.85
05/01/2016,45.12
04/01/2016,44.59
31/12/2015,45.07
30/12/2015,45.55
29/12/2015,45.51
28/12/2015,45.28
24/12/2015,45.72
23/12/2015,45.38
22/12/2015,44.94
21/12/2015,44.36
18/12/2015,45.87
17/12/2015,46.54
16/12/2015,46.35
15/12/2015,45.61
14/12/2015,44.93
11/12/2015,45.06
10/12/2015,45.63
09/12/2015,45.96
08/12/2015,45.52
07/12/2015,45.87
04/12/2015,46.03
03/12/2015,45.55
02/12/2015,46.03
01/12/2015,46.81
30/11/2015,46.21
27/11/2015,46.44
25/11/2015,46.45
24/11/2015,46.49
23/11/2015,46.52
20/11/2015,46.88
19/11/2015,46.87
18/11/2015,46.57
17/11/2015,46.54
16/11/2015,46.68
13/11/2015,46.53
12/11/2015,46.53
11/11/2015,46.83
10/11/2015,46.60
09/11/2015,46.46
06/11/2015,46.44
05/11/2015,47.84
04/11/2015,48.24
03/11/2015,48.23
02/11/2015,48.05
30/10/2015,48.25
29/10/2015,48.15
27/10/2015,48.53
26/10/2015,48.61
23/10/2015,49.10
22/10/2015,49.49
21/10/2015,49.17
20/10/2015,49.26
19/10/2015,48.94
16/10/2015,49.20
15/10/2015,48.99
14/10/2015,48.35
13/10/2015,48.40
12/10/2015,48.71
09/10/2015,48.31
08/10/2015,47.80
07/10/2015,47.83
06/10/2015,47.36
05/10/2015,47.50
02/10/2015,46.78
01/10/2015,45.85
30/09/2015,46.52
29/09/2015,45.67
28/09/2015,45.74
25/09/2015,46.67
24/09/2015,45.63
23/09/2015,45.54
22/09/2015,45.68
21/09/2015,46.17
17/09/2015,46.69
16/09/2015,46.45
15/09/2015,46.17
14/09/2015,45.87
11/09/2015,45.86
10/09/2015,45.98
09/09/2015,46.44
08/09/2015,46.14
04/09/2015,45.34
03/09/2015,46.11
02/09/2015,45.70
01/09/2015,45.80
31/08/2015,47.46
28/08/2015,47.88
27/08/2015,47.96
26/08/2015,47.35
25/08/2015,47.00
24/08/2015,47.25
21/08/2015,48.89
20/08/2015,50.07
19/08/2015,50.73
18/08/2015,50.83
17/08/2015,50.87
14/08/2015,50.66
13/08/2015,50.74
12/08/2015,50.21
11/08/2015,49.98
10/08/2015,50.20
07/08/2015,49.97
06/08/2015,49.33
05/08/2015,49.47
04/08/2015,49.96
03/08/2015,50.13
31/07/2015,49.81
30/07/2015,49.34
29/07/2015,49.14
28/07/2015,48.69
27/07/2015,48.36
24/07/2015,48.22
23/07/2015,48.24
22/07/2015,48.72
21/07/2015,48.76
20/07/2015,49.06
17/07/2015,49.96
16/07/2015,49.87
15/07/2015,49.46
14/07/2015,49.50
13/07/2015,49.13
10/07/2015,48.70
09/07/2015,48.41
08/07/2015,48.50
07/07/2015,49.48
06/07/2015,48.16
02/07/2015,48.41
01/07/2015,47.95
30/06/2015,47.93
29/06/2015,48.50
26/06/2015,48.40
25/06/2015,48.33
24/06/2015,48.70
23/06/2015,48.97
22/06/2015,49.25
19/06/2015,49.35
17/06/2015,48.85
16/06/2015,48.82
15/06/2015,48.66
11/06/2015,49.25
10/06/2015,49.10
08/06/2015,48.90
05/06/2015,49.26
04/06/2015,49.94
03/06/2015,50.49
01/06/2015,50.80
29/05/2015,50.39
27/05/2015,50.58
26/05/2015,50.12
21/05/2015,51.00
20/05/2015,51.15
19/05/2015,50.88
18/05/2015,50.60
15/05/2015,50.64
14/05/2015,50.00
13/05/2015,49.99
12/05/2015,49.44
11/05/2015,50.03
08/05/2015,50.26
07/05/2015,49.33
06/05/2015,49.48
05/05/2015,49.32
04/05/2015,50.51
01/05/2015,50.07
30/04/2015,49.95
29/04/2015,50.05
28/04/2015,50.40
27/04/2015,50.45
24/04/2015,50.48
23/04/2015,50.09
22/04/2015,49.85
21/04/2015,49.50
20/04/2015,49.80
17/04/2015,49.13
16/04/2015,49.58
15/04/2015,49.97
14/04/2015,49.37
13/04/2015,48.98
10/04/2015,49.29
09/04/2015,49.03
08/04/2015,49.36
07/04/2015,49.69
06/04/2015,50.30
02/04/2015,49.45
01/04/2015,49.20
31/03/2015,49.18
30/03/2015,49.41
27/03/2015,48.80
26/03/2015,48.73
25/03/2015,49.08
24/03/2015,49.50
23/03/2015,49.75
20/03/2015,49.82
19/03/2015,49.39
18/03/2015,49.47
17/03/2015,48.57
16/03/2015,48.37
13/03/2015,47.70
12/03/2015,48.30
11/03/2015,47.50
10/03/2015,47.65
09/03/2015,48.07
06/03/2015,48.14
05/03/2015,49.11
04/03/2015,48.87
03/03/2015,49.31
02/03/2015,49.23
27/02/2015,49.83
26/02/2015,49.91
25/02/2015,50.40
24/02/2015,50.58
23/02/2015,50.28
20/02/2015,50.02
19/02/2015,49.99
18/02/2015,50.60
17/02/2015,49.61
13/02/2015,49.36
12/02/2015,50.04
11/02/2015,49.98
10/02/2015,50.50
09/02/2015,49.66
06/02/2015,50.04
05/02/2015,51.65
04/02/2015,51.63
03/02/2015,52.35
02/02/2015,51.94
30/01/2015,51.69
29/01/2015,52.70
28/01/2015,51.90
27/01/2015,52.60
26/01/2015,52.44
23/01/2015,52.34
22/01/2015,51.91
21/01/2015,52.30
20/01/2015,51.66
16/01/2015,51.33
15/01/2015,51.04
14/01/2015,50.82
13/01/2015,50.76
12/01/2015,50.59
09/01/2015,51.29
08/01/2015,51.28
07/01/2015,51.00
06/01/2015,50.69
05/01/2015,51.00
02/01/2015,51.21
31/12/2014,51.43
30/12/2014,52.25
29/12/2014,52.97
26/12/2014,52.64
24/12/2014,52.39
23/12/2014,51.80
22/12/2014,51.62
19/12/2014,53.11
18/12/2014,52.70
17/12/2014,51.76
16/12/2014,51.11
15/12/2014,50.99
12/12/2014,52.26
11/12/2014,52.30
10/12/2014,52.11
09/12/2014,52.25
08/12/2014,52.17
05/12/2014,52.21
04/12/2014,52.63
03/12/2014,52.62
02/12/2014,52.66
01/12/2014,53.02
28/11/2014,52.85
26/11/2014,52.50
25/11/2014,52.30
24/11/2014,52.27
21/11/2014,52.50
20/11/2014,52.50
19/11/2014,52.43
18/11/2014,52.57
17/11/2014,52.31
14/11/2014,52.11
13/11/2014,52.14
12/11/2014,52.64
11/11/2014,53.41
10/11/2014,53.29
07/11/2014,52.88
06/11/2014,52.83
05/11/2014,53.55
04/11/2014,52.67
03/11/2014,53.37
31/10/2014,52.84
30/10/2014,52.07
29/10/2014,51.16
28/10/2014,51.63
27/10/2014,51.51
24/10/2014,51.38
23/10/2014,51.07
22/10/2014,50.75
21/10/2014,50.44
20/10/2014,50.25
17/10/2014,49.44
16/10/2014,49.51
15/10/2014,48.66
14/10/2014,49.70
13/10/2014,49.64
10/10/2014,49.60
09/10/2014,49.80
08/10/2014,50.81
07/10/2014,50.22
06/10/2014,50.24
03/10/2014,50.26
02/10/2014,50.10
01/10/2014,50.43
30/09/2014,50.82
29/09/2014,51.00
26/09/2014,50.69
25/09/2014,50.68
24/09/2014,50.94
23/09/2014,50.72
22/09/2014,50.93
19/09/2014,51.30
18/09/2014,50.95
17/09/2014,50.74
16/09/2014,51.13
15/09/2014,50.69
12/09/2014,50.60
11/09/2014,51.18
10/09/2014,51.00
09/09/2014,50.82
08/09/2014,51.50
05/09/2014,51.72
04/09/2014,51.65
03/09/2014,51.51
02/09/2014,51.29
29/08/2014,51.40
28/08/2014,51.22
27/08/2014,50.96
26/08/2014,50.81
25/08/2014,51.19
22/08/2014,50.99
21/08/2014,51.43
20/08/2014,51.21
19/08/2014,51.17
18/08/2014,50.87
15/08/2014,50.57
14/08/2014,50.59
13/08/2014,50.14
12/08/2014,49.90
11/08/2014,50.06
08/08/2014,49.93
07/08/2014,49.20
06/08/2014,49.09
05/08/2014,49.56
04/08/2014,50.13
01/08/2014,50.05
31/07/2014,50.17
30/07/2014,51.08
29/07/2014,51.84
28/07/2014,52.14
25/07/2014,51.65
24/07/2014,51.75
23/07/2014,51.46
22/07/2014,51.77
21/07/2014,51.50
18/07/2014,51.46
17/07/2014,51.33
16/07/2014,51.79
15/07/2014,51.42
14/07/2014,51.12
11/07/2014,51.44
10/07/2014,51.40
09/07/2014,51.48
08/07/2014,51.41
07/07/2014,51.74
03/07/2014,51.72
02/07/2014,51.59
01/07/2014,52.42
30/06/2014,52.53
27/06/2014,51.96
26/06/2014,51.69
25/06/2014,51.75
24/06/2014,51.83
23/06/2014,51.76
20/06/2014,51.84
19/06/2014,52.00
18/06/2014,51.54
17/06/2014,50.76
16/06/2014,50.97
13/06/2014,51.02
12/06/2014,50.62
11/06/2014,50.55
10/06/2014,51.00
09/06/2014,51.16
06/06/2014,51.50
05/06/2014,51.47
04/06/2014,51.08
03/06/2014,51.05
02/06/2014,50.83
30/05/2014,50.75
28/05/2014,50.50
27/05/2014,50.10
23/05/2014,49.88
22/05/2014,49.88
21/05/2014,49.77
20/05/2014,49.58
19/05/2014,49.74
16/05/2014,50.18
15/05/2014,50.15
14/05/2014,50.39
13/05/2014,50.45
12/05/2014,50.52
09/05/2014,50.77
08/05/2014,50.74
07/05/2014,51.04
06/05/2014,50.53
05/05/2014,50.85
02/05/2014,50.90
01/05/2014,51.14
30/04/2014,50.61
29/04/2014,50.89
28/04/2014,50.62
25/04/2014,50.91
24/04/2014,51.08
23/04/2014,50.90
22/04/2014,50.95
21/04/2014,50.72
17/04/2014,50.75
16/04/2014,50.80
15/04/2014,50.15
14/04/2014,49.98
11/04/2014,49.69
10/04/2014,49.89
09/04/2014,50.40
08/04/2014,50.22
07/04/2014,50.25
04/04/2014,50.42
03/04/2014,50.37
02/04/2014,50.27
01/04/2014,50.54
31/03/2014,50.45
28/03/2014,50.17
27/03/2014,49.71
26/03/2014,49.53
25/03/2014,49.53
24/03/2014,49.30
21/03/2014,48.89
20/03/2014,49.71
19/03/2014,50.15
18/03/2014,51.32
17/03/2014,50.68
14/03/2014,50.64
13/03/2014,51.05
12/03/2014,51.50
11/03/2014,51.05
10/03/2014,51.98
07/03/2014,52.26
06/03/2014,52.39
05/03/2014,52.42
04/03/2014,52.25
03/03/2014,50.88
28/02/2014,51.50
27/02/2014,50.88
26/02/2014,51.62
25/02/2014,50.92
24/02/2014,50.13
21/02/2014,49.40
20/02/2014,49.18
19/02/2014,49.31
18/02/2014,49.95
14/02/2014,49.37
13/02/2014,48.92
12/02/2014,48.50
11/02/2014,48.87
10/02/2014,48.04
07/02/2014,47.84
06/02/2014,47.74
05/02/2014,47.06
04/02/2014,46.89
03/02/2014,46.86
31/01/2014,48.29
30/01/2014,48.75
29/01/2014,48.21
28/01/2014,48.54
27/01/2014,48.44
24/01/2014,48.48
23/01/2014,49.42
22/01/2014,49.99
21/01/2014,49.87
17/01/2014,49.07
16/01/2014,48.95
15/01/2014,48.70
14/01/2014,48.06
13/01/2014,47.71
10/01/2014,48.00
09/01/2014,47.76
08/01/2014,48.00
07/01/2014,47.56
06/01/2014,47.41
03/01/2014,47.41
02/01/2014,47.23
31/12/2013,48.09
30/12/2013,47.95
27/12/2013,47.94
26/12/2013,47.72
24/12/2013,47.21
23/12/2013,47.24
20/12/2013,47.40
19/12/2013,47.04
18/12/2013,47.54
17/12/2013,47.04
16/12/2013,47.19
13/12/2013,46.82
12/12/2013,46.96
11/12/2013,47.05
10/12/2013,47.75
09/12/2013,47.83
06/12/2013,48.11
05/12/2013,47.65
04/12/2013,47.71
03/12/2013,47.84
02/12/2013,48.11
29/11/2013,48.63
27/11/2013,47.59
26/11/2013,47.62
25/11/2013,47.64
22/11/2013,47.63
21/11/2013,47.45
20/11/2013,47.10
19/11/2013,47.20
18/11/2013,47.75
15/11/2013,47.54
14/11/2013,46.88
13/11/2013,46.88
12/11/2013,46.66
11/11/2013,46.70
08/11/2013,47.04
07/11/2013,46.58
06/11/2013,47.57
05/11/2013,47.10
04/11/2013,47.59
01/11/2013,47.15
31/10/2013,47.26
30/10/2013,47.31
29/10/2013,47.57
28/10/2013,47.34
25/10/2013,47.22
24/10/2013,47.40
23/10/2013,46.80
22/10/2013,47.49
21/10/2013,47.15
18/10/2013,46.52
17/10/2013,45.96
16/10/2013,45.50
15/10/2013,45.68
14/10/2013,46.21
11/10/2013,45.74
10/10/2013,45.19
09/10/2013,44.93
08/10/2013,44.97
07/10/2013,44.75
04/10/2013,45.12
03/10/2013,45.10
02/10/2013,45.74
01/10/2013,45.42
30/09/2013,45.15
27/09/2013,45.46
26/09/2013,45.45
25/09/2013,45.21
24/09/2013,45.22
23/09/2013,45.52
20/09/2013,45.33
19/09/2013,45.34
18/09/2013,45.60
17/09/2013,44.59
16/09/2013,44.93
13/09/2013,44.97
12/09/2013,44.87
11/09/2013,45.21
10/09/2013,45.31
09/09/2013,44.59
06/09/2013,44.02
05/09/2013,43.73
04/09/2013,44.16
03/09/2013,43.89
30/08/2013,43.43
29/08/2013,43.33
28/08/2013,43.85
27/08/2013,43.67
26/08/2013,44.28
23/08/2013,44.32
22/08/2013,44.14
21/08/2013,43.56
20/08/2013,44.17
19/08/2013,44.47
16/08/2013,44.66
15/08/2013,44.78
14/08/2013,44.75
13/08/2013,44.66
12/08/2013,44.66
09/08/2013,44.70
08/08/2013,44.97
07/08/2013,44.50
06/08/2013,44.64
05/08/2013,44.91
02/08/2013,45.39
01/08/2013,45.41
31/07/2013,44.95
30/07/2013,45.17
29/07/2013,44.89
26/07/2013,45.66
25/07/2013,45.98
24/07/2013,46.17
23/07/2013,46.72
22/07/2013,46.87
19/07/2013,46.28
18/07/2013,46.39
17/07/2013,46.24
16/07/2013,46.03
15/07/2013,45.50
12/07/2013,45.55
11/07/2013,45.70
10/07/2013,44.60
09/07/2013,44.04
08/07/2013,43.13
05/07/2013,42.60
03/07/2013,42.38
02/07/2013,42.32
01/07/2013,42.27
28/06/2013,41.58
27/06/2013,41.40
26/06/2013,41.25
25/06/2013,41.79
24/06/2013,41.43
21/06/2013,42.00
20/06/2013,42.09
19/06/2013,43.38
18/06/2013,44.25
17/06/2013,43.92
14/06/2013,43.26
13/06/2013,43.53
12/06/2013,42.93
11/06/2013,43.11
10/06/2013,43.51
07/06/2013,43.53
06/06/2013,43.08
05/06/2013,43.29
04/06/2013,43.59
03/06/2013,43.62
31/05/2013,43.50
30/05/2013,43.89
29/05/2013,43.47
28/05/2013,43.47
24/05/2013,43.70
23/05/2013,43.52
22/05/2013,44.25
21/05/2013,44.49
20/05/2013,44.25
17/05/2013,43.32
16/05/2013,42.57
15/05/2013,42.84
14/05/2013,43.14
13/05/2013,42.99
10/05/2013,43.11
09/05/2013,43.41
08/05/2013,43.47
07/05/2013,42.65
06/05/2013,42.12
03/05/2013,42.06
02/05/2013,41.58
01/05/2013,41.61
30/04/2013,42.12
29/04/2013,41.91
26/04/2013,41.37
25/04/2013,41.49
24/04/2013,41.25
23/04/2013,40.92
22/04/2013,40.59
19/04/2013,40.14
18/04/2013,39.81
17/04/2013,40.23
16/04/2013,40.89
15/04/2013,40.68
12/04/2013,42.30
11/04/2013,42.93
10/04/2013,42.54
09/04/2013,42.33
08/04/2013,41.91
05/04/2013,42.00
04/04/2013,41.76
03/04/2013,41.11
02/04/2013,41.73
01/04/2013,41.79
28/03/2013,42.45
27/03/2013,42.39
26/03/2013,42.45
25/03/2013,42.24
22/03/2013,42.39
21/03/2013,42.27
20/03/2013,41.94
19/03/2013,41.70
18/03/2013,41.97
15/03/2013,42.03
14/03/2013,42.12
13/03/2013,41.97
12/03/2013,42.18
11/03/2013,42.36
08/03/2013,42.51
07/03/2013,42.42
06/03/2013,42.30
05/03/2013,42.33
04/03/2013,41.82
01/03/2013,41.91
28/02/2013,41.85
27/02/2013,42.09
26/02/2013,41.79
25/02/2013,41.61
22/02/2013,42.63
21/02/2013,42.18
20/02/2013,42.45
19/02/2013,43.08
15/02/2013,42.66
14/02/2013,42.75
13/02/2013,42.63
12/02/2013,42.84
11/02/2013,42.96
08/02/2013,42.66
07/02/2013,42.33
06/02/2013,42.54
05/02/2013,42.51
04/02/2013,42.69
01/02/2013,43.26
31/01/2013,42.99
30/01/2013,43.32
29/01/2013,43.08
28/01/2013,42.96
25/01/2013,43.62
24/01/2013,43.62
23/01/2013,43.56
22/01/2013,43.95
18/01/2013,43.95
17/01/2013,44.16
16/01/2013,43.47
15/01/2013,43.95
14/01/2013,43.56
11/01/2013,42.60
10/01/2013,42.54
09/01/2013,42.24
08/01/2013,41.97
07/01/2013,42.12
04/01/2013,42.18
03/01/2013,42.21
02/01/2013,42.24
31/12/2012,41.28
28/12/2012,40.65
27/12/2012,41.04
26/12/2012,40.74
24/12/2012,40.77
21/12/2012,42.72
20/12/2012,43.68
19/12/2012,43.80
18/12/2012,43.68
17/12/2012,42.48
14/12/2012,41.61
13/12/2012,41.13
12/12/2012,41.19
11/12/2012,41.01
10/12/2012,40.65
07/12/2012,40.77
06/12/2012,40.89
05/12/2012,41.22
04/12/2012,41.19
03/12/2012,41.25
30/11/2012,41.22
29/11/2012,41.64
28/11/2012,41.19
27/11/2012,40.80
26/11/2012,40.95
23/11/2012,40.77
21/11/2012,40.05
20/11/2012,40.11
19/11/2012,40.25
16/11/2012,39.21
15/11/2012,39.18
14/11/2012,39.39
13/11/2012,40.50
12/11/2012,41.01
09/11/2012,41.34
08/11/2012,41.39
07/11/2012,41.52
06/11/2012,42.36
05/11/2012,42.27
02/11/2012,42.40
01/11/2012,42.81
31/10/2012,43.20
26/10/2012,43.56
25/10/2012,43.53
24/10/2012,43.14
23/10/2012,43.35
22/10/2012,44.43
19/10/2012,44.13
18/10/2012,44.61
17/10/2012,44.97
16/10/2012,44.85
15/10/2012,44.10
12/10/2012,43.74
11/10/2012,43.68
10/10/2012,43.62
09/10/2012,44.07
08/10/2012,44.38
05/10/2012,44.76
04/10/2012,44.70
03/10/2012,44.31
02/10/2012,44.34
01/10/2012,44.16
28/09/2012,44.25
27/09/2012,45.00
26/09/2012,44.43
25/09/2012,44.85
24/09/2012,45.21
21/09/2012,45.48
20/09/2012,45.42
19/09/2012,45.72
18/09/2012,45.36
17/09/2012,45.39
14/09/2012,45.66
13/09/2012,45.12
12/09/2012,44.25
11/09/2012,44.34
10/09/2012,43.65
07/09/2012,44.01
06/09/2012,43.11
05/09/2012,42.54
04/09/2012,43.29
31/08/2012,43.23
30/08/2012,43.05
29/08/2012,43.71
28/08/2012,44.10
27/08/2012,44.16
24/08/2012,44.46
23/08/2012,44.67
22/08/2012,45.12
21/08/2012,44.97
20/08/2012,44.85
17/08/2012,44.82
16/08/2012,45.12
15/08/2012,44.28
14/08/2012,43.65
13/08/2012,43.38
10/08/2012,43.55
09/08/2012,43.17
08/08/2012,42.66
07/08/2012,42.45
06/08/2012,42.18
03/08/2012,42.03
02/08/2012,41.25
01/08/2012,41.58
31/07/2012,42.42
30/07/2012,42.03
27/07/2012,42.33
26/07/2012,41.52
25/07/2012,40.65
24/07/2012,40.68
23/07/2012,41.13
20/07/2012,42.03
19/07/2012,42.99
18/07/2012,42.62
17/07/2012,42.59
16/07/2012,42.42
13/07/2012,42.24
12/07/2012,41.73
11/07/2012,42.03
10/07/2012,42.06
09/07/2012,42.57
06/07/2012,42.53
05/07/2012,42.96
03/07/2012,43.32
02/07/2012,42.81
29/06/2012,42.75
28/06/2012,41.34
27/06/2012,40.99
26/06/2012,40.32
25/06/2012,40.47
22/06/2012,41.52
21/06/2012,40.77
20/06/2012,41.82
19/06/2012,41.73
18/06/2012,41.21
15/06/2012,40.74
14/06/2012,40.17
13/06/2012,39.77
12/06/2012,40.23
11/06/2012,39.51
08/06/2012,41.13
07/06/2012,41.31
06/06/2012,41.30
05/06/2012,40.26
04/06/2012,39.72
01/06/2012,39.87
31/05/2012,40.95
30/05/2012,40.56
29/05/2012,41.22
25/05/2012,40.83
24/05/2012,40.53
23/05/2012,40.41
22/05/2012,40.29
21/05/2012,40.56
18/05/2012,39.87
17/05/2012,40.35
16/05/2012,40.84
15/05/2012,41.67
14/05/2012,42.81
11/05/2012,43.74
10/05/2012,44.40
09/05/2012,43.74
08/05/2012,44.82
07/05/2012,45.54
04/05/2012,46.23
03/05/2012,46.74
02/05/2012,46.98
01/05/2012,47.16
30/04/2012,47.37
27/04/2012,47.55
26/04/2012,47.58
25/04/2012,47.64
24/04/2012,46.77
23/04/2012,46.71
20/04/2012,47.58
19/04/2012,47.13
18/04/2012,47.52
17/04/2012,47.73
16/04/2012,46.20
13/04/2012,46.38
12/04/2012,47.25
11/04/2012,45.87
10/04/2012,45.39
09/04/2012,46.41
05/04/2012,46.93
04/04/2012,47.22
03/04/2012,48.39
02/04/2012,49.20
30/03/2012,49.35
29/03/2012,49.41
28/03/2012,49.50
27/03/2012,50.67
26/03/2012,51.03
23/03/2012,50.19
22/03/2012,49.83
21/03/2012,50.58
20/03/2012,51.00
19/03/2012,51.42
16/03/2012,50.67
15/03/2012,50.73
14/03/2012,50.58
13/03/2012,51.78
12/03/2012,50.52
09/03/2012,50.31
08/03/2012,50.37
07/03/2012,49.56
06/03/2012,49.17
05/03/2012,50.46
02/03/2012,50.94
01/03/2012,51.45
29/02/2012,51.27
28/02/2012,51.87
27/02/2012,51.51
24/02/2012,52.11
23/02/2012,52.38
22/02/2012,52.68
21/02/2012,52.14
17/02/2012,51.42
16/02/2012,50.64
15/02/2012,49.89
14/02/2012,49.86
13/02/2012,50.31
10/02/2012,49.77
09/02/2012,51.09
08/02/2012,50.88
07/02/2012,51.21
06/02/2012,51.03
03/02/2012,51.06
02/02/2012,50.55
01/02/2012,50.46
31/01/2012,49.92
30/01/2012,50.40
27/01/2012,50.55
26/01/2012,50.25
25/01/2012,50.40
24/01/2012,49.89
23/01/2012,50.64
20/01/2012,50.25
19/01/2012,50.13
18/01/2012,49.62
17/01/2012,48.66
13/01/2012,46.74
12/01/2012,46.71
11/01/2012,45.93
10/01/2012,45.48
09/01/2012,44.73
06/01/2012,44.40
05/01/2012,45.21
04/01/2012,45.39
03/01/2012,45.60
30/12/2011,44.52
29/12/2011,44.31
28/12/2011,43.86
27/12/2011,44.16
23/12/2011,44.49
22/12/2011,49.65
21/12/2011,49.83
20/12/2011,49.86
19/12/2011,48.42
16/12/2011,49.47
15/12/2011,49.68
14/12/2011,49.70
13/12/2011,50.34
12/12/2011,51.36
09/12/2011,52.53
08/12/2011,51.45
07/12/2011,53.31
06/12/2011,53.07
05/12/2011,53.40
02/12/2011,52.68
01/12/2011,52.89
30/11/2011,52.98
29/11/2011,51.06
28/11/2011,50.49
25/11/2011,49.08
23/11/2011,49.32
22/11/2011,50.79
21/11/2011,51.48
18/11/2011,52.95
17/11/2011,52.50
16/11/2011,53.13
15/11/2011,54.72
14/11/2011,54.63
11/11/2011,55.02
10/11/2011,53.82
09/11/2011,53.94
08/11/2011,56.07
07/11/2011,55.80
04/11/2011,55.56
03/11/2011,56.43
02/11/2011,55.62
01/11/2011,54.78
31/10/2011,56.94
28/10/2011,59.13
27/10/2011,59.55
26/10/2011,56.43
25/10/2011,55.50
24/10/2011,56.67
21/10/2011,55.36
20/10/2011,54.36
19/10/2011,54.39
18/10/2011,55.53
17/10/2011,54.42
14/10/2011,55.62
13/10/2011,54.03
12/10/2011,54.63
11/10/2011,53.43
10/10/2011,53.40
07/10/2011,51.36
06/10/2011,51.45
05/10/2011,50.22
04/10/2011,49.08
03/10/2011,48.81
30/09/2011,51.12
29/09/2011,52.05
28/09/2011,51.69
27/09/2011,52.80
26/09/2011,51.33
23/09/2011,51.45
22/09/2011,51.45
21/09/2011,53.85
20/09/2011,54.42
19/09/2011,55.17
16/09/2011,55.98
15/09/2011,55.65
14/09/2011,54.78
13/09/2011,54.91
12/09/2011,53.79
09/09/2011,54.57
08/09/2011,56.37
07/09/2011,57.17
06/09/2011,55.92
02/09/2011,56.97
01/09/2011,58.56
31/08/2011,59.49
30/08/2011,59.52
29/08/2011,59.61
26/08/2011,57.87
25/08/2011,55.65
24/08/2011,56.49
23/08/2011,56.16
22/08/2011,54.60
19/08/2011,54.99
18/08/2011,55.23
17/08/2011,57.81
16/08/2011,57.45
15/08/2011,59.16
12/08/2011,57.24
11/08/2011,57.51
10/08/2011,55.32
09/08/2011,57.09
08/08/2011,54.27
05/08/2011,59.31
04/08/2011,60.03
03/08/2011,65.49
02/08/2011,65.69
01/08/2011,66.84
29/07/2011,66.87
28/07/2011,67.14
27/07/2011,67.50
26/07/2011,69.36
25/07/2011,68.79
22/07/2011,68.85
21/07/2011,67.05
20/07/2011,65.85
19/07/2011,65.31
18/07/2011,64.23
15/07/2011,64.95
14/07/2011,64.35
13/07/2011,64.83
12/07/2011,63.87
11/07/2011,63.60
08/07/2011,65.91
07/07/2011,66.63
06/07/2011,65.47
05/07/2011,65.10
01/07/2011,65.55
30/06/2011,64.56
29/06/2011,63.36
28/06/2011,62.43
27/06/2011,62.01
24/06/2011,62.67
23/06/2011,63.57
22/06/2011,63.48
21/06/2011,63.84
20/06/2011,62.13
17/06/2011,62.97
16/06/2011,62.43
15/06/2011,62.43
14/06/2011,63.90
13/06/2011,63.36
10/06/2011,63.54
09/06/2011,64.47
08/06/2011,64.14
07/06/2011,65.70
06/06/2011,65.52
03/06/2011,66.39
02/06/2011,66.93
01/06/2011,67.26
31/05/2011,68.10
27/05/2011,68.37
26/05/2011,67.35
25/05/2011,66.42
24/05/2011,66.18
23/05/2011,65.73
20/05/2011,66.87
19/05/2011,67.35
18/05/2011,67.50
17/05/2011,66.48
16/05/2011,66.12
13/05/2011,66.60
12/05/2011,67.41
11/05/2011,67.71
10/05/2011,69.03
09/05/2011,68.37
06/05/2011,67.74
05/05/2011,67.32
04/05/2011,69.06
03/05/2011,69.78
02/05/2011,70.08
29/04/2011,70.47
28/04/2011,70.14
27/04/2011,69.81
26/04/2011,69.39
25/04/2011,68.91
21/04/2011,68.94
20/04/2011,69.12
19/04/2011,67.98
18/04/2011,67.47
15/04/2011,68.04
14/04/2011,67.95
13/04/2011,67.32
12/04/2011,67.20
11/04/2011,69.06
08/04/2011,69.57
07/04/2011,69.12
06/04/2011,69.48
05/04/2011,69.87
04/04/2011,69.90
01/04/2011,69.48
31/03/2011,69.03
30/03/2011,69.84
29/03/2011,68.64
28/03/2011,69.06
25/03/2011,70.65
24/03/2011,70.95
23/03/2011,70.56
22/03/2011,70.80
21/03/2011,71.16
18/03/2011,68.43
17/03/2011,65.85
16/03/2011,63.69
15/03/2011,64.32
14/03/2011,67.38
11/03/2011,76.53
10/03/2011,76.77
09/03/2011,79.08
08/03/2011,79.11
07/03/2011,78.93
04/03/2011,80.19
03/03/2011,80.76
02/03/2011,79.59
01/03/2011,79.71
28/02/2011,80.31
25/02/2011,79.71
24/02/2011,78.54
23/02/2011,78.33
22/02/2011,78.06
18/02/2011,81.33
17/02/2011,81.75
16/02/2011,81.09
15/02/2011,81.54
14/02/2011,82.17
11/02/2011,81.54
10/02/2011,81.42
09/02/2011,81.84
08/02/2011,82.20
07/02/2011,82.23
04/02/2011,81.87
03/02/2011,82.35
02/02/2011,81.18
01/02/2011,80.76
31/01/2011,78.39
28/01/2011,76.65
27/01/2011,77.82
26/01/2011,77.76
25/01/2011,76.74
24/01/2011,77.07
21/01/2011,76.83
20/01/2011,76.91
19/01/2011,77.88
18/01/2011,78.81
14/01/2011,77.46
13/01/2011,76.86
12/01/2011,76.35
11/01/2011,75.48
10/01/2011,74.55
07/01/2011,74.46
06/01/2011,74.64
05/01/2011,75.45
04/01/2011,76.14
03/01/2011,76.98
31/12/2010,76.05
30/12/2010,75.99
29/12/2010,75.87
28/12/2010,74.97
27/12/2010,75.03
23/12/2010,75.36
22/12/2010,77.97
21/12/2010,78.15
20/12/2010,78.06
17/12/2010,77.52
16/12/2010,77.04
15/12/2010,77.10
14/12/2010,77.82
13/12/2010,78.36
10/12/2010,77.25
09/12/2010,76.74
08/12/2010,76.14
07/12/2010,77.55
06/12/2010,77.91
03/12/2010,77.43
02/12/2010,76.83
01/12/2010,75.93
30/11/2010,73.59
29/11/2010,74.34
26/11/2010,74.58
24/11/2010,73.65
23/11/2010,70.59
22/11/2010,71.82
19/11/2010,72.09
18/11/2010,71.67
17/11/2010,69.57
16/11/2010,68.76
15/11/2010,71.76
12/11/2010,72.15
11/11/2010,74.19
10/11/2010,74.04
09/11/2010,73.71
08/11/2010,74.37
05/11/2010,71.58
04/11/2010,71.19
03/11/2010,69.54
02/11/2010,68.91
01/11/2010,67.38
29/10/2010,67.38
28/10/2010,67.53
27/10/2010,67.14
26/10/2010,68.07
25/10/2010,67.71
22/10/2010,66.60
21/10/2010,66.06
20/10/2010,66.75
19/10/2010,65.25
18/10/2010,66.00
15/10/2010,66.45
14/10/2010,66.57
13/10/2010,65.86
12/10/2010,65.40
11/10/2010,65.34
08/10/2010,65.28
07/10/2010,64.44
06/10/2010,64.17
05/10/2010,63.48
04/10/2010,62.82
01/10/2010,64.02
30/09/2010,63.39
29/09/2010,63.90
28/09/2010,64.02
27/09/2010,63.48
24/09/2010,63.24
23/09/2010,61.98
22/09/2010,62.56
21/09/2010,62.55
20/09/2010,62.67
17/09/2010,62.16
16/09/2010,62.58
15/09/2010,63.51
14/09/2010,63.93
13/09/2010,63.54
10/09/2010,62.43
09/09/2010,62.25
08/09/2010,61.86
07/09/2010,61.23
03/09/2010,62.04
02/09/2010,61.20
01/09/2010,60.69
31/08/2010,58.89
30/08/2010,59.52
27/08/2010,60.03
26/08/2010,58.89
25/08/2010,58.83
24/08/2010,58.59
23/08/2010,59.88
20/08/2010,60.21
19/08/2010,60.90
18/08/2010,61.83
17/08/2010,61.20
16/08/2010,59.88
13/08/2010,59.91
12/08/2010,59.97
11/08/2010,60.12
10/08/2010,62.37
09/08/2010,63.00
06/08/2010,62.76
05/08/2010,63.24
04/08/2010,62.55
03/08/2010,62.19
02/08/2010,62.49
30/07/2010,61.50
29/07/2010,61.41
28/07/2010,61.26
27/07/2010,61.38
26/07/2010,60.06
23/07/2010,59.67
22/07/2010,58.89
21/07/2010,57.60
20/07/2010,58.83
19/07/2010,57.75
16/07/2010,57.66
15/07/2010,59.49
14/07/2010,59.40
13/07/2010,59.55
12/07/2010,58.92
09/07/2010,58.44
08/07/2010,57.72
07/07/2010,57.45
06/07/2010,55.74
02/07/2010,55.47
01/07/2010,55.53
30/06/2010,55.56
29/06/2010,56.13
28/06/2010,58.24
25/06/2010,58.77
24/06/2010,57.99
23/06/2010,59.19
22/06/2010,59.21
21/06/2010,60.57
18/06/2010,60.75
17/06/2010,60.09
16/06/2010,60.39
15/06/2010,60.12
14/06/2010,58.86
11/06/2010,58.50
10/06/2010,58.29
09/06/2010,56.94
08/06/2010,57.57
07/06/2010,56.79
04/06/2010,57.33
03/06/2010,59.73
02/06/2010,59.19
01/06/2010,57.66
28/05/2010,58.81
27/05/2010,58.95
26/05/2010,56.10
25/05/2010,56.52
24/05/2010,56.19
21/05/2010,56.76
20/05/2010,55.89
19/05/2010,58.34
18/05/2010,59.07
17/05/2010,60.63
14/05/2010,61.59
13/05/2010,62.55
12/05/2010,63.00
11/05/2010,62.34
10/05/2010,62.40
07/05/2010,59.61
06/05/2010,60.87
05/05/2010,62.91
04/05/2010,64.08
03/05/2010,66.48
30/04/2010,66.78
29/04/2010,67.08
28/04/2010,66.87
27/04/2010,66.78
26/04/2010,68.14
23/04/2010,68.07
22/04/2010,67.89
21/04/2010,67.92
20/04/2010,68.34
19/04/2010,67.53
16/04/2010,67.77
15/04/2010,69.18
14/04/2010,69.69
13/04/2010,69.33
12/04/2010,70.20
09/04/2010,70.02
08/04/2010,69.42
07/04/2010,69.75
06/04/2010,70.59
05/04/2010,70.44
01/04/2010,69.45
31/03/2010,67.65
30/03/2010,67.92
29/03/2010,67.83
26/03/2010,66.42
25/03/2010,66.27
24/03/2010,67.14
23/03/2010,67.71
22/03/2010,67.50
19/03/2010,67.47
18/03/2010,68.07
17/03/2010,69.24
16/03/2010,68.31
15/03/2010,67.38
12/03/2010,67.56
11/03/2010,66.90
10/03/2010,66.81
09/03/2010,66.78
08/03/2010,66.96
05/03/2010,66.93
04/03/2010,66.18
03/03/2010,66.72
02/03/2010,66.51
01/03/2010,66.33
26/02/2010,65.34
25/02/2010,65.04
24/02/2010,65.01
23/02/2010,64.74
22/02/2010,65.70
19/02/2010,65.73
18/02/2010,65.52
17/02/2010,65.69
16/02/2010,65.40
12/02/2010,63.39
11/02/2010,63.75
10/02/2010,62.82
09/02/2010,62.52
08/02/2010,61.35
05/02/2010,62.25
04/02/2010,62.52
03/02/2010,64.86
02/02/2010,65.67
01/02/2010,65.55
29/01/2010,64.14
28/01/2010,64.68
27/01/2010,65.34
26/01/2010,65.79
25/01/2010,66.33
22/01/2010,66.57
21/01/2010,67.29
20/01/2010,69.75
19/01/2010,71.76
15/01/2010,71.13
14/01/2010,71.67
13/01/2010,71.10
12/01/2010,70.32
11/01/2010,71.40
08/01/2010,71.19
07/01/2010,70.62
06/01/2010,71.01
05/01/2010,70.14
04/01/2010,69.57
